// ============================================================
// Icon data embedded from Font Awesome Free (https://fontawesome.com)
// Icons: cube, person-rifle, gear, square-binary, file-lines, map
// License: CC BY 4.0 (https://creativecommons.org/licenses/by/4.0/)
// Changes: downloaded as PNG, embedded as byte arrays.
// This attribution applies to the icon byte data below, not to
// the surrounding source code (which is GPL-3.0).
// ============================================================

#include "pch.h"
#include "IconData.h"

const unsigned char Icons::Data::Objects[] = {
    0x89, 0x50, 0x4e, 0x47, 0x0d, 0x0a, 0x1a, 0x0a, 0x00, 0x00, 0x00, 0x0d, 0x49, 0x48, 0x44, 0x52,
    0x00, 0x00, 0x02, 0x80, 0x00, 0x00, 0x02, 0x80, 0x08, 0x06, 0x00, 0x00, 0x00, 0x0c, 0xcd, 0xc9,
    0x23, 0x00, 0x00, 0x64, 0xaf, 0x49, 0x44, 0x41, 0x54, 0x78, 0x01, 0xed, 0xc0, 0x03, 0xa0, 0x24,
    0x59, 0x96, 0xc6, 0xf1, 0xff, 0x77, 0xee, 0x8d, 0xc8, 0xcc, 0xa7, 0x72, 0x4b, 0x63, 0xae, 0x6d,
    0xdb, 0xb6, 0x6d, 0xdb, 0xb6, 0x6d, 0xdb, 0xb6, 0x6d, 0x69, 0x8c, 0x9e, 0x96, 0x4a, 0xaf, 0x9e,
    0x32, 0x33, 0x22, 0xee, 0xf9, 0x76, 0xb7, 0x6a, 0x7a, 0xa6, 0x87, 0x3b, 0x6b, 0xd5, 0x4f, 0x5c,
    0x75, 0xd5, 0x55, 0x57, 0x5d, 0x75, 0xd5, 0x55, 0x57, 0x5d, 0xf5, 0xff, 0x09, 0xe2, 0xaa, 0xab,
    0xae, 0xba, 0xea, 0xaa, 0xab, 0xae, 0xba, 0xea, 0xaa, 0xff, 0x4f, 0x10, 0x57, 0x5d, 0x75, 0xd5,
    0x55, 0x57, 0x5d, 0x75, 0xd5, 0x55, 0x57, 0xfd, 0x7f, 0x82, 0xb8, 0xea, 0xaa, 0xab, 0xae, 0xba,
    0xea, 0xaa, 0xab, 0xae, 0xba, 0xea, 0xff, 0x13, 0xc4, 0x55, 0x57, 0x5d, 0x75, 0xd5, 0x55, 0x57,
    0x5d, 0x75, 0xd5, 0x55, 0xff, 0x9f, 0x20, 0xae, 0xba, 0xea, 0xaa, 0xab, 0xae, 0xba, 0xea, 0xaa,
    0xab, 0xae, 0xfa, 0xff, 0x04, 0x71, 0xd5, 0x55, 0x57, 0x5d, 0x75, 0xd5, 0x55, 0x57, 0x5d, 0x75,
    0xd5, 0xff, 0x27, 0x88, 0xab, 0xae, 0xba, 0xea, 0xaa, 0xab, 0xae, 0xba, 0xea, 0xaa, 0xab, 0xfe,
    0x3f, 0x41, 0x5c, 0x75, 0xd5, 0x55, 0x57, 0x5d, 0x75, 0xd5, 0x55, 0x57, 0x5d, 0xf5, 0xff, 0x09,
    0xe2, 0xaa, 0xab, 0xae, 0xba, 0xea, 0xaa, 0xab, 0xae, 0xba, 0xea, 0xaa, 0xff, 0x4f, 0x10, 0x57,
    0x5d, 0x75, 0xd5, 0x55, 0x57, 0x5d, 0x75, 0xd5, 0x55, 0x57, 0xfd, 0x7f, 0x82, 0xb8, 0xea, 0xaa,
    0xab, 0xae, 0xba, 0xea, 0xaa, 0xab, 0xae, 0xba, 0xea, 0xff, 0x13, 0xc4, 0x55, 0x57, 0x5d, 0x75,
    0xd5, 0x55, 0x57, 0x5d, 0x75, 0xd5, 0x55, 0xff, 0x9f, 0x20, 0xae, 0xba, 0xea, 0xaa, 0xab, 0xae,
    0xba, 0xea, 0xaa, 0xab, 0xae, 0xfa, 0xff, 0x04, 0x71, 0xd5, 0x55, 0x57, 0x5d, 0x75, 0xd5, 0x55,
    0x57, 0x5d, 0x75, 0xd5, 0xff, 0x27, 0x88, 0xab, 0xae, 0xba, 0xea, 0xaa, 0xab, 0xae, 0xba, 0xea,
    0xaa, 0xab, 0xfe, 0x3f, 0x41, 0x5c, 0x75, 0xd5, 0x55, 0x57, 0x5d, 0x75, 0xd5, 0x55, 0x57, 0x5d,
    0xf5, 0xff, 0x09, 0xe2, 0xaa, 0xab, 0xae, 0xba, 0xea, 0xaa, 0xab, 0xae, 0xba, 0xea, 0xaa, 0xff,
    0x4f, 0x10, 0x57, 0x5d, 0x75, 0xd5, 0x55, 0x57, 0x5d, 0x75, 0xd5, 0x55, 0x57, 0xfd, 0x7f, 0x82,
    0xb8, 0xea, 0xaa, 0xab, 0xae, 0xba, 0xea, 0xaa, 0xab, 0xae, 0xba, 0xea, 0xff, 0x13, 0xc4, 0x55,
    0x57, 0x5d, 0x75, 0xd5, 0x55, 0x57, 0x5d, 0x75, 0xd5, 0x55, 0xff, 0x9f, 0x20, 0xae, 0xba, 0xea,
    0xaa, 0xab, 0xae, 0xba, 0xea, 0xaa, 0xab, 0xae, 0xfa, 0xff, 0x04, 0x71, 0xd5, 0x55, 0x57, 0x5d,
    0x75, 0xd5, 0x55, 0x57, 0x5d, 0x75, 0xd5, 0xff, 0x27, 0x88, 0xab, 0xae, 0xba, 0xea, 0xaa, 0xab,
    0xae, 0xba, 0xea, 0xaa, 0xab, 0xfe, 0x3f, 0x41, 0x5c, 0x75, 0xd5, 0x55, 0x57, 0x5d, 0x75, 0xd5,
    0x55, 0x57, 0x5d, 0xf5, 0xff, 0x09, 0xe2, 0xaa, 0xab, 0xae, 0xba, 0xea, 0xaa, 0xab, 0xae, 0xba,
    0xea, 0xaa, 0xff, 0x4f, 0x10, 0x57, 0x5d, 0x75, 0xd5, 0x55, 0x57, 0x5d, 0x75, 0xd5, 0x55, 0x57,
    0xfd, 0x7f, 0x82, 0xb8, 0xea, 0xaa, 0xab, 0xae, 0xba, 0xea, 0xaa, 0xab, 0xae, 0xba, 0xea, 0xff,
    0x13, 0xc4, 0x55, 0x57, 0x5d, 0x75, 0xd5, 0x55, 0x57, 0x5d, 0x75, 0xd5, 0x55, 0xff, 0x9f, 0x20,
    0xae, 0xba, 0xea, 0xaa, 0xab, 0xae, 0xba, 0xea, 0xaa, 0xab, 0xae, 0xfa, 0xff, 0x04, 0x71, 0xd5,
    0x55, 0x57, 0x5d, 0x75, 0xd5, 0x55, 0x57, 0x5d, 0x75, 0xd5, 0xff, 0x27, 0x88, 0xab, 0xae, 0xba,
    0xea, 0xaa, 0xab, 0xae, 0xba, 0xea, 0xaa, 0xab, 0xfe, 0x3f, 0x41, 0x5c, 0x75, 0xd5, 0x55, 0x57,
    0x5d, 0x75, 0xd5, 0x55, 0x57, 0x5d, 0xf5, 0xff, 0x09, 0xe2, 0xaa, 0xab, 0xae, 0xba, 0xea, 0xaa,
    0xab, 0xae, 0xba, 0xea, 0xaa, 0xff, 0x4f, 0x10, 0x57, 0x5d, 0x75, 0xd5, 0x55, 0x57, 0x5d, 0x75,
    0xd5, 0x55, 0x57, 0xfd, 0x7f, 0x82, 0xb8, 0xea, 0xaa, 0xab, 0xae, 0xba, 0xea, 0xaa, 0xab, 0xae,
    0xba, 0xea, 0xff, 0x13, 0xc4, 0x55, 0x57, 0x5d, 0x75, 0xd5, 0x55, 0x57, 0x5d, 0x75, 0xd5, 0x55,
    0xff, 0x9f, 0x20, 0xae, 0xba, 0xea, 0xaa, 0xab, 0xae, 0xba, 0xea, 0xaa, 0xab, 0xae, 0xfa, 0xff,
    0x04, 0x71, 0xd5, 0x55, 0x57, 0x5d, 0x75, 0xd5, 0x55, 0x57, 0x5d, 0x75, 0xd5, 0xff, 0x27, 0x88,
    0xab, 0xae, 0xba, 0xea, 0xaa, 0xab, 0xae, 0xba, 0xea, 0xaa, 0xab, 0xfe, 0x3f, 0x41, 0x5c, 0x75,
    0xd5, 0x55, 0x57, 0x5d, 0x75, 0xd5, 0x55, 0x57, 0x5d, 0xf5, 0xff, 0x09, 0xe2, 0xaa, 0xab, 0xae,
    0xba, 0xea, 0xaa, 0xab, 0xae, 0xba, 0xea, 0xaa, 0xff, 0x4f, 0x10, 0x57, 0x5d, 0x75, 0xd5, 0x55,
    0x57, 0x5d, 0x75, 0xd5, 0x55, 0x57, 0xfd, 0x7f, 0x82, 0xb8, 0xea, 0xaa, 0xab, 0xae, 0xba, 0xea,
    0xaa, 0xab, 0xae, 0xba, 0xea, 0xff, 0x13, 0xc4, 0x55, 0x57, 0x5d, 0x75, 0xd5, 0x55, 0x57, 0x5d,
    0x75, 0xd5, 0x55, 0xff, 0x9f, 0x20, 0xae, 0xba, 0xea, 0xaa, 0xab, 0xae, 0xba, 0xea, 0xaa, 0xab,
    0xae, 0xfa, 0xff, 0x04, 0x71, 0xd5, 0x55, 0x57, 0x5d, 0x75, 0xd5, 0x55, 0x57, 0x5d, 0x75, 0xd5,
    0xff, 0x27, 0x88, 0xab, 0xae, 0xba, 0xea, 0xaa, 0xab, 0xae, 0xba, 0xea, 0xaa, 0xab, 0xfe, 0x3f,
    0x41, 0x5c, 0x75, 0xd5, 0x55, 0x57, 0x5d, 0x75, 0xd5, 0x55, 0x57, 0x5d, 0xf5, 0xff, 0x09, 0xe2,
    0xaa, 0xab, 0xae, 0xba, 0xea, 0xaa, 0xab, 0xae, 0xba, 0xea, 0xaa, 0xff, 0x4f, 0x10, 0x57, 0x5d,
    0x75, 0xd5, 0x55, 0x57, 0x5d, 0x75, 0xd5, 0x55, 0x57, 0xfd, 0x7f, 0x82, 0xb8, 0xea, 0xaa, 0xab,
    0xae, 0xba, 0xea, 0xaa, 0xab, 0xae, 0xba, 0xea, 0xff, 0x13, 0xc4, 0x55, 0x57, 0x5d, 0x75, 0xd5,
    0x55, 0x57, 0x5d, 0x75, 0xd5, 0x55, 0xff, 0x9f, 0x20, 0xae, 0xba, 0xea, 0xaa, 0xab, 0xfe, 0x0f,
    0x79, 0xf0, 0x4b, 0xbf, 0xf5, 0x83, 0x91, 0x1e, 0x84, 0xfd, 0xd2, 0x09, 0xc7, 0x05, 0xaf, 0xcd,
    0x15, 0xc7, 0x0d, 0x2f, 0xcd, 0xbf, 0x40, 0xf0, 0xdb, 0x00, 0x86, 0x5b, 0x81, 0x5b, 0x03, 0xdd,
    0x8a, 0xb8, 0xf5, 0xd6, 0xbf, 0xfa, 0xa9, 0xdf, 0xe1, 0xaa, 0xab, 0xae, 0xba, 0xea, 0xff, 0x06,
    0xc4, 0x55, 0x57, 0x5d, 0x75, 0xd5, 0xff, 0x52, 0x0f, 0x7e, 0xe9, 0xb7, 0x3e, 0x0e, 0x7a, 0xad,
    0xc4, 0x2f, 0x2d, 0x78, 0x6d, 0xc3, 0x6b, 0xf3, 0x9f, 0x48, 0x70, 0x2b, 0xf0, 0xd7, 0x82, 0xdf,
    0x06, 0x7e, 0xe7, 0xd6, 0xbf, 0xfe, 0xe9, 0xbf, 0xe6, 0xaa, 0xab, 0xae, 0xba, 0xea, 0x7f, 0x1f,
    0xc4, 0x55, 0x57, 0x5d, 0x75, 0xd5, 0xff, 0x22, 0x0f, 0x7e, 0xe9, 0xb7, 0x7e, 0xe9, 0x84, 0xb7,
    0x12, 0xbc, 0xb5, 0xe1, 0xa5, 0xf9, 0x6f, 0x24, 0xd8, 0x05, 0x7e, 0x5b, 0xe8, 0xa7, 0xc1, 0x3f,
    0x73, 0xeb, 0x5f, 0xff, 0xf4, 0x2e, 0x57, 0x5d, 0x75, 0xd5, 0x55, 0xff, 0xf3, 0x21, 0xae, 0xba,
    0xea, 0xaa, 0xab, 0xfe, 0x87, 0x7b, 0xf0, 0x4b, 0xbf, 0xf5, 0x4b, 0x27, 0x7c, 0x94, 0xe0, 0xb5,
    0x0d, 0x0f, 0xe6, 0x7f, 0x28, 0xc1, 0x5f, 0x0b, 0xbe, 0x1b, 0xf8, 0x9e, 0x5b, 0xff, 0xfa, 0xa7,
    0x77, 0xb9, 0xea, 0xaa, 0xab, 0xae, 0xfa, 0x9f, 0x09, 0x71, 0xd5, 0x55, 0x57, 0x5d, 0xf5, 0x3f,
    0xd0, 0x83, 0x5f, 0xfa, 0xad, 0x8f, 0x03, 0xef, 0x65, 0xf8, 0x68, 0xc3, 0x83, 0xf9, 0x5f, 0x46,
    0xf0, 0xd3, 0x42, 0xdf, 0x7d, 0xeb, 0x5f, 0xff, 0xd4, 0xcf, 0x70, 0xd5, 0x55, 0x57, 0x5d, 0xf5,
    0x3f, 0x0b, 0xe2, 0xaa, 0xab, 0xae, 0xba, 0xea, 0x7f, 0x90, 0x07, 0xbf, 0xf4, 0x5b, 0x3f, 0x38,
    0xe1, 0xb3, 0x80, 0xf7, 0xe6, 0xff, 0x00, 0xc1, 0xad, 0x42, 0x9f, 0x0d, 0xfe, 0x99, 0x5b, 0xff,
    0xfa, 0xa7, 0x77, 0xb9, 0xea, 0xaa, 0xab, 0xae, 0xfa, 0xef, 0x87, 0xb8, 0xea, 0xaa, 0xab, 0xae,
    0xfa, 0x1f, 0xe0, 0xc1, 0x2f, 0xfd, 0xd6, 0xaf, 0x6d, 0xf8, 0x2c, 0xc3, 0x6b, 0xf3, 0x7f, 0x90,
    0x60, 0xd7, 0xf0, 0xd5, 0x01, 0x5f, 0x73, 0xeb, 0x5f, 0xff, 0xf4, 0x2e, 0x57, 0x5d, 0x75, 0xd5,
    0x55, 0xff, 0x7d, 0x10, 0x57, 0x5d, 0x75, 0xd5, 0x55, 0xff, 0x8d, 0x1e, 0xfc, 0xd2, 0x6f, 0xfd,
    0x60, 0xc3, 0x57, 0x19, 0xde, 0x9a, 0xff, 0x07, 0x04, 0xbb, 0x86, 0xaf, 0xbe, 0xed, 0xaf, 0x7f,
    0xfa, 0x73, 0xb8, 0xea, 0xaa, 0xab, 0xae, 0xfa, 0xef, 0x81, 0xb8, 0xea, 0xaa, 0xab, 0xae, 0xfa,
    0x6f, 0xf0, 0xe0, 0x97, 0x7e, 0xeb, 0xe3, 0x09, 0x5f, 0x05, 0xbc, 0x37, 0xff, 0x0f, 0x09, 0x6e,
    0x15, 0xfa, 0xec, 0x5b, 0xff, 0xfa, 0xa7, 0xbe, 0x87, 0xab, 0xae, 0xba, 0xea, 0xaa, 0xff, 0x5a,
    0x88, 0xab, 0xae, 0xba, 0xea, 0xaa, 0xff, 0x62, 0xb7, 0xbc, 0xf4, 0x5b, 0x7f, 0x96, 0xe0, 0xa3,
    0x0d, 0xc7, 0xf9, 0x7f, 0x4e, 0xf0, 0xd7, 0x82, 0x8f, 0xb9, 0xf5, 0xaf, 0x7f, 0xfa, 0xb7, 0xb9,
    0xea, 0xaa, 0xab, 0xae, 0xfa, 0xaf, 0x81, 0xb8, 0xea, 0xaa, 0xab, 0xae, 0xfa, 0x2f, 0xf2, 0xe0,
    0x97, 0x7e, 0xeb, 0xb7, 0x36, 0x7c, 0x95, 0xe1, 0xc1, 0x5c, 0xf5, 0xdc, 0xbe, 0x3b, 0xe0, 0x73,
    0x6e, 0xfd, 0xeb, 0x9f, 0xbe, 0x95, 0xab, 0xae, 0xba, 0xea, 0xaa, 0xff, 0x5c, 0x88, 0xab, 0xae,
    0xba, 0xea, 0xaa, 0xff, 0x64, 0x0f, 0x7e, 0xe9, 0xb7, 0x7e, 0xb0, 0xe1, 0xbb, 0x0c, 0xaf, 0xcd,
    0x55, 0x2f, 0x90, 0x60, 0xd7, 0xf0, 0xd5, 0x01, 0x5f, 0x73, 0xeb, 0x5f, 0xff, 0xf4, 0x2e, 0x57,
    0x5d, 0x75, 0xd5, 0x55, 0xff, 0x39, 0x10, 0x57, 0x5d, 0x75, 0xd5, 0x55, 0xff, 0x49, 0x1e, 0xfc,
    0xd2, 0x6f, 0x7d, 0x3c, 0xe1, 0xb3, 0x80, 0x8f, 0xe6, 0xaa, 0x17, 0x99, 0xe0, 0x56, 0xa1, 0xcf,
    0xbe, 0xf5, 0xaf, 0x7f, 0xea, 0x7b, 0xb8, 0xea, 0xaa, 0xab, 0xae, 0xfa, 0x8f, 0x87, 0xb8, 0xea,
    0xaa, 0xab, 0xae, 0xfa, 0x4f, 0xf0, 0xe0, 0x97, 0x7e, 0xeb, 0x8f, 0x32, 0x7c, 0xb6, 0xe1, 0x38,
    0x57, 0xfd, 0x9b, 0x08, 0x7e, 0x5b, 0xf0, 0x31, 0xb7, 0xfe, 0xf5, 0x4f, 0xff, 0x35, 0x57, 0x5d,
    0x75, 0xd5, 0x55, 0xff, 0x71, 0x10, 0x57, 0x5d, 0x75, 0xd5, 0x55, 0xff, 0x81, 0x1e, 0xfc, 0xd2,
    0x6f, 0xfd, 0xda, 0x86, 0xaf, 0x32, 0xbc, 0x34, 0x57, 0xfd, 0x47, 0xf9, 0xee, 0x80, 0x8f, 0xb9,
    0xf5, 0xaf, 0x7f, 0x7a, 0x97, 0xab, 0xae, 0xba, 0xea, 0xaa, 0x7f, 0x3f, 0xc4, 0x55, 0x57, 0x5d,
    0x75, 0xd5, 0x7f, 0x80, 0x07, 0xbf, 0xf4, 0x5b, 0x3f, 0xd8, 0xf0, 0x55, 0x86, 0xb7, 0xe6, 0xaa,
    0xff, 0x70, 0x82, 0x5d, 0xc3, 0x57, 0xdf, 0xf6, 0xd7, 0x3f, 0xfd, 0x39, 0x5c, 0x75, 0xd5, 0x55,
    0x57, 0xfd, 0xfb, 0x20, 0xae, 0xba, 0xea, 0xaa, 0xab, 0xfe, 0x1d, 0x1e, 0xfc, 0xd2, 0x6f, 0x7d,
    0x3c, 0xe1, 0xa3, 0x80, 0xcf, 0xe6, 0xaa, 0xff, 0x74, 0x82, 0x5b, 0x05, 0x1f, 0x73, 0xeb, 0x5f,
    0xff, 0xf4, 0x4f, 0x73, 0xd5, 0x55, 0x57, 0x5d, 0xf5, 0x6f, 0x83, 0xb8, 0xea, 0xaa, 0xab, 0xae,
    0xfa, 0x37, 0x7a, 0xf0, 0x4b, 0xbf, 0xcd, 0x7b, 0x19, 0x7f, 0xb6, 0xe1, 0xc1, 0x5c, 0xf5, 0x5f,
    0x4a, 0xf0, 0xdb, 0x82, 0xf7, 0xb9, 0xf5, 0xaf, 0x7f, 0xfa, 0x56, 0xae, 0xba, 0xea, 0xaa, 0xab,
    0xfe, 0x75, 0x10, 0x57, 0x5d, 0x75, 0xd5, 0x55, 0xff, 0x4a, 0x0f, 0x7e, 0xe9, 0xb7, 0x7e, 0x6d,
    0xc3, 0x67, 0x19, 0x5e, 0x9b, 0xab, 0xfe, 0xbb, 0x7d, 0x75, 0xc0, 0xe7, 0xdc, 0xfa, 0xd7, 0x3f,
    0xbd, 0xcb, 0x55, 0x57, 0x5d, 0x75, 0xd5, 0x8b, 0x06, 0x71, 0xd5, 0x55, 0x57, 0x5d, 0xf5, 0x22,
    0x7a, 0xf0, 0x4b, 0xbf, 0xf5, 0xf1, 0x84, 0xaf, 0x02, 0xde, 0x9b, 0xab, 0xfe, 0xc7, 0x10, 0xec,
    0x0a, 0x3e, 0xfb, 0xd6, 0xbf, 0xfe, 0xe9, 0xaf, 0xe1, 0xaa, 0xab, 0xae, 0xba, 0xea, 0x5f, 0x86,
    0xb8, 0xea, 0xaa, 0xab, 0xae, 0x7a, 0x11, 0xdc, 0xf2, 0xd2, 0x6f, 0xfd, 0x59, 0x82, 0x8f, 0x36,
    0x1c, 0xe7, 0xaa, 0xff, 0x91, 0x04, 0x7f, 0x2d, 0xf8, 0x98, 0x5b, 0xff, 0xfa, 0xa7, 0x7f, 0x9b,
    0xab, 0xae, 0xba, 0xea, 0xaa, 0x17, 0x0c, 0x71, 0xd5, 0x55, 0x57, 0x5d, 0xf5, 0x42, 0x3c, 0xf8,
    0xa5, 0xdf, 0xfa, 0xad, 0x0d, 0x5f, 0x65, 0x78, 0x30, 0x57, 0xfd, 0xaf, 0x20, 0xf8, 0x69, 0xc1,
    0xc7, 0xdc, 0xfa, 0xd7, 0x3f, 0x7d, 0x2b, 0x57, 0x5d, 0x75, 0xd5, 0x55, 0xcf, 0x0b, 0x71, 0xd5,
    0x55, 0x57, 0x5d, 0xf5, 0x7c, 0x3c, 0xf8, 0xa5, 0xdf, 0xfa, 0xc1, 0x86, 0xef, 0x32, 0xbc, 0x36,
    0x57, 0xfd, 0x6f, 0xf5, 0xd9, 0x01, 0x5f, 0x73, 0xeb, 0x5f, 0xff, 0xf4, 0x2e, 0x57, 0x5d, 0x75,
    0xd5, 0x55, 0xcf, 0x86, 0xb8, 0xea, 0xaa, 0xab, 0xae, 0x7a, 0x80, 0x07, 0xbf, 0xf4, 0x5b, 0x1f,
    0x4f, 0xf8, 0x2c, 0xe0, 0xa3, 0xb9, 0xea, 0x7f, 0x3d, 0xc1, 0xae, 0xd0, 0x47, 0xdf, 0xfa, 0xd7,
    0x3f, 0xf5, 0x3d, 0x5c, 0x75, 0xd5, 0x55, 0x57, 0x5d, 0x81, 0xb8, 0xea, 0xaa, 0xab, 0xae, 0x7a,
    0xa6, 0x07, 0xbf, 0xf4, 0x5b, 0x7f, 0x94, 0xe1, 0xb3, 0x0d, 0xc7, 0xb9, 0xea, 0xff, 0x14, 0xc1,
    0x6f, 0x0b, 0x3e, 0xe7, 0xd6, 0xbf, 0xfe, 0xe9, 0xdf, 0xe6, 0xaa, 0xab, 0xae, 0xfa, 0xff, 0x0e,
    0x71, 0xd5, 0x55, 0x57, 0xfd, 0xbf, 0xf7, 0xe0, 0x97, 0x7e, 0xeb, 0xd7, 0x36, 0x7c, 0x97, 0xe1,
    0xc1, 0x5c, 0xf5, 0x7f, 0xdd, 0x77, 0x07, 0x7c, 0xce, 0xad, 0x7f, 0xfd, 0xd3, 0xb7, 0x72, 0xd5,
    0x55, 0x57, 0xfd, 0x7f, 0x85, 0xb8, 0xea, 0xaa, 0xab, 0xfe, 0xdf, 0x7a, 0xf0, 0x4b, 0xbf, 0xf5,
    0x83, 0x0d, 0x5f, 0x65, 0x78, 0x6b, 0xae, 0xfa, 0x7f, 0x43, 0xb0, 0x6b, 0xf8, 0xea, 0x80, 0xaf,
    0xb9, 0xf5, 0xaf, 0x7f, 0x7a, 0x97, 0xab, 0xae, 0xba, 0xea, 0xff, 0x1b, 0xc4, 0x55, 0x57, 0x5d,
    0xf5, 0xff, 0xce, 0x83, 0x5f, 0xfa, 0xad, 0x8f, 0x27, 0x7c, 0x14, 0xf0, 0xd9, 0x5c, 0xf5, 0xff,
    0x96, 0xe0, 0x56, 0xc1, 0xc7, 0xdc, 0xfa, 0xd7, 0x3f, 0xfd, 0xd3, 0x5c, 0x75, 0xd5, 0x55, 0xff,
    0x9f, 0x20, 0xae, 0xba, 0xea, 0xaa, 0xff, 0x57, 0x1e, 0xfc, 0xd2, 0x6f, 0xf3, 0x5e, 0xc6, 0x5f,
    0x6d, 0x38, 0xce, 0x55, 0x57, 0x01, 0x82, 0xdf, 0x16, 0x7c, 0xcc, 0xad, 0x7f, 0xfd, 0xd3, 0x7f,
    0xcd, 0x55, 0x57, 0x5d, 0xf5, 0xff, 0x01, 0xe2, 0xaa, 0xab, 0xae, 0xfa, 0x7f, 0xe1, 0xc1, 0x2f,
    0xfd, 0xd6, 0xaf, 0x6d, 0xf8, 0x2c, 0xc3, 0x6b, 0x73, 0xd5, 0x55, 0xcf, 0xdf, 0x77, 0x07, 0x7c,
    0xcc, 0xad, 0x7f, 0xfd, 0xd3, 0xbb, 0x5c, 0x75, 0xd5, 0x55, 0xff, 0x97, 0x21, 0xae, 0xba, 0xea,
    0xaa, 0xff, 0xd3, 0x1e, 0xfc, 0xd2, 0x6f, 0xfd, 0xe0, 0x84, 0xcf, 0x02, 0xde, 0x9b, 0xab, 0xae,
    0xfa, 0x17, 0x08, 0x76, 0x0d, 0x5f, 0x7d, 0xdb, 0x5f, 0xff, 0xf4, 0xe7, 0x70, 0xd5, 0x55, 0x57,
    0xfd, 0x5f, 0x85, 0xb8, 0xea, 0xaa, 0xab, 0xfe, 0xcf, 0xba, 0xe5, 0xa5, 0xdf, 0xfa, 0xb3, 0x04,
    0x1f, 0x6d, 0x38, 0xce, 0x55, 0x57, 0xfd, 0x2b, 0x08, 0x6e, 0x15, 0xbc, 0xcf, 0xad, 0x7f, 0xfd,
    0xd3, 0xbf, 0xcd, 0x55, 0x57, 0x5d, 0xf5, 0x7f, 0x0d, 0xe2, 0xaa, 0xab, 0xae, 0xfa, 0x3f, 0xe7,
    0xc1, 0x2f, 0xfd, 0xd6, 0x6f, 0x6d, 0xf8, 0x2a, 0xc3, 0x83, 0xb9, 0xea, 0xaa, 0x7f, 0x07, 0xc1,
    0x6f, 0x0b, 0xde, 0xe7, 0xd6, 0xbf, 0xfe, 0xe9, 0x5b, 0xb9, 0xea, 0xaa, 0xab, 0xfe, 0xaf, 0x40,
    0x5c, 0x75, 0xd5, 0x55, 0xff, 0x67, 0x3c, 0xf8, 0xa5, 0xdf, 0xfa, 0xa5, 0x0d, 0x5f, 0x65, 0x78,
    0x6d, 0xae, 0xba, 0xea, 0x3f, 0xd6, 0x57, 0x07, 0x7c, 0xce, 0xad, 0x7f, 0xfd, 0xd3, 0xbb, 0x5c,
    0x75, 0xd5, 0x55, 0xff, 0xdb, 0x21, 0xae, 0xba, 0xea, 0xaa, 0xff, 0xf5, 0x1e, 0xfc, 0xd2, 0x6f,
    0x7d, 0x3c, 0xe1, 0xb3, 0x80, 0x8f, 0xe6, 0xaa, 0xab, 0xfe, 0x93, 0x08, 0x76, 0x05, 0x9f, 0x7d,
    0xeb, 0x5f, 0xff, 0xf4, 0xd7, 0x70, 0xd5, 0x55, 0x57, 0xfd, 0x6f, 0x86, 0xb8, 0xea, 0xaa, 0xab,
    0xfe, 0x57, 0x7b, 0xf0, 0x4b, 0xbf, 0xf5, 0x47, 0x19, 0x3e, 0xdb, 0x70, 0x9c, 0xab, 0xae, 0xfa,
    0x2f, 0x20, 0xf8, 0x6b, 0xc1, 0xc7, 0xdc, 0xfa, 0xd7, 0x3f, 0xfd, 0xdb, 0x5c, 0x75, 0xd5, 0x55,
    0xff, 0x1b, 0x21, 0xae, 0xba, 0xea, 0xaa, 0xff, 0x95, 0x1e, 0xfc, 0xd2, 0x6f, 0xfd, 0xda, 0x86,
    0xef, 0x32, 0x3c, 0x98, 0xab, 0xae, 0xfa, 0x6f, 0x20, 0xf8, 0x69, 0xc1, 0xc7, 0xdc, 0xfa, 0xd7,
    0x3f, 0x7d, 0x2b, 0x57, 0x5d, 0x75, 0xd5, 0xff, 0x26, 0x88, 0xab, 0xae, 0xba, 0xea, 0x7f, 0x95,
    0x07, 0xbf, 0xf4, 0x5b, 0x3f, 0xd8, 0xf0, 0x55, 0x86, 0xb7, 0xe6, 0xaa, 0xab, 0xfe, 0x67, 0xf8,
    0xec, 0x80, 0xaf, 0xb9, 0xf5, 0xaf, 0x7f, 0x7a, 0x97, 0xab, 0xae, 0xba, 0xea, 0x7f, 0x03, 0xc4,
    0x55, 0x57, 0x5d, 0xf5, 0xbf, 0xc2, 0x83, 0x5f, 0xfa, 0xad, 0x8f, 0x27, 0x7c, 0x14, 0xf0, 0xd9,
    0x5c, 0x75, 0xd5, 0xff, 0x30, 0x82, 0x5d, 0xa1, 0x8f, 0xbe, 0xf5, 0xaf, 0x7f, 0xea, 0x7b, 0xb8,
    0xea, 0xaa, 0xab, 0xfe, 0xa7, 0x43, 0x5c, 0x75, 0xd5, 0x55, 0xff, 0xe3, 0x3d, 0xf8, 0xa5, 0xdf,
    0xe6, 0xbd, 0x8c, 0xbf, 0xda, 0x70, 0x9c, 0xab, 0xae, 0xfa, 0x1f, 0x4c, 0xf0, 0xdb, 0x82, 0xcf,
    0xb9, 0xf5, 0xaf, 0x7f, 0xfa, 0xb7, 0xb9, 0xea, 0xaa, 0xab, 0xfe, 0xa7, 0x42, 0x5c, 0x75, 0xd5,
    0x55, 0xff, 0x63, 0x3d, 0xf8, 0xa5, 0xdf, 0xfa, 0xb5, 0x0d, 0x9f, 0x65, 0x78, 0x6d, 0xae, 0xba,
    0xea, 0x7f, 0x97, 0xef, 0x0e, 0xf8, 0x9c, 0x5b, 0xff, 0xfa, 0xa7, 0x6f, 0xe5, 0xaa, 0xab, 0xae,
    0xfa, 0x9f, 0x06, 0x71, 0xd5, 0x55, 0x57, 0xfd, 0x8f, 0xf3, 0xe0, 0x97, 0x7e, 0xeb, 0x07, 0x27,
    0x7c, 0x16, 0xf0, 0xde, 0x5c, 0x75, 0xd5, 0xff, 0x52, 0x82, 0x5d, 0xc3, 0x57, 0x07, 0x7c, 0xcd,
    0xad, 0x7f, 0xfd, 0xd3, 0xbb, 0x5c, 0x75, 0xd5, 0x55, 0xff, 0x53, 0x20, 0xae, 0xba, 0xea, 0xaa,
    0xff, 0x31, 0x1e, 0xfc, 0xd2, 0x6f, 0x7d, 0x3c, 0xe1, 0xa3, 0x04, 0x1f, 0x6d, 0x38, 0xce, 0x55,
    0x57, 0xfd, 0x1f, 0x20, 0xb8, 0x55, 0xf0, 0x31, 0xb7, 0xfe, 0xf5, 0x4f, 0xff, 0x34, 0x57, 0x5d,
    0x75, 0xd5, 0xff, 0x04, 0x88, 0xab, 0xae, 0xba, 0xea, 0x7f, 0x84, 0x07, 0xbf, 0xf4, 0x5b, 0xbf,
    0xb5, 0xe1, 0xab, 0x0c, 0x0f, 0xe6, 0xaa, 0xab, 0xfe, 0x0f, 0x12, 0xfc, 0xb6, 0xe0, 0x63, 0x6e,
    0xfd, 0xeb, 0x9f, 0xfe, 0x6b, 0xae, 0xba, 0xea, 0xaa, 0xff, 0x4e, 0x88, 0xab, 0xae, 0xba, 0xea,
    0xbf, 0xd5, 0x83, 0x5f, 0xfa, 0xad, 0x5f, 0xda, 0xf0, 0x55, 0x86, 0xd7, 0xe6, 0xaa, 0xab, 0xfe,
    0x7f, 0xf8, 0xee, 0x80, 0x8f, 0xb9, 0xf5, 0xaf, 0x7f, 0x7a, 0x97, 0xab, 0xae, 0xba, 0xea, 0xbf,
    0x03, 0xe2, 0xaa, 0xab, 0xae, 0xfa, 0x6f, 0xf1, 0xe0, 0x97, 0x7e, 0xeb, 0xe3, 0x09, 0x5f, 0x05,
    0xbc, 0x37, 0x57, 0x5d, 0xf5, 0xff, 0x8c, 0x60, 0xd7, 0xf0, 0xd5, 0xb7, 0xfd, 0xf5, 0x4f, 0x7f,
    0x0e, 0x57, 0x5d, 0x75, 0xd5, 0x7f, 0x35, 0xc4, 0x55, 0x57, 0x5d, 0xf5, 0x5f, 0xee, 0xc1, 0x2f,
    0xfd, 0xd6, 0x1f, 0x65, 0xf8, 0x6c, 0xc3, 0x71, 0xae, 0xba, 0xea, 0xff, 0x31, 0xc1, 0xad, 0x82,
    0xf7, 0xb9, 0xf5, 0xaf, 0x7f, 0xfa, 0xb7, 0xb9, 0xea, 0xaa, 0xab, 0xfe, 0xab, 0x20, 0xae, 0xba,
    0xea, 0xaa, 0xff, 0x32, 0x0f, 0x7e, 0xe9, 0xb7, 0x7e, 0x6d, 0xc3, 0x77, 0x19, 0x1e, 0xcc, 0x55,
    0x57, 0x5d, 0xf5, 0x2c, 0x82, 0xdf, 0x16, 0xbc, 0xcf, 0xad, 0x7f, 0xfd, 0xd3, 0xb7, 0x72, 0xd5,
    0x55, 0x57, 0xfd, 0x67, 0x43, 0x5c, 0x75, 0xd5, 0x55, 0xff, 0xe9, 0x1e, 0xfc, 0xd2, 0x6f, 0xfd,
    0x60, 0xc3, 0x77, 0x19, 0x5e, 0x9b, 0xab, 0xae, 0xba, 0xea, 0x85, 0xf9, 0xea, 0x80, 0xcf, 0xb9,
    0xf5, 0xaf, 0x7f, 0x7a, 0x97, 0xab, 0xae, 0xba, 0xea, 0x3f, 0x0b, 0xe2, 0xaa, 0xab, 0xae, 0xfa,
    0x4f, 0xf3, 0xe0, 0x97, 0x7e, 0xeb, 0xe3, 0x09, 0x1f, 0x05, 0x7c, 0x36, 0x57, 0x5d, 0x75, 0xd5,
    0x8b, 0x44, 0xb0, 0x2b, 0xf8, 0xec, 0x5b, 0xff, 0xfa, 0xa7, 0xbf, 0x86, 0xab, 0xae, 0xba, 0xea,
    0x3f, 0x03, 0xe2, 0xaa, 0xab, 0xae, 0xfa, 0x4f, 0xf1, 0xe0, 0x97, 0x7e, 0x9b, 0xf7, 0x32, 0xfe,
    0x6a, 0xc3, 0x71, 0xae, 0xba, 0xea, 0xaa, 0x7f, 0x35, 0xc1, 0x5f, 0x0b, 0x3e, 0xe6, 0xd6, 0xbf,
    0xfe, 0xe9, 0xdf, 0xe6, 0xaa, 0xab, 0xae, 0xfa, 0x8f, 0x84, 0xb8, 0xea, 0xaa, 0xab, 0xfe, 0x43,
    0x3d, 0xf8, 0xa5, 0xdf, 0xfa, 0xb5, 0x0d, 0x5f, 0x65, 0x78, 0x69, 0xae, 0xba, 0xea, 0xaa, 0x7f,
    0x37, 0xc1, 0x4f, 0x0b, 0x3e, 0xe6, 0xd6, 0xbf, 0xfe, 0xe9, 0x5b, 0xb9, 0xea, 0xaa, 0xab, 0xfe,
    0x23, 0x20, 0xae, 0xba, 0xea, 0xaa, 0xff, 0x10, 0x0f, 0x7e, 0xe9, 0xb7, 0x7e, 0x70, 0xc2, 0x67,
    0x01, 0xef, 0xcd, 0x55, 0x57, 0x5d, 0xf5, 0x9f, 0xe1, 0xb3, 0x03, 0xbe, 0xe6, 0xd6, 0xbf, 0xfe,
    0xe9, 0x5d, 0xae, 0xba, 0xea, 0xaa, 0x7f, 0x0f, 0xc4, 0x55, 0x57, 0x5d, 0xf5, 0xef, 0xf2, 0xe0,
    0x97, 0x7e, 0xeb, 0xe3, 0x09, 0x1f, 0x25, 0xf8, 0x68, 0xc3, 0x71, 0xae, 0xba, 0xea, 0xaa, 0xff,
    0x34, 0x82, 0x5d, 0xa1, 0x8f, 0xbe, 0xf5, 0xaf, 0x7f, 0xea, 0x7b, 0xb8, 0xea, 0xaa, 0xab, 0xfe,
    0xad, 0x10, 0x57, 0x5d, 0x75, 0xd5, 0xbf, 0xd9, 0x83, 0x5f, 0xfa, 0xad, 0xdf, 0xda, 0xf0, 0x55,
    0x86, 0x07, 0x73, 0xd5, 0x55, 0x57, 0xfd, 0x97, 0x11, 0xfc, 0xb6, 0xe0, 0x73, 0x6e, 0xfd, 0xeb,
    0x9f, 0xfe, 0x6d, 0xae, 0xba, 0xea, 0xaa, 0x7f, 0x2d, 0xc4, 0x55, 0x57, 0x5d, 0xf5, 0xaf, 0xf6,
    0xe0, 0x97, 0x7e, 0xeb, 0x97, 0x36, 0x7c, 0x95, 0xe1, 0xb5, 0xb9, 0xea, 0xaa, 0xab, 0xfe, 0x3b,
    0x7d, 0x77, 0xc0, 0xe7, 0xdc, 0xfa, 0xd7, 0x3f, 0x7d, 0x2b, 0x57, 0x5d, 0x75, 0xd5, 0x8b, 0x0a,
    0x71, 0xd5, 0x55, 0x57, 0xbd, 0xc8, 0x1e, 0xfc, 0xd2, 0x6f, 0x7d, 0x3c, 0xe1, 0xab, 0x80, 0xf7,
    0xe6, 0xaa, 0xab, 0xae, 0xfa, 0x1f, 0x41, 0xb0, 0x6b, 0xf8, 0xea, 0x80, 0xaf, 0xb9, 0xf5, 0xaf,
    0x7f, 0x7a, 0x97, 0xab, 0xae, 0xba, 0xea, 0x5f, 0x82, 0xb8, 0xea, 0xaa, 0xab, 0x5e, 0x24, 0x0f,
    0x7e, 0xe9, 0xb7, 0xfe, 0x28, 0xc3, 0x67, 0x1b, 0x8e, 0x73, 0xd5, 0x55, 0x57, 0xfd, 0x8f, 0x23,
    0xb8, 0x55, 0xf0, 0x31, 0xb7, 0xfe, 0xf5, 0x4f, 0xff, 0x34, 0x57, 0x5d, 0x75, 0xd5, 0x0b, 0x83,
    0xb8, 0xea, 0xaa, 0xab, 0x5e, 0xa8, 0x07, 0xbf, 0xf4, 0x5b, 0xbf, 0xb6, 0xe1, 0xbb, 0x0c, 0x0f,
    0xe6, 0xaa, 0xab, 0xae, 0xfa, 0x1f, 0x4f, 0xf0, 0xdb, 0x82, 0x8f, 0xb9, 0xf5, 0xaf, 0x7f, 0xfa,
    0xaf, 0xb9, 0xea, 0xaa, 0xab, 0x9e, 0x1f, 0xc4, 0x55, 0x57, 0x5d, 0xf5, 0x7c, 0x3d, 0xf8, 0xa5,
    0xdf, 0xfa, 0xc1, 0x86, 0xef, 0x32, 0xbc, 0x36, 0x57, 0x5d, 0x75, 0xd5, 0xff, 0x46, 0xdf, 0x1d,
    0xf0, 0x31, 0xb7, 0xfe, 0xf5, 0x4f, 0xef, 0x72, 0xd5, 0x55, 0x57, 0x3d, 0x10, 0xe2, 0xaa, 0xab,
    0xae, 0x7a, 0x0e, 0x0f, 0x7e, 0xe9, 0xb7, 0x3e, 0x9e, 0xf0, 0x59, 0xc0, 0x47, 0x73, 0xd5, 0x55,
    0x57, 0xfd, 0xaf, 0x26, 0xd8, 0x35, 0x7c, 0xf5, 0x6d, 0x7f, 0xfd, 0xd3, 0x9f, 0xc3, 0x55, 0x57,
    0x5d, 0x75, 0x3f, 0xc4, 0x55, 0x57, 0x5d, 0xf5, 0x2c, 0x0f, 0x7e, 0xe9, 0xb7, 0x79, 0x2f, 0xe3,
    0xaf, 0x36, 0x1c, 0xe7, 0xaa, 0xab, 0xae, 0xfa, 0x3f, 0x43, 0x70, 0xab, 0xe0, 0x7d, 0x6e, 0xfd,
    0xeb, 0x9f, 0xfe, 0x6d, 0xae, 0xba, 0xea, 0x2a, 0xc4, 0x55, 0x57, 0x5d, 0xc5, 0x83, 0x5f, 0xfa,
    0xad, 0x5f, 0xdb, 0xf0, 0x55, 0x86, 0x97, 0xe6, 0xaa, 0xab, 0xae, 0xfa, 0x3f, 0x4b, 0xf0, 0xdb,
    0x82, 0xf7, 0xb9, 0xf5, 0xaf, 0x7f, 0xfa, 0x56, 0xae, 0xba, 0xea, 0xff, 0x2f, 0xc4, 0x55, 0x57,
    0xfd, 0x3f, 0xf6, 0xe0, 0x97, 0x7e, 0xeb, 0x07, 0x1b, 0xbe, 0xca, 0xf0, 0xd6, 0x5c, 0x75, 0xd5,
    0x55, 0xff, 0x9f, 0x7c, 0x75, 0xc0, 0xe7, 0xdc, 0xfa, 0xd7, 0x3f, 0xbd, 0xcb, 0x55, 0x57, 0xfd,
    0xff, 0x83, 0xb8, 0xea, 0xaa, 0xff, 0x87, 0x1e, 0xfc, 0xd2, 0x6f, 0x7d, 0x3c, 0xe1, 0xa3, 0x04,
    0x1f, 0x6d, 0x38, 0xce, 0x55, 0x57, 0x5d, 0xf5, 0xff, 0x8e, 0x60, 0x57, 0xf0, 0xd9, 0xb7, 0xfe,
    0xf5, 0x4f, 0x7f, 0x0d, 0x57, 0x5d, 0xf5, 0xff, 0x0b, 0xe2, 0xaa, 0xab, 0xfe, 0x9f, 0x79, 0xf0,
    0x4b, 0xbf, 0xcd, 0x7b, 0x19, 0x7f, 0xb6, 0xe1, 0xc1, 0x5c, 0x75, 0xd5, 0x55, 0xff, 0xef, 0x09,
    0xfe, 0x5a, 0xf0, 0x31, 0xb7, 0xfe, 0xf5, 0x4f, 0xff, 0x36, 0x57, 0x5d, 0xf5, 0xff, 0x03, 0xe2,
    0xaa, 0xab, 0xfe, 0x9f, 0x78, 0xf0, 0x4b, 0xbf, 0xf5, 0x4b, 0x1b, 0xbe, 0xca, 0xf0, 0xda, 0x5c,
    0x75, 0xd5, 0x55, 0x57, 0x3d, 0x17, 0xc1, 0x4f, 0x0b, 0x3e, 0xe6, 0xd6, 0xbf, 0xfe, 0xe9, 0x5b,
    0xb9, 0xea, 0xaa, 0xff, 0xdb, 0x10, 0x57, 0x5d, 0xf5, 0x7f, 0xdc, 0x83, 0x5f, 0xfa, 0xad, 0x8f,
    0x27, 0x7c, 0x15, 0xf0, 0xde, 0x5c, 0x75, 0xd5, 0x55, 0x57, 0xfd, 0xcb, 0x3e, 0x3b, 0xe0, 0x6b,
    0x6e, 0xfd, 0xeb, 0x9f, 0xde, 0xe5, 0xaa, 0xab, 0xfe, 0x6f, 0x42, 0x5c, 0x75, 0xd5, 0xff, 0x61,
    0xb7, 0xbc, 0xf4, 0x5b, 0x7f, 0x96, 0xe0, 0xa3, 0x0d, 0xc7, 0xb9, 0xea, 0xaa, 0xab, 0xae, 0x7a,
    0x11, 0x09, 0x76, 0x85, 0x3e, 0xfa, 0xd6, 0xbf, 0xfe, 0xa9, 0xef, 0xe1, 0xaa, 0xab, 0xfe, 0xef,
    0x41, 0x5c, 0x75, 0xd5, 0xff, 0x41, 0x0f, 0x7e, 0xe9, 0xb7, 0x7e, 0x6d, 0xc3, 0x77, 0x19, 0x1e,
    0xcc, 0x55, 0x57, 0x5d, 0x75, 0xd5, 0xbf, 0x91, 0xe0, 0xb7, 0x05, 0x9f, 0x73, 0xeb, 0x5f, 0xff,
    0xf4, 0x6f, 0x73, 0xd5, 0x55, 0xff, 0x77, 0x20, 0xae, 0xba, 0xea, 0xff, 0x90, 0x07, 0xbf, 0xf4,
    0x5b, 0x3f, 0xd8, 0xf0, 0x5d, 0x86, 0xd7, 0xe6, 0xaa, 0xab, 0xae, 0xba, 0xea, 0x3f, 0xce, 0x77,
    0x07, 0x7c, 0xce, 0xad, 0x7f, 0xfd, 0xd3, 0xb7, 0x72, 0xd5, 0x55, 0xff, 0xfb, 0x21, 0xae, 0xba,
    0xea, 0xff, 0x80, 0x07, 0xbf, 0xf4, 0x5b, 0x1f, 0x4f, 0xf8, 0x2c, 0xe0, 0xa3, 0xb9, 0xea, 0xaa,
    0xab, 0xae, 0xfa, 0x4f, 0x20, 0xd8, 0x35, 0x7c, 0x75, 0xc0, 0xd7, 0xdc, 0xfa, 0xd7, 0x3f, 0xbd,
    0xcb, 0x55, 0x57, 0xfd, 0xef, 0x85, 0xb8, 0xea, 0xaa, 0xff, 0xe5, 0x1e, 0xfc, 0xd2, 0x6f, 0xf3,
    0x5e, 0xc6, 0x5f, 0x6d, 0x38, 0xce, 0x55, 0x57, 0x5d, 0x75, 0xd5, 0x7f, 0x32, 0xc1, 0xad, 0x82,
    0x8f, 0xb9, 0xf5, 0xaf, 0x7f, 0xfa, 0xa7, 0xb9, 0xea, 0xaa, 0xff, 0x9d, 0x10, 0x57, 0x5d, 0xf5,
    0xbf, 0xd4, 0x83, 0x5f, 0xfa, 0xad, 0x5f, 0xdb, 0xf0, 0x55, 0x86, 0x97, 0xe6, 0xaa, 0xab, 0xae,
    0xba, 0xea, 0xbf, 0x98, 0xe0, 0xb7, 0x05, 0x1f, 0x73, 0xeb, 0x5f, 0xff, 0xf4, 0x5f, 0x73, 0xd5,
    0x55, 0xff, 0xbb, 0x20, 0xae, 0xba, 0xea, 0x7f, 0x99, 0x07, 0xbf, 0xf4, 0x5b, 0x3f, 0xd8, 0xf0,
    0x55, 0x86, 0xb7, 0xe6, 0xaa, 0xab, 0xae, 0xba, 0xea, 0xbf, 0xdf, 0x77, 0x07, 0x7c, 0xcc, 0xad,
    0x7f, 0xfd, 0xd3, 0xbb, 0x5c, 0x75, 0xd5, 0xff, 0x0e, 0x88, 0xab, 0xae, 0xfa, 0x5f, 0xe2, 0xc1,
    0x2f, 0xfd, 0xd6, 0xc7, 0x13, 0x3e, 0x4a, 0xf0, 0xd1, 0x86, 0xe3, 0x5c, 0x75, 0xd5, 0x55, 0x57,
    0xfd, 0x0f, 0x21, 0xd8, 0x15, 0x7c, 0xf6, 0xad, 0x7f, 0xfd, 0xd3, 0x5f, 0xc3, 0x55, 0x57, 0xfd,
    0xcf, 0x87, 0xb8, 0xea, 0xaa, 0xff, 0x05, 0x1e, 0xfc, 0xd2, 0x6f, 0xf3, 0x5e, 0xc6, 0x9f, 0x6d,
    0x78, 0x30, 0x57, 0x5d, 0x75, 0xd5, 0x55, 0xff, 0x43, 0x09, 0x6e, 0x15, 0xbc, 0xcf, 0xad, 0x7f,
    0xfd, 0xd3, 0xbf, 0xcd, 0x55, 0x57, 0xfd, 0xcf, 0x85, 0xb8, 0xea, 0xaa, 0xff, 0xc1, 0x1e, 0xfc,
    0xd2, 0x6f, 0xfd, 0xda, 0x86, 0xcf, 0x32, 0xbc, 0x36, 0x57, 0x5d, 0x75, 0xd5, 0x55, 0xff, 0x4b,
    0x08, 0x7e, 0x5b, 0xf0, 0x3e, 0xb7, 0xfe, 0xf5, 0x4f, 0xdf, 0xca, 0x55, 0x57, 0xfd, 0xcf, 0x83,
    0xb8, 0xea, 0xaa, 0xff, 0x81, 0x1e, 0xfc, 0xd2, 0x6f, 0x7d, 0x3c, 0xe1, 0xab, 0x80, 0xf7, 0xe6,
    0xaa, 0xab, 0xae, 0xba, 0xea, 0x7f, 0xaf, 0xaf, 0x0e, 0xf8, 0x9c, 0x5b, 0xff, 0xfa, 0xa7, 0x77,
    0xb9, 0xea, 0xaa, 0xff, 0x39, 0x10, 0x57, 0x5d, 0xf5, 0x3f, 0xcc, 0x2d, 0x2f, 0xfd, 0xd6, 0x9f,
    0x25, 0xf8, 0x68, 0xc3, 0x71, 0xae, 0xba, 0xea, 0xaa, 0xab, 0xfe, 0x97, 0x13, 0xec, 0x0a, 0x7d,
    0xf4, 0xad, 0x7f, 0xfd, 0x53, 0xdf, 0xc3, 0x55, 0x57, 0xfd, 0xcf, 0x80, 0xb8, 0xea, 0xaa, 0xff,
    0x21, 0x1e, 0xfc, 0xd2, 0x6f, 0xfd, 0xd6, 0x86, 0xaf, 0x32, 0x3c, 0x98, 0xab, 0xae, 0xba, 0xea,
    0xaa, 0xff, 0x63, 0x04, 0x7f, 0x2d, 0xf8, 0x98, 0x5b, 0xff, 0xfa, 0xa7, 0x7f, 0x9b, 0xab, 0xae,
    0xfa, 0xef, 0x85, 0xb8, 0xea, 0xaa, 0xff, 0x66, 0x0f, 0x7e, 0xe9, 0xb7, 0x7e, 0xb0, 0xe1, 0xbb,
    0x0c, 0xaf, 0xcd, 0x55, 0x57, 0x5d, 0x75, 0xd5, 0xff, 0x71, 0x82, 0x9f, 0x16, 0x7c, 0xcc, 0xad,
    0x7f, 0xfd, 0xd3, 0xb7, 0x72, 0xd5, 0x55, 0xff, 0x3d, 0x10, 0x57, 0x5d, 0xf5, 0xdf, 0xe4, 0xc1,
    0x2f, 0xfd, 0xd6, 0xc7, 0x13, 0x3e, 0x0b, 0xf8, 0x68, 0xae, 0xba, 0xea, 0xaa, 0xab, 0xfe, 0xff,
    0xf9, 0xec, 0x80, 0xaf, 0xb9, 0xf5, 0xaf, 0x7f, 0x7a, 0x97, 0xab, 0xae, 0xfa, 0xaf, 0x85, 0xb8,
    0xea, 0xaa, 0xff, 0x06, 0x0f, 0x7e, 0xe9, 0xb7, 0xfe, 0x28, 0xc3, 0x67, 0x1b, 0x8e, 0x73, 0xd5,
    0x55, 0x57, 0x5d, 0xf5, 0xff, 0x94, 0xe0, 0x56, 0xa1, 0xcf, 0xbe, 0xf5, 0xaf, 0x7f, 0xea, 0x7b,
    0xb8, 0xea, 0xaa, 0xff, 0x3a, 0x88, 0xab, 0xae, 0xfa, 0x2f, 0xf4, 0xe0, 0x97, 0x7e, 0xeb, 0xd7,
    0x36, 0x7c, 0x95, 0xe1, 0xa5, 0xb9, 0xea, 0xaa, 0xab, 0xae, 0xba, 0xea, 0x32, 0xc1, 0x6f, 0x0b,
    0x3e, 0xe7, 0xd6, 0xbf, 0xfe, 0xe9, 0xdf, 0xe6, 0xaa, 0xab, 0xfe, 0xf3, 0x21, 0xae, 0xba, 0xea,
    0xbf, 0xc0, 0x83, 0x5f, 0xfa, 0xad, 0x1f, 0x6c, 0xf8, 0x2a, 0xc3, 0x5b, 0x73, 0xd5, 0x55, 0x57,
    0x5d, 0x75, 0xd5, 0x0b, 0xf2, 0xdd, 0x01, 0x9f, 0x73, 0xeb, 0x5f, 0xff, 0xf4, 0xad, 0x5c, 0x75,
    0xd5, 0x7f, 0x1e, 0xc4, 0x55, 0x57, 0xfd, 0x27, 0x7a, 0xf0, 0x4b, 0xbf, 0xf5, 0xf1, 0x84, 0x8f,
    0x02, 0x3e, 0x9b, 0xab, 0xae, 0xba, 0xea, 0xaa, 0xab, 0xfe, 0x45, 0x82, 0x5d, 0xc3, 0x57, 0xdf,
    0xf6, 0xd7, 0x3f, 0xfd, 0x39, 0x5c, 0x75, 0xd5, 0x7f, 0x0e, 0xc4, 0x55, 0x57, 0xfd, 0x27, 0x79,
    0xf0, 0x4b, 0xbf, 0xcd, 0x7b, 0x19, 0x7f, 0xb6, 0xe1, 0xc1, 0x5c, 0x75, 0xd5, 0x55, 0x57, 0x5d,
    0xf5, 0xaf, 0x22, 0xb8, 0x55, 0xf0, 0x31, 0xb7, 0xfe, 0xf5, 0x4f, 0xff, 0x34, 0x57, 0x5d, 0xf5,
    0x1f, 0x0b, 0x71, 0xd5, 0x55, 0xff, 0xc1, 0x1e, 0xfc, 0xd2, 0x6f, 0xfd, 0xda, 0x86, 0xcf, 0x32,
    0xbc, 0x36, 0x57, 0x5d, 0x75, 0xd5, 0x55, 0x57, 0xfd, 0xbb, 0x08, 0x7e, 0x5b, 0xf0, 0x31, 0xb7,
    0xfe, 0xf5, 0x4f, 0xff, 0x35, 0x57, 0x5d, 0xf5, 0x1f, 0x03, 0x71, 0xd5, 0x55, 0xff, 0x41, 0x1e,
    0xfc, 0xd2, 0x6f, 0x7d, 0x3c, 0xe1, 0xab, 0x80, 0xf7, 0xe6, 0xaa, 0xab, 0xae, 0xba, 0xea, 0xaa,
    0xff, 0x68, 0xdf, 0x1d, 0xf0, 0x31, 0xb7, 0xfe, 0xf5, 0x4f, 0xef, 0x72, 0xd5, 0x55, 0xff, 0x3e,
    0x88, 0xab, 0xae, 0xfa, 0x0f, 0x70, 0xcb, 0x4b, 0xbf, 0xf5, 0x67, 0x09, 0x3e, 0xda, 0x70, 0x9c,
    0xab, 0xae, 0xba, 0xea, 0xaa, 0xab, 0xfe, 0x53, 0x08, 0x76, 0x05, 0x9f, 0x7d, 0xeb, 0x5f, 0xff,
    0xf4, 0xd7, 0x70, 0xd5, 0x55, 0xff, 0x76, 0x88, 0xab, 0xae, 0xfa, 0x77, 0x78, 0xf0, 0x4b, 0xbf,
    0xf5, 0x5b, 0x1b, 0xbe, 0xca, 0xf0, 0x60, 0xae, 0xba, 0xea, 0xaa, 0xab, 0xae, 0xfa, 0x2f, 0x21,
    0xb8, 0x55, 0xf0, 0x3e, 0xb7, 0xfe, 0xf5, 0x4f, 0xff, 0x36, 0x57, 0x5d, 0xf5, 0xaf, 0x87, 0xb8,
    0xea, 0xaa, 0x7f, 0x83, 0x07, 0xbf, 0xf4, 0x5b, 0x3f, 0xd8, 0xf0, 0x5d, 0x86, 0xd7, 0xe6, 0xaa,
    0xab, 0xae, 0xba, 0xea, 0xaa, 0xff, 0x16, 0x82, 0xdf, 0x16, 0xbc, 0xcf, 0xad, 0x7f, 0xfd, 0xd3,
    0xb7, 0x72, 0xd5, 0x55, 0x2f, 0x3a, 0xc4, 0x55, 0x57, 0xfd, 0x2b, 0x3c, 0xf8, 0xa5, 0xdf, 0xfa,
    0x78, 0xc2, 0x67, 0x01, 0x1f, 0xcd, 0x55, 0x57, 0x5d, 0x75, 0xd5, 0x55, 0xff, 0x53, 0x7c, 0x75,
    0xc0, 0xe7, 0xdc, 0xfa, 0xd7, 0x3f, 0xbd, 0xcb, 0x55, 0x57, 0xfd, 0xcb, 0x10, 0x57, 0x5d, 0xf5,
    0x22, 0x7a, 0xf0, 0x4b, 0xbf, 0xf5, 0x47, 0x19, 0x3e, 0xdb, 0x70, 0x9c, 0xab, 0xae, 0xba, 0xea,
    0xaa, 0xab, 0xfe, 0x47, 0x11, 0xec, 0x0a, 0x7d, 0xf4, 0xad, 0x7f, 0xfd, 0x53, 0xdf, 0xc3, 0x55,
    0x57, 0xbd, 0x70, 0x88, 0xab, 0xae, 0xfa, 0x17, 0x3c, 0xf8, 0xa5, 0xdf, 0xfa, 0xb5, 0x0d, 0xdf,
    0x65, 0x78, 0x30, 0x57, 0x5d, 0x75, 0xd5, 0x55, 0x57, 0xfd, 0x8f, 0x26, 0xf8, 0x6b, 0xc1, 0xc7,
    0xdc, 0xfa, 0xd7, 0x3f, 0xfd, 0xdb, 0x5c, 0x75, 0xd5, 0xf3, 0x87, 0xb8, 0xea, 0xaa, 0x17, 0xe0,
    0xc1, 0x2f, 0xfd, 0xd6, 0x0f, 0x36, 0x7c, 0x95, 0xe1, 0xad, 0xb9, 0xea, 0xaa, 0xab, 0xae, 0xba,
    0xea, 0x7f, 0x15, 0xc1, 0x4f, 0x0b, 0x3e, 0xe6, 0xd6, 0xbf, 0xfe, 0xe9, 0x5b, 0xb9, 0xea, 0xaa,
    0xe7, 0x84, 0xb8, 0xea, 0xaa, 0xe7, 0xf2, 0xe0, 0x97, 0x7e, 0xeb, 0xe3, 0x09, 0x1f, 0x05, 0x7c,
    0x36, 0x57, 0x5d, 0x75, 0xd5, 0x55, 0x57, 0xfd, 0x6f, 0xf7, 0xd9, 0x01, 0x5f, 0x73, 0xeb, 0x5f,
    0xff, 0xf4, 0x2e, 0x57, 0x5d, 0x75, 0x05, 0xe2, 0xaa, 0xab, 0x1e, 0xe0, 0xc1, 0x2f, 0xfd, 0x36,
    0xef, 0x65, 0xfc, 0xd5, 0x86, 0xe3, 0x5c, 0x75, 0xd5, 0x55, 0x57, 0x5d, 0xf5, 0x7f, 0x82, 0xe0,
    0x56, 0xa1, 0xcf, 0xbe, 0xf5, 0xaf, 0x7f, 0xea, 0x7b, 0xb8, 0xea, 0x2a, 0x40, 0x5c, 0x75, 0x15,
    0xf0, 0xe0, 0x97, 0x7e, 0xeb, 0xd7, 0x36, 0x7c, 0x96, 0xe1, 0xb5, 0xb9, 0xea, 0xaa, 0xab, 0xae,
    0xba, 0xea, 0xff, 0x24, 0xc1, 0x6f, 0x0b, 0x3e, 0xe7, 0xd6, 0xbf, 0xfe, 0xe9, 0xdf, 0xe6, 0xaa,
    0xff, 0xcf, 0x10, 0x57, 0xfd, 0xbf, 0xf6, 0xe0, 0x97, 0x7e, 0xeb, 0x07, 0x27, 0x7c, 0x16, 0xf0,
    0xde, 0x5c, 0x75, 0xd5, 0x55, 0x57, 0x5d, 0xf5, 0xff, 0xc5, 0x77, 0x07, 0x7c, 0xce, 0xad, 0x7f,
    0xfd, 0xd3, 0xb7, 0x72, 0xd5, 0xff, 0x47, 0x88, 0xab, 0xfe, 0xdf, 0xba, 0xe5, 0xa5, 0xdf, 0xfa,
    0xb3, 0x04, 0x1f, 0x6d, 0x38, 0xce, 0x55, 0x57, 0x5d, 0x75, 0xd5, 0x55, 0xff, 0xaf, 0x08, 0x76,
    0x0d, 0x5f, 0x7d, 0xdb, 0x5f, 0xff, 0xf4, 0xe7, 0x70, 0xd5, 0xff, 0x37, 0x88, 0xab, 0xfe, 0xdf,
    0x79, 0xf0, 0x4b, 0xbf, 0xf5, 0x5b, 0x1b, 0xbe, 0xca, 0xf0, 0x60, 0xae, 0xba, 0xea, 0xaa, 0xab,
    0xae, 0xfa, 0x7f, 0x4d, 0x70, 0xab, 0xe0, 0x63, 0x6e, 0xfd, 0xeb, 0x9f, 0xfe, 0x69, 0xae, 0xfa,
    0xff, 0x02, 0x71, 0xd5, 0xff, 0x1b, 0x0f, 0x7e, 0xe9, 0xb7, 0x7e, 0x69, 0xc3, 0x57, 0x19, 0x5e,
    0x9b, 0xab, 0xae, 0xba, 0xea, 0xaa, 0xab, 0xae, 0x7a, 0x00, 0xc1, 0x6f, 0x0b, 0x3e, 0xe6, 0xd6,
    0xbf, 0xfe, 0xe9, 0xbf, 0xe6, 0xaa, 0xff, 0xeb, 0x10, 0x57, 0xfd, 0x9f, 0xf7, 0xe0, 0x97, 0x7e,
    0xeb, 0xe3, 0x09, 0x9f, 0x05, 0x7c, 0x34, 0x57, 0x5d, 0x75, 0xd5, 0x55, 0x57, 0x5d, 0xf5, 0xc2,
    0x7d, 0x77, 0xc0, 0xc7, 0xdc, 0xfa, 0xd7, 0x3f, 0xbd, 0xcb, 0x55, 0xff, 0x57, 0x21, 0xae, 0xfa,
    0x3f, 0xed, 0xc1, 0x2f, 0xfd, 0xd6, 0x1f, 0x65, 0xf8, 0x6c, 0xc3, 0x71, 0xae, 0xba, 0xea, 0xaa,
    0xab, 0xae, 0xba, 0xea, 0x45, 0x20, 0xd8, 0x15, 0x7c, 0xf6, 0xad, 0x7f, 0xfd, 0xd3, 0x5f, 0xc3,
    0x55, 0xff, 0x17, 0x21, 0xae, 0xfa, 0x3f, 0xe9, 0xc1, 0x2f, 0xfd, 0xd6, 0xaf, 0x6d, 0xf8, 0x2e,
    0xc3, 0x83, 0xb9, 0xea, 0xaa, 0xab, 0xae, 0xba, 0xea, 0xaa, 0x7f, 0x03, 0xc1, 0xad, 0x82, 0xf7,
    0xb9, 0xf5, 0xaf, 0x7f, 0xfa, 0xb7, 0xb9, 0xea, 0xff, 0x12, 0xc4, 0x55, 0xff, 0xa7, 0x3c, 0xf8,
    0xa5, 0xdf, 0xfa, 0xc1, 0x86, 0xaf, 0x32, 0xbc, 0x35, 0x57, 0x5d, 0x75, 0xd5, 0x55, 0x57, 0x5d,
    0xf5, 0x1f, 0x40, 0xf0, 0xdb, 0x82, 0xf7, 0xb9, 0xf5, 0xaf, 0x7f, 0xfa, 0x56, 0xae, 0xfa, 0xbf,
    0x00, 0x71, 0xd5, 0xff, 0x09, 0x0f, 0x7e, 0xe9, 0xb7, 0x3e, 0x9e, 0xf0, 0x51, 0xc0, 0x67, 0x73,
    0xd5, 0x55, 0x57, 0x5d, 0x75, 0xd5, 0x55, 0xff, 0x39, 0xbe, 0x3a, 0xe0, 0x73, 0x6e, 0xfd, 0xeb,
    0x9f, 0xde, 0xe5, 0xaa, 0xff, 0xcd, 0x10, 0x57, 0xfd, 0xaf, 0xf7, 0xe0, 0x97, 0x7e, 0x9b, 0xf7,
    0x32, 0xfe, 0x6a, 0xc3, 0x71, 0xae, 0xba, 0xea, 0xaa, 0xab, 0xae, 0xba, 0xea, 0x3f, 0x91, 0x60,
    0x57, 0xe8, 0xa3, 0x6f, 0xfd, 0xeb, 0x9f, 0xfa, 0x1e, 0xae, 0xfa, 0xdf, 0x0a, 0x71, 0xd5, 0xff,
    0x5a, 0x0f, 0x7e, 0xe9, 0xb7, 0x7e, 0x69, 0xc3, 0x57, 0x19, 0x5e, 0x9b, 0xab, 0xae, 0xba, 0xea,
    0xaa, 0xab, 0xae, 0xfa, 0x2f, 0x24, 0xf8, 0x6b, 0xc1, 0xfb, 0xdc, 0xfa, 0xd7, 0x3f, 0xfd, 0xd7,
    0x5c, 0xf5, 0xbf, 0x0d, 0xe2, 0xaa, 0xff, 0x75, 0x1e, 0xfc, 0xd2, 0x6f, 0x7d, 0x3c, 0xe1, 0xb3,
    0x80, 0x8f, 0xe6, 0xaa, 0xab, 0xae, 0xba, 0xea, 0xaa, 0xab, 0xfe, 0x7b, 0x7d, 0x75, 0xc0, 0xe7,
    0xdc, 0xfa, 0xd7, 0x3f, 0xbd, 0xcb, 0x55, 0xff, 0x5b, 0x20, 0xae, 0xfa, 0x5f, 0xe5, 0xc1, 0x2f,
    0xfd, 0xd6, 0x6f, 0x6d, 0xf8, 0x2a, 0xc3, 0x83, 0xb9, 0xea, 0xaa, 0xab, 0xae, 0xba, 0xea, 0xaa,
    0xff, 0x01, 0x04, 0xb7, 0x0a, 0xde, 0xe7, 0xd6, 0xbf, 0xfe, 0xe9, 0xdf, 0xe6, 0xaa, 0xff, 0x0d,
    0x10, 0x57, 0xfd, 0xaf, 0x71, 0xcb, 0x4b, 0xbf, 0xf5, 0x57, 0x01, 0x1f, 0xcd, 0x55, 0x57, 0x5d,
    0x75, 0xd5, 0x55, 0x57, 0xfd, 0xcf, 0xf4, 0xd5, 0xb7, 0xfd, 0xf5, 0x4f, 0x7f, 0x0c, 0x57, 0xfd,
    0x4f, 0x87, 0xb8, 0xea, 0x7f, 0xbc, 0x07, 0xbf, 0xf4, 0x5b, 0xbf, 0xb4, 0xe1, 0xbb, 0x0c, 0x2f,
    0xcd, 0x55, 0x57, 0x5d, 0x75, 0xd5, 0x55, 0x57, 0xfd, 0x0f, 0x26, 0xf8, 0x6b, 0xc1, 0xfb, 0xdc,
    0xfa, 0xd7, 0x3f, 0xfd, 0xd7, 0x5c, 0xf5, 0x3f, 0x15, 0xe2, 0xaa, 0xff, 0xd1, 0x1e, 0xfc, 0xd2,
    0x6f, 0xfd, 0xde, 0x86, 0xaf, 0x32, 0x1c, 0xe7, 0xaa, 0xab, 0xae, 0xba, 0xea, 0xaa, 0xab, 0xfe,
    0x17, 0x10, 0xec, 0x0a, 0xde, 0xe6, 0xd6, 0xbf, 0xfe, 0xe9, 0xdf, 0xe6, 0xaa, 0xff, 0x89, 0x10,
    0x57, 0xfd, 0x8f, 0x75, 0xcb, 0x4b, 0xbf, 0xf5, 0x67, 0x01, 0x9f, 0xcd, 0x55, 0x57, 0x5d, 0x75,
    0xd5, 0x55, 0x57, 0xfd, 0x2f, 0x14, 0xf0, 0xd1, 0xb7, 0xfe, 0xf5, 0x4f, 0x7f, 0x0d, 0x57, 0xfd,
    0x4f, 0x83, 0xb8, 0xea, 0x7f, 0xa4, 0x5b, 0x5e, 0xfa, 0xad, 0xbf, 0x0b, 0x78, 0x6f, 0xae, 0xba,
    0xea, 0xaa, 0xab, 0xae, 0xba, 0xea, 0x7f, 0xb7, 0xef, 0xbe, 0xed, 0xaf, 0x7f, 0xfa, 0x7d, 0xb8,
    0xea, 0x7f, 0x12, 0xc4, 0x55, 0xff, 0xa3, 0x3c, 0xf8, 0xa5, 0xdf, 0xfa, 0xb8, 0xe1, 0xb7, 0x0c,
    0x2f, 0xcd, 0x55, 0x57, 0x5d, 0x75, 0xd5, 0x55, 0x57, 0xfd, 0xdf, 0xf0, 0xdd, 0xb7, 0xfd, 0xf5,
    0x4f, 0xbf, 0x0f, 0x57, 0xfd, 0x4f, 0x81, 0xb8, 0xea, 0x7f, 0x8c, 0x07, 0xbf, 0xf4, 0x5b, 0x1f,
    0x37, 0xfc, 0x96, 0xe1, 0xa5, 0xb9, 0xea, 0xaa, 0xab, 0xae, 0xba, 0xea, 0xaa, 0xff, 0x43, 0x04,
    0x3f, 0x2d, 0x78, 0x9f, 0x5b, 0xff, 0xfa, 0xa7, 0x77, 0xb9, 0xea, 0xbf, 0x1b, 0xe2, 0xaa, 0xff,
    0x11, 0x1e, 0xfc, 0xd2, 0x6f, 0x7d, 0xdc, 0xf0, 0x5b, 0x86, 0x97, 0xe6, 0xaa, 0xab, 0xae, 0xba,
    0xea, 0xaa, 0xab, 0xfe, 0x0f, 0x12, 0xfc, 0xf5, 0x33, 0xfe, 0xfa, 0xa7, 0x5f, 0x86, 0xab, 0xfe,
    0xbb, 0x21, 0xae, 0xfa, 0x6f, 0xf7, 0xe0, 0x97, 0x7e, 0xeb, 0xe3, 0x86, 0xdf, 0x32, 0xbc, 0x34,
    0x57, 0x5d, 0x75, 0xd5, 0x55, 0x57, 0x5d, 0xf5, 0x7f, 0xdb, 0x77, 0xdf, 0xf6, 0xd7, 0x3f, 0xfd,
    0x3e, 0x5c, 0xf5, 0xdf, 0x09, 0x71, 0xd5, 0x7f, 0xab, 0x07, 0xbf, 0xf4, 0x5b, 0x1f, 0x37, 0xfc,
    0x96, 0xe1, 0xa5, 0xb9, 0xea, 0xaa, 0xab, 0xae, 0xba, 0xea, 0xaa, 0xff, 0x1f, 0xbe, 0xfb, 0xb6,
    0xbf, 0xfe, 0xe9, 0xf7, 0xe1, 0xaa, 0xff, 0x2e, 0x88, 0xab, 0xfe, 0x5b, 0xdd, 0xf2, 0xd2, 0x6f,
    0xfd, 0x5d, 0xc0, 0x7b, 0x73, 0xd5, 0x55, 0x57, 0x5d, 0x75, 0xd5, 0x55, 0xff, 0xbf, 0x7c, 0xcd,
    0x6d, 0x7f, 0xfd, 0xd3, 0x1f, 0xcd, 0x55, 0xff, 0x1d, 0x10, 0x57, 0xfd, 0xb7, 0xb9, 0xe5, 0xa5,
    0xdf, 0xfa, 0xab, 0x81, 0x8f, 0xe2, 0xaa, 0xab, 0xae, 0xba, 0xea, 0xaa, 0xab, 0xfe, 0x1f, 0x0a,
    0x78, 0x9f, 0x5b, 0xff, 0xfa, 0xa7, 0xbf, 0x9b, 0xab, 0xfe, 0xab, 0x21, 0xae, 0xfa, 0x6f, 0xf1,
    0xe0, 0x97, 0x7e, 0xeb, 0xf7, 0x4e, 0xf8, 0x2e, 0xae, 0xba, 0xea, 0xaa, 0xab, 0xae, 0xba, 0xea,
    0xff, 0xb1, 0x80, 0x97, 0xb9, 0xf5, 0xaf, 0x7f, 0xfa, 0xaf, 0xb9, 0xea, 0xbf, 0x12, 0xe2, 0xaa,
    0xff, 0x72, 0x0f, 0x7e, 0xe9, 0xb7, 0x7e, 0x69, 0xc3, 0x6f, 0x19, 0x8e, 0x73, 0xd5, 0x55, 0x57,
    0x5d, 0x75, 0xd5, 0x55, 0xff, 0x8f, 0x09, 0x76, 0x05, 0x0f, 0xb9, 0xf5, 0xaf, 0x7f, 0x7a, 0x97,
    0xab, 0xfe, 0xab, 0x20, 0xae, 0xfa, 0x2f, 0xf5, 0xe0, 0x97, 0x7e, 0xeb, 0xe3, 0x86, 0xbf, 0x32,
    0x3c, 0x98, 0xab, 0xae, 0xba, 0xea, 0xaa, 0xab, 0xae, 0xba, 0x0a, 0xc1, 0x6f, 0x3f, 0xe3, 0xaf,
    0x7f, 0xfa, 0x75, 0xb8, 0xea, 0xbf, 0x0a, 0xe2, 0xaa, 0xff, 0x52, 0xb7, 0xbc, 0xf4, 0x5b, 0x7f,
    0x17, 0xf0, 0xde, 0x5c, 0x75, 0xd5, 0x55, 0x57, 0x5d, 0x75, 0xd5, 0x55, 0xcf, 0x12, 0xf0, 0x31,
    0xb7, 0xfe, 0xf5, 0x4f, 0x7f, 0x35, 0x57, 0xfd, 0x57, 0x40, 0x5c, 0xf5, 0x5f, 0xe6, 0xc1, 0x2f,
    0xfd, 0xd6, 0x6f, 0x9d, 0xf0, 0x53, 0x5c, 0x75, 0xd5, 0x55, 0x57, 0x5d, 0x75, 0xd5, 0x55, 0xcf,
    0x23, 0xe0, 0x65, 0x6e, 0xfd, 0xeb, 0x9f, 0xfe, 0x6b, 0xae, 0xfa, 0xcf, 0x86, 0xb8, 0xea, 0xbf,
    0xc4, 0x83, 0x5f, 0xfa, 0xad, 0x8f, 0x1b, 0x9e, 0x6e, 0x38, 0xce, 0x55, 0x57, 0x5d, 0x75, 0xd5,
    0x55, 0x57, 0x5d, 0xf5, 0x3c, 0x04, 0x7f, 0xfd, 0x8c, 0xbf, 0xfe, 0xe9, 0x97, 0xe1, 0xaa, 0xff,
    0x6c, 0x88, 0xab, 0xfe, 0x4b, 0xdc, 0xf2, 0xd2, 0x6f, 0xfd, 0xdd, 0xc0, 0x7b, 0x71, 0xd5, 0x55,
    0x57, 0x5d, 0x75, 0xd5, 0x55, 0x57, 0xbd, 0x40, 0x01, 0x1f, 0x73, 0xeb, 0x5f, 0xff, 0xf4, 0x57,
    0x73, 0xd5, 0x7f, 0x26, 0xc4, 0x55, 0xff, 0xe9, 0x1e, 0xfc, 0xd2, 0x6f, 0xfd, 0xda, 0x09, 0xbf,
    0xc5, 0x55, 0x57, 0x5d, 0x75, 0xd5, 0x55, 0x57, 0x5d, 0xf5, 0x42, 0x09, 0x76, 0x05, 0x0f, 0xb9,
    0xf5, 0xaf, 0x7f, 0x7a, 0x97, 0xab, 0xfe, 0xb3, 0x20, 0xae, 0xfa, 0x4f, 0xf7, 0xa0, 0x97, 0x7e,
    0xeb, 0xa7, 0x1b, 0x1e, 0xcc, 0x55, 0x57, 0x5d, 0x75, 0xd5, 0x55, 0x57, 0x5d, 0xf5, 0xa2, 0xf8,
    0x9e, 0xdb, 0xfe, 0xfa, 0xa7, 0xdf, 0x9b, 0xab, 0xfe, 0xb3, 0x20, 0xae, 0xfa, 0x4f, 0xf5, 0xe0,
    0x97, 0x7e, 0xeb, 0xf7, 0x4e, 0xf8, 0x2e, 0xae, 0xba, 0xea, 0xaa, 0xab, 0xae, 0xba, 0xea, 0xaa,
    0x17, 0x59, 0xc0, 0xeb, 0xdc, 0xfa, 0xd7, 0x3f, 0xfd, 0xdb, 0x5c, 0xf5, 0x9f, 0x01, 0x71, 0xd5,
    0x7f, 0x9a, 0x07, 0xbf, 0xf4, 0x5b, 0x1f, 0x37, 0x3c, 0xdd, 0x70, 0x9c, 0xab, 0xae, 0xba, 0xea,
    0xaa, 0xab, 0xae, 0xba, 0xea, 0x45, 0x26, 0xf8, 0xed, 0x67, 0xfc, 0xf5, 0x4f, 0xbf, 0x0e, 0x57,
    0xfd, 0x67, 0x40, 0x5c, 0xf5, 0x9f, 0xe6, 0x96, 0x97, 0x7e, 0xeb, 0xcf, 0x06, 0x3e, 0x8b, 0xab,
    0xae, 0xba, 0xea, 0xaa, 0xab, 0xae, 0xba, 0xea, 0x5f, 0x2d, 0xe0, 0x75, 0x6e, 0xfd, 0xeb, 0x9f,
    0xfe, 0x6d, 0xae, 0xfa, 0x8f, 0x86, 0xb8, 0xea, 0x3f, 0xc5, 0x83, 0x5f, 0xfa, 0xad, 0x8f, 0x1b,
    0x9e, 0x6e, 0x38, 0xce, 0x55, 0x57, 0x5d, 0x75, 0xd5, 0x55, 0x57, 0x5d, 0xf5, 0xaf, 0x26, 0xf8,
    0xed, 0x67, 0xfc, 0xf5, 0x4f, 0xbf, 0x0e, 0x57, 0xfd, 0x47, 0x43, 0x5c, 0xf5, 0x9f, 0xe2, 0x96,
    0x97, 0x7e, 0xeb, 0xcf, 0x06, 0x3e, 0x8b, 0xab, 0xae, 0xba, 0xea, 0xaa, 0xab, 0xae, 0xba, 0xea,
    0xdf, 0x2c, 0xe0, 0x75, 0x6e, 0xfd, 0xeb, 0x9f, 0xfe, 0x6d, 0xae, 0xfa, 0x8f, 0x84, 0xb8, 0xea,
    0x3f, 0xc5, 0x83, 0x5e, 0xfa, 0xad, 0x9f, 0x6e, 0x78, 0x30, 0x57, 0x5d, 0x75, 0xd5, 0x55, 0x57,
    0x5d, 0x75, 0xd5, 0xbf, 0xc7, 0xf7, 0xdc, 0xf6, 0xd7, 0x3f, 0xfd, 0xde, 0x5c, 0xf5, 0x1f, 0x09,
    0x71, 0xd5, 0x7f, 0xb8, 0x07, 0xbf, 0xf4, 0x5b, 0xbf, 0x77, 0xc2, 0x77, 0x71, 0xd5, 0x55, 0x57,
    0x5d, 0x75, 0xd5, 0x55, 0x57, 0xfd, 0xbb, 0x05, 0x3c, 0xe4, 0xd6, 0xbf, 0xfe, 0xe9, 0x5b, 0xb9,
    0xea, 0x3f, 0x0a, 0xe2, 0xaa, 0xff, 0x70, 0x0f, 0x7a, 0xe9, 0xb7, 0xfe, 0x2b, 0xc3, 0x4b, 0x73,
    0xd5, 0x55, 0x57, 0x5d, 0x75, 0xd5, 0x55, 0x57, 0xfd, 0x47, 0xf8, 0x9a, 0xdb, 0xfe, 0xfa, 0xa7,
    0x3f, 0x9a, 0xab, 0xfe, 0xa3, 0x20, 0xae, 0xfa, 0x0f, 0xf5, 0xe0, 0x97, 0x7e, 0xeb, 0x07, 0x27,
    0x3c, 0x9d, 0xab, 0xae, 0xba, 0xea, 0xaa, 0xab, 0xae, 0xba, 0xea, 0x3f, 0x84, 0xe0, 0xd6, 0x67,
    0xfc, 0xf5, 0x4f, 0x3f, 0x84, 0xab, 0xfe, 0xa3, 0x20, 0xae, 0xfa, 0x0f, 0x75, 0xcb, 0x4b, 0xbf,
    0xf5, 0x57, 0x03, 0x1f, 0xc5, 0x55, 0x57, 0x5d, 0x75, 0xd5, 0x55, 0x57, 0x5d, 0xf5, 0x1f, 0x26,
    0xe0, 0x6d, 0x6e, 0xfd, 0xeb, 0x9f, 0xfe, 0x69, 0xae, 0xfa, 0x8f, 0x80, 0xb8, 0xea, 0x3f, 0xd4,
    0x83, 0x5e, 0xfa, 0xad, 0x9f, 0x6e, 0x78, 0x30, 0x57, 0x5d, 0x75, 0xd5, 0x55, 0x57, 0x5d, 0x75,
    0xd5, 0x7f, 0xa4, 0xef, 0xb9, 0xed, 0xaf, 0x7f, 0xfa, 0xbd, 0xb9, 0xea, 0x3f, 0x02, 0xe2, 0xaa,
    0xff, 0x30, 0x0f, 0x7e, 0xe9, 0xb7, 0x7e, 0xed, 0x84, 0xdf, 0xe2, 0xaa, 0xab, 0xae, 0xba, 0xea,
    0xaa, 0xab, 0xae, 0xfa, 0x0f, 0x77, 0xdb, 0x5f, 0xff, 0xb4, 0xb8, 0xea, 0x3f, 0x02, 0xe2, 0xaa,
    0xff, 0x30, 0xb7, 0xbc, 0xf4, 0x5b, 0x7f, 0x35, 0xf0, 0x51, 0x5c, 0x75, 0xd5, 0x55, 0x57, 0x5d,
    0x75, 0xd5, 0x55, 0xff, 0xe1, 0x02, 0xde, 0xe6, 0xd6, 0xbf, 0xfe, 0xe9, 0x9f, 0xe6, 0xaa, 0x7f,
    0x2f, 0xc4, 0x55, 0xff, 0x61, 0x1e, 0xf4, 0xd2, 0x6f, 0xfd, 0x74, 0xc3, 0x83, 0xb9, 0xea, 0xaa,
    0xab, 0xae, 0xba, 0xea, 0xaa, 0xab, 0xfe, 0x33, 0x7c, 0xcf, 0x6d, 0x7f, 0xfd, 0xd3, 0xef, 0xcd,
    0x55, 0xff, 0x5e, 0x88, 0xab, 0xfe, 0x43, 0x3c, 0xf8, 0xa5, 0xdf, 0xfa, 0xa5, 0x13, 0xfe, 0x8a,
    0xab, 0xae, 0xba, 0xea, 0xaa, 0xab, 0xae, 0xba, 0xea, 0x3f, 0x85, 0xe0, 0xd6, 0x67, 0xfc, 0xf5,
    0x4f, 0x3f, 0x84, 0xab, 0xfe, 0xbd, 0x10, 0x57, 0xfd, 0x87, 0x78, 0xf0, 0x4b, 0xbf, 0xf5, 0x47,
    0x27, 0x7c, 0x15, 0x57, 0x5d, 0x75, 0xd5, 0x55, 0x57, 0x5d, 0x75, 0xd5, 0x7f, 0x9a, 0x80, 0x97,
    0xb9, 0xf5, 0xaf, 0x7f, 0xfa, 0xaf, 0xb9, 0xea, 0xdf, 0x03, 0x71, 0xd5, 0x7f, 0x88, 0x5b, 0x5e,
    0xfa, 0xad, 0x7f, 0x1a, 0x78, 0x2b, 0xae, 0xba, 0xea, 0xaa, 0xab, 0xae, 0xba, 0xea, 0xaa, 0xff,
    0x34, 0x01, 0xef, 0x73, 0xeb, 0x5f, 0xff, 0xf4, 0x77, 0x73, 0xd5, 0xbf, 0x07, 0xe2, 0xaa, 0xff,
    0x10, 0x0f, 0x7a, 0xe9, 0xb7, 0x7e, 0xba, 0xe1, 0xc1, 0x5c, 0x75, 0xd5, 0x55, 0x57, 0x5d, 0x75,
    0xd5, 0x55, 0xff, 0x99, 0xbe, 0xe7, 0xb6, 0xbf, 0xfe, 0xe9, 0xf7, 0xe6, 0xaa, 0x7f, 0x0f, 0xc4,
    0x55, 0xff, 0x6e, 0x0f, 0x7e, 0xe9, 0xb7, 0x7e, 0x70, 0xc2, 0xd3, 0xb9, 0xea, 0xaa, 0xab, 0xae,
    0xba, 0xea, 0xaa, 0xab, 0xfe, 0x53, 0x09, 0x6e, 0x7d, 0xc6, 0x5f, 0xff, 0xf4, 0x43, 0xb8, 0xea,
    0xdf, 0x03, 0x71, 0xd5, 0xbf, 0xdb, 0x83, 0x5f, 0xfa, 0xad, 0xdf, 0x3a, 0xe1, 0xa7, 0xb8, 0xea,
    0xaa, 0xab, 0xae, 0xba, 0xea, 0xaa, 0xab, 0xfe, 0xd3, 0xdd, 0xf6, 0xd7, 0x3f, 0x2d, 0xae, 0xfa,
    0xf7, 0x40, 0x5c, 0xf5, 0xef, 0x76, 0xcb, 0x4b, 0xbf, 0xf5, 0x67, 0x03, 0x9f, 0xc5, 0x55, 0x57,
    0x5d, 0x75, 0xd5, 0x55, 0x57, 0x5d, 0xf5, 0x9f, 0x2e, 0xe0, 0x75, 0x6e, 0xfd, 0xeb, 0x9f, 0xfe,
    0x6d, 0xae, 0xfa, 0xb7, 0x42, 0x5c, 0xf5, 0xef, 0x76, 0xcb, 0x4b, 0xbf, 0xf5, 0x4f, 0x03, 0x6f,
    0xc5, 0x55, 0x57, 0x5d, 0x75, 0xd5, 0x55, 0x57, 0x5d, 0xf5, 0x9f, 0x2e, 0xe0, 0x7d, 0x6e, 0xfd,
    0xeb, 0x9f, 0xfe, 0x6e, 0xae, 0xfa, 0xb7, 0x42, 0x5c, 0xf5, 0xef, 0xf6, 0xa0, 0x97, 0x7e, 0xeb,
    0xbf, 0x32, 0xbc, 0x34, 0x57, 0x5d, 0x75, 0xd5, 0x55, 0x57, 0x5d, 0x75, 0xd5, 0x7f, 0x85, 0xcf,
    0xb9, 0xed, 0xaf, 0x7f, 0xfa, 0xb3, 0xb9, 0xea, 0xdf, 0x0a, 0x71, 0xd5, 0xbf, 0xdb, 0x2d, 0x2f,
    0xfd, 0xd6, 0xe6, 0xaa, 0xab, 0xae, 0xba, 0xea, 0xaa, 0xab, 0xae, 0xfa, 0x2f, 0x21, 0xf8, 0x9d,
    0x67, 0xfc, 0xf5, 0x4f, 0xbf, 0x36, 0x57, 0xfd, 0x5b, 0x21, 0xae, 0xfa, 0x77, 0xbb, 0xe5, 0xa5,
    0xdf, 0xda, 0x5c, 0x75, 0xd5, 0x55, 0x57, 0x5d, 0x75, 0xd5, 0x55, 0xff, 0x25, 0x04, 0xbf, 0xf3,
    0x8c, 0xbf, 0xfe, 0xe9, 0xd7, 0xe6, 0xaa, 0x7f, 0x2b, 0xc4, 0x55, 0xff, 0x2e, 0x0f, 0x7e, 0xe9,
    0xb7, 0x7e, 0xed, 0x84, 0xdf, 0xe2, 0xaa, 0xab, 0xae, 0xba, 0xea, 0xaa, 0xab, 0xae, 0xfa, 0x2f,
    0x21, 0xb8, 0xf5, 0x19, 0x7f, 0xfd, 0xd3, 0x0f, 0xe1, 0xaa, 0x7f, 0x2b, 0xc4, 0x55, 0xff, 0x2e,
    0x0f, 0x7e, 0xe9, 0xb7, 0x7e, 0xed, 0x84, 0xdf, 0xe2, 0xaa, 0xab, 0xae, 0xba, 0xea, 0xaa, 0xab,
    0xae, 0xfa, 0x2f, 0x73, 0xdb, 0x5f, 0xff, 0xb4, 0xb8, 0xea, 0xdf, 0x0a, 0x71, 0xd5, 0xbf, 0xcb,
    0x83, 0x5f, 0xfa, 0xad, 0xdf, 0x3a, 0xe1, 0xa7, 0xb8, 0xea, 0xaa, 0xab, 0xae, 0xba, 0xea, 0xaa,
    0xab, 0xfe, 0xcb, 0xdc, 0xf6, 0xd7, 0x3f, 0x2d, 0xae, 0xfa, 0xb7, 0x42, 0x5c, 0xf5, 0xef, 0x72,
    0xcb, 0x4b, 0xbf, 0xf5, 0x67, 0x03, 0x9f, 0xc5, 0x55, 0x57, 0x5d, 0x75, 0xd5, 0x55, 0x57, 0x5d,
    0xf5, 0x5f, 0xe6, 0xb6, 0xbf, 0xfe, 0x69, 0x71, 0xd5, 0xbf, 0x15, 0xe2, 0xaa, 0x7f, 0x97, 0x5b,
    0x5e, 0xfa, 0xad, 0x3f, 0x1b, 0xf8, 0x2c, 0xae, 0xba, 0xea, 0xaa, 0xab, 0xae, 0xba, 0xea, 0xaa,
    0xff, 0x32, 0x01, 0x2f, 0x73, 0xeb, 0x5f, 0xff, 0xf4, 0x5f, 0x73, 0xd5, 0xbf, 0x05, 0xe2, 0xaa,
    0x7f, 0x97, 0x5b, 0x5e, 0xfa, 0xad, 0x3f, 0x1b, 0xf8, 0x2c, 0xae, 0xba, 0xea, 0xaa, 0xab, 0xae,
    0xba, 0xea, 0xaa, 0xff, 0x32, 0x01, 0xaf, 0x73, 0xeb, 0x5f, 0xff, 0xf4, 0x6f, 0x73, 0xd5, 0xbf,
    0x05, 0xe2, 0xaa, 0x7f, 0x97, 0x5b, 0x5e, 0xfa, 0xad, 0x3f, 0x1b, 0xf8, 0x2c, 0xae, 0xba, 0xea,
    0xaa, 0xab, 0xae, 0xba, 0xea, 0xaa, 0xff, 0x32, 0x01, 0xaf, 0x73, 0xeb, 0x5f, 0xff, 0xf4, 0x6f,
    0x73, 0xd5, 0xbf, 0x05, 0xe2, 0xaa, 0x7f, 0x97, 0x5b, 0x5e, 0xfa, 0xad, 0x3f, 0x1b, 0xf8, 0x2c,
    0xae, 0xba, 0xea, 0xaa, 0xab, 0xae, 0xba, 0xea, 0xaa, 0xff, 0x32, 0x01, 0xaf, 0x73, 0xeb, 0x5f,
    0xff, 0xf4, 0x6f, 0x73, 0xd5, 0xbf, 0x05, 0xe2, 0xaa, 0x7f, 0x97, 0x5b, 0x5e, 0xfa, 0xad, 0x3f,
    0x1b, 0xf8, 0x2c, 0xae, 0xba, 0xea, 0xaa, 0xab, 0xae, 0xba, 0xea, 0xaa, 0xff, 0x32, 0x01, 0xaf,
    0x73, 0xeb, 0x5f, 0xff, 0xf4, 0x6f, 0x73, 0xd5, 0xbf, 0x05, 0xe2, 0xaa, 0x7f, 0x97, 0x5b, 0x5e,
    0xfa, 0xad, 0x3f, 0x1b, 0xf8, 0x2c, 0xae, 0xba, 0xea, 0xaa, 0xab, 0xae, 0xba, 0xea, 0xaa, 0xff,
    0x32, 0x01, 0xaf, 0x73, 0xeb, 0x5f, 0xff, 0xf4, 0x6f, 0x73, 0xd5, 0xbf, 0x05, 0xe2, 0xaa, 0x7f,
    0x97, 0x5b, 0x5e, 0xfa, 0xad, 0x3f, 0x1b, 0xf8, 0x2c, 0xae, 0xba, 0xea, 0xaa, 0xab, 0xae, 0xba,
    0xea, 0xaa, 0xff, 0x32, 0x01, 0xaf, 0x73, 0xeb, 0x5f, 0xff, 0xf4, 0x6f, 0x73, 0xd5, 0xbf, 0x05,
    0xe2, 0xaa, 0x7f, 0x97, 0x5b, 0x5e, 0xfa, 0xad, 0x3f, 0x1b, 0xf8, 0x2c, 0xae, 0xba, 0xea, 0xaa,
    0xab, 0xae, 0xba, 0xea, 0xaa, 0xff, 0x32, 0x01, 0xaf, 0x73, 0xeb, 0x5f, 0xff, 0xf4, 0x6f, 0x73,
    0xd5, 0xbf, 0x05, 0xe2, 0xaa, 0x7f, 0x97, 0x5b, 0x5e, 0xfa, 0xad, 0x3f, 0x1b, 0xf8, 0x2c, 0xae,
    0xba, 0xea, 0xaa, 0xab, 0xae, 0xba, 0xea, 0xaa, 0xff, 0x32, 0x01, 0xaf, 0x73, 0xeb, 0x5f, 0xff,
    0xf4, 0x6f, 0x73, 0xd5, 0xbf, 0x05, 0xe2, 0xaa, 0x7f, 0x97, 0x5b, 0x5e, 0xfa, 0xad, 0x3f, 0x1b,
    0xf8, 0x2c, 0xae, 0xba, 0xea, 0xaa, 0xab, 0xae, 0xba, 0xea, 0xaa, 0xff, 0x32, 0x01, 0xaf, 0x73,
    0xeb, 0x5f, 0xff, 0xf4, 0x6f, 0x73, 0xd5, 0xbf, 0x05, 0xe2, 0xaa, 0x7f, 0x97, 0x5b, 0x5e, 0xfa,
    0xad, 0x3f, 0x1b, 0xf8, 0x2c, 0xae, 0xba, 0xea, 0xaa, 0xab, 0xae, 0xba, 0xea, 0xaa, 0xff, 0x32,
    0x01, 0xaf, 0x73, 0xeb, 0x5f, 0xff, 0xf4, 0x6f, 0x73, 0xd5, 0xbf, 0x05, 0xe2, 0xaa, 0x7f, 0x97,
    0x5b, 0x5e, 0xfa, 0xad, 0x3f, 0x1b, 0xf8, 0x2c, 0xae, 0xba, 0xea, 0xaa, 0xab, 0xae, 0xba, 0xea,
    0xaa, 0xff, 0x32, 0x01, 0xaf, 0x73, 0xeb, 0x5f, 0xff, 0xf4, 0x6f, 0x73, 0xd5, 0xbf, 0x05, 0xe2,
    0xaa, 0x7f, 0x97, 0x5b, 0x5e, 0xfa, 0xad, 0x3f, 0x1b, 0xf8, 0x2c, 0xae, 0xba, 0xea, 0xaa, 0xab,
    0xae, 0xba, 0xea, 0xaa, 0xff, 0x32, 0x01, 0xaf, 0x73, 0xeb, 0x5f, 0xff, 0xf4, 0x6f, 0x73, 0xd5,
    0xbf, 0x05, 0xe2, 0xaa, 0x7f, 0x97, 0x5b, 0x5e, 0xfa, 0xad, 0x3f, 0x1b, 0xf8, 0x2c, 0xae, 0xba,
    0xea, 0xaa, 0xab, 0xae, 0xba, 0xea, 0xaa, 0xff, 0x32, 0x01, 0xaf, 0x73, 0xeb, 0x5f, 0xff, 0xf4,
    0x6f, 0x73, 0xd5, 0xbf, 0x05, 0xe2, 0xaa, 0x7f, 0x97, 0x5b, 0x5e, 0xfa, 0xad, 0x3f, 0x1b, 0xf8,
    0x2c, 0xae, 0xba, 0xea, 0xaa, 0xab, 0xae, 0xba, 0xea, 0xaa, 0xff, 0x32, 0x01, 0xaf, 0x73, 0xeb,
    0x5f, 0xff, 0xf4, 0x6f, 0x73, 0xd5, 0xbf, 0x05, 0xe2, 0xaa, 0x7f, 0x97, 0x5b, 0x5e, 0xfa, 0xad,
    0x3f, 0x1b, 0xf8, 0x2c, 0xae, 0xba, 0xea, 0xaa, 0xab, 0xae, 0xba, 0xea, 0xaa, 0xff, 0x32, 0x01,
    0xaf, 0x73, 0xeb, 0x5f, 0xff, 0xf4, 0x6f, 0x73, 0xd5, 0xbf, 0x05, 0xe2, 0xaa, 0x7f, 0x97, 0x5b,
    0x5e, 0xfa, 0xad, 0x3f, 0x1b, 0xf8, 0x2c, 0xae, 0xba, 0xea, 0xaa, 0xab, 0xae, 0xba, 0xea, 0xaa,
    0xff, 0x32, 0x01, 0xaf, 0x73, 0xeb, 0x5f, 0xff, 0xf4, 0x6f, 0x73, 0xd5, 0xbf, 0x05, 0xe2, 0xaa,
    0x7f, 0x97, 0x5b, 0x5e, 0xfa, 0xad, 0x3f, 0x1b, 0xf8, 0x2c, 0xae, 0xba, 0xea, 0xaa, 0xab, 0xae,
    0xba, 0xea, 0xaa, 0xff, 0x32, 0x01, 0xaf, 0x73, 0xeb, 0x5f, 0xff, 0xf4, 0x6f, 0x73, 0xd5, 0xbf,
    0x05, 0xe2, 0xaa, 0x7f, 0x97, 0x5b, 0x5e, 0xfa, 0xad, 0x3f, 0x1b, 0xf8, 0x2c, 0xae, 0xba, 0xea,
    0xaa, 0xab, 0xae, 0xba, 0xea, 0xaa, 0xff, 0x32, 0x01, 0xaf, 0x73, 0xeb, 0x5f, 0xff, 0xf4, 0x6f,
    0x73, 0xd5, 0xbf, 0x05, 0xe2, 0xaa, 0x7f, 0x97, 0x5b, 0x5e, 0xfa, 0xad, 0x3f, 0x1b, 0xf8, 0x2c,
    0xae, 0xba, 0xea, 0xaa, 0xab, 0xae, 0xba, 0xea, 0xaa, 0xff, 0x32, 0x01, 0xaf, 0x73, 0xeb, 0x5f,
    0xff, 0xf4, 0x6f, 0x73, 0xd5, 0xbf, 0x05, 0xe2, 0xaa, 0x7f, 0x97, 0x5b, 0x5e, 0xfa, 0xad, 0x3f,
    0x1b, 0xf8, 0x2c, 0xae, 0xba, 0xea, 0xaa, 0xab, 0xae, 0xba, 0xea, 0xaa, 0xff, 0x32, 0x01, 0xaf,
    0x73, 0xeb, 0x5f, 0xff, 0xf4, 0x6f, 0x73, 0xd5, 0xbf, 0x05, 0xe2, 0xaa, 0x7f, 0x97, 0x5b, 0x5e,
    0xfa, 0xad, 0x3f, 0x1b, 0xf8, 0x2c, 0xae, 0xba, 0xea, 0xaa, 0xab, 0xae, 0xba, 0xea, 0xaa, 0xff,
    0x32, 0x01, 0xaf, 0x73, 0xeb, 0x5f, 0xff, 0xf4, 0x6f, 0x73, 0xd5, 0xbf, 0x05, 0xe2, 0xaa, 0x7f,
    0x97, 0x5b, 0x5e, 0xfa, 0xad, 0x3f, 0x1b, 0xf8, 0x2c, 0xae, 0xba, 0xea, 0xaa, 0xab, 0xae, 0xba,
    0xea, 0xaa, 0xff, 0x32, 0x01, 0xaf, 0x73, 0xeb, 0x5f, 0xff, 0xf4, 0x6f, 0x73, 0xd5, 0xbf, 0x05,
    0xe2, 0xaa, 0x7f, 0x97, 0x5b, 0x5e, 0xfa, 0xad, 0x3f, 0x1b, 0xf8, 0x2c, 0xae, 0xba, 0xea, 0xaa,
    0xab, 0xae, 0xba, 0xea, 0xaa, 0xff, 0x32, 0x01, 0xaf, 0x73, 0xeb, 0x5f, 0xff, 0xf4, 0x6f, 0x73,
    0xd5, 0xbf, 0x05, 0xe2, 0xaa, 0x7f, 0x97, 0x5b, 0x5e, 0xfa, 0xad, 0x3f, 0x1b, 0xf8, 0x2c, 0xae,
    0xba, 0xea, 0xaa, 0xab, 0xae, 0xba, 0xea, 0xaa, 0xff, 0x32, 0x01, 0xaf, 0x73, 0xeb, 0x5f, 0xff,
    0xf4, 0x6f, 0x73, 0xd5, 0xbf, 0x05, 0xe2, 0xaa, 0x7f, 0x97, 0x5b, 0x5e, 0xfa, 0xad, 0x3f, 0x1b,
    0xf8, 0x2c, 0xae, 0xba, 0xea, 0xaa, 0xab, 0xae, 0xba, 0xea, 0xaa, 0xff, 0x32, 0x01, 0xaf, 0x73,
    0xeb, 0x5f, 0xff, 0xf4, 0x6f, 0x73, 0xd5, 0xbf, 0x05, 0xe2, 0xaa, 0x7f, 0x97, 0x5b, 0x5e, 0xfa,
    0xad, 0x3f, 0x1b, 0xf8, 0x2c, 0xae, 0xba, 0xea, 0xaa, 0xab, 0xae, 0xba, 0xea, 0xaa, 0xff, 0x32,
    0x01, 0xaf, 0x73, 0xeb, 0x5f, 0xff, 0xf4, 0x6f, 0x73, 0xd5, 0xbf, 0x05, 0xe2, 0xaa, 0x7f, 0x97,
    0x5b, 0x5e, 0xfa, 0xad, 0x3f, 0x1b, 0xf8, 0x2c, 0xae, 0xba, 0xea, 0xaa, 0xab, 0xae, 0xba, 0xea,
    0xaa, 0xff, 0x32, 0x01, 0xaf, 0x73, 0xeb, 0x5f, 0xff, 0xf4, 0x6f, 0x73, 0xd5, 0xbf, 0x05, 0xe2,
    0xaa, 0x7f, 0x97, 0x5b, 0x5e, 0xfa, 0xad, 0x3f, 0x1b, 0xf8, 0x2c, 0xae, 0xba, 0xea, 0xaa, 0xab,
    0xae, 0xba, 0xea, 0xaa, 0xff, 0x32, 0x01, 0xaf, 0x73, 0xeb, 0x5f, 0xff, 0xf4, 0x6f, 0x73, 0xd5,
    0xbf, 0x05, 0xe2, 0xaa, 0x7f, 0x97, 0x5b, 0x5e, 0xfa, 0xad, 0x3f, 0x1b, 0xf8, 0x2c, 0xae, 0xba,
    0xea, 0xaa, 0xab, 0xae, 0xba, 0xea, 0xaa, 0xff, 0x32, 0x01, 0xaf, 0x73, 0xeb, 0x5f, 0xff, 0xf4,
    0x6f, 0x73, 0xd5, 0xbf, 0x05, 0xe2, 0xaa, 0x7f, 0x97, 0x5b, 0x5e, 0xfa, 0xad, 0x3f, 0x1b, 0xf8,
    0x2c, 0xae, 0xba, 0xea, 0xaa, 0xab, 0xae, 0xba, 0xea, 0xaa, 0xff, 0x32, 0x01, 0xaf, 0x73, 0xeb,
    0x5f, 0xff, 0xf4, 0x6f, 0x73, 0xd5, 0xbf, 0x05, 0xe2, 0xaa, 0x7f, 0x97, 0x5b, 0x5e, 0xfa, 0xad,
    0x3f, 0x1b, 0xf8, 0x2c, 0xae, 0xba, 0xea, 0xaa, 0xab, 0xae, 0xba, 0xea, 0xaa, 0xff, 0x32, 0x01,
    0xaf, 0x73, 0xeb, 0x5f, 0xff, 0xf4, 0x6f, 0x73, 0xd5, 0xbf, 0x05, 0xe2, 0xaa, 0x7f, 0x97, 0x5b,
    0x5e, 0xfa, 0xad, 0x3f, 0x1b, 0xf8, 0x2c, 0xae, 0xba, 0xea, 0xaa, 0xab, 0xae, 0xba, 0xea, 0xaa,
    0xff, 0x32, 0x01, 0xaf, 0x73, 0xeb, 0x5f, 0xff, 0xf4, 0x6f, 0x73, 0xd5, 0xbf, 0x05, 0xe2, 0xaa,
    0x7f, 0x97, 0x5b, 0x5e, 0xfa, 0xad, 0x3f, 0x1b, 0xf8, 0x2c, 0xae, 0xba, 0xea, 0xaa, 0xab, 0xae,
    0xba, 0xea, 0xaa, 0xff, 0x32, 0x01, 0xaf, 0x73, 0xeb, 0x5f, 0xff, 0xf4, 0x6f, 0x73, 0xd5, 0xbf,
    0x05, 0xe2, 0xaa, 0x7f, 0x97, 0x5b, 0x5e, 0xfa, 0xad, 0x3f, 0x1b, 0xf8, 0x2c, 0xae, 0xba, 0xea,
    0xaa, 0xab, 0xae, 0xba, 0xea, 0xaa, 0xff, 0x32, 0x01, 0xaf, 0x73, 0xeb, 0x5f, 0xff, 0xf4, 0x6f,
    0x73, 0xd5, 0xbf, 0x05, 0xe2, 0xaa, 0x7f, 0x97, 0x5b, 0x5e, 0xfa, 0xad, 0x3f, 0x1b, 0xf8, 0x2c,
    0xae, 0xba, 0xea, 0xaa, 0xab, 0xae, 0xba, 0xea, 0xaa, 0xff, 0x32, 0x01, 0xaf, 0x73, 0xeb, 0x5f,
    0xff, 0xf4, 0x6f, 0x73, 0xd5, 0xbf, 0x05, 0xe2, 0xaa, 0x7f, 0x97, 0x5b, 0x5e, 0xfa, 0xad, 0x3f,
    0x1b, 0xf8, 0x2c, 0xae, 0xba, 0xea, 0xaa, 0xab, 0xae, 0xba, 0xea, 0xaa, 0xff, 0x32, 0x01, 0xaf,
    0x73, 0xeb, 0x5f, 0xff, 0xf4, 0x6f, 0x73, 0xd5, 0xbf, 0x05, 0xe2, 0xaa, 0x7f, 0x97, 0x5b, 0x5e,
    0xfa, 0xad, 0x3f, 0x1b, 0xf8, 0x2c, 0xae, 0xba, 0xea, 0xaa, 0xab, 0xae, 0xba, 0xea, 0xaa, 0xff,
    0x32, 0x01, 0xaf, 0x73, 0xeb, 0x5f, 0xff, 0xf4, 0x6f, 0x73, 0xd5, 0xbf, 0x05, 0xe2, 0xaa, 0x7f,
    0x97, 0x5b, 0x5e, 0xfa, 0xad, 0x3f, 0x1b, 0xf8, 0x2c, 0xae, 0xba, 0xea, 0xaa, 0xab, 0xae, 0xba,
    0xea, 0xaa, 0xff, 0x32, 0x01, 0xaf, 0x73, 0xeb, 0x5f, 0xff, 0xf4, 0x6f, 0x73, 0xd5, 0xbf, 0x05,
    0xe2, 0xaa, 0x7f, 0x97, 0x5b, 0x5e, 0xfa, 0xad, 0x3f, 0x1b, 0xf8, 0x2c, 0xae, 0xba, 0xea, 0xaa,
    0xab, 0xae, 0xba, 0xea, 0xbf, 0x88, 0xe0, 0x77, 0x0c, 0xaf, 0xc5, 0xff, 0x63, 0x01, 0xaf, 0x73,
    0xeb, 0x5f, 0xff, 0xf4, 0x6f, 0x73, 0xd5, 0xbf, 0x05, 0xe2, 0xaa, 0x7f, 0x97, 0x5b, 0x5e, 0xfa,
    0xad, 0x3f, 0x1b, 0xf8, 0x2c, 0xae, 0xba, 0xea, 0xaa, 0xab, 0xae, 0xba, 0xea, 0x3f, 0x99, 0xe0,
    0x19, 0x82, 0x8f, 0xbe, 0xf5, 0xaf, 0x7f, 0xfa, 0xa7, 0x6f, 0x79, 0xe9, 0xb7, 0x36, 0xff, 0x8f,
    0x05, 0xbc, 0xce, 0xad, 0x7f, 0xfd, 0xd3, 0xbf, 0xcd, 0x55, 0xff, 0x16, 0x88, 0xab, 0xfe, 0x5d,
    0x6e, 0x79, 0xe9, 0xb7, 0xfe, 0x6c, 0xe0, 0xb3, 0xb8, 0xea, 0xaa, 0xab, 0xae, 0xba, 0xea, 0xaa,
    0xff, 0x24, 0x82, 0x4b, 0x86, 0xaf, 0xbe, 0xed, 0xaf, 0x7f, 0xfa, 0xb3, 0x79, 0xa6, 0x5b, 0x5e,
    0xfa, 0xad, 0xcd, 0xff, 0x63, 0x01, 0xaf, 0x73, 0xeb, 0x5f, 0xff, 0xf4, 0x6f, 0x73, 0xd5, 0xbf,
    0x05, 0xe2, 0xaa, 0x7f, 0x97, 0x5b, 0x5e, 0xfa, 0xad, 0x3f, 0x1b, 0xf8, 0x2c, 0xae, 0xba, 0xea,
    0xaa, 0xab, 0xae, 0xba, 0xea, 0x3f, 0xc7, 0xf7, 0x04, 0x7c, 0xf4, 0xad, 0x7f, 0xfd, 0xd3, 0xbb,
    0x3c, 0xc0, 0x2d, 0x2f, 0xfd, 0xd6, 0xe6, 0xff, 0xb1, 0x80, 0xd7, 0xb9, 0xf5, 0xaf, 0x7f, 0xfa,
    0xb7, 0xb9, 0xea, 0xdf, 0x02, 0x71, 0xd5, 0xbf, 0xcb, 0x2d, 0x2f, 0xfd, 0xd6, 0x9f, 0x0d, 0x7c,
    0x16, 0x57, 0x5d, 0x75, 0xd5, 0x55, 0x57, 0x5d, 0xf5, 0x1f, 0x48, 0xf0, 0x3b, 0x82, 0xcf, 0xbe,
    0xf5, 0xaf, 0x7f, 0xfa, 0xb7, 0x79, 0x3e, 0x6e, 0x79, 0xe9, 0xb7, 0x36, 0xff, 0x8f, 0x05, 0xbc,
    0xce, 0xad, 0x7f, 0xfd, 0xd3, 0xbf, 0xcd, 0x55, 0xff, 0x16, 0x88, 0xab, 0xfe, 0x5d, 0x6e, 0x79,
    0xe9, 0xb7, 0xfe, 0x6c, 0xe0, 0xb3, 0xb8, 0xea, 0xaa, 0xab, 0xae, 0xba, 0xea, 0xaa, 0xff, 0x00,
    0x82, 0x67, 0x08, 0x3e, 0xfb, 0xd6, 0xbf, 0xfe, 0xe9, 0xef, 0xe6, 0x85, 0xb8, 0xe5, 0xa5, 0xdf,
    0xda, 0xfc, 0x3f, 0x16, 0xf0, 0x3a, 0xb7, 0xfe, 0xf5, 0x4f, 0xff, 0x36, 0x57, 0xfd, 0x5b, 0x20,
    0xae, 0xfa, 0x77, 0xb9, 0xe5, 0xa5, 0xdf, 0xfa, 0xb3, 0x81, 0xcf, 0xe2, 0xaa, 0xab, 0xae, 0xba,
    0xea, 0xaa, 0xab, 0xfe, 0x1d, 0x04, 0x97, 0x0c, 0x5f, 0x1d, 0xf0, 0xd5, 0xb7, 0xfe, 0xf5, 0x4f,
    0xef, 0xf2, 0x2f, 0xb8, 0xe5, 0xa5, 0xdf, 0xda, 0xfc, 0x3f, 0x16, 0xf0, 0x3a, 0xb7, 0xfe, 0xf5,
    0x4f, 0xff, 0x36, 0x57, 0xfd, 0x5b, 0x20, 0xae, 0xfa, 0x77, 0xb9, 0xe5, 0xa5, 0xdf, 0xfa, 0xb3,
    0x81, 0xcf, 0xe2, 0xaa, 0xab, 0xae, 0xba, 0xea, 0xaa, 0xab, 0xfe, 0xed, 0x7e, 0x26, 0xe0, 0xa3,
    0x6f, 0xfd, 0xeb, 0x9f, 0xbe, 0x95, 0x17, 0xd1, 0x2d, 0x2f, 0xfd, 0xd6, 0xe6, 0xff, 0xb1, 0x80,
    0xd7, 0xb9, 0xf5, 0xaf, 0x7f, 0xfa, 0xb7, 0xb9, 0xea, 0xdf, 0x02, 0x71, 0xd5, 0xbf, 0xcb, 0x2d,
    0x2f, 0xfd, 0xd6, 0x9f, 0x0d, 0x7c, 0x16, 0x57, 0x5d, 0x75, 0xd5, 0x55, 0x57, 0x5d, 0xf5, 0xaf,
    0x24, 0xf8, 0x1b, 0xc1, 0x47, 0xdf, 0xfa, 0xd7, 0x3f, 0xfd, 0xdb, 0xfc, 0x2b, 0xdd, 0xf2, 0xd2,
    0x6f, 0x6d, 0xfe, 0x1f, 0x0b, 0x78, 0x9d, 0x5b, 0xff, 0xfa, 0xa7, 0x7f, 0x9b, 0xab, 0xfe, 0x2d,
    0x10, 0x57, 0xfd, 0xbb, 0xdc, 0xf2, 0xd2, 0x6f, 0xfd, 0xd9, 0xc0, 0x67, 0x71, 0xd5, 0x55, 0x57,
    0x5d, 0x75, 0xd5, 0x55, 0x2f, 0x22, 0xc1, 0x25, 0xc1, 0x47, 0xdf, 0xfa, 0xd7, 0x3f, 0xfd, 0xdd,
    0xfc, 0x1b, 0xdd, 0xf2, 0xd2, 0x6f, 0x6d, 0xfe, 0x1f, 0x0b, 0x78, 0x9d, 0x5b, 0xff, 0xfa, 0xa7,
    0x7f, 0x9b, 0xab, 0xfe, 0x2d, 0x10, 0x57, 0xfd, 0xbb, 0xdc, 0xf2, 0xd2, 0x6f, 0xfd, 0xd9, 0xc0,
    0x67, 0x71, 0xd5, 0x55, 0x57, 0x5d, 0x75, 0xd5, 0x55, 0x2f, 0x9a, 0xaf, 0x09, 0xf8, 0xec, 0x5b,
    0xff, 0xfa, 0xa7, 0x77, 0xf9, 0x77, 0xb8, 0xe5, 0xa5, 0xdf, 0xda, 0xfc, 0x3f, 0x16, 0xf0, 0x3a,
    0xb7, 0xfe, 0xf5, 0x4f, 0xff, 0x36, 0x57, 0xfd, 0x5b, 0x20, 0xae, 0xfa, 0x77, 0xb9, 0xe5, 0xa5,
    0xdf, 0xfa, 0xb3, 0x81, 0xcf, 0xe2, 0xaa, 0xab, 0xae, 0xba, 0xea, 0xaa, 0xab, 0x5e, 0x08, 0xc1,
    0xef, 0x08, 0xde, 0xfb, 0xd6, 0xbf, 0xfe, 0xe9, 0x5b, 0xf9, 0x0f, 0x70, 0xcb, 0x4b, 0xbf, 0xb5,
    0xf9, 0x7f, 0x2c, 0xe0, 0x75, 0x6e, 0xfd, 0xeb, 0x9f, 0xfe, 0x6d, 0xae, 0xfa, 0xb7, 0x40, 0x5c,
    0xf5, 0xef, 0x72, 0xcb, 0x4b, 0xbf, 0xf5, 0x67, 0x03, 0x9f, 0xc5, 0x55, 0x57, 0x5d, 0x75, 0xd5,
    0x55, 0x57, 0x3d, 0x1f, 0x82, 0x67, 0x08, 0xde, 0xfb, 0xd6, 0xbf, 0xfe, 0xe9, 0xdf, 0xe6, 0x3f,
    0xd0, 0x2d, 0x2f, 0xfd, 0xd6, 0xe6, 0xff, 0xb1, 0x80, 0xd7, 0xb9, 0xf5, 0xaf, 0x7f, 0xfa, 0xb7,
    0xb9, 0xea, 0xdf, 0x02, 0x71, 0xd5, 0xbf, 0xcb, 0x2d, 0x2f, 0xfd, 0xd6, 0x9f, 0x0d, 0x7c, 0x16,
    0x57, 0x5d, 0x75, 0xd5, 0x55, 0x57, 0x5d, 0xf5, 0x00, 0x82, 0x4b, 0x82, 0xcf, 0xbe, 0xf5, 0xaf,
    0x7f, 0xfa, 0xab, 0xf9, 0x4f, 0x70, 0xcb, 0x4b, 0xbf, 0xb5, 0xf9, 0x7f, 0x2c, 0xe0, 0x75, 0x6e,
    0xfd, 0xeb, 0x9f, 0xfe, 0x6d, 0xae, 0xfa, 0xb7, 0x40, 0x5c, 0xf5, 0xef, 0x72, 0xcb, 0x4b, 0xbf,
    0xf5, 0x67, 0x03, 0x9f, 0xc5, 0x55, 0x57, 0x5d, 0x75, 0xd5, 0x55, 0x57, 0x3d, 0xdb, 0xf7, 0x04,
    0x7c, 0xf4, 0xad, 0x7f, 0xfd, 0xd3, 0xbb, 0xfc, 0x27, 0xb9, 0xe5, 0xa5, 0xdf, 0xda, 0xfc, 0x3f,
    0x16, 0xf0, 0x3a, 0xb7, 0xfe, 0xf5, 0x4f, 0xff, 0x36, 0x57, 0xfd, 0x5b, 0x20, 0xae, 0xfa, 0x77,
    0xb9, 0xe5, 0xa5, 0xdf, 0xfa, 0xb3, 0x81, 0xcf, 0xe2, 0xaa, 0xab, 0xae, 0xba, 0xea, 0xaa, 0xff,
    0xf7, 0x04, 0xbf, 0x23, 0xf8, 0xe8, 0x5b, 0xff, 0xfa, 0xa7, 0xff, 0x9a, 0xff, 0x64, 0xb7, 0xbc,
    0xf4, 0x5b, 0x9b, 0xff, 0xc7, 0x02, 0x5e, 0xe7, 0xd6, 0xbf, 0xfe, 0xe9, 0xdf, 0xe6, 0xaa, 0x7f,
    0x0b, 0xc4, 0x55, 0xff, 0x2e, 0xb7, 0xbc, 0xf4, 0x5b, 0x7f, 0x36, 0xf0, 0x59, 0x5c, 0x75, 0xd5,
    0x55, 0x57, 0x5d, 0xf5, 0xff, 0x96, 0xe0, 0x19, 0x82, 0x8f, 0xbe, 0xf5, 0xaf, 0x7f, 0xfa, 0xa7,
    0xf9, 0x2f, 0x72, 0xcb, 0x4b, 0xbf, 0xb5, 0xf9, 0x7f, 0x2c, 0xe0, 0x75, 0x6e, 0xfd, 0xeb, 0x9f,
    0xfe, 0x6d, 0xae, 0xfa, 0xb7, 0x40, 0x5c, 0xf5, 0xef, 0x72, 0xcb, 0x4b, 0xbf, 0xf5, 0x67, 0x03,
    0x9f, 0xc5, 0x55, 0x57, 0x5d, 0x75, 0xd5, 0x55, 0xff, 0xef, 0x08, 0x2e, 0x19, 0xbe, 0xfa, 0xb6,
    0xbf, 0xfe, 0xe9, 0xcf, 0xe6, 0xbf, 0xd8, 0x2d, 0x2f, 0xfd, 0xd6, 0xe6, 0xff, 0xb1, 0x80, 0xd7,
    0xb9, 0xf5, 0xaf, 0x7f, 0xfa, 0xb7, 0xb9, 0xea, 0xdf, 0x02, 0x71, 0xd5, 0xbf, 0xcb, 0x2d, 0x2f,
    0xfd, 0xd6, 0x9f, 0x0d, 0x7c, 0x16, 0x57, 0x5d, 0x75, 0xd5, 0x55, 0x57, 0xfd, 0x7f, 0xf3, 0x3d,
    0x01, 0x9f, 0x7d, 0xeb, 0x5f, 0xff, 0xf4, 0xad, 0xfc, 0x37, 0xb8, 0xe5, 0xa5, 0xdf, 0xda, 0xfc,
    0x3f, 0x16, 0xf0, 0x3a, 0xb7, 0xfe, 0xf5, 0x4f, 0xff, 0x36, 0x57, 0xfd, 0x5b, 0x20, 0xae, 0xfa,
    0x77, 0xb9, 0xe5, 0xa5, 0xdf, 0xfa, 0xb3, 0x81, 0xcf, 0xe2, 0xaa, 0xab, 0xae, 0xba, 0xea, 0xaa,
    0xff, 0x17, 0x04, 0xbf, 0x23, 0xf8, 0xec, 0x5b, 0xff, 0xfa, 0xa7, 0x7f, 0x9b, 0xff, 0x46, 0xb7,
    0xbc, 0xf4, 0x5b, 0x9b, 0xff, 0xc7, 0x02, 0x5e, 0xe7, 0xd6, 0xbf, 0xfe, 0xe9, 0xdf, 0xe6, 0xaa,
    0x7f, 0x0b, 0xc4, 0x55, 0xff, 0x2e, 0xb7, 0xbc, 0xf4, 0x5b, 0x7f, 0x36, 0xf0, 0x59, 0x5c, 0x75,
    0xd5, 0x55, 0x57, 0x5d, 0xf5, 0x7f, 0x9a, 0xe0, 0x19, 0x82, 0xcf, 0xbe, 0xf5, 0xaf, 0x7f, 0xfa,
    0xbb, 0xf9, 0x1f, 0xe0, 0x96, 0x97, 0x7e, 0x6b, 0xf3, 0xff, 0x58, 0xc0, 0xeb, 0xdc, 0xfa, 0xd7,
    0x3f, 0xfd, 0xdb, 0x5c, 0xf5, 0x6f, 0x81, 0xb8, 0xea, 0xdf, 0xe5, 0x96, 0x97, 0x7e, 0xeb, 0xcf,
    0x06, 0x3e, 0x8b, 0xab, 0xae, 0xba, 0xea, 0xaa, 0xab, 0xfe, 0x2f, 0xfb, 0x9c, 0x80, 0xaf, 0xbe,
    0xf5, 0xaf, 0x7f, 0x7a, 0x97, 0xff, 0x21, 0x6e, 0x79, 0xe9, 0xb7, 0x36, 0xff, 0x8f, 0x05, 0xbc,
    0xce, 0xad, 0x7f, 0xfd, 0xd3, 0xbf, 0xcd, 0x55, 0xff, 0x16, 0x88, 0xab, 0xfe, 0x5d, 0x6e, 0x79,
    0xe9, 0xb7, 0xfe, 0x6c, 0xe0, 0xb3, 0xb8, 0xea, 0xaa, 0xab, 0xae, 0xba, 0xea, 0xff, 0xa2, 0x9f,
    0x09, 0xf8, 0xe8, 0x5b, 0xff, 0xfa, 0xa7, 0x6f, 0xe5, 0x7f, 0x98, 0x5b, 0x5e, 0xfa, 0xad, 0xcd,
    0xff, 0x63, 0x01, 0xaf, 0x73, 0xeb, 0x5f, 0xff, 0xf4, 0x6f, 0x73, 0xd5, 0xbf, 0x05, 0xe2, 0xaa,
    0x7f, 0x97, 0x5b, 0x5e, 0xfa, 0xad, 0x3f, 0x1b, 0xf8, 0x2c, 0xae, 0xba, 0xea, 0xaa, 0xab, 0xae,
    0xfa, 0x3f, 0x43, 0xf0, 0x37, 0x82, 0x8f, 0xbe, 0xf5, 0xaf, 0x7f, 0xfa, 0xb7, 0xf9, 0x1f, 0xea,
    0x96, 0x97, 0x7e, 0x6b, 0xf3, 0xff, 0x58, 0xc0, 0xeb, 0xdc, 0xfa, 0xd7, 0x3f, 0xfd, 0xdb, 0x5c,
    0xf5, 0x6f, 0x81, 0xb8, 0xea, 0xdf, 0xe5, 0x96, 0x97, 0x7e, 0xeb, 0xcf, 0x06, 0x3e, 0x8b, 0xab,
    0xae, 0xba, 0xea, 0xaa, 0xab, 0xfe, 0xd7, 0x13, 0x5c, 0x12, 0x7c, 0xf4, 0xad, 0x7f, 0xfd, 0xd3,
    0xdf, 0xcd, 0xff, 0x70, 0xb7, 0xbc, 0xf4, 0x5b, 0x9b, 0xff, 0xc7, 0x02, 0x5e, 0xe7, 0xd6, 0xbf,
    0xfe, 0xe9, 0xdf, 0xe6, 0xaa, 0x7f, 0x0b, 0xc4, 0x55, 0xff, 0x2e, 0xb7, 0xbc, 0xf4, 0x5b, 0x7f,
    0x36, 0xf0, 0x59, 0x5c, 0x75, 0xd5, 0x55, 0x57, 0x5d, 0xf5, 0xbf, 0xdd, 0xd7, 0x04, 0x7c, 0xf6,
    0xad, 0x7f, 0xfd, 0xd3, 0xbb, 0xfc, 0x2f, 0x70, 0xcb, 0x4b, 0xbf, 0xb5, 0xf9, 0x7f, 0x2c, 0xe0,
    0x75, 0x6e, 0xfd, 0xeb, 0x9f, 0xfe, 0x6d, 0xae, 0xfa, 0xb7, 0x40, 0x5c, 0xf5, 0xef, 0x72, 0xcb,
    0x4b, 0xbf, 0xf5, 0x67, 0x03, 0x9f, 0xc5, 0x55, 0x57, 0x5d, 0x75, 0xd5, 0x55, 0xff, 0x2b, 0x09,
    0x7e, 0x47, 0xf0, 0xde, 0xb7, 0xfe, 0xf5, 0x4f, 0xdf, 0xca, 0xff, 0x22, 0xb7, 0xbc, 0xf4, 0x5b,
    0x9b, 0xff, 0xc7, 0x02, 0x5e, 0xe7, 0xd6, 0xbf, 0xfe, 0xe9, 0xdf, 0xe6, 0xaa, 0x7f, 0x0b, 0xc4,
    0x55, 0xff, 0x2e, 0xb7, 0xbc, 0xf4, 0x5b, 0x7f, 0x36, 0xf0, 0x59, 0x5c, 0x75, 0xd5, 0x55, 0x57,
    0x5d, 0xf5, 0xbf, 0x8a, 0xe0, 0x19, 0x82, 0xf7, 0xbe, 0xf5, 0xaf, 0x7f, 0xfa, 0xb7, 0xf9, 0x5f,
    0xe8, 0x96, 0x97, 0x7e, 0x6b, 0xf3, 0xff, 0x58, 0xc0, 0xeb, 0xdc, 0xfa, 0xd7, 0x3f, 0xfd, 0xdb,
    0x5c, 0xf5, 0x6f, 0x81, 0xb8, 0xea, 0xdf, 0xe5, 0x96, 0x97, 0x7e, 0xeb, 0xcf, 0x06, 0x3e, 0x8b,
    0xab, 0xae, 0xba, 0xea, 0xaa, 0xab, 0xfe, 0x57, 0x10, 0x5c, 0x32, 0x7c, 0xf5, 0x6d, 0x7f, 0xfd,
    0xd3, 0x9f, 0xcd, 0xff, 0x62, 0xb7, 0xbc, 0xf4, 0x5b, 0x9b, 0xff, 0xc7, 0x02, 0x5e, 0xe7, 0xd6,
    0xbf, 0xfe, 0xe9, 0xdf, 0xe6, 0xaa, 0x7f, 0x0b, 0xc4, 0x55, 0xff, 0x2e, 0xb7, 0xbc, 0xf4, 0x5b,
    0x7f, 0x36, 0xf0, 0x59, 0x5c, 0x75, 0xd5, 0x55, 0x57, 0x5d, 0xf5, 0xbf, 0xc1, 0xf7, 0x04, 0x7c,
    0xf4, 0xad, 0x7f, 0xfd, 0xd3, 0xbb, 0xfc, 0x2f, 0x77, 0xcb, 0x4b, 0xbf, 0xb5, 0xf9, 0x7f, 0x2c,
    0xe0, 0x75, 0x6e, 0xfd, 0xeb, 0x9f, 0xfe, 0x6d, 0xae, 0xfa, 0xb7, 0x40, 0x5c, 0xf5, 0xef, 0x72,
    0xcb, 0x4b, 0xbf, 0xf5, 0x67, 0x03, 0x9f, 0xc5, 0x55, 0x57, 0x5d, 0x75, 0xd5, 0x55, 0xff, 0x63,
    0x09, 0x7e, 0x47, 0xf0, 0xd1, 0xb7, 0xfe, 0xf5, 0x4f, 0xff, 0x35, 0xff, 0x47, 0xdc, 0xf2, 0xd2,
    0x6f, 0x6d, 0xfe, 0x1f, 0x0b, 0x78, 0x9d, 0x5b, 0xff, 0xfa, 0xa7, 0x7f, 0x9b, 0xab, 0xfe, 0x2d,
    0x10, 0x57, 0xfd, 0xbb, 0xdc, 0xf2, 0xd2, 0x6f, 0xfd, 0xd9, 0xc0, 0x67, 0x71, 0xd5, 0x55, 0x57,
    0x5d, 0x75, 0xd5, 0xff, 0x38, 0x82, 0x67, 0x08, 0x3e, 0xfa, 0xd6, 0xbf, 0xfe, 0xe9, 0x9f, 0xe6,
    0xff, 0x98, 0x5b, 0x5e, 0xfa, 0xad, 0xcd, 0xff, 0x63, 0x01, 0xaf, 0x73, 0xeb, 0x5f, 0xff, 0xf4,
    0x6f, 0x73, 0xd5, 0xbf, 0x05, 0xe2, 0xaa, 0x7f, 0x97, 0x5b, 0x5e, 0xfa, 0xad, 0x3f, 0x1b, 0xf8,
    0x2c, 0xae, 0xba, 0xea, 0xaa, 0xab, 0xae, 0xfa, 0x1f, 0x43, 0x70, 0xc9, 0xf0, 0xd5, 0x01, 0x5f,
    0x7d, 0xeb, 0x5f, 0xff, 0xf4, 0x2e, 0xff, 0x07, 0xdd, 0xf2, 0xd2, 0x6f, 0x6d, 0xfe, 0x1f, 0x0b,
    0x78, 0x9d, 0x5b, 0xff, 0xfa, 0xa7, 0x7f, 0x9b, 0xab, 0xfe, 0x2d, 0x10, 0x57, 0xfd, 0xbb, 0xdc,
    0xf2, 0xd2, 0x6f, 0xfd, 0xd9, 0xc0, 0x67, 0x71, 0xd5, 0x55, 0x57, 0x5d, 0x75, 0xd5, 0xff, 0x14,
    0xdf, 0x13, 0xf0, 0xd9, 0xb7, 0xfe, 0xf5, 0x4f, 0xdf, 0xca, 0xff, 0x61, 0xb7, 0xbc, 0xf4, 0x5b,
    0x9b, 0xff, 0xc7, 0x02, 0x5e, 0xe7, 0xd6, 0xbf, 0xfe, 0xe9, 0xdf, 0xe6, 0xaa, 0x7f, 0x0b, 0xc4,
    0x55, 0xff, 0x2e, 0xb7, 0xbc, 0xf4, 0x5b, 0x7f, 0x36, 0xf0, 0x59, 0x5c, 0x75, 0xd5, 0x55, 0x57,
    0x5d, 0xf5, 0xdf, 0x4a, 0xf0, 0x3b, 0x82, 0xcf, 0xbe, 0xf5, 0xaf, 0x7f, 0xfa, 0xb7, 0xf9, 0x7f,
    0xe0, 0x96, 0x97, 0x7e, 0x6b, 0xf3, 0xff, 0x58, 0xc0, 0xeb, 0xdc, 0xfa, 0xd7, 0x3f, 0xfd, 0xdb,
    0x5c, 0xf5, 0x6f, 0x81, 0xb8, 0xea, 0xdf, 0xe5, 0x96, 0x97, 0x7e, 0xeb, 0xcf, 0x06, 0x3e, 0x8b,
    0xab, 0xae, 0xba, 0xea, 0xaa, 0xab, 0xfe, 0x5b, 0x08, 0x2e, 0x09, 0x3e, 0xfa, 0xd6, 0xbf, 0xfe,
    0xe9, 0xef, 0xe6, 0xff, 0x91, 0x5b, 0x5e, 0xfa, 0xad, 0xcd, 0xff, 0x63, 0x01, 0xaf, 0x73, 0xeb,
    0x5f, 0xff, 0xf4, 0x6f, 0x73, 0xd5, 0xbf, 0x05, 0xe2, 0xaa, 0x7f, 0x97, 0x5b, 0x5e, 0xfa, 0xad,
    0x3f, 0x1b, 0xf8, 0x2c, 0xae, 0xba, 0xea, 0xaa, 0xab, 0xae, 0xfa, 0xef, 0xf0, 0x39, 0x01, 0x5f,
    0x7d, 0xeb, 0x5f, 0xff, 0xf4, 0x2e, 0xff, 0xcf, 0xdc, 0xf2, 0xd2, 0x6f, 0x6d, 0xfe, 0x1f, 0x0b,
    0x78, 0x9d, 0x5b, 0xff, 0xfa, 0xa7, 0x7f, 0x9b, 0xab, 0xfe, 0x2d, 0x10, 0x57, 0xfd, 0xbb, 0xdc,
    0xf2, 0xd2, 0x6f, 0xfd, 0xd9, 0xc0, 0x67, 0x71, 0xd5, 0x55, 0x57, 0x5d, 0x75, 0xd5, 0x7f, 0xa5,
    0x9f, 0x09, 0xf8, 0xe8, 0x5b, 0xff, 0xfa, 0xa7, 0x6f, 0xe5, 0xff, 0xa9, 0x5b, 0x5e, 0xfa, 0xad,
    0xcd, 0xff, 0x63, 0x01, 0xaf, 0x73, 0xeb, 0x5f, 0xff, 0xf4, 0x6f, 0x73, 0xd5, 0xbf, 0x05, 0xe2,
    0xaa, 0x7f, 0x97, 0x5b, 0x5e, 0xfa, 0xad, 0x3f, 0x1b, 0xf8, 0x2c, 0xae, 0xba, 0xea, 0xaa, 0xab,
    0xae, 0xfa, 0x4f, 0x27, 0xf8, 0x1b, 0xc1, 0x47, 0xdf, 0xfa, 0xd7, 0x3f, 0xfd, 0xdb, 0xfc, 0x3f,
    0x77, 0xcb, 0x4b, 0xbf, 0xb5, 0xf9, 0x7f, 0x2c, 0xe0, 0x75, 0x6e, 0xfd, 0xeb, 0x9f, 0xfe, 0x6d,
    0xae, 0xfa, 0xb7, 0x40, 0x5c, 0xf5, 0xef, 0x72, 0xcb, 0x4b, 0xbf, 0xf5, 0x67, 0x03, 0x9f, 0xc5,
    0x55, 0x57, 0x5d, 0x75, 0xd5, 0x55, 0xff, 0x69, 0x04, 0x97, 0x04, 0x9f, 0x7d, 0xeb, 0x5f, 0xff,
    0xf4, 0x57, 0x73, 0xd5, 0x65, 0xb7, 0xbc, 0xf4, 0x5b, 0x9b, 0xff, 0xc7, 0x02, 0x5e, 0xe7, 0xd6,
    0xbf, 0xfe, 0xe9, 0xdf, 0xe6, 0xaa, 0x7f, 0x0b, 0xc4, 0x55, 0xff, 0x2e, 0xb7, 0xbc, 0xf4, 0x5b,
    0x7f, 0x36, 0xf0, 0x59, 0x5c, 0x75, 0xd5, 0x55, 0x57, 0x5d, 0xf5, 0x9f, 0xe5, 0x6b, 0x02, 0x3e,
    0xfb, 0xd6, 0xbf, 0xfe, 0xe9, 0x5d, 0xae, 0x7a, 0x96, 0x5b, 0x5e, 0xfa, 0xad, 0xcd, 0xff, 0x63,
    0x01, 0xaf, 0x73, 0xeb, 0x5f, 0xff, 0xf4, 0x6f, 0x73, 0xd5, 0xbf, 0x05, 0xe2, 0xaa, 0x7f, 0x97,
    0x5b, 0x5e, 0xfa, 0xad, 0x3f, 0x1b, 0xf8, 0x2c, 0xae, 0xba, 0xea, 0xaa, 0xab, 0xae, 0xfa, 0x0f,
    0x25, 0xf8, 0x1d, 0xc1, 0x7b, 0xdf, 0xfa, 0xd7, 0x3f, 0x7d, 0x2b, 0x57, 0x3d, 0x8f, 0x5b, 0x5e,
    0xfa, 0xad, 0xcd, 0xff, 0x63, 0x01, 0xaf, 0x73, 0xeb, 0x5f, 0xff, 0xf4, 0x6f, 0x73, 0xd5, 0xbf,
    0x05, 0xe2, 0xaa, 0x7f, 0x97, 0x5b, 0x5e, 0xfa, 0xad, 0x3f, 0x1b, 0xf8, 0x2c, 0xae, 0xba, 0xea,
    0xaa, 0xab, 0xae, 0xfa, 0x0f, 0x21, 0x78, 0x86, 0xe0, 0xbd, 0x6f, 0xfd, 0xeb, 0x9f, 0xfe, 0x6d,
    0xae, 0x7a, 0x81, 0x6e, 0x79, 0xe9, 0xb7, 0x36, 0xff, 0x8f, 0x05, 0xbc, 0xce, 0xad, 0x7f, 0xfd,
    0xd3, 0xbf, 0xcd, 0x55, 0xff, 0x16, 0x88, 0xab, 0xfe, 0x5d, 0x6e, 0x79, 0xe9, 0xb7, 0xfe, 0x6c,
    0xe0, 0xb3, 0xb8, 0xea, 0xaa, 0xab, 0xae, 0xba, 0xea, 0xdf, 0x45, 0x70, 0xc9, 0xf0, 0xd5, 0xb7,
    0xfd, 0xf5, 0x4f, 0x7f, 0x36, 0x57, 0xfd, 0x8b, 0x6e, 0x79, 0xe9, 0xb7, 0x36, 0xff, 0x8f, 0x05,
    0xbc, 0xce, 0xad, 0x7f, 0xfd, 0xd3, 0xbf, 0xcd, 0x55, 0xff, 0x16, 0x88, 0xab, 0xfe, 0x5d, 0x6e,
    0x79, 0xe9, 0xb7, 0xfe, 0x6c, 0xe0, 0xb3, 0xb8, 0xea, 0xaa, 0xab, 0xae, 0xba, 0xea, 0xdf, 0xe3,
    0x7b, 0x02, 0x3e, 0xfa, 0xd6, 0xbf, 0xfe, 0xe9, 0x5d, 0xae, 0x7a, 0x91, 0xdc, 0xf2, 0xd2, 0x6f,
    0x6d, 0xfe, 0x1f, 0x0b, 0x78, 0x9d, 0x5b, 0xff, 0xfa, 0xa7, 0x7f, 0x9b, 0xab, 0xfe, 0x2d, 0x10,
    0x57, 0xfd, 0xbb, 0xdc, 0xf2, 0xd2, 0x6f, 0xfd, 0xd9, 0xc0, 0x67, 0x71, 0xd5, 0x55, 0x57, 0x5d,
    0x75, 0xd5, 0xbf, 0x9a, 0xe0, 0x77, 0x04, 0x1f, 0x7d, 0xeb, 0x5f, 0xff, 0xf4, 0x5f, 0x73, 0xd5,
    0xbf, 0xca, 0x2d, 0x2f, 0xfd, 0xd6, 0xe6, 0xff, 0xb1, 0x80, 0xd7, 0xb9, 0xf5, 0xaf, 0x7f, 0xfa,
    0xb7, 0xb9, 0xea, 0xdf, 0x02, 0x71, 0xd5, 0xbf, 0xcb, 0x2d, 0x2f, 0xfd, 0xd6, 0x9f, 0x0d, 0x7c,
    0x16, 0x57, 0x5d, 0x75, 0xd5, 0x55, 0x57, 0xbd, 0xc8, 0x04, 0xcf, 0x10, 0x7c, 0xf4, 0xad, 0x7f,
    0xfd, 0xd3, 0x3f, 0xcd, 0x55, 0xff, 0x26, 0xb7, 0xbc, 0xf4, 0x5b, 0x9b, 0xff, 0xc7, 0x02, 0x5e,
    0xe7, 0xd6, 0xbf, 0xfe, 0xe9, 0xdf, 0xe6, 0xaa, 0x7f, 0x0b, 0xc4, 0x55, 0xff, 0x2e, 0xb7, 0xbc,
    0xf4, 0x5b, 0x7f, 0x36, 0xf0, 0x59, 0x5c, 0x75, 0xd5, 0x55, 0x57, 0x5d, 0xf5, 0x2f, 0x12, 0x5c,
    0x32, 0x7c, 0x75, 0xc0, 0x57, 0xdf, 0xfa, 0xd7, 0x3f, 0xbd, 0xcb, 0x55, 0xff, 0x66, 0xb7, 0xbc,
    0xf4, 0x5b, 0x9b, 0xff, 0xc7, 0x02, 0x5e, 0xe7, 0xd6, 0xbf, 0xfe, 0xe9, 0xdf, 0xe6, 0xaa, 0x7f,
    0x0b, 0xc4, 0x55, 0xff, 0x2e, 0xb7, 0xbc, 0xf4, 0x5b, 0x7f, 0x36, 0xf0, 0x59, 0x5c, 0x75, 0xd5,
    0x55, 0x57, 0x5d, 0xf5, 0x2f, 0xf9, 0x9e, 0x80, 0xcf, 0xbe, 0xf5, 0xaf, 0x7f, 0xfa, 0x56, 0xae,
    0xfa, 0x77, 0xbb, 0xe5, 0xa5, 0xdf, 0xda, 0xfc, 0x3f, 0x16, 0xf0, 0x3a, 0xb7, 0xfe, 0xf5, 0x4f,
    0xff, 0x36, 0x57, 0xfd, 0x5b, 0x20, 0xae, 0xfa, 0x77, 0xb9, 0xe5, 0xa5, 0xdf, 0xfa, 0xb3, 0x81,
    0xcf, 0xe2, 0xaa, 0xab, 0xae, 0xba, 0xea, 0xaa, 0xe7, 0x4b, 0xf0, 0x37, 0x82, 0x8f, 0xbe, 0xf5,
    0xaf, 0x7f, 0xfa, 0xb7, 0xb9, 0xea, 0x3f, 0xcc, 0x2d, 0x2f, 0xfd, 0xd6, 0xe6, 0xff, 0xb1, 0x80,
    0xd7, 0xb9, 0xf5, 0xaf, 0x7f, 0xfa, 0xb7, 0xb9, 0xea, 0xdf, 0x02, 0x71, 0xd5, 0xbf, 0xcb, 0x2d,
    0x2f, 0xfd, 0xd6, 0x9f, 0x0d, 0x7c, 0x16, 0x57, 0x5d, 0x75, 0xd5, 0x55, 0x57, 0x3d, 0x07, 0xc1,
    0x25, 0xc1, 0x47, 0xdf, 0xfa, 0xd7, 0x3f, 0xfd, 0xdd, 0x5c, 0xf5, 0x1f, 0xee, 0x96, 0x97, 0x7e,
    0x6b, 0xf3, 0xff, 0x58, 0xc0, 0xeb, 0xdc, 0xfa, 0xd7, 0x3f, 0xfd, 0xdb, 0x5c, 0xf5, 0x6f, 0x81,
    0xb8, 0xea, 0xdf, 0xe5, 0x96, 0x97, 0x7e, 0xeb, 0xcf, 0x06, 0x3e, 0x8b, 0xab, 0xae, 0xba, 0xea,
    0xaa, 0xab, 0x1e, 0xe8, 0x73, 0x02, 0xbe, 0xfa, 0xd6, 0xbf, 0xfe, 0xe9, 0x5d, 0xae, 0xfa, 0x4f,
    0x71, 0xcb, 0x4b, 0xbf, 0xb5, 0xf9, 0x7f, 0x2c, 0xe0, 0x75, 0x6e, 0xfd, 0xeb, 0x9f, 0xfe, 0x6d,
    0xae, 0xfa, 0xb7, 0x40, 0x5c, 0xf5, 0xef, 0x72, 0xcb, 0x4b, 0xbf, 0xf5, 0x67, 0x03, 0x9f, 0xc5,
    0x55, 0x57, 0x5d, 0x75, 0xd5, 0x55, 0x00, 0x3f, 0x13, 0xf0, 0xd1, 0xb7, 0xfe, 0xf5, 0x4f, 0xdf,
    0xca, 0x55, 0xff, 0xa9, 0x6e, 0x79, 0xe9, 0xb7, 0x36, 0xff, 0x8f, 0x05, 0xbc, 0xce, 0xad, 0x7f,
    0xfd, 0xd3, 0xbf, 0xcd, 0x55, 0xff, 0x16, 0x88, 0xab, 0xfe, 0x5d, 0x6e, 0x79, 0xe9, 0xb7, 0xfe,
    0x6c, 0xe0, 0xb3, 0xb8, 0xea, 0xaa, 0xab, 0xae, 0xfa, 0x7f, 0x4c, 0xf0, 0x0c, 0xc1, 0x7b, 0xdf,
    0xfa, 0xd7, 0x3f, 0xfd, 0xdb, 0x5c, 0xf5, 0x5f, 0xe2, 0x96, 0x97, 0x7e, 0x6b, 0xf3, 0xff, 0x58,
    0xc0, 0xeb, 0xdc, 0xfa, 0xd7, 0x3f, 0xfd, 0xdb, 0x5c, 0xf5, 0x6f, 0x81, 0xb8, 0xea, 0xdf, 0xe5,
    0x96, 0x97, 0x7e, 0xeb, 0xcf, 0x06, 0x3e, 0x8b, 0xab, 0xae, 0xba, 0xea, 0xaa, 0xff, 0x87, 0x04,
    0x97, 0x04, 0x9f, 0x7d, 0xeb, 0x5f, 0xff, 0xf4, 0x57, 0x73, 0xd5, 0x7f, 0xa9, 0x5b, 0x5e, 0xfa,
    0xad, 0xcd, 0xff, 0x63, 0x01, 0xaf, 0x73, 0xeb, 0x5f, 0xff, 0xf4, 0x6f, 0x73, 0xd5, 0xbf, 0x05,
    0xe2, 0xaa, 0x7f, 0x97, 0x5b, 0x5e, 0xfa, 0xad, 0x3f, 0x1b, 0xf8, 0x2c, 0xae, 0xba, 0xea, 0xaa,
    0xab, 0xfe, 0xff, 0xf9, 0x9a, 0x80, 0xcf, 0xbe, 0xf5, 0xaf, 0x7f, 0x7a, 0x97, 0xab, 0xfe, 0xcb,
    0xdd, 0xf2, 0xd2, 0x6f, 0x6d, 0xfe, 0x1f, 0x0b, 0x78, 0x9d, 0x5b, 0xff, 0xfa, 0xa7, 0x7f, 0x9b,
    0xab, 0xfe, 0x2d, 0x10, 0x57, 0xfd, 0xbb, 0xdc, 0xf2, 0xd2, 0x6f, 0xfd, 0xd9, 0xc0, 0x67, 0x71,
    0xd5, 0x55, 0x57, 0x5d, 0xf5, 0xff, 0x84, 0xe0, 0x77, 0x04, 0xef, 0x7d, 0xeb, 0x5f, 0xff, 0xf4,
    0xad, 0x5c, 0xf5, 0xdf, 0xe6, 0x96, 0x97, 0x7e, 0x6b, 0xf3, 0xff, 0x58, 0xc0, 0xeb, 0xdc, 0xfa,
    0xd7, 0x3f, 0xfd, 0xdb, 0x5c, 0xf5, 0x6f, 0x81, 0xb8, 0xea, 0xdf, 0xe5, 0x96, 0x97, 0x7e, 0xeb,
    0xcf, 0x06, 0x3e, 0x8b, 0xab, 0xae, 0xba, 0xea, 0xaa, 0xff, 0xe3, 0x04, 0xcf, 0x10, 0x7c, 0xf4,
    0xad, 0x7f, 0xfd, 0xd3, 0x3f, 0xcd, 0x55, 0xff, 0xed, 0x6e, 0x79, 0xe9, 0xb7, 0x36, 0xff, 0x8f,
    0x05, 0xbc, 0xce, 0xad, 0x7f, 0xfd, 0xd3, 0xbf, 0xcd, 0x55, 0xff, 0x16, 0x88, 0xab, 0xfe, 0x5d,
    0x6e, 0x79, 0xe9, 0xb7, 0xfe, 0x6c, 0xe0, 0xb3, 0xb8, 0xea, 0xaa, 0xab, 0xae, 0xfa, 0x3f, 0x4a,
    0x70, 0xc9, 0xf0, 0xd5, 0xb7, 0xfd, 0xf5, 0x4f, 0x7f, 0x36, 0x57, 0xfd, 0x8f, 0x71, 0xcb, 0x4b,
    0xbf, 0xb5, 0xf9, 0x7f, 0x2c, 0xe0, 0x75, 0x6e, 0xfd, 0xeb, 0x9f, 0xfe, 0x6d, 0xae, 0xfa, 0xb7,
    0x40, 0x5c, 0xf5, 0xef, 0x72, 0xcb, 0x4b, 0xbf, 0xf5, 0x67, 0x03, 0x9f, 0xc5, 0x55, 0x57, 0x5d,
    0x75, 0xd5, 0xff, 0x4d, 0xdf, 0x13, 0xf0, 0xd1, 0xb7, 0xfe, 0xf5, 0x4f, 0xef, 0x72, 0xd5, 0xff,
    0x28, 0xb7, 0xbc, 0xf4, 0x5b, 0x9b, 0xff, 0xc7, 0x02, 0x5e, 0xe7, 0xd6, 0xbf, 0xfe, 0xe9, 0xdf,
    0xe6, 0xaa, 0x7f, 0x0b, 0xc4, 0x55, 0xff, 0x2e, 0xb7, 0xbc, 0xf4, 0x5b, 0x7f, 0x36, 0xf0, 0x59,
    0x5c, 0x75, 0xd5, 0x55, 0x57, 0xfd, 0x1f, 0x22, 0xf8, 0x1d, 0xc1, 0x47, 0xdf, 0xfa, 0xd7, 0x3f,
    0xfd, 0xd7, 0x5c, 0xf5, 0x3f, 0xd2, 0x2d, 0x2f, 0xfd, 0xd6, 0xe6, 0xff, 0xb1, 0x80, 0xd7, 0xb9,
    0xf5, 0xaf, 0x7f, 0xfa, 0xb7, 0xb9, 0xea, 0xdf, 0x02, 0x71, 0xd5, 0xbf, 0xcb, 0x2d, 0x2f, 0xfd,
    0xd6, 0x9f, 0x0d, 0x7c, 0x16, 0x57, 0x5d, 0x75, 0xd5, 0x55, 0xff, 0x07, 0x08, 0x9e, 0x21, 0xf8,
    0xec, 0x5b, 0xff, 0xfa, 0xa7, 0xbf, 0x9b, 0xab, 0xfe, 0x47, 0xbb, 0xe5, 0xa5, 0xdf, 0xda, 0xfc,
    0x3f, 0x16, 0xf0, 0x3a, 0xb7, 0xfe, 0xf5, 0x4f, 0xff, 0x36, 0x57, 0xfd, 0x5b, 0x20, 0xae, 0xfa,
    0x77, 0xb9, 0xe5, 0xa5, 0xdf, 0xfa, 0xb3, 0x81, 0xcf, 0xe2, 0xaa, 0xab, 0xae, 0xba, 0xea, 0x7f,
    0x31, 0xc1, 0x25, 0xc3, 0x57, 0x07, 0x7c, 0xf5, 0xad, 0x7f, 0xfd, 0xd3, 0xbb, 0x5c, 0xf5, 0x3f,
    0xde, 0x2d, 0x2f, 0xfd, 0xd6, 0xe6, 0xff, 0xb1, 0x80, 0xd7, 0xb9, 0xf5, 0xaf, 0x7f, 0xfa, 0xb7,
    0xb9, 0xea, 0xdf, 0x02, 0x71, 0xd5, 0xbf, 0xcb, 0x2d, 0x2f, 0xfd, 0xd6, 0x9f, 0x0d, 0x7c, 0x16,
    0x57, 0x5d, 0x75, 0xd5, 0x55, 0xff, 0x7b, 0x7d, 0x4f, 0xc0, 0x67, 0xdf, 0xfa, 0xd7, 0x3f, 0x7d,
    0x2b, 0x57, 0xfd, 0xaf, 0x71, 0xcb, 0x4b, 0xbf, 0xb5, 0xf9, 0x7f, 0x2c, 0xe0, 0x75, 0x6e, 0xfd,
    0xeb, 0x9f, 0xfe, 0x6d, 0xae, 0xfa, 0xb7, 0x40, 0x5c, 0xf5, 0xef, 0x72, 0xcb, 0x4b, 0xbf, 0xf5,
    0x67, 0x03, 0x9f, 0xc5, 0x55, 0x57, 0x5d, 0x75, 0xd5, 0xff, 0x32, 0x82, 0xbf, 0x11, 0x7c, 0xf4,
    0xad, 0x7f, 0xfd, 0xd3, 0xbf, 0xcd, 0x55, 0xff, 0xeb, 0xdc, 0xf2, 0xd2, 0x6f, 0x6d, 0xfe, 0x1f,
    0x0b, 0x78, 0x9d, 0x5b, 0xff, 0xfa, 0xa7, 0x7f, 0x9b, 0xab, 0xfe, 0x2d, 0x10, 0x57, 0xfd, 0xbb,
    0xdc, 0xf2, 0xd2, 0x6f, 0xfd, 0xd9, 0xc0, 0x67, 0x71, 0xd5, 0x55, 0x57, 0x5d, 0xf5, 0xbf, 0x84,
    0xe0, 0x92, 0xe0, 0xa3, 0x6f, 0xfd, 0xeb, 0x9f, 0xfe, 0x6e, 0xae, 0xfa, 0x5f, 0xeb, 0x96, 0x97,
    0x7e, 0x6b, 0xf3, 0xff, 0x58, 0xc0, 0xeb, 0xdc, 0xfa, 0xd7, 0x3f, 0xfd, 0xdb, 0x5c, 0xf5, 0x6f,
    0x81, 0xb8, 0xea, 0xdf, 0xe5, 0x96, 0x97, 0x7e, 0xeb, 0xcf, 0x06, 0x3e, 0x8b, 0xab, 0xae, 0xba,
    0xea, 0xaa, 0xff, 0x1d, 0x3e, 0x27, 0xe0, 0xab, 0x6f, 0xfd, 0xeb, 0x9f, 0xde, 0xe5, 0xaa, 0xff,
    0xd5, 0x6e, 0x79, 0xe9, 0xb7, 0x36, 0xff, 0x8f, 0x05, 0xbc, 0xce, 0xad, 0x7f, 0xfd, 0xd3, 0xbf,
    0xcd, 0x55, 0xff, 0x16, 0x88, 0xab, 0xfe, 0x5d, 0x6e, 0x79, 0xe9, 0xb7, 0xfe, 0x6c, 0xe0, 0xb3,
    0xb8, 0xea, 0xaa, 0xab, 0xae, 0xfa, 0x9f, 0xed, 0x67, 0x02, 0x3e, 0xfa, 0xd6, 0xbf, 0xfe, 0xe9,
    0x5b, 0xb9, 0xea, 0xff, 0x84, 0x5b, 0x5e, 0xfa, 0xad, 0xcd, 0xff, 0x63, 0x01, 0xaf, 0x73, 0xeb,
    0x5f, 0xff, 0xf4, 0x6f, 0x73, 0xd5, 0xbf, 0x05, 0xe2, 0xaa, 0x7f, 0x97, 0x5b, 0x5e, 0xfa, 0xad,
    0x3f, 0x1b, 0xf8, 0x2c, 0xae, 0xba, 0xea, 0xaa, 0xab, 0xfe, 0x07, 0x12, 0x3c, 0x43, 0xf0, 0xde,
    0xb7, 0xfe, 0xf5, 0x4f, 0xff, 0x36, 0x57, 0xfd, 0x9f, 0x72, 0xcb, 0x4b, 0xbf, 0xb5, 0xf9, 0x7f,
    0x2c, 0xe0, 0x75, 0x6e, 0xfd, 0xeb, 0x9f, 0xfe, 0x6d, 0xae, 0xfa, 0xb7, 0x40, 0x5c, 0xf5, 0xef,
    0x72, 0xcb, 0x4b, 0xbf, 0xf5, 0x67, 0x03, 0x9f, 0xc5, 0x55, 0x57, 0x5d, 0x75, 0xd5, 0xff, 0x20,
    0x82, 0x4b, 0x82, 0xcf, 0xbe, 0xf5, 0xaf, 0x7f, 0xfa, 0xab, 0xb9, 0xea, 0xff, 0xa4, 0x5b, 0x5e,
    0xfa, 0xad, 0xcd, 0xff, 0x63, 0x01, 0xaf, 0x73, 0xeb, 0x5f, 0xff, 0xf4, 0x6f, 0x73, 0xd5, 0xbf,
    0x05, 0xe2, 0xaa, 0x7f, 0x97, 0x5b, 0x5e, 0xfa, 0xad, 0x3f, 0x1b, 0xf8, 0x2c, 0xae, 0xba, 0xea,
    0xaa, 0xab, 0xfe, 0xe7, 0xf8, 0x9a, 0x80, 0xcf, 0xbe, 0xf5, 0xaf, 0x7f, 0x7a, 0x97, 0xab, 0xfe,
    0xcf, 0xba, 0xe5, 0xa5, 0xdf, 0xda, 0xfc, 0x3f, 0x16, 0xf0, 0x3a, 0xb7, 0xfe, 0xf5, 0x4f, 0xff,
    0x36, 0x57, 0xfd, 0x5b, 0x20, 0xae, 0xfa, 0x77, 0xb9, 0xe5, 0xa5, 0xdf, 0xfa, 0xb3, 0x81, 0xcf,
    0xe2, 0xaa, 0xab, 0xae, 0xba, 0xea, 0xbf, 0x99, 0xe0, 0x77, 0x04, 0x1f, 0x7d, 0xeb, 0x5f, 0xff,
    0xf4, 0x5f, 0x73, 0xd5, 0xff, 0x79, 0xb7, 0xbc, 0xf4, 0x5b, 0x9b, 0xff, 0xc7, 0x02, 0x5e, 0xe7,
    0xd6, 0xbf, 0xfe, 0xe9, 0xdf, 0xe6, 0xaa, 0x7f, 0x0b, 0xc4, 0x55, 0xff, 0x2e, 0xb7, 0xbc, 0xf4,
    0x5b, 0x7f, 0x36, 0xf0, 0x59, 0x5c, 0x75, 0xd5, 0x55, 0x57, 0xfd, 0x37, 0x11, 0x3c, 0x43, 0xf0,
    0xd1, 0xb7, 0xfe, 0xf5, 0x4f, 0xff, 0x34, 0x57, 0xfd, 0xbf, 0x71, 0xcb, 0x4b, 0xbf, 0xb5, 0xf9,
    0x7f, 0x2c, 0xe0, 0x75, 0x6e, 0xfd, 0xeb, 0x9f, 0xfe, 0x6d, 0xae, 0xfa, 0xb7, 0x40, 0x5c, 0xf5,
    0xef, 0x72, 0xcb, 0x4b, 0xbf, 0xf5, 0x67, 0x03, 0x9f, 0xc5, 0x55, 0x57, 0x5d, 0x75, 0xd5, 0x7f,
    0x31, 0xc1, 0x25, 0xc3, 0x57, 0xdf, 0xf6, 0xd7, 0x3f, 0xfd, 0xd9, 0x5c, 0xf5, 0xff, 0xce, 0x2d,
    0x2f, 0xfd, 0xd6, 0xe6, 0xff, 0xb1, 0x80, 0xd7, 0xb9, 0xf5, 0xaf, 0x7f, 0xfa, 0xb7, 0xb9, 0xea,
    0xdf, 0x02, 0x71, 0xd5, 0xbf, 0xcb, 0x2d, 0x2f, 0xfd, 0xd6, 0x9f, 0x0d, 0x7c, 0x16, 0x57, 0x5d,
    0x75, 0xd5, 0x55, 0xff, 0xb5, 0xbe, 0x27, 0xe0, 0xa3, 0x6f, 0xfd, 0xeb, 0x9f, 0xde, 0xe5, 0xaa,
    0xff, 0x97, 0x6e, 0x79, 0xe9, 0xb7, 0x36, 0xff, 0x8f, 0x05, 0xbc, 0xce, 0xad, 0x7f, 0xfd, 0xd3,
    0xbf, 0xcd, 0x55, 0xff, 0x16, 0x88, 0xab, 0xfe, 0x5d, 0x6e, 0x79, 0xe9, 0xb7, 0xfe, 0x6c, 0xe0,
    0xb3, 0xb8, 0xea, 0xaa, 0xab, 0xae, 0xfa, 0x2f, 0x20, 0xf8, 0x1d, 0xc1, 0x67, 0xdf, 0xfa, 0xd7,
    0x3f, 0xfd, 0xdb, 0x5c, 0xf5, 0xff, 0xda, 0x2d, 0x2f, 0xfd, 0xd6, 0xe6, 0xff, 0xb1, 0x80, 0xd7,
    0xb9, 0xf5, 0xaf, 0x7f, 0xfa, 0xb7, 0xb9, 0xea, 0xdf, 0x02, 0x71, 0xd5, 0xbf, 0xcb, 0x2d, 0x2f,
    0xfd, 0xd6, 0x9f, 0x0d, 0x7c, 0x16, 0x57, 0x5d, 0x75, 0xd5, 0x55, 0xff, 0x89, 0x04, 0xcf, 0x10,
    0x7c, 0xf6, 0xad, 0x7f, 0xfd, 0xd3, 0xdf, 0xcd, 0x55, 0x57, 0x01, 0xb7, 0xbc, 0xf4, 0x5b, 0x9b,
    0xff, 0xc7, 0x02, 0x5e, 0xe7, 0xd6, 0xbf, 0xfe, 0xe9, 0xdf, 0xe6, 0xaa, 0x7f, 0x0b, 0xc4, 0x55,
    0xff, 0x2e, 0xb7, 0xbc, 0xf4, 0x5b, 0x7f, 0x36, 0xf0, 0x59, 0x5c, 0x75, 0xd5, 0x55, 0x57, 0xfd,
    0x27, 0x10, 0x5c, 0x32, 0x7c, 0x75, 0xc0, 0x57, 0xdf, 0xfa, 0xd7, 0x3f, 0xbd, 0xcb, 0x55, 0x57,
    0x3d, 0xd3, 0x2d, 0x2f, 0xfd, 0xd6, 0xe6, 0xff, 0xb1, 0x80, 0xd7, 0xb9, 0xf5, 0xaf, 0x7f, 0xfa,
    0xb7, 0xb9, 0xea, 0xdf, 0x02, 0x71, 0xd5, 0xbf, 0xcb, 0x2d, 0x2f, 0xfd, 0xd6, 0x9f, 0x0d, 0x7c,
    0x16, 0x57, 0x5d, 0x75, 0xd5, 0x55, 0xff, 0xf1, 0x7e, 0x26, 0xe0, 0xa3, 0x6f, 0xfd, 0xeb, 0x9f,
    0xbe, 0x95, 0xab, 0xae, 0x7a, 0x2e, 0xb7, 0xbc, 0xf4, 0x5b, 0x9b, 0xff, 0xc7, 0x02, 0x5e, 0xe7,
    0xd6, 0xbf, 0xfe, 0xe9, 0xdf, 0xe6, 0xaa, 0x7f, 0x0b, 0xc4, 0x55, 0xff, 0x2e, 0xb7, 0xbc, 0xf4,
    0x5b, 0x7f, 0x36, 0xf0, 0x59, 0x5c, 0x75, 0xd5, 0x55, 0x57, 0xfd, 0x07, 0x11, 0xfc, 0x8d, 0xe0,
    0xa3, 0x6f, 0xfd, 0xeb, 0x9f, 0xfe, 0x6d, 0xae, 0xba, 0xea, 0x05, 0xb8, 0xe5, 0xa5, 0xdf, 0xda,
    0xfc, 0x3f, 0x16, 0xf0, 0x3a, 0xb7, 0xfe, 0xf5, 0x4f, 0xff, 0x36, 0x57, 0xfd, 0x5b, 0x20, 0xae,
    0xfa, 0x77, 0xb9, 0xe5, 0xa5, 0xdf, 0xfa, 0xb3, 0x81, 0xcf, 0xe2, 0xaa, 0xab, 0xae, 0xba, 0xea,
    0xdf, 0x49, 0x70, 0x49, 0xf0, 0xd1, 0xb7, 0xfe, 0xf5, 0x4f, 0x7f, 0x37, 0x57, 0x5d, 0xf5, 0x2f,
    0xb8, 0xe5, 0xa5, 0xdf, 0xda, 0xfc, 0x3f, 0x16, 0xf0, 0x3a, 0xb7, 0xfe, 0xf5, 0x4f, 0xff, 0x36,
    0x57, 0xfd, 0x5b, 0x20, 0xae, 0xfa, 0x77, 0xb9, 0xe5, 0xa5, 0xdf, 0xfa, 0xb3, 0x81, 0xcf, 0xe2,
    0xaa, 0xab, 0xae, 0xba, 0xea, 0xdf, 0xe7, 0x73, 0x02, 0xbe, 0xfa, 0xd6, 0xbf, 0xfe, 0xe9, 0x5d,
    0xae, 0xba, 0xea, 0x45, 0x70, 0xcb, 0x4b, 0xbf, 0xb5, 0xf9, 0x7f, 0x2c, 0xe0, 0x75, 0x6e, 0xfd,
    0xeb, 0x9f, 0xfe, 0x6d, 0xae, 0xfa, 0xb7, 0x40, 0x5c, 0xf5, 0xef, 0x72, 0xcb, 0x4b, 0xbf, 0xf5,
    0x67, 0x03, 0x9f, 0xc5, 0x55, 0x57, 0x5d, 0x75, 0xd5, 0xbf, 0x81, 0xe0, 0x77, 0x04, 0xef, 0x7d,
    0xeb, 0x5f, 0xff, 0xf4, 0xad, 0x5c, 0x75, 0xd5, 0xbf, 0xc2, 0x2d, 0x2f, 0xfd, 0xd6, 0xe6, 0xff,
    0xb1, 0x80, 0xd7, 0xb9, 0xf5, 0xaf, 0x7f, 0xfa, 0xb7, 0xb9, 0xea, 0xdf, 0x02, 0x71, 0xd5, 0xbf,
    0xcb, 0x2d, 0x2f, 0xfd, 0xd6, 0x9f, 0x0d, 0x7c, 0x16, 0x57, 0x5d, 0x75, 0xd5, 0x55, 0xff, 0x4a,
    0x01, 0xef, 0x73, 0xeb, 0x5f, 0xff, 0xf4, 0x77, 0x73, 0xd5, 0x55, 0xff, 0x06, 0xb7, 0xbc, 0xf4,
    0x5b, 0x9b, 0xff, 0xc7, 0x02, 0x5e, 0xe7, 0xd6, 0xbf, 0xfe, 0xe9, 0xdf, 0xe6, 0xaa, 0x7f, 0x0b,
    0xc4, 0x55, 0xff, 0x2e, 0xb7, 0xbc, 0xf4, 0x5b, 0x7f, 0x36, 0xf0, 0x59, 0x5c, 0x75, 0xd5, 0x55,
    0x57, 0xfd, 0x2b, 0x05, 0xbc, 0xce, 0xad, 0x7f, 0xfd, 0xd3, 0xbf, 0xcd, 0x55, 0x57, 0xfd, 0x1b,
    0xdc, 0xf2, 0xd2, 0x6f, 0x6d, 0xfe, 0x1f, 0x0b, 0x78, 0x9d, 0x5b, 0xff, 0xfa, 0xa7, 0x7f, 0x9b,
    0xab, 0xfe, 0x2d, 0x10, 0x57, 0xfd, 0xbb, 0xdc, 0xf2, 0xd2, 0x6f, 0xfd, 0xd9, 0xc0, 0x67, 0x71,
    0xd5, 0x55, 0x57, 0x5d, 0xf5, 0xaf, 0x14, 0xf0, 0x3a, 0xb7, 0xfe, 0xf5, 0x4f, 0xff, 0x36, 0x57,
    0x5d, 0xf5, 0x6f, 0x70, 0xcb, 0x4b, 0xbf, 0xb5, 0xf9, 0x7f, 0x2c, 0xe0, 0x75, 0x6e, 0xfd, 0xeb,
    0x9f, 0xfe, 0x6d, 0xae, 0xfa, 0xb7, 0x40, 0x5c, 0xf5, 0xef, 0x72, 0xcb, 0x4b, 0xbf, 0xf5, 0x67,
    0x03, 0x9f, 0xc5, 0x55, 0x57, 0x5d, 0x75, 0xd5, 0xbf, 0x52, 0xc0, 0xeb, 0xdc, 0xfa, 0xd7, 0x3f,
    0xfd, 0xdb, 0x5c, 0x75, 0xd5, 0xbf, 0xc1, 0x2d, 0x2f, 0xfd, 0xd6, 0xe6, 0xff, 0xb1, 0x80, 0xd7,
    0xb9, 0xf5, 0xaf, 0x7f, 0xfa, 0xb7, 0xb9, 0xea, 0xdf, 0x02, 0x71, 0xd5, 0xbf, 0xcb, 0x2d, 0x2f,
    0xfd, 0xd6, 0x9f, 0x0d, 0x7c, 0x16, 0x57, 0x5d, 0x75, 0xd5, 0x55, 0xff, 0x4a, 0x01, 0xaf, 0x73,
    0xeb, 0x5f, 0xff, 0xf4, 0x6f, 0x73, 0xd5, 0x55, 0xff, 0x06, 0xb7, 0xbc, 0xf4, 0x5b, 0x9b, 0xff,
    0xc7, 0x02, 0x5e, 0xe7, 0xd6, 0xbf, 0xfe, 0xe9, 0xdf, 0xe6, 0xaa, 0x7f, 0x0b, 0xc4, 0x55, 0xff,
    0x2e, 0xb7, 0xbc, 0xf4, 0x5b, 0x7f, 0x36, 0xf0, 0x59, 0x5c, 0x75, 0xd5, 0x55, 0x57, 0xfd, 0x2b,
    0x05, 0xbc, 0xce, 0xad, 0x7f, 0xfd, 0xd3, 0xbf, 0xcd, 0x55, 0x57, 0xfd, 0x1b, 0xdc, 0xf2, 0xd2,
    0x6f, 0x6d, 0xfe, 0x1f, 0x0b, 0x78, 0x9d, 0x5b, 0xff, 0xfa, 0xa7, 0x7f, 0x9b, 0xab, 0xfe, 0x2d,
    0x10, 0x57, 0xfd, 0xbb, 0xdc, 0xf2, 0xd2, 0x6f, 0xfd, 0xd9, 0xc0, 0x67, 0x71, 0xd5, 0x55, 0x57,
    0x5d, 0xf5, 0xaf, 0x14, 0xf0, 0x3a, 0xb7, 0xfe, 0xf5, 0x4f, 0xff, 0x36, 0x57, 0x5d, 0xf5, 0x6f,
    0x70, 0xcb, 0x4b, 0xbf, 0xb5, 0xf9, 0x7f, 0x2c, 0xe0, 0x75, 0x6e, 0xfd, 0xeb, 0x9f, 0xfe, 0x6d,
    0xae, 0xfa, 0xb7, 0x40, 0x5c, 0xf5, 0xef, 0x72, 0xcb, 0x4b, 0xbf, 0xf5, 0x67, 0x03, 0x9f, 0xc5,
    0x55, 0x57, 0x5d, 0x75, 0xd5, 0xbf, 0x52, 0xc0, 0xeb, 0xdc, 0xfa, 0xd7, 0x3f, 0xfd, 0xdb, 0x5c,
    0x75, 0xd5, 0xbf, 0xc1, 0x2d, 0x2f, 0xfd, 0xd6, 0xe6, 0xff, 0xb1, 0x80, 0xd7, 0xb9, 0xf5, 0xaf,
    0x7f, 0xfa, 0xb7, 0xb9, 0xea, 0xdf, 0x02, 0x71, 0xd5, 0xbf, 0xcb, 0x2d, 0x2f, 0xfd, 0xd6, 0x9f,
    0x0d, 0x7c, 0x16, 0x57, 0x5d, 0x75, 0xd5, 0x55, 0xff, 0x4a, 0x01, 0xaf, 0x73, 0xeb, 0x5f, 0xff,
    0xf4, 0x6f, 0x73, 0xd5, 0x55, 0xff, 0x06, 0xb7, 0xbc, 0xf4, 0x5b, 0x9b, 0xff, 0xc7, 0x02, 0x5e,
    0xe7, 0xd6, 0xbf, 0xfe, 0xe9, 0xdf, 0xe6, 0xaa, 0x7f, 0x0b, 0xc4, 0x55, 0xff, 0x2e, 0xb7, 0xbc,
    0xf4, 0x5b, 0x7f, 0x36, 0xf0, 0x59, 0x5c, 0x75, 0xd5, 0x55, 0x57, 0xfd, 0x2b, 0x05, 0xbc, 0xce,
    0xad, 0x7f, 0xfd, 0xd3, 0xbf, 0xcd, 0x55, 0x57, 0xfd, 0x1b, 0xdc, 0xf2, 0xd2, 0x6f, 0x6d, 0xfe,
    0x1f, 0x0b, 0x78, 0x9d, 0x5b, 0xff, 0xfa, 0xa7, 0x7f, 0x9b, 0xab, 0xfe, 0x2d, 0x10, 0x57, 0xfd,
    0xbb, 0xdc, 0xf2, 0xd2, 0x6f, 0xfd, 0xd9, 0xc0, 0x67, 0x71, 0xd5, 0x55, 0x57, 0x5d, 0xf5, 0xaf,
    0x14, 0xf0, 0x3a, 0xb7, 0xfe, 0xf5, 0x4f, 0xff, 0x36, 0x57, 0x5d, 0xf5, 0x6f, 0x70, 0xcb, 0x4b,
    0xbf, 0xb5, 0xf9, 0x7f, 0x2c, 0xe0, 0x75, 0x6e, 0xfd, 0xeb, 0x9f, 0xfe, 0x6d, 0xae, 0xfa, 0xb7,
    0x40, 0x5c, 0xf5, 0xef, 0x72, 0xcb, 0x4b, 0xbf, 0xf5, 0x67, 0x03, 0x9f, 0xc5, 0x55, 0x57, 0x5d,
    0x75, 0xd5, 0xbf, 0x52, 0xc0, 0xeb, 0xdc, 0xfa, 0xd7, 0x3f, 0xfd, 0xdb, 0x5c, 0x75, 0xd5, 0xbf,
    0xc1, 0x2d, 0x2f, 0xfd, 0xd6, 0xe6, 0xff, 0xb1, 0x80, 0xd7, 0xb9, 0xf5, 0xaf, 0x7f, 0xfa, 0xb7,
    0xb9, 0xea, 0xdf, 0x02, 0x71, 0xd5, 0xbf, 0xcb, 0x2d, 0x2f, 0xfd, 0xd6, 0x9f, 0x0d, 0x7c, 0x16,
    0x57, 0x5d, 0x75, 0xd5, 0x55, 0xff, 0x4a, 0x01, 0xaf, 0x73, 0xeb, 0x5f, 0xff, 0xf4, 0x6f, 0x73,
    0xd5, 0x55, 0xff, 0x06, 0xb7, 0xbc, 0xf4, 0x5b, 0x9b, 0xff, 0xc7, 0x02, 0x5e, 0xe7, 0xd6, 0xbf,
    0xfe, 0xe9, 0xdf, 0xe6, 0xaa, 0x7f, 0x0b, 0xc4, 0x55, 0xff, 0x2e, 0xb7, 0xbc, 0xf4, 0x5b, 0x7f,
    0x36, 0xf0, 0x59, 0x5c, 0x75, 0xd5, 0x55, 0x57, 0xfd, 0x2b, 0x05, 0xbc, 0xce, 0xad, 0x7f, 0xfd,
    0xd3, 0xbf, 0xcd, 0x55, 0x57, 0xfd, 0x1b, 0xdc, 0xf2, 0xd2, 0x6f, 0x6d, 0xfe, 0x1f, 0x0b, 0x78,
    0x9d, 0x5b, 0xff, 0xfa, 0xa7, 0x7f, 0x9b, 0xab, 0xfe, 0x2d, 0x10, 0x57, 0xfd, 0xbb, 0xdc, 0xf2,
    0xd2, 0x6f, 0xfd, 0xd9, 0xc0, 0x67, 0x71, 0xd5, 0x55, 0x57, 0x5d, 0xf5, 0xaf, 0x14, 0xf0, 0x3a,
    0xb7, 0xfe, 0xf5, 0x4f, 0xff, 0x36, 0x57, 0x5d, 0xf5, 0x6f, 0x70, 0xcb, 0x4b, 0xbf, 0xb5, 0xf9,
    0x7f, 0x2c, 0xe0, 0x75, 0x6e, 0xfd, 0xeb, 0x9f, 0xfe, 0x6d, 0xae, 0xfa, 0xb7, 0x40, 0x5c, 0xf5,
    0xef, 0x72, 0xcb, 0x4b, 0xbf, 0xf5, 0x67, 0x03, 0x9f, 0xc5, 0x55, 0x57, 0x5d, 0x75, 0xd5, 0xbf,
    0x52, 0xc0, 0xeb, 0xdc, 0xfa, 0xd7, 0x3f, 0xfd, 0xdb, 0x5c, 0x75, 0xd5, 0xbf, 0xc1, 0x2d, 0x2f,
    0xfd, 0xd6, 0xe6, 0xff, 0xb1, 0x80, 0xd7, 0xb9, 0xf5, 0xaf, 0x7f, 0xfa, 0xb7, 0xb9, 0xea, 0xdf,
    0x02, 0x71, 0xd5, 0xbf, 0xcb, 0x2d, 0x2f, 0xfd, 0xd6, 0x9f, 0x0d, 0x7c, 0x16, 0x57, 0x5d, 0x75,
    0xd5, 0x55, 0xff, 0x4a, 0x01, 0xaf, 0x73, 0xeb, 0x5f, 0xff, 0xf4, 0x6f, 0x73, 0xd5, 0x55, 0xff,
    0x06, 0xb7, 0xbc, 0xf4, 0x5b, 0x9b, 0xff, 0xc7, 0x02, 0x5e, 0xe7, 0xd6, 0xbf, 0xfe, 0xe9, 0xdf,
    0xe6, 0xaa, 0x7f, 0x0b, 0xc4, 0x55, 0xff, 0x2e, 0xb7, 0xbc, 0xf4, 0x5b, 0x7f, 0x36, 0xf0, 0x59,
    0x5c, 0x75, 0xd5, 0x55, 0x57, 0xfd, 0x2b, 0x05, 0xbc, 0xce, 0xad, 0x7f, 0xfd, 0xd3, 0xbf, 0xcd,
    0x55, 0x57, 0xfd, 0x1b, 0xdc, 0xf2, 0xd2, 0x6f, 0x6d, 0xfe, 0x1f, 0x0b, 0x78, 0x9d, 0x5b, 0xff,
    0xfa, 0xa7, 0x7f, 0x9b, 0xab, 0xfe, 0x2d, 0x10, 0x57, 0xfd, 0xbb, 0xdc, 0xf2, 0xd2, 0x6f, 0xfd,
    0xd9, 0xc0, 0x67, 0x71, 0xd5, 0x55, 0x57, 0x5d, 0xf5, 0xaf, 0x14, 0xf0, 0x3a, 0xb7, 0xfe, 0xf5,
    0x4f, 0xff, 0x36, 0x57, 0x5d, 0xf5, 0x6f, 0x70, 0xcb, 0x4b, 0xbf, 0xb5, 0xf9, 0x7f, 0x2c, 0xe0,
    0x75, 0x6e, 0xfd, 0xeb, 0x9f, 0xfe, 0x6d, 0xae, 0xfa, 0xb7, 0x40, 0x5c, 0xf5, 0xef, 0x72, 0xcb,
    0x4b, 0xbf, 0xf5, 0x67, 0x03, 0x9f, 0xc5, 0x55, 0x57, 0x5d, 0x75, 0xd5, 0xbf, 0x52, 0xc0, 0xeb,
    0xdc, 0xfa, 0xd7, 0x3f, 0xfd, 0xdb, 0x5c, 0x75, 0xd5, 0xbf, 0xc1, 0x2d, 0x2f, 0xfd, 0xd6, 0xe6,
    0xff, 0xb1, 0x80, 0xd7, 0xb9, 0xf5, 0xaf, 0x7f, 0xfa, 0xb7, 0xb9, 0xea, 0xdf, 0x02, 0x71, 0xd5,
    0xbf, 0xcb, 0x2d, 0x2f, 0xfd, 0xd6, 0x9f, 0x0d, 0x7c, 0x16, 0x57, 0x5d, 0x75, 0xd5, 0x55, 0xff,
    0x4a, 0x01, 0xaf, 0x73, 0xeb, 0x5f, 0xff, 0xf4, 0x6f, 0x73, 0xd5, 0x55, 0xff, 0x06, 0xb7, 0xbc,
    0xf4, 0x5b, 0x9b, 0xff, 0xc7, 0x02, 0x5e, 0xe7, 0xd6, 0xbf, 0xfe, 0xe9, 0xdf, 0xe6, 0xaa, 0x7f,
    0x0b, 0xc4, 0x55, 0xff, 0x2e, 0xb7, 0xbc, 0xf4, 0x5b, 0x7f, 0x36, 0xf0, 0x59, 0x5c, 0x75, 0xd5,
    0x55, 0x57, 0xfd, 0x2b, 0x05, 0xbc, 0xce, 0xad, 0x7f, 0xfd, 0xd3, 0xbf, 0xcd, 0x55, 0x57, 0xfd,
    0x1b, 0xdc, 0xf2, 0xd2, 0x6f, 0x6d, 0xfe, 0x1f, 0x0b, 0x78, 0x9d, 0x5b, 0xff, 0xfa, 0xa7, 0x7f,
    0x9b, 0xab, 0xfe, 0x2d, 0x10, 0x57, 0xfd, 0xbb, 0xdc, 0xf2, 0xd2, 0x6f, 0xfd, 0xd9, 0xc0, 0x67,
    0x71, 0xd5, 0x55, 0x57, 0x5d, 0xf5, 0xaf, 0x14, 0xf0, 0x3a, 0xb7, 0xfe, 0xf5, 0x4f, 0xff, 0x36,
    0x57, 0x5d, 0xf5, 0x6f, 0x70, 0xcb, 0x4b, 0xbf, 0xb5, 0xf9, 0x7f, 0x2c, 0xe0, 0x75, 0x6e, 0xfd,
    0xeb, 0x9f, 0xfe, 0x6d, 0xae, 0xfa, 0xb7, 0x40, 0x5c, 0xf5, 0xef, 0x72, 0xcb, 0x4b, 0xbf, 0xf5,
    0x67, 0x03, 0x9f, 0xc5, 0x55, 0x57, 0x5d, 0x75, 0xd5, 0xbf, 0x52, 0xc0, 0xeb, 0xdc, 0xfa, 0xd7,
    0x3f, 0xfd, 0xdb, 0x5c, 0x75, 0xd5, 0xbf, 0xc1, 0x2d, 0x2f, 0xfd, 0xd6, 0xe6, 0xff, 0xb1, 0x80,
    0xd7, 0xb9, 0xf5, 0xaf, 0x7f, 0xfa, 0xb7, 0xb9, 0xea, 0xdf, 0x02, 0x71, 0xd5, 0xbf, 0xcb, 0x2d,
    0x2f, 0xfd, 0xd6, 0x9f, 0x0d, 0x7c, 0x16, 0x57, 0x5d, 0x75, 0xd5, 0x55, 0xff, 0x4a, 0x01, 0xaf,
    0x73, 0xeb, 0x5f, 0xff, 0xf4, 0x6f, 0x73, 0xd5, 0x55, 0xff, 0x06, 0xb7, 0xbc, 0xf4, 0x5b, 0x9b,
    0xff, 0xc7, 0x02, 0x5e, 0xe7, 0xd6, 0xbf, 0xfe, 0xe9, 0xdf, 0xe6, 0xaa, 0x7f, 0x0b, 0xc4, 0x55,
    0xff, 0x2e, 0xb7, 0xbc, 0xf4, 0x5b, 0x7f, 0x36, 0xf0, 0x59, 0x5c, 0x75, 0xd5, 0x55, 0x57, 0xfd,
    0x2b, 0x05, 0xbc, 0xce, 0xad, 0x7f, 0xfd, 0xd3, 0xbf, 0xcd, 0x55, 0x57, 0xfd, 0x1b, 0xdc, 0xf2,
    0xd2, 0x6f, 0x6d, 0xfe, 0x1f, 0x0b, 0x78, 0x9d, 0x5b, 0xff, 0xfa, 0xa7, 0x7f, 0x9b, 0xab, 0xfe,
    0x2d, 0x10, 0x57, 0xfd, 0xbb, 0xdc, 0xf2, 0xd2, 0x6f, 0xfd, 0xd9, 0xc0, 0x67, 0x71, 0xd5, 0x55,
    0x57, 0x5d, 0xf5, 0xaf, 0x14, 0xf0, 0x3a, 0xb7, 0xfe, 0xf5, 0x4f, 0xff, 0x36, 0x57, 0x5d, 0xf5,
    0x6f, 0x70, 0xcb, 0x4b, 0xbf, 0xb5, 0xf9, 0x7f, 0x2c, 0xe0, 0x75, 0x6e, 0xfd, 0xeb, 0x9f, 0xfe,
    0x6d, 0xae, 0xfa, 0xb7, 0x40, 0x5c, 0xf5, 0xef, 0x72, 0xcb, 0x4b, 0xbf, 0xf5, 0x67, 0x03, 0x9f,
    0xc5, 0x55, 0x57, 0x5d, 0x75, 0xd5, 0xbf, 0x52, 0xc0, 0xeb, 0xdc, 0xfa, 0xd7, 0x3f, 0xfd, 0xdb,
    0x5c, 0x75, 0xd5, 0xbf, 0xc1, 0x2d, 0x2f, 0xfd, 0xd6, 0xe6, 0xff, 0xb1, 0x80, 0xd7, 0xb9, 0xf5,
    0xaf, 0x7f, 0xfa, 0xb7, 0xb9, 0xea, 0xdf, 0x02, 0x71, 0xd5, 0xbf, 0xcb, 0x2d, 0x2f, 0xfd, 0xd6,
    0x9f, 0x0d, 0x7c, 0x16, 0x57, 0x5d, 0x75, 0xd5, 0x55, 0xff, 0x4a, 0x01, 0xaf, 0x73, 0xeb, 0x5f,
    0xff, 0xf4, 0x6f, 0x73, 0xd5, 0x55, 0xff, 0x06, 0xb7, 0xbc, 0xf4, 0x5b, 0x9b, 0xff, 0xc7, 0x02,
    0x5e, 0xe7, 0xd6, 0xbf, 0xfe, 0xe9, 0xdf, 0xe6, 0xaa, 0x7f, 0x0b, 0xc4, 0x55, 0xff, 0x2e, 0xb7,
    0xbc, 0xf4, 0x5b, 0x7f, 0x36, 0xf0, 0x59, 0x5c, 0x75, 0xd5, 0x55, 0x57, 0xfd, 0x2b, 0x05, 0xbc,
    0xce, 0xad, 0x7f, 0xfd, 0xd3, 0xbf, 0xcd, 0x55, 0x57, 0xfd, 0x1b, 0xdc, 0xf2, 0xd2, 0x6f, 0x6d,
    0xfe, 0x1f, 0x0b, 0x78, 0x9d, 0x5b, 0xff, 0xfa, 0xa7, 0x7f, 0x9b, 0xab, 0xfe, 0x2d, 0x10, 0x57,
    0xfd, 0xbb, 0xdc, 0xf2, 0xd2, 0x6f, 0xfd, 0xd9, 0xc0, 0x67, 0x71, 0xd5, 0x55, 0x57, 0x5d, 0xf5,
    0xaf, 0x14, 0xf0, 0x3a, 0xb7, 0xfe, 0xf5, 0x4f, 0xff, 0x36, 0x57, 0x5d, 0xf5, 0x6f, 0x70, 0xcb,
    0x4b, 0xbf, 0xb5, 0xf9, 0x7f, 0x2c, 0xe0, 0x75, 0x6e, 0xfd, 0xeb, 0x9f, 0xfe, 0x6d, 0xae, 0xfa,
    0xb7, 0x40, 0x5c, 0xf5, 0xef, 0x72, 0xcb, 0x4b, 0xbf, 0xf5, 0x67, 0x03, 0x9f, 0xc5, 0x55, 0x57,
    0x5d, 0x75, 0xd5, 0xbf, 0x52, 0xc0, 0xeb, 0xdc, 0xfa, 0xd7, 0x3f, 0xfd, 0xdb, 0x5c, 0x75, 0xd5,
    0xbf, 0xc1, 0x2d, 0x2f, 0xfd, 0xd6, 0xe6, 0xff, 0xb1, 0x80, 0xd7, 0xb9, 0xf5, 0xaf, 0x7f, 0xfa,
    0xb7, 0xb9, 0xea, 0xdf, 0x02, 0x71, 0xd5, 0xbf, 0xcb, 0x2d, 0x2f, 0xfd, 0xd6, 0x9f, 0x0d, 0x7c,
    0x16, 0x57, 0x5d, 0x75, 0xd5, 0x55, 0xff, 0x4a, 0x01, 0xaf, 0x73, 0xeb, 0x5f, 0xff, 0xf4, 0x6f,
    0x73, 0xd5, 0x55, 0xff, 0x06, 0xb7, 0xbc, 0xf4, 0x5b, 0x9b, 0xff, 0xc7, 0x02, 0x5e, 0xe7, 0xd6,
    0xbf, 0xfe, 0xe9, 0xdf, 0xe6, 0xaa, 0x7f, 0x0b, 0xc4, 0x55, 0xff, 0x2e, 0xb7, 0xbc, 0xf4, 0x5b,
    0x7f, 0x36, 0xf0, 0x59, 0x5c, 0x75, 0xd5, 0x55, 0x57, 0xfd, 0x2b, 0x05, 0xbc, 0xce, 0xad, 0x7f,
    0xfd, 0xd3, 0xbf, 0xcd, 0x55, 0x57, 0xfd, 0x1b, 0xdc, 0xf2, 0xd2, 0x6f, 0x6d, 0xfe, 0x1f, 0x0b,
    0x78, 0x9d, 0x5b, 0xff, 0xfa, 0xa7, 0x7f, 0x9b, 0xab, 0xfe, 0x2d, 0x10, 0x57, 0xfd, 0xbb, 0xdc,
    0xf2, 0xd2, 0x6f, 0xfd, 0xd9, 0xc0, 0x67, 0x71, 0xd5, 0x55, 0x57, 0x5d, 0xf5, 0xaf, 0x14, 0xf0,
    0x3a, 0xb7, 0xfe, 0xf5, 0x4f, 0xff, 0x36, 0x57, 0x5d, 0xf5, 0x6f, 0x70, 0xcb, 0x4b, 0xbf, 0xb5,
    0xf9, 0x7f, 0x2c, 0xe0, 0x75, 0x6e, 0xfd, 0xeb, 0x9f, 0xfe, 0x6d, 0xae, 0xfa, 0xb7, 0x40, 0x5c,
    0xf5, 0xef, 0x72, 0xcb, 0x4b, 0xbf, 0xf5, 0x67, 0x03, 0x9f, 0xc5, 0x55, 0x57, 0x5d, 0x75, 0xd5,
    0xbf, 0x52, 0xc0, 0xeb, 0xdc, 0xfa, 0xd7, 0x3f, 0xfd, 0xdb, 0x5c, 0x75, 0xd5, 0xbf, 0xc1, 0x2d,
    0x2f, 0xfd, 0xd6, 0xe6, 0xff, 0xb1, 0x80, 0xd7, 0xb9, 0xf5, 0xaf, 0x7f, 0xfa, 0xb7, 0xb9, 0xea,
    0xdf, 0x02, 0x71, 0xd5, 0xbf, 0xcb, 0x2d, 0x2f, 0xfd, 0xd6, 0x9f, 0x0d, 0x7c, 0x16, 0x57, 0x5d,
    0x75, 0xd5, 0x55, 0xff, 0x4a, 0x01, 0xaf, 0x73, 0xeb, 0x5f, 0xff, 0xf4, 0x6f, 0x73, 0xd5, 0x55,
    0xff, 0x06, 0xb7, 0xbc, 0xf4, 0x5b, 0x9b, 0xff, 0xc7, 0x02, 0x5e, 0xe7, 0xd6, 0xbf, 0xfe, 0xe9,
    0xdf, 0xe6, 0xaa, 0x7f, 0x0b, 0xc4, 0x55, 0xff, 0x2e, 0xb7, 0xbc, 0xf4, 0x5b, 0x7f, 0x36, 0xf0,
    0x59, 0x5c, 0x75, 0xd5, 0x55, 0x57, 0xfd, 0x2b, 0x05, 0xbc, 0xce, 0xad, 0x7f, 0xfd, 0xd3, 0xbf,
    0xcd, 0x55, 0x57, 0xfd, 0x1b, 0xdc, 0xf2, 0xd2, 0x6f, 0x6d, 0xfe, 0x1f, 0x0b, 0x78, 0x9d, 0x5b,
    0xff, 0xfa, 0xa7, 0x7f, 0x9b, 0xab, 0xfe, 0x2d, 0x10, 0x57, 0xfd, 0xbb, 0xdc, 0xf2, 0xd2, 0x6f,
    0xfd, 0xd9, 0xc0, 0x67, 0x71, 0xd5, 0x55, 0x57, 0x5d, 0xf5, 0xaf, 0x14, 0xf0, 0x3a, 0xb7, 0xfe,
    0xf5, 0x4f, 0xff, 0x36, 0x57, 0x5d, 0xf5, 0x6f, 0x70, 0xcb, 0x4b, 0xbf, 0xb5, 0xf9, 0x7f, 0x2c,
    0xe0, 0x75, 0x6e, 0xfd, 0xeb, 0x9f, 0xfe, 0x6d, 0xae, 0xfa, 0xb7, 0x40, 0x5c, 0xf5, 0xef, 0x72,
    0xcb, 0x4b, 0xbf, 0xf5, 0x67, 0x03, 0x9f, 0xc5, 0x55, 0x57, 0x5d, 0x75, 0xd5, 0xbf, 0x52, 0xc0,
    0xeb, 0xdc, 0xfa, 0xd7, 0x3f, 0xfd, 0xdb, 0x5c, 0x75, 0xd5, 0xbf, 0xc1, 0x2d, 0x2f, 0xfd, 0xd6,
    0xe6, 0xff, 0xb1, 0x80, 0xd7, 0xb9, 0xf5, 0xaf, 0x7f, 0xfa, 0xb7, 0xb9, 0xea, 0xdf, 0x02, 0x71,
    0xd5, 0xbf, 0xcb, 0x2d, 0x2f, 0xfd, 0xd6, 0x9f, 0x0d, 0x7c, 0x16, 0x57, 0x5d, 0x75, 0xd5, 0x55,
    0xff, 0x4a, 0x01, 0xaf, 0x73, 0xeb, 0x5f, 0xff, 0xf4, 0x6f, 0x73, 0xd5, 0x55, 0xff, 0x06, 0xb7,
    0xbc, 0xf4, 0x5b, 0x9b, 0xff, 0xc7, 0x02, 0x5e, 0xe7, 0xd6, 0xbf, 0xfe, 0xe9, 0xdf, 0xe6, 0xaa,
    0x7f, 0x0b, 0xc4, 0x55, 0xff, 0x2e, 0xb7, 0xbc, 0xf4, 0x5b, 0x7f, 0x36, 0xf0, 0x59, 0x5c, 0x75,
    0xd5, 0x55, 0x57, 0xfd, 0x2b, 0x05, 0xbc, 0xce, 0xad, 0x7f, 0xfd, 0xd3, 0xbf, 0xcd, 0x55, 0x57,
    0xfd, 0x1b, 0xdc, 0xf2, 0xd2, 0x6f, 0x6d, 0xfe, 0x1f, 0x0b, 0x78, 0x9d, 0x5b, 0xff, 0xfa, 0xa7,
    0x7f, 0x9b, 0xab, 0xfe, 0x2d, 0x10, 0x57, 0xfd, 0xbb, 0xdc, 0xf2, 0xd2, 0x6f, 0xfd, 0xd9, 0xc0,
    0x67, 0x71, 0xd5, 0x55, 0x57, 0x5d, 0xf5, 0xaf, 0x14, 0xf0, 0x3a, 0xb7, 0xfe, 0xf5, 0x4f, 0xff,
    0x36, 0x57, 0x5d, 0xf5, 0x6f, 0x70, 0xcb, 0x4b, 0xbf, 0xb5, 0xf9, 0x7f, 0x2c, 0xe0, 0x75, 0x6e,
    0xfd, 0xeb, 0x9f, 0xfe, 0x6d, 0xae, 0xfa, 0xb7, 0x40, 0x5c, 0xf5, 0xef, 0x72, 0xcb, 0x4b, 0xbf,
    0xf5, 0x67, 0x03, 0x9f, 0xc5, 0x55, 0x57, 0x5d, 0x75, 0xd5, 0xbf, 0x52, 0xc0, 0xeb, 0xdc, 0xfa,
    0xd7, 0x3f, 0xfd, 0xdb, 0x5c, 0x75, 0xd5, 0xbf, 0xc1, 0x2d, 0x2f, 0xfd, 0xd6, 0xe6, 0xff, 0xb1,
    0x80, 0xd7, 0xb9, 0xf5, 0xaf, 0x7f, 0xfa, 0xb7, 0xb9, 0xea, 0xdf, 0x02, 0x71, 0xd5, 0xbf, 0xcb,
    0x2d, 0x2f, 0xfd, 0xd6, 0x9f, 0x0d, 0x7c, 0x16, 0x57, 0x5d, 0x75, 0xd5, 0x55, 0xff, 0x4a, 0x01,
    0xaf, 0x73, 0xeb, 0x5f, 0xff, 0xf4, 0x6f, 0x73, 0xd5, 0x55, 0xff, 0x06, 0xb7, 0xbc, 0xf4, 0x5b,
    0x9b, 0xff, 0xc7, 0x02, 0x5e, 0xe7, 0xd6, 0xbf, 0xfe, 0xe9, 0xdf, 0xe6, 0xaa, 0x7f, 0x0b, 0xc4,
    0x55, 0xff, 0x2e, 0xb7, 0xbc, 0xf4, 0x5b, 0x7f, 0x36, 0xf0, 0x59, 0x5c, 0x75, 0xd5, 0x55, 0x57,
    0xfd, 0x2b, 0x05, 0xbc, 0xce, 0xad, 0x7f, 0xfd, 0xd3, 0xbf, 0xcd, 0x55, 0x57, 0xfd, 0x1b, 0xdc,
    0xf2, 0xd2, 0x6f, 0x6d, 0xfe, 0x1f, 0x0b, 0x78, 0x9d, 0x5b, 0xff, 0xfa, 0xa7, 0x7f, 0x9b, 0xab,
    0xfe, 0x2d, 0x10, 0x57, 0xfd, 0xbb, 0xdc, 0xf2, 0xd2, 0x6f, 0xfd, 0xd9, 0xc0, 0x67, 0x71, 0xd5,
    0x55, 0x57, 0x5d, 0xf5, 0xaf, 0x14, 0xf0, 0x3a, 0xb7, 0xfe, 0xf5, 0x4f, 0xff, 0x36, 0x57, 0x5d,
    0xf5, 0x6f, 0x70, 0xcb, 0x4b, 0xbf, 0xb5, 0xf9, 0x7f, 0x2c, 0xe0, 0x75, 0x6e, 0xfd, 0xeb, 0x9f,
    0xfe, 0x6d, 0xae, 0xfa, 0xb7, 0x40, 0x5c, 0xf5, 0xef, 0x72, 0xcb, 0x4b, 0xbf, 0xf5, 0x67, 0x03,
    0x9f, 0xc5, 0x55, 0x57, 0x5d, 0x75, 0xd5, 0xbf, 0x52, 0xc0, 0xeb, 0xdc, 0xfa, 0xd7, 0x3f, 0xfd,
    0xdb, 0x5c, 0x75, 0xd5, 0xbf, 0xc1, 0x2d, 0x2f, 0xfd, 0xd6, 0xe6, 0xff, 0xb1, 0x80, 0xd7, 0xb9,
    0xf5, 0xaf, 0x7f, 0xfa, 0xb7, 0xb9, 0xea, 0xdf, 0x02, 0x71, 0xd5, 0xbf, 0xcb, 0x2d, 0x2f, 0xfd,
    0xd6, 0x9f, 0x0d, 0x7c, 0x16, 0x57, 0x5d, 0x75, 0xd5, 0x55, 0xff, 0x4a, 0x01, 0xaf, 0x73, 0xeb,
    0x5f, 0xff, 0xf4, 0x6f, 0x73, 0xd5, 0x55, 0xff, 0x06, 0xb7, 0xbc, 0xf4, 0x5b, 0x9b, 0xff, 0xc7,
    0x02, 0x5e, 0xe7, 0xd6, 0xbf, 0xfe, 0xe9, 0xdf, 0xe6, 0xaa, 0x7f, 0x0b, 0xc4, 0x55, 0xff, 0x2e,
    0xb7, 0xbc, 0xf4, 0x5b, 0x7f, 0x36, 0xf0, 0x59, 0x5c, 0x75, 0xd5, 0x55, 0x57, 0xfd, 0x2b, 0x05,
    0xbc, 0xce, 0xad, 0x7f, 0xfd, 0xd3, 0xbf, 0xcd, 0x55, 0x57, 0xfd, 0x1b, 0xdc, 0xf2, 0xd2, 0x6f,
    0x6d, 0xfe, 0x1f, 0x0b, 0x78, 0x9d, 0x5b, 0xff, 0xfa, 0xa7, 0x7f, 0x9b, 0xab, 0xfe, 0x2d, 0x10,
    0x57, 0xfd, 0xbb, 0xdc, 0xf2, 0xd2, 0x6f, 0xfd, 0xd9, 0xc0, 0x67, 0x71, 0xd5, 0x55, 0x57, 0x5d,
    0xf5, 0xaf, 0x14, 0xf0, 0x3a, 0xb7, 0xfe, 0xf5, 0x4f, 0xff, 0x36, 0x57, 0x5d, 0xf5, 0x6f, 0x70,
    0xcb, 0x4b, 0xbf, 0xb5, 0xf9, 0x7f, 0x2c, 0xe0, 0x75, 0x6e, 0xfd, 0xeb, 0x9f, 0xfe, 0x6d, 0xae,
    0xfa, 0xb7, 0x40, 0x5c, 0xf5, 0xef, 0x72, 0xcb, 0x4b, 0xbf, 0xf5, 0x67, 0x03, 0x9f, 0xc5, 0x55,
    0x57, 0x5d, 0x75, 0xd5, 0xbf, 0x52, 0xc0, 0xeb, 0xdc, 0xfa, 0xd7, 0x3f, 0xfd, 0xdb, 0x5c, 0x75,
    0xd5, 0xbf, 0xc1, 0x2d, 0x2f, 0xfd, 0xd6, 0xe6, 0xff, 0xb1, 0x80, 0xd7, 0xb9, 0xf5, 0xaf, 0x7f,
    0xfa, 0xb7, 0xb9, 0xea, 0xdf, 0x02, 0x71, 0xd5, 0xbf, 0xcb, 0x2d, 0x2f, 0xfd, 0xd6, 0x9f, 0x0d,
    0x7c, 0x16, 0x57, 0x5d, 0x75, 0xd5, 0x55, 0xff, 0x4a, 0x01, 0xaf, 0x73, 0xeb, 0x5f, 0xff, 0xf4,
    0x6f, 0x73, 0xd5, 0x55, 0xff, 0x06, 0xb7, 0xbc, 0xf4, 0x5b, 0x9b, 0xff, 0xc7, 0x02, 0x5e, 0xe7,
    0xd6, 0xbf, 0xfe, 0xe9, 0xdf, 0xe6, 0xaa, 0x7f, 0x0b, 0xc4, 0x55, 0xff, 0x2e, 0xb7, 0xbc, 0xf4,
    0x5b, 0x7f, 0x36, 0xf0, 0x59, 0x5c, 0x75, 0xd5, 0x55, 0x57, 0xfd, 0x2b, 0x05, 0xbc, 0xce, 0xad,
    0x7f, 0xfd, 0xd3, 0xbf, 0xcd, 0x55, 0x57, 0xfd, 0x1b, 0xdc, 0xf2, 0xd2, 0x6f, 0x6d, 0xfe, 0x1f,
    0x0b, 0x78, 0x9d, 0x5b, 0xff, 0xfa, 0xa7, 0x7f, 0x9b, 0xab, 0xfe, 0x2d, 0x10, 0x57, 0xfd, 0xbb,
    0xdc, 0xf2, 0xd2, 0x6f, 0xfd, 0xd9, 0xc0, 0x67, 0x71, 0xd5, 0x55, 0x57, 0x5d, 0xf5, 0xaf, 0x14,
    0xf0, 0x3a, 0xb7, 0xfe, 0xf5, 0x4f, 0xff, 0x36, 0x57, 0x5d, 0xf5, 0x6f, 0x70, 0xcb, 0x4b, 0xbf,
    0xb5, 0xf9, 0x7f, 0x2c, 0xe0, 0x75, 0x6e, 0xfd, 0xeb, 0x9f, 0xfe, 0x6d, 0xae, 0xfa, 0xb7, 0x40,
    0x5c, 0xf5, 0xef, 0x72, 0xcb, 0x4b, 0xbf, 0xf5, 0x67, 0x03, 0x9f, 0xc5, 0x55, 0x57, 0x5d, 0x75,
    0xd5, 0xbf, 0x52, 0xc0, 0xeb, 0xdc, 0xfa, 0xd7, 0x3f, 0xfd, 0xdb, 0x5c, 0x75, 0xd5, 0xbf, 0xc1,
    0x2d, 0x2f, 0xfd, 0xd6, 0xe6, 0xff, 0xb1, 0x80, 0xd7, 0xb9, 0xf5, 0xaf, 0x7f, 0xfa, 0xb7, 0xb9,
    0xea, 0xdf, 0x02, 0x71, 0xd5, 0xbf, 0xcb, 0x2d, 0x2f, 0xfd, 0xd6, 0x9f, 0x0d, 0x7c, 0x16, 0x57,
    0x5d, 0x75, 0xd5, 0x55, 0xff, 0x4a, 0x01, 0xaf, 0x73, 0xeb, 0x5f, 0xff, 0xf4, 0x6f, 0x73, 0xd5,
    0x55, 0xff, 0x06, 0xb7, 0xbc, 0xf4, 0x5b, 0x9b, 0xff, 0xc7, 0x02, 0x5e, 0xe7, 0xd6, 0xbf, 0xfe,
    0xe9, 0xdf, 0xe6, 0xaa, 0x7f, 0x0b, 0xc4, 0x55, 0xff, 0x2e, 0xb7, 0xbc, 0xf4, 0x5b, 0x7f, 0x36,
    0xf0, 0x59, 0x5c, 0x75, 0xd5, 0x55, 0x57, 0xfd, 0x2b, 0x05, 0xbc, 0xce, 0xad, 0x7f, 0xfd, 0xd3,
    0xbf, 0xcd, 0x55, 0x57, 0xfd, 0x1b, 0xdc, 0xf2, 0xd2, 0x6f, 0x6d, 0xfe, 0x1f, 0x0b, 0x78, 0x9d,
    0x5b, 0xff, 0xfa, 0xa7, 0x7f, 0x9b, 0xab, 0xfe, 0x2d, 0x10, 0x57, 0xfd, 0xbb, 0xdc, 0xf2, 0xd2,
    0x6f, 0xfd, 0xd9, 0xc0, 0x67, 0x71, 0xd5, 0x55, 0x57, 0x5d, 0xf5, 0xaf, 0x14, 0xf0, 0x3a, 0xb7,
    0xfe, 0xf5, 0x4f, 0xff, 0x36, 0x57, 0x5d, 0xf5, 0x6f, 0x70, 0xcb, 0x4b, 0xbf, 0xb5, 0xf9, 0x7f,
    0x2c, 0xe0, 0x75, 0x6e, 0xfd, 0xeb, 0x9f, 0xfe, 0x6d, 0xae, 0xfa, 0xb7, 0x40, 0x5c, 0xf5, 0xef,
    0x72, 0xcb, 0x4b, 0xbf, 0xf5, 0x67, 0x03, 0x9f, 0xc5, 0x55, 0x57, 0x5d, 0x75, 0xd5, 0xbf, 0x52,
    0xc0, 0xeb, 0xdc, 0xfa, 0xd7, 0x3f, 0xfd, 0xdb, 0x5c, 0x75, 0xd5, 0xbf, 0xc1, 0x2d, 0x2f, 0xfd,
    0xd6, 0xe6, 0xff, 0xb1, 0x80, 0xd7, 0xb9, 0xf5, 0xaf, 0x7f, 0xfa, 0xb7, 0xb9, 0xea, 0xdf, 0x02,
    0x71, 0xd5, 0xbf, 0xcb, 0x2d, 0x2f, 0xfd, 0xd6, 0x9f, 0x0d, 0x7c, 0x16, 0x57, 0x5d, 0x75, 0xd5,
    0x55, 0xff, 0x4a, 0x01, 0xaf, 0x73, 0xeb, 0x5f, 0xff, 0xf4, 0x6f, 0x73, 0xd5, 0x55, 0xff, 0x06,
    0xb7, 0xbc, 0xf4, 0x5b, 0x9b, 0xff, 0xc7, 0x02, 0x5e, 0xe7, 0xd6, 0xbf, 0xfe, 0xe9, 0xdf, 0xe6,
    0xaa, 0x7f, 0x0b, 0xc4, 0x55, 0xff, 0x2e, 0xb7, 0xbc, 0xf4, 0x5b, 0x7f, 0x36, 0xf0, 0x59, 0x5c,
    0x75, 0xd5, 0x55, 0x57, 0xfd, 0x2b, 0x05, 0xbc, 0xce, 0xad, 0x7f, 0xfd, 0xd3, 0xbf, 0xcd, 0x55,
    0x57, 0xfd, 0x1b, 0xdc, 0xf2, 0xd2, 0x6f, 0x6d, 0xfe, 0x1f, 0x0b, 0x78, 0x9d, 0x5b, 0xff, 0xfa,
    0xa7, 0x7f, 0x9b, 0xab, 0xfe, 0x2d, 0x10, 0x57, 0xfd, 0xbb, 0xdc, 0xf2, 0xd2, 0x6f, 0xfd, 0xd9,
    0xc0, 0x67, 0x71, 0xd5, 0x55, 0x57, 0x5d, 0xf5, 0xaf, 0x14, 0xf0, 0x3a, 0xb7, 0xfe, 0xf5, 0x4f,
    0xff, 0x36, 0x57, 0x5d, 0xf5, 0x6f, 0x70, 0xcb, 0x4b, 0xbf, 0xb5, 0xf9, 0x7f, 0x2c, 0xe0, 0x75,
    0x6e, 0xfd, 0xeb, 0x9f, 0xfe, 0x6d, 0xae, 0xfa, 0xb7, 0x40, 0x5c, 0xf5, 0xef, 0x72, 0xcb, 0x4b,
    0xbf, 0xf5, 0x67, 0x03, 0x9f, 0xc5, 0x55, 0x57, 0x5d, 0x75, 0xd5, 0xbf, 0x52, 0xc0, 0xeb, 0xdc,
    0xfa, 0xd7, 0x3f, 0xfd, 0xdb, 0x5c, 0x75, 0xd5, 0xbf, 0xc1, 0x2d, 0x2f, 0xfd, 0xd6, 0xe6, 0xff,
    0xb1, 0x80, 0xd7, 0xb9, 0xf5, 0xaf, 0x7f, 0xfa, 0xb7, 0xb9, 0xea, 0xdf, 0x02, 0x71, 0xd5, 0xbf,
    0xcb, 0x2d, 0x2f, 0xfd, 0xd6, 0x9f, 0x0d, 0x7c, 0x16, 0x57, 0x5d, 0x75, 0xd5, 0x55, 0xff, 0x4a,
    0x01, 0xaf, 0x73, 0xeb, 0x5f, 0xff, 0xf4, 0x6f, 0x73, 0xd5, 0x55, 0xff, 0x06, 0xb7, 0xbc, 0xf4,
    0x5b, 0x9b, 0xff, 0xc7, 0x02, 0x5e, 0xe7, 0xd6, 0xbf, 0xfe, 0xe9, 0xdf, 0xe6, 0xaa, 0x7f, 0x0b,
    0xc4, 0x55, 0xff, 0x2e, 0xb7, 0xbc, 0xf4, 0x5b, 0x7f, 0x36, 0xf0, 0x59, 0x5c, 0x75, 0xd5, 0x55,
    0x57, 0xfd, 0x2b, 0x05, 0xbc, 0xce, 0xad, 0x7f, 0xfd, 0xd3, 0xbf, 0xcd, 0x55, 0x57, 0xfd, 0x1b,
    0xdc, 0xf2, 0xd2, 0x6f, 0x6d, 0xfe, 0x1f, 0x0b, 0x78, 0x9d, 0x5b, 0xff, 0xfa, 0xa7, 0x7f, 0x9b,
    0xab, 0xfe, 0x2d, 0x10, 0x57, 0xfd, 0xbb, 0xdc, 0xf2, 0xd2, 0x6f, 0xfd, 0xd9, 0xc0, 0x67, 0x71,
    0xd5, 0x55, 0x57, 0x5d, 0xf5, 0xaf, 0x14, 0xf0, 0x3a, 0xb7, 0xfe, 0xf5, 0x4f, 0xff, 0x36, 0x57,
    0x5d, 0xf5, 0x6f, 0x70, 0xcb, 0x4b, 0xbf, 0xb5, 0xf9, 0x7f, 0x2c, 0xe0, 0x75, 0x6e, 0xfd, 0xeb,
    0x9f, 0xfe, 0x6d, 0xae, 0xfa, 0xb7, 0x40, 0x5c, 0xf5, 0xef, 0x72, 0xcb, 0x4b, 0xbf, 0xf5, 0x67,
    0x03, 0x9f, 0xc5, 0x55, 0x57, 0x5d, 0x75, 0xd5, 0xbf, 0x52, 0xc0, 0xeb, 0xdc, 0xfa, 0xd7, 0x3f,
    0xfd, 0xdb, 0x5c, 0x75, 0xd5, 0xbf, 0xc1, 0x2d, 0x2f, 0xfd, 0xd6, 0xe6, 0xff, 0xb1, 0x80, 0xd7,
    0xb9, 0xf5, 0xaf, 0x7f, 0xfa, 0xb7, 0xb9, 0xea, 0xdf, 0x02, 0x71, 0xd5, 0xbf, 0xcb, 0x2d, 0x2f,
    0xfd, 0xd6, 0x9f, 0x0d, 0x7c, 0x16, 0x57, 0x5d, 0x75, 0xd5, 0x55, 0xff, 0x4a, 0x01, 0xaf, 0x73,
    0xeb, 0x5f, 0xff, 0xf4, 0x6f, 0x73, 0xd5, 0x55, 0xff, 0x06, 0xb7, 0xbc, 0xf4, 0x5b, 0x9b, 0xff,
    0xc7, 0x02, 0x5e, 0xe7, 0xd6, 0xbf, 0xfe, 0xe9, 0xdf, 0xe6, 0xaa, 0x7f, 0x0b, 0xc4, 0x55, 0xff,
    0x2e, 0xb7, 0xbc, 0xf4, 0x5b, 0x7f, 0x36, 0xf0, 0x59, 0x5c, 0x75, 0xd5, 0x55, 0x57, 0xfd, 0x2b,
    0x05, 0xbc, 0xce, 0xad, 0x7f, 0xfd, 0xd3, 0xbf, 0xcd, 0x55, 0x57, 0xfd, 0x1b, 0xdc, 0xf2, 0xd2,
    0x6f, 0x6d, 0xfe, 0x1f, 0x0b, 0x78, 0x9d, 0x5b, 0xff, 0xfa, 0xa7, 0x7f, 0x9b, 0xab, 0xfe, 0x2d,
    0x10, 0x57, 0xfd, 0xbb, 0xdc, 0xf2, 0xd2, 0x6f, 0xfd, 0xd9, 0xc0, 0x67, 0x71, 0xd5, 0x55, 0x57,
    0x5d, 0xf5, 0xaf, 0x14, 0xf0, 0x3a, 0xb7, 0xfe, 0xf5, 0x4f, 0xff, 0x36, 0x57, 0x5d, 0xf5, 0x6f,
    0x70, 0xcb, 0x4b, 0xbf, 0xb5, 0xf9, 0x7f, 0x2c, 0xe0, 0x75, 0x6e, 0xfd, 0xeb, 0x9f, 0xfe, 0x6d,
    0xae, 0xfa, 0xb7, 0x40, 0x5c, 0xf5, 0xef, 0x72, 0xcb, 0x4b, 0xbf, 0xf5, 0x67, 0x03, 0x9f, 0xc5,
    0x55, 0x57, 0x5d, 0x75, 0xd5, 0xbf, 0x52, 0xc0, 0xeb, 0xdc, 0xfa, 0xd7, 0x3f, 0xfd, 0xdb, 0x5c,
    0x75, 0xd5, 0xbf, 0xc1, 0x2d, 0x2f, 0xfd, 0xd6, 0xe6, 0xff, 0xb1, 0x80, 0xd7, 0xb9, 0xf5, 0xaf,
    0x7f, 0xfa, 0xb7, 0xb9, 0xea, 0xdf, 0x02, 0x71, 0xd5, 0xbf, 0xcb, 0x2d, 0x2f, 0xfd, 0xd6, 0x9f,
    0x0d, 0x7c, 0x16, 0x57, 0x5d, 0x75, 0xd5, 0x55, 0xff, 0x4a, 0x01, 0xaf, 0x73, 0xeb, 0x5f, 0xff,
    0xf4, 0x6f, 0x73, 0xd5, 0x55, 0xff, 0x06, 0xb7, 0xbc, 0xf4, 0x5b, 0x9b, 0xff, 0xc7, 0x02, 0x5e,
    0xe7, 0xd6, 0xbf, 0xfe, 0xe9, 0xdf, 0xe6, 0xaa, 0x7f, 0x0b, 0xc4, 0x55, 0xff, 0x2e, 0xb7, 0xbc,
    0xf4, 0x5b, 0x7f, 0x36, 0xf0, 0x59, 0x5c, 0x75, 0xd5, 0x55, 0x57, 0xfd, 0x2b, 0x05, 0xbc, 0xce,
    0xad, 0x7f, 0xfd, 0xd3, 0xbf, 0xcd, 0x55, 0x57, 0xfd, 0x1b, 0xdc, 0xf2, 0xd2, 0x6f, 0x6d, 0xfe,
    0x1f, 0x0b, 0x78, 0x9d, 0x5b, 0xff, 0xfa, 0xa7, 0x7f, 0x9b, 0xab, 0xfe, 0x2d, 0x10, 0x57, 0xfd,
    0xbb, 0xdc, 0xf2, 0xd2, 0x6f, 0xfd, 0xd9, 0xc0, 0x67, 0x71, 0xd5, 0x55, 0x57, 0x5d, 0xf5, 0xaf,
    0x14, 0xf0, 0x3a, 0xb7, 0xfe, 0xf5, 0x4f, 0xff, 0x36, 0x57, 0x5d, 0xf5, 0x6f, 0x70, 0xcb, 0x4b,
    0xbf, 0xb5, 0xf9, 0x7f, 0x2c, 0xe0, 0x75, 0x6e, 0xfd, 0xeb, 0x9f, 0xfe, 0x6d, 0xae, 0xfa, 0xb7,
    0x40, 0x5c, 0xf5, 0xef, 0x72, 0xcb, 0x4b, 0xbf, 0xf5, 0x67, 0x03, 0x9f, 0xc5, 0x55, 0x57, 0x5d,
    0x75, 0xd5, 0xbf, 0x52, 0xc0, 0xeb, 0xdc, 0xfa, 0xd7, 0x3f, 0xfd, 0xdb, 0x5c, 0x75, 0xd5, 0xbf,
    0xc1, 0x2d, 0x2f, 0xfd, 0xd6, 0xe6, 0xff, 0xb1, 0x80, 0xd7, 0xb9, 0xf5, 0xaf, 0x7f, 0xfa, 0xb7,
    0xb9, 0xea, 0xdf, 0x02, 0x71, 0xd5, 0xbf, 0xcb, 0x2d, 0x2f, 0xfd, 0xd6, 0x9f, 0x0d, 0x7c, 0x16,
    0x57, 0x5d, 0x75, 0xd5, 0x55, 0xff, 0x4a, 0x01, 0xaf, 0x73, 0xeb, 0x5f, 0xff, 0xf4, 0x6f, 0x73,
    0xd5, 0x55, 0xff, 0x06, 0xb7, 0xbc, 0xf4, 0x5b, 0x9b, 0xff, 0xc7, 0x02, 0x5e, 0xe7, 0xd6, 0xbf,
    0xfe, 0xe9, 0xdf, 0xe6, 0xaa, 0x7f, 0x0b, 0xc4, 0x55, 0xff, 0x2e, 0xb7, 0xbc, 0xf4, 0x5b, 0x7f,
    0x36, 0xf0, 0x59, 0x5c, 0x75, 0xd5, 0x55, 0x57, 0xfd, 0x2b, 0x05, 0xbc, 0xce, 0xad, 0x7f, 0xfd,
    0xd3, 0xbf, 0xcd, 0x55, 0x57, 0xfd, 0x1b, 0xdc, 0xf2, 0xd2, 0x6f, 0x6d, 0xfe, 0x1f, 0x0b, 0x78,
    0x9d, 0x5b, 0xff, 0xfa, 0xa7, 0x7f, 0x9b, 0xab, 0xfe, 0x2d, 0x10, 0x57, 0xfd, 0xbb, 0xdc, 0xf2,
    0xd2, 0x6f, 0xfd, 0xd9, 0xc0, 0x67, 0x71, 0xd5, 0x55, 0x57, 0x5d, 0xf5, 0xaf, 0x14, 0xf0, 0x3a,
    0xb7, 0xfe, 0xf5, 0x4f, 0xff, 0x36, 0x57, 0x5d, 0xf5, 0x6f, 0x70, 0xcb, 0x4b, 0xbf, 0xb5, 0xf9,
    0x7f, 0x2c, 0xe0, 0x75, 0x6e, 0xfd, 0xeb, 0x9f, 0xfe, 0x6d, 0xae, 0xfa, 0xb7, 0x40, 0x5c, 0xf5,
    0xef, 0x72, 0xcb, 0x4b, 0xbf, 0xf5, 0x67, 0x03, 0x9f, 0xc5, 0x55, 0x57, 0x5d, 0x75, 0xd5, 0xbf,
    0x52, 0xc0, 0xeb, 0xdc, 0xfa, 0xd7, 0x3f, 0xfd, 0xdb, 0x5c, 0x75, 0xd5, 0xbf, 0xc1, 0x2d, 0x2f,
    0xfd, 0xd6, 0xe6, 0xff, 0xb1, 0x80, 0xd7, 0xb9, 0xf5, 0xaf, 0x7f, 0xfa, 0xb7, 0xb9, 0xea, 0xdf,
    0x02, 0x71, 0xd5, 0xbf, 0xcb, 0x2d, 0x2f, 0xfd, 0xd6, 0x9f, 0x0d, 0x7c, 0x16, 0x57, 0x5d, 0x75,
    0xd5, 0x55, 0xff, 0x4a, 0x01, 0xaf, 0x73, 0xeb, 0x5f, 0xff, 0xf4, 0x6f, 0x73, 0xd5, 0x55, 0xff,
    0x06, 0xb7, 0xbc, 0xf4, 0x5b, 0x9b, 0xff, 0xc7, 0x02, 0x5e, 0xe7, 0xd6, 0xbf, 0xfe, 0xe9, 0xdf,
    0xe6, 0xaa, 0x7f, 0x0b, 0xc4, 0x55, 0xff, 0x2e, 0xb7, 0xbc, 0xf4, 0x5b, 0x7f, 0x36, 0xf0, 0x59,
    0x5c, 0x75, 0xd5, 0x55, 0x57, 0xfd, 0x2b, 0x05, 0xbc, 0xce, 0xad, 0x7f, 0xfd, 0xd3, 0xbf, 0xcd,
    0x55, 0x57, 0xfd, 0x1b, 0xdc, 0xf2, 0xd2, 0x6f, 0x6d, 0xfe, 0x1f, 0x0b, 0x78, 0x9d, 0x5b, 0xff,
    0xfa, 0xa7, 0x7f, 0x9b, 0xab, 0xfe, 0x2d, 0x10, 0x57, 0xfd, 0xbb, 0xdc, 0xf2, 0xd2, 0x6f, 0xfd,
    0xd9, 0xc0, 0x67, 0x71, 0xd5, 0x55, 0x57, 0x5d, 0xf5, 0xaf, 0x14, 0xf0, 0x3a, 0xb7, 0xfe, 0xf5,
    0x4f, 0xff, 0x36, 0x57, 0x5d, 0xf5, 0x6f, 0x70, 0xcb, 0x4b, 0xbf, 0xb5, 0xf9, 0x7f, 0x2c, 0xe0,
    0x75, 0x6e, 0xfd, 0xeb, 0x9f, 0xfe, 0x6d, 0xae, 0xfa, 0xb7, 0x40, 0x5c, 0xf5, 0xef, 0x72, 0xcb,
    0x4b, 0xbf, 0xf5, 0x67, 0x03, 0x9f, 0xc5, 0x55, 0x57, 0x5d, 0x75, 0xd5, 0xbf, 0x52, 0xc0, 0xeb,
    0xdc, 0xfa, 0xd7, 0x3f, 0xfd, 0xdb, 0x5c, 0x75, 0xd5, 0xbf, 0xd2, 0x83, 0x5f, 0xfa, 0xad, 0x1f,
    0x9c, 0xf0, 0x74, 0xfe, 0x1f, 0x0b, 0x78, 0x9d, 0x5b, 0xff, 0xfa, 0xa7, 0x7f, 0x9b, 0xab, 0xfe,
    0x2d, 0x10, 0x57, 0xfd, 0xbb, 0xdc, 0xf2, 0xd2, 0x6f, 0xfd, 0xd9, 0xc0, 0x67, 0x71, 0xd5, 0x55,
    0x57, 0x5d, 0xf5, 0xaf, 0x14, 0xf0, 0x3a, 0xb7, 0xfe, 0xf5, 0x4f, 0xff, 0x36, 0x57, 0x5d, 0xf5,
    0x22, 0x7a, 0xf0, 0x4b, 0xbf, 0xf5, 0xf1, 0x84, 0xcf, 0x02, 0x3e, 0x9a, 0xff, 0xe7, 0x02, 0x5e,
    0xe7, 0xd6, 0xbf, 0xfe, 0xe9, 0xdf, 0xe6, 0xaa, 0x7f, 0x0b, 0xc4, 0x55, 0xff, 0x2e, 0xb7, 0xbc,
    0xf4, 0x5b, 0x7f, 0x36, 0xf0, 0x59, 0x5c, 0x75, 0xd5, 0x55, 0x57, 0xfd, 0x2b, 0x05, 0xbc, 0xce,
    0xad, 0x7f, 0xfd, 0xd3, 0xbf, 0xcd, 0x55, 0x57, 0xbd, 0x08, 0x1e, 0xfc, 0xd2, 0x6f, 0xfd, 0x51,
    0x86, 0xcf, 0x36, 0x1c, 0xe7, 0x2a, 0x02, 0x1e, 0x72, 0xeb, 0x5f, 0xff, 0xf4, 0xad, 0x5c, 0xf5,
    0x6f, 0x81, 0xb8, 0xea, 0xdf, 0xe5, 0x96, 0x97, 0x7e, 0xeb, 0xcf, 0x06, 0x3e, 0x8b, 0xab, 0xae,
    0xba, 0xea, 0xaa, 0x7f, 0xa5, 0x80, 0xd7, 0xb9, 0xf5, 0xaf, 0x7f, 0xfa, 0xb7, 0xb9, 0xea, 0xaa,
    0x17, 0xe2, 0xc1, 0x2f, 0xfd, 0xd6, 0xaf, 0x6d, 0xf8, 0x2e, 0xc3, 0x83, 0xb9, 0xea, 0x59, 0x6e,
    0xfb, 0xeb, 0x9f, 0x16, 0x57, 0xfd, 0x5b, 0x21, 0xae, 0xfa, 0x77, 0x79, 0xf0, 0x4b, 0xbf, 0xf5,
    0x7b, 0x27, 0x7c, 0x17, 0x57, 0x5d, 0x75, 0xd5, 0x55, 0xff, 0x4a, 0x01, 0xaf, 0x73, 0xeb, 0x5f,
    0xff, 0xf4, 0x6f, 0x73, 0xd5, 0x55, 0xcf, 0xc7, 0x83, 0x5f, 0xfa, 0xad, 0x1f, 0x6c, 0xf8, 0x2a,
    0xc3, 0x5b, 0x73, 0xd5, 0xf3, 0xb8, 0xed, 0xaf, 0x7f, 0x5a, 0x5c, 0xf5, 0x6f, 0x85, 0xb8, 0xea,
    0xdf, 0xe5, 0xc1, 0x2f, 0xfd, 0xd6, 0xaf, 0x9d, 0xf0, 0x5b, 0x5c, 0x75, 0xd5, 0x55, 0x57, 0xfd,
    0x2b, 0x05, 0xbc, 0xce, 0xad, 0x7f, 0xfd, 0xd3, 0xbf, 0xcd, 0x55, 0x57, 0x3d, 0xc0, 0x83, 0x5f,
    0xfa, 0xad, 0x8f, 0x27, 0x7c, 0x14, 0xf0, 0xd9, 0x5c, 0xf5, 0x02, 0xdd, 0xf6, 0xd7, 0x3f, 0x2d,
    0xae, 0xfa, 0xb7, 0x42, 0x5c, 0xf5, 0xef, 0xf2, 0xe0, 0x97, 0x7e, 0xeb, 0xd7, 0x4e, 0xf8, 0x2d,
    0xae, 0xba, 0xea, 0xaa, 0xab, 0xfe, 0x95, 0x02, 0x5e, 0xe7, 0xd6, 0xbf, 0xfe, 0xe9, 0xdf, 0xe6,
    0xaa, 0xab, 0x9e, 0xe9, 0xc1, 0x2f, 0xfd, 0x36, 0xef, 0x65, 0xfc, 0xd5, 0x86, 0xe3, 0x5c, 0xf5,
    0x02, 0x09, 0x9e, 0xf1, 0x8c, 0xbf, 0xfe, 0xe9, 0x07, 0x73, 0xd5, 0xbf, 0x15, 0xe2, 0xaa, 0x7f,
    0x97, 0x07, 0xbf, 0xf4, 0x5b, 0x1f, 0x4f, 0xb8, 0xc8, 0x55, 0x57, 0x5d, 0x75, 0xd5, 0xbf, 0x52,
    0xc0, 0xeb, 0xdc, 0xfa, 0xd7, 0x3f, 0xfd, 0xdb, 0x5c, 0xf5, 0xff, 0xde, 0x83, 0x5f, 0xfa, 0xad,
    0x5f, 0xdb, 0xf0, 0x55, 0x86, 0x97, 0xe6, 0xaa, 0x7f, 0x91, 0xe0, 0x77, 0x9e, 0xf1, 0xd7, 0x3f,
    0xfd, 0xda, 0x5c, 0xf5, 0x6f, 0x85, 0xb8, 0xea, 0xdf, 0xed, 0x96, 0x97, 0x7e, 0x6b, 0x73, 0xd5,
    0x55, 0x57, 0x5d, 0xf5, 0xaf, 0x14, 0xf0, 0x3a, 0xb7, 0xfe, 0xf5, 0x4f, 0xff, 0x36, 0x57, 0xfd,
    0xbf, 0xf5, 0xe0, 0x97, 0x7e, 0xeb, 0x07, 0x27, 0x7c, 0x16, 0xf0, 0xde, 0x5c, 0xf5, 0x22, 0x13,
    0xfc, 0xce, 0x33, 0xfe, 0xfa, 0xa7, 0x5f, 0x9b, 0xab, 0xfe, 0xad, 0x10, 0x57, 0xfd, 0xbb, 0x3d,
    0xe8, 0xa5, 0xdf, 0xfa, 0x56, 0xc3, 0x83, 0xb8, 0xea, 0xaa, 0xab, 0xae, 0xfa, 0x57, 0x08, 0x78,
    0x9d, 0x5b, 0xff, 0xfa, 0xa7, 0x7f, 0x9b, 0xab, 0xfe, 0xdf, 0x79, 0xf0, 0x4b, 0xbf, 0xf5, 0xf1,
    0x84, 0x8f, 0x12, 0x7c, 0xb4, 0xe1, 0x38, 0x57, 0xfd, 0x6b, 0x7d, 0xce, 0x6d, 0x7f, 0xfd, 0xd3,
    0x9f, 0xcd, 0x55, 0xff, 0x56, 0x88, 0xab, 0xfe, 0xdd, 0x1e, 0xf4, 0xd2, 0x6f, 0xfd, 0xdb, 0x86,
    0xd7, 0xe2, 0xaa, 0xab, 0xae, 0xba, 0xea, 0x5f, 0x21, 0xe0, 0x75, 0x6e, 0xfd, 0xeb, 0x9f, 0xfe,
    0x6d, 0xae, 0xfa, 0x7f, 0xe5, 0xc1, 0x2f, 0xfd, 0x36, 0xef, 0x65, 0xfc, 0xd9, 0x86, 0x07, 0x73,
    0xd5, 0xbf, 0x49, 0xc0, 0xfb, 0xdc, 0xfa, 0xd7, 0x3f, 0xfd, 0xdd, 0x5c, 0xf5, 0x6f, 0x85, 0xb8,
    0xea, 0xdf, 0xed, 0x96, 0x97, 0x7e, 0xeb, 0xcf, 0x06, 0x3e, 0x8b, 0xab, 0xae, 0xba, 0xea, 0xaa,
    0x7f, 0x85, 0x80, 0xd7, 0xb9, 0xf5, 0xaf, 0x7f, 0xfa, 0xb7, 0xb9, 0xea, 0xff, 0x85, 0x07, 0xbf,
    0xf4, 0x5b, 0xbf, 0xb4, 0xe1, 0xab, 0x0c, 0xaf, 0xcd, 0x55, 0xff, 0x2e, 0x01, 0xaf, 0x73, 0xeb,
    0x5f, 0xff, 0xf4, 0x6f, 0x73, 0xd5, 0xbf, 0x15, 0xe2, 0xaa, 0x7f, 0xb7, 0x07, 0xbf, 0xf4, 0x5b,
    0xbf, 0x77, 0xc2, 0x77, 0x71, 0xd5, 0x55, 0x57, 0x5d, 0xf5, 0xaf, 0x10, 0xf0, 0x3a, 0xb7, 0xfe,
    0xf5, 0x4f, 0xff, 0x36, 0x57, 0xfd, 0x9f, 0xf6, 0xe0, 0x97, 0x7e, 0xeb, 0xe3, 0x09, 0x5f, 0x05,
    0xbc, 0x37, 0x57, 0xfd, 0x87, 0xb8, 0xed, 0xaf, 0x7f, 0x5a, 0x5c, 0xf5, 0xef, 0x81, 0xb8, 0xea,
    0xdf, 0xed, 0xc1, 0x2f, 0xfd, 0xd6, 0x2f, 0x9d, 0xf0, 0x57, 0x5c, 0x75, 0xd5, 0x55, 0x57, 0xfd,
    0x2b, 0x04, 0xbc, 0xce, 0xad, 0x7f, 0xfd, 0xd3, 0xbf, 0xcd, 0x55, 0xff, 0x67, 0xdd, 0xf2, 0xd2,
    0x6f, 0xfd, 0x59, 0x82, 0x8f, 0x36, 0x1c, 0xe7, 0xaa, 0xff, 0x10, 0x82, 0xbf, 0x79, 0xc6, 0x5f,
    0xff, 0xf4, 0x4b, 0x73, 0xd5, 0xbf, 0x07, 0xe2, 0xaa, 0xff, 0x10, 0x0f, 0x7a, 0xe9, 0xb7, 0xde,
    0x35, 0x1c, 0xe3, 0xaa, 0xab, 0xae, 0xba, 0xea, 0x45, 0x14, 0xf0, 0x3a, 0xb7, 0xfe, 0xf5, 0x4f,
    0xff, 0x36, 0x57, 0xfd, 0x9f, 0xf3, 0xe0, 0x97, 0x7e, 0xeb, 0xb7, 0x36, 0x7c, 0x95, 0xe1, 0xc1,
    0x5c, 0xf5, 0x1f, 0xed, 0x6b, 0x6e, 0xfb, 0xeb, 0x9f, 0xfe, 0x68, 0xae, 0xfa, 0xf7, 0x40, 0x5c,
    0xf5, 0x1f, 0xe2, 0x96, 0x97, 0x7e, 0xeb, 0x9f, 0x06, 0xde, 0x8a, 0xab, 0xae, 0xba, 0xea, 0xaa,
    0x17, 0x51, 0xc0, 0xeb, 0xdc, 0xfa, 0xd7, 0x3f, 0xfd, 0xdb, 0x5c, 0xf5, 0x7f, 0xc6, 0x83, 0x5f,
    0xfa, 0xad, 0x1f, 0x6c, 0xf8, 0x2e, 0xc3, 0x6b, 0x73, 0xd5, 0x7f, 0x8a, 0x80, 0xf7, 0xb9, 0xf5,
    0xaf, 0x7f, 0xfa, 0xbb, 0xb9, 0xea, 0xdf, 0x03, 0x71, 0xd5, 0x7f, 0x88, 0x5b, 0x5e, 0xfa, 0xad,
    0x3f, 0x1b, 0xf8, 0x2c, 0xae, 0xba, 0xea, 0xaa, 0xab, 0x5e, 0x44, 0x01, 0xaf, 0x73, 0xeb, 0x5f,
    0xff, 0xf4, 0x6f, 0x73, 0xd5, 0xff, 0x7a, 0x0f, 0x7e, 0xe9, 0xb7, 0x3e, 0x9e, 0xf0, 0x59, 0xc0,
    0x47, 0x73, 0xd5, 0x7f, 0xaa, 0x80, 0x87, 0xdc, 0xfa, 0xd7, 0x3f, 0x7d, 0x2b, 0x57, 0xfd, 0x7b,
    0x20, 0xae, 0xfa, 0x0f, 0xf1, 0xe0, 0x97, 0x7e, 0xeb, 0x97, 0x4e, 0xf8, 0x2b, 0xae, 0xba, 0xea,
    0xaa, 0xab, 0x5e, 0x44, 0x01, 0xaf, 0x73, 0xeb, 0x5f, 0xff, 0xf4, 0x6f, 0x73, 0xd5, 0xff, 0x6a,
    0x0f, 0x7e, 0xe9, 0xb7, 0xfe, 0x28, 0xc3, 0x67, 0x1b, 0x8e, 0x73, 0xd5, 0x7f, 0x2a, 0xc1, 0x33,
    0x9e, 0xf1, 0xd7, 0x3f, 0xfd, 0x60, 0xae, 0xfa, 0xf7, 0x42, 0x5c, 0xf5, 0x1f, 0xe6, 0x41, 0x2f,
    0xfd, 0xd6, 0xb7, 0x1a, 0x1e, 0xc4, 0x55, 0x57, 0x5d, 0x75, 0xd5, 0x8b, 0x20, 0xe0, 0x75, 0x6e,
    0xfd, 0xeb, 0x9f, 0xfe, 0x6d, 0xae, 0xfa, 0x5f, 0xe9, 0xc1, 0x2f, 0xfd, 0xd6, 0xaf, 0x6d, 0xf8,
    0x2a, 0xc3, 0x4b, 0x73, 0xd5, 0x7f, 0x95, 0xaf, 0xb9, 0xed, 0xaf, 0x7f, 0xfa, 0xa3, 0xb9, 0xea,
    0xdf, 0x0b, 0x71, 0xd5, 0x7f, 0x98, 0x5b, 0x5e, 0xfa, 0xad, 0xbf, 0x1b, 0x78, 0x2f, 0xae, 0xba,
    0xea, 0xaa, 0xab, 0x5e, 0x04, 0x01, 0xaf, 0x73, 0xeb, 0x5f, 0xff, 0xf4, 0x6f, 0x73, 0xd5, 0xff,
    0x2a, 0x0f, 0x7e, 0xe9, 0xb7, 0x7e, 0xb0, 0xe1, 0xab, 0x0c, 0x6f, 0xcd, 0x55, 0xff, 0xa5, 0x02,
    0x5e, 0xe7, 0xd6, 0xbf, 0xfe, 0xe9, 0xdf, 0xe6, 0xaa, 0x7f, 0x2f, 0xc4, 0x55, 0xff, 0x61, 0x1e,
    0xfc, 0xd2, 0x6f, 0xfd, 0xd6, 0x09, 0x3f, 0xc5, 0x55, 0x57, 0x5d, 0x75, 0xd5, 0x8b, 0x20, 0xe0,
    0x75, 0x6e, 0xfd, 0xeb, 0x9f, 0xfe, 0x6d, 0xae, 0xfa, 0x5f, 0xe1, 0xc1, 0x2f, 0xfd, 0xd6, 0xc7,
    0x13, 0x3e, 0x0a, 0xf8, 0x6c, 0xae, 0xfa, 0x2f, 0x27, 0xb8, 0xf4, 0x8c, 0xbf, 0xfe, 0xe9, 0xe3,
    0x5c, 0xf5, 0x1f, 0x01, 0x71, 0xd5, 0x7f, 0xa8, 0x07, 0xbd, 0xf4, 0x5b, 0xef, 0x1a, 0x8e, 0x71,
    0xd5, 0x55, 0x57, 0x5d, 0xf5, 0x2f, 0x08, 0x78, 0x9d, 0x5b, 0xff, 0xfa, 0xa7, 0x7f, 0x9b, 0xab,
    0xfe, 0xc7, 0x7b, 0xf0, 0x4b, 0xbf, 0xcd, 0x7b, 0x19, 0x7f, 0xb5, 0xe1, 0x38, 0x57, 0xfd, 0x77,
    0xf9, 0x9e, 0xdb, 0xfe, 0xfa, 0xa7, 0xdf, 0x9b, 0xab, 0xfe, 0x23, 0x20, 0xae, 0xfa, 0x0f, 0x75,
    0xcb, 0x4b, 0xbf, 0xf5, 0x77, 0x03, 0xef, 0xc5, 0x55, 0x57, 0x5d, 0x75, 0xd5, 0xbf, 0x20, 0xe0,
    0x75, 0x6e, 0xfd, 0xeb, 0x9f, 0xfe, 0x6d, 0xae, 0xfa, 0x1f, 0xeb, 0xc1, 0x2f, 0xfd, 0xd6, 0xaf,
    0x6d, 0xf8, 0x2c, 0xc3, 0x6b, 0x73, 0xd5, 0x7f, 0xab, 0x80, 0x97, 0xb9, 0xf5, 0xaf, 0x7f, 0xfa,
    0xaf, 0xb9, 0xea, 0x3f, 0x02, 0xe2, 0xaa, 0xff, 0x50, 0x0f, 0x7e, 0xe9, 0xb7, 0x7e, 0xe9, 0x84,
    0xbf, 0xe2, 0xaa, 0xab, 0xae, 0xba, 0xea, 0x5f, 0x10, 0xf0, 0x3a, 0xb7, 0xfe, 0xf5, 0x4f, 0xff,
    0x36, 0x57, 0xfd, 0x8f, 0xf3, 0xe0, 0x97, 0x7e, 0xeb, 0x07, 0x27, 0x7c, 0x16, 0xf0, 0xde, 0x5c,
    0xf5, 0xdf, 0x4e, 0xf0, 0x8c, 0x67, 0xfc, 0xf5, 0x4f, 0x3f, 0x98, 0xab, 0xfe, 0xa3, 0x20, 0xae,
    0xfa, 0x0f, 0xf7, 0xa0, 0x97, 0x7e, 0xeb, 0x5b, 0x0d, 0x0f, 0xe2, 0xaa, 0xab, 0xae, 0xba, 0xea,
    0x85, 0x08, 0x78, 0x9d, 0x5b, 0xff, 0xfa, 0xa7, 0x7f, 0x9b, 0xab, 0xfe, 0xc7, 0x78, 0xf0, 0x4b,
    0xbf, 0xf5, 0xf1, 0x84, 0x8f, 0x12, 0x7c, 0xb4, 0xe1, 0x38, 0x57, 0xfd, 0x8f, 0x10, 0xf0, 0x31,
    0xb7, 0xfe, 0xf5, 0x4f, 0x7f, 0x35, 0x57, 0xfd, 0x47, 0x41, 0x5c, 0xf5, 0x1f, 0xee, 0xc1, 0x2f,
    0xfd, 0xd6, 0x1f, 0x9d, 0xf0, 0x55, 0x5c, 0x75, 0xd5, 0x55, 0x57, 0xbd, 0x10, 0x01, 0xaf, 0x73,
    0xeb, 0x5f, 0xff, 0xf4, 0x6f, 0x73, 0xd5, 0xff, 0x08, 0x0f, 0x7e, 0xe9, 0xb7, 0x7e, 0x6b, 0xc3,
    0x57, 0x19, 0x1e, 0xcc, 0x55, 0xff, 0xa3, 0x04, 0x9c, 0xb8, 0xf5, 0xaf, 0x7f, 0x7a, 0x97, 0xab,
    0xfe, 0xa3, 0x20, 0xae, 0xfa, 0x0f, 0xf7, 0xe0, 0x97, 0x7e, 0xeb, 0xe3, 0x86, 0x5b, 0x0d, 0xc7,
    0xb8, 0xea, 0xaa, 0xab, 0xae, 0x7a, 0x01, 0x02, 0x5e, 0xe7, 0xd6, 0xbf, 0xfe, 0xe9, 0xdf, 0xe6,
    0xaa, 0xff, 0x56, 0x0f, 0x7e, 0xe9, 0xb7, 0x7e, 0x69, 0xc3, 0x57, 0x19, 0x5e, 0x9b, 0xab, 0xfe,
    0x27, 0xfa, 0x9e, 0xdb, 0xfe, 0xfa, 0xa7, 0xdf, 0x9b, 0xab, 0xfe, 0x23, 0x21, 0xae, 0xfa, 0x4f,
    0x71, 0xcb, 0x4b, 0xbf, 0xf5, 0x67, 0x03, 0x9f, 0xc5, 0x55, 0x57, 0x5d, 0x75, 0xd5, 0x0b, 0x10,
    0xf0, 0x3a, 0xb7, 0xfe, 0xf5, 0x4f, 0xff, 0x36, 0x57, 0xfd, 0xb7, 0x78, 0xf0, 0x4b, 0xbf, 0xf5,
    0xf1, 0x84, 0xaf, 0x02, 0xde, 0x9b, 0xab, 0xfe, 0xc7, 0x0a, 0x78, 0xc8, 0xad, 0x7f, 0xfd, 0xd3,
    0xb7, 0x72, 0xd5, 0x7f, 0x24, 0xc4, 0x55, 0xff, 0x29, 0x1e, 0xfc, 0xd2, 0x6f, 0xfd, 0xe0, 0x84,
    0xa7, 0x73, 0xd5, 0x55, 0x57, 0x5d, 0xf5, 0x02, 0x04, 0xbc, 0xce, 0xad, 0x7f, 0xfd, 0xd3, 0xbf,
    0xcd, 0x55, 0xff, 0xe5, 0x6e, 0x79, 0xe9, 0xb7, 0xfe, 0x2c, 0xc1, 0x47, 0x1b, 0x8e, 0x73, 0xd5,
    0xff, 0x64, 0x3f, 0x73, 0xdb, 0x5f, 0xff, 0xf4, 0x5b, 0x73, 0xd5, 0x7f, 0x34, 0xc4, 0x55, 0xff,
    0x69, 0x6e, 0x79, 0xe9, 0xb7, 0xfe, 0x6a, 0xe0, 0xa3, 0xb8, 0xea, 0xaa, 0xab, 0xae, 0x7a, 0x3e,
    0x02, 0x5e, 0xe7, 0xd6, 0xbf, 0xfe, 0xe9, 0xdf, 0xe6, 0xaa, 0xff, 0x32, 0x0f, 0x7e, 0xe9, 0xb7,
    0x7e, 0x6d, 0xc3, 0x77, 0x19, 0x1e, 0xcc, 0x55, 0xff, 0xe3, 0x05, 0xbc, 0xcc, 0xad, 0x7f, 0xfd,
    0xd3, 0x7f, 0xcd, 0x55, 0xff, 0xd1, 0x10, 0x57, 0xfd, 0xa7, 0x79, 0xf0, 0x4b, 0xbf, 0xf5, 0x71,
    0xc3, 0xad, 0x86, 0x63, 0x5c, 0x75, 0xd5, 0x55, 0x57, 0x3d, 0x97, 0x80, 0xd7, 0xb9, 0xf5, 0xaf,
    0x7f, 0xfa, 0xb7, 0xb9, 0xea, 0x3f, 0xdd, 0x83, 0x5f, 0xfa, 0xad, 0x1f, 0x6c, 0xf8, 0x2e, 0xc3,
    0x6b, 0x73, 0xd5, 0xff, 0x16, 0xdf, 0x73, 0xdb, 0x5f, 0xff, 0xf4, 0x7b, 0x73, 0xd5, 0x7f, 0x06,
    0xc4, 0x55, 0xff, 0xa9, 0x6e, 0x79, 0xe9, 0xb7, 0xfe, 0x6c, 0xe0, 0xb3, 0xb8, 0xea, 0xaa, 0xab,
    0xae, 0x7a, 0x2e, 0x01, 0xaf, 0x73, 0xeb, 0x5f, 0xff, 0xf4, 0x6f, 0x73, 0xd5, 0x7f, 0x9a, 0x07,
    0xbf, 0xf4, 0x5b, 0x1f, 0x4f, 0xf8, 0x2c, 0xe0, 0xa3, 0xb9, 0xea, 0x7f, 0x95, 0x80, 0x87, 0xdc,
    0xfa, 0xd7, 0x3f, 0x7d, 0x2b, 0x57, 0xfd, 0x67, 0x40, 0x5c, 0xf5, 0x9f, 0xea, 0xc1, 0x2f, 0xfd,
    0xd6, 0xc7, 0x0d, 0xb7, 0x1a, 0x8e, 0x71, 0xd5, 0x55, 0x57, 0x5d, 0xf5, 0x00, 0x01, 0xaf, 0x73,
    0xeb, 0x5f, 0xff, 0xf4, 0x6f, 0x73, 0xd5, 0x7f, 0x8a, 0x07, 0xbf, 0xf4, 0x5b, 0x7f, 0x94, 0xe1,
    0xb3, 0x0d, 0xc7, 0xb9, 0xea, 0x7f, 0x9b, 0xaf, 0xb9, 0xed, 0xaf, 0x7f, 0xfa, 0xa3, 0xb9, 0xea,
    0x3f, 0x0b, 0xe2, 0xaa, 0xff, 0x74, 0x0f, 0x7e, 0xe9, 0xb7, 0x7e, 0xeb, 0x84, 0x9f, 0xe2, 0xaa,
    0xab, 0xae, 0xba, 0xea, 0x01, 0x02, 0x5e, 0xe7, 0xd6, 0xbf, 0xfe, 0xe9, 0xdf, 0xe6, 0xaa, 0xff,
    0x50, 0x0f, 0x7e, 0xe9, 0xb7, 0x7e, 0x6d, 0xc3, 0x57, 0x19, 0x5e, 0x9a, 0xab, 0xfe, 0xd7, 0x11,
    0x3c, 0x43, 0xf0, 0xd2, 0xb7, 0xfe, 0xf5, 0x4f, 0xef, 0x72, 0xd5, 0x7f, 0x16, 0xc4, 0x55, 0xff,
    0x25, 0x1e, 0xf4, 0xd2, 0x6f, 0xfd, 0xdb, 0x86, 0xd7, 0xe2, 0xaa, 0xab, 0xae, 0xba, 0xea, 0x99,
    0x02, 0x5e, 0xe7, 0xd6, 0xbf, 0xfe, 0xe9, 0xdf, 0xe6, 0xaa, 0xff, 0x10, 0x0f, 0x7e, 0xe9, 0xb7,
    0x7e, 0xb0, 0xe1, 0xab, 0x0c, 0x6f, 0xcd, 0x55, 0xff, 0x6b, 0x05, 0xbc, 0xcd, 0xad, 0x7f, 0xfd,
    0xd3, 0x3f, 0xcd, 0x55, 0xff, 0x99, 0x10, 0x57, 0xfd, 0x97, 0x78, 0xf0, 0x4b, 0xbf, 0xf5, 0x83,
    0x13, 0x9e, 0xce, 0x55, 0x57, 0x5d, 0x75, 0xd5, 0x33, 0x05, 0xbc, 0xce, 0xad, 0x7f, 0xfd, 0xd3,
    0xbf, 0xcd, 0x55, 0xff, 0x2e, 0x0f, 0x7e, 0xe9, 0xb7, 0x3e, 0x9e, 0xf0, 0x51, 0xc0, 0x67, 0x73,
    0xd5, 0xff, 0x76, 0x3f, 0x73, 0xdb, 0x5f, 0xff, 0xf4, 0x5b, 0x73, 0xd5, 0x7f, 0x36, 0xc4, 0x55,
    0xff, 0x65, 0x1e, 0xfc, 0xd2, 0x6f, 0xfd, 0xd1, 0x09, 0x5f, 0xc5, 0x55, 0x57, 0x5d, 0x75, 0x15,
    0x10, 0xf0, 0x3a, 0xb7, 0xfe, 0xf5, 0x4f, 0xff, 0x36, 0x57, 0xfd, 0x9b, 0x3d, 0xf8, 0xa5, 0xdf,
    0xe6, 0xbd, 0x8c, 0xbf, 0xda, 0x70, 0x9c, 0xab, 0xfe, 0x57, 0x13, 0x5c, 0x12, 0x3c, 0xf8, 0xd6,
    0xbf, 0xfe, 0xe9, 0x5d, 0xae, 0xfa, 0xcf, 0x86, 0xb8, 0xea, 0xbf, 0xd4, 0x83, 0x5e, 0xfa, 0xad,
    0x7f, 0xdb, 0xf0, 0x5a, 0x5c, 0x75, 0xd5, 0x55, 0xff, 0xef, 0x05, 0xbc, 0xce, 0xad, 0x7f, 0xfd,
    0xd3, 0xbf, 0xcd, 0x55, 0xff, 0x6a, 0x0f, 0x7e, 0xe9, 0xb7, 0x7e, 0x6d, 0xc3, 0x67, 0x19, 0x5e,
    0x9b, 0xab, 0xfe, 0x4f, 0x08, 0x78, 0x9b, 0x5b, 0xff, 0xfa, 0xa7, 0x7f, 0x9a, 0xab, 0xfe, 0x2b,
    0x20, 0xae, 0xfa, 0x2f, 0xf5, 0xe0, 0x97, 0x7e, 0xeb, 0xe3, 0x86, 0x5b, 0x0d, 0xc7, 0xb8, 0xea,
    0xaa, 0xab, 0xfe, 0x5f, 0x0b, 0x78, 0x9d, 0x5b, 0xff, 0xfa, 0xa7, 0x7f, 0x9b, 0xab, 0x5e, 0x64,
    0x0f, 0x7e, 0xe9, 0xb7, 0x7e, 0x70, 0xc2, 0x67, 0x01, 0xef, 0xcd, 0x55, 0xff, 0x97, 0x7c, 0xcd,
    0x6d, 0x7f, 0xfd, 0xd3, 0x1f, 0xcd, 0x55, 0xff, 0x55, 0x10, 0x57, 0xfd, 0x97, 0x7b, 0xf0, 0x4b,
    0xbf, 0xf5, 0x5b, 0x27, 0xfc, 0x14, 0x57, 0x5d, 0x75, 0xd5, 0xff, 0x6b, 0x01, 0xaf, 0x73, 0xeb,
    0x5f, 0xff, 0xf4, 0x6f, 0x73, 0xd5, 0x8b, 0xe4, 0x96, 0x97, 0x7e, 0xeb, 0xcf, 0x12, 0x7c, 0xb4,
    0xe1, 0x38, 0x57, 0xfd, 0x9f, 0x21, 0xf8, 0x1b, 0xc1, 0x6b, 0xdf, 0xfa, 0xd7, 0x3f, 0xbd, 0xcb,
    0x55, 0xff, 0x55, 0x10, 0x57, 0xfd, 0xb7, 0xb8, 0xe5, 0xa5, 0xdf, 0xfa, 0xb3, 0x81, 0xcf, 0xe2,
    0xaa, 0xab, 0xae, 0xfa, 0x7f, 0x2b, 0xe0, 0x75, 0x6e, 0xfd, 0xeb, 0x9f, 0xfe, 0x6d, 0xae, 0x7a,
    0xa1, 0x1e, 0xfc, 0xd2, 0x6f, 0xfd, 0xd6, 0x86, 0xaf, 0x32, 0x3c, 0x98, 0xab, 0xfe, 0x4f, 0x11,
    0x5c, 0x12, 0xbc, 0xf4, 0xad, 0x7f, 0xfd, 0xd3, 0xb7, 0x72, 0xd5, 0x7f, 0x25, 0xc4, 0x55, 0xff,
    0x6d, 0x6e, 0x79, 0xe9, 0xb7, 0xfe, 0x6e, 0xe0, 0xbd, 0xb8, 0xea, 0xaa, 0xab, 0xfe, 0x5f, 0x0a,
    0x78, 0x9d, 0x5b, 0xff, 0xfa, 0xa7, 0x7f, 0x9b, 0xab, 0x9e, 0xaf, 0x07, 0xbf, 0xf4, 0x5b, 0xbf,
    0xb4, 0xe1, 0xab, 0x0c, 0xaf, 0xcd, 0x55, 0xff, 0x27, 0x05, 0xbc, 0xcc, 0xad, 0x7f, 0xfd, 0xd3,
    0x7f, 0xcd, 0x55, 0xff, 0xd5, 0x10, 0x57, 0xfd, 0xb7, 0x79, 0xf0, 0x4b, 0xbf, 0xf5, 0x71, 0xc3,
    0x6f, 0x1b, 0x5e, 0x8a, 0xab, 0xae, 0xba, 0xea, 0xff, 0x9d, 0x80, 0xd7, 0xb9, 0xf5, 0xaf, 0x7f,
    0xfa, 0xb7, 0xb9, 0xea, 0x39, 0x3c, 0xf8, 0xa5, 0xdf, 0xfa, 0x78, 0xc2, 0x57, 0x01, 0xef, 0xcd,
    0x55, 0xff, 0x67, 0x05, 0xbc, 0xcf, 0xad, 0x7f, 0xfd, 0xd3, 0xdf, 0xcd, 0x55, 0xff, 0x1d, 0x10,
    0x57, 0xfd, 0xb7, 0x7a, 0xf0, 0x4b, 0xbf, 0xf5, 0x71, 0xc3, 0x6f, 0x1b, 0x5e, 0x8a, 0xab, 0xae,
    0xba, 0xea, 0xff, 0x95, 0x80, 0xd7, 0xb9, 0xf5, 0xaf, 0x7f, 0xfa, 0xb7, 0xb9, 0xea, 0x59, 0x1e,
    0xfc, 0xd2, 0x6f, 0xfd, 0x51, 0x86, 0xcf, 0x36, 0x1c, 0xe7, 0xaa, 0xff, 0xb3, 0x02, 0xde, 0xe7,
    0xd6, 0xbf, 0xfe, 0xe9, 0xef, 0xe6, 0xaa, 0xff, 0x2e, 0x88, 0xab, 0xfe, 0xdb, 0x3d, 0xf8, 0xa5,
    0xdf, 0xfa, 0xc1, 0x86, 0xbf, 0x36, 0x1c, 0xe3, 0xaa, 0xab, 0xae, 0xfa, 0x7f, 0x23, 0xe0, 0x75,
    0x6e, 0xfd, 0xeb, 0x9f, 0xfe, 0x6d, 0xae, 0xe2, 0xc1, 0x2f, 0xfd, 0xd6, 0xaf, 0x6d, 0xf8, 0x2e,
    0xc3, 0x83, 0xb9, 0xea, 0xff, 0xba, 0xef, 0xb9, 0xed, 0xaf, 0x7f, 0xfa, 0xbd, 0xb9, 0xea, 0xbf,
    0x13, 0xe2, 0xaa, 0xff, 0x11, 0x1e, 0xfc, 0xd2, 0x6f, 0xfd, 0xd2, 0x86, 0xdf, 0x36, 0x1c, 0xe3,
    0xaa, 0xab, 0xae, 0xfa, 0x7f, 0x21, 0xe0, 0x75, 0x6e, 0xfd, 0xeb, 0x9f, 0xfe, 0x6d, 0xfe, 0x1f,
    0x7b, 0xf0, 0x4b, 0xbf, 0xf5, 0x83, 0x0d, 0xdf, 0x65, 0x78, 0x6d, 0xae, 0xfa, 0xff, 0xe0, 0x7b,
    0x6e, 0xfb, 0xeb, 0x9f, 0x7e, 0x6f, 0xae, 0xfa, 0xef, 0x86, 0xb8, 0xea, 0x7f, 0x8c, 0x07, 0xbf,
    0xf4, 0x5b, 0xbf, 0xb4, 0xe1, 0xb7, 0x0d, 0xc7, 0xb8, 0xea, 0xaa, 0xab, 0xfe, 0xcf, 0x0b, 0x78,
    0x9d, 0x5b, 0xff, 0xfa, 0xa7, 0x7f, 0x9b, 0xff, 0x87, 0x1e, 0xfc, 0xd2, 0x6f, 0x7d, 0x3c, 0xe1,
    0xb3, 0x80, 0x8f, 0xe6, 0xaa, 0xff, 0x2f, 0xbe, 0xe7, 0xb6, 0xbf, 0xfe, 0xe9, 0xf7, 0xe6, 0xaa,
    0xff, 0x09, 0x10, 0x57, 0xfd, 0x8f, 0xf2, 0xe0, 0x97, 0x7e, 0xeb, 0x07, 0x1b, 0x7e, 0xda, 0xf0,
    0x52, 0x5c, 0x75, 0xd5, 0x55, 0xff, 0xa7, 0x05, 0xbc, 0xce, 0xad, 0x7f, 0xfd, 0xd3, 0xbf, 0xcd,
    0xff, 0x33, 0x0f, 0x7e, 0xe9, 0xb7, 0x79, 0x2f, 0xe3, 0xaf, 0x36, 0x1c, 0xe7, 0xaa, 0xff, 0x17,
    0x02, 0xde, 0xe7, 0xd6, 0xbf, 0xfe, 0xe9, 0xef, 0xe6, 0xaa, 0xff, 0x29, 0x10, 0x57, 0xfd, 0x8f,
    0xf3, 0xe0, 0x97, 0x7e, 0xeb, 0xe3, 0x86, 0xdf, 0x36, 0xbc, 0x14, 0x57, 0x5d, 0x75, 0xd5, 0xff,
    0x59, 0x01, 0xaf, 0x73, 0xeb, 0x5f, 0xff, 0xf4, 0x6f, 0xf3, 0xff, 0xc4, 0x83, 0x5f, 0xfa, 0xad,
    0x5f, 0xdb, 0xf0, 0x55, 0x86, 0x97, 0xe6, 0xaa, 0xff, 0x37, 0x02, 0xde, 0xe7, 0xd6, 0xbf, 0xfe,
    0xe9, 0xef, 0xe6, 0xaa, 0xff, 0x49, 0x10, 0x57, 0xfd, 0x8f, 0xf4, 0xe0, 0x97, 0x7e, 0xeb, 0xe3,
    0x09, 0x5f, 0x0d, 0xbc, 0x17, 0x57, 0x5d, 0x75, 0xd5, 0xff, 0x49, 0x01, 0xaf, 0x73, 0xeb, 0x5f,
    0xff, 0xf4, 0x6f, 0xf3, 0x7f, 0xdc, 0x83, 0x5f, 0xfa, 0xad, 0x1f, 0x6c, 0xf8, 0x2a, 0xc3, 0x5b,
    0x73, 0xd5, 0xff, 0x1b, 0x82, 0x4b, 0x82, 0xb7, 0xbe, 0xf5, 0xaf, 0x7f, 0xfa, 0xb7, 0xb9, 0xea,
    0x7f, 0x1a, 0xc4, 0x55, 0xff, 0xa3, 0xdd, 0xf2, 0xd2, 0x6f, 0xfd, 0xd9, 0xc0, 0x67, 0x71, 0xd5,
    0x55, 0x57, 0xfd, 0x9f, 0x13, 0xf0, 0x3a, 0xb7, 0xfe, 0xf5, 0x4f, 0xff, 0x36, 0xff, 0x47, 0x3d,
    0xf8, 0xa5, 0xdf, 0xfa, 0x78, 0xc2, 0x47, 0x01, 0x9f, 0xcd, 0x55, 0xff, 0xaf, 0x08, 0xfe, 0x46,
    0xf0, 0xd6, 0xb7, 0xfe, 0xf5, 0x4f, 0xdf, 0xca, 0x55, 0xff, 0x13, 0x21, 0xae, 0xfa, 0x1f, 0xef,
    0xc1, 0x2f, 0xfd, 0xd6, 0x6f, 0x6d, 0xf8, 0x6e, 0xc3, 0x31, 0xae, 0xba, 0xea, 0xaa, 0xff, 0x33,
    0x02, 0x5e, 0xe7, 0xd6, 0xbf, 0xfe, 0xe9, 0xdf, 0xe6, 0xff, 0xa0, 0x07, 0xbf, 0xf4, 0xdb, 0xbc,
    0x97, 0xf1, 0x67, 0x1b, 0x1e, 0xcc, 0x55, 0xff, 0xdf, 0x7c, 0x4f, 0xc0, 0x47, 0xdf, 0xfa, 0xd7,
    0x3f, 0xbd, 0xcb, 0x55, 0xff, 0x53, 0x21, 0xae, 0xfa, 0x5f, 0xe1, 0xc1, 0x2f, 0xfd, 0xd6, 0x0f,
    0x36, 0x7c, 0xb7, 0xe1, 0xb5, 0xb8, 0xea, 0xaa, 0xab, 0xfe, 0x4f, 0x08, 0x78, 0x9d, 0x5b, 0xff,
    0xfa, 0xa7, 0x7f, 0x9b, 0xff, 0x43, 0x1e, 0xfc, 0xd2, 0x6f, 0xfd, 0xda, 0x86, 0xcf, 0x32, 0xbc,
    0x36, 0x57, 0xfd, 0xbf, 0x22, 0xb8, 0x24, 0x78, 0xef, 0x5b, 0xff, 0xfa, 0xa7, 0x7f, 0x9a, 0xab,
    0xfe, 0xa7, 0x43, 0x5c, 0xf5, 0xbf, 0xca, 0x2d, 0x2f, 0xfd, 0xd6, 0x9f, 0x0d, 0x7c, 0x16, 0x57,
    0x5d, 0x75, 0xd5, 0xff, 0x7a, 0x01, 0xaf, 0x73, 0xeb, 0x5f, 0xff, 0xf4, 0x6f, 0xf3, 0x7f, 0xc0,
    0x83, 0x5f, 0xfa, 0xad, 0x1f, 0x9c, 0xf0, 0x59, 0xc0, 0x7b, 0x73, 0xd5, 0xff, 0x3b, 0x82, 0xdf,
    0x11, 0xbc, 0xf7, 0xad, 0x7f, 0xfd, 0xd3, 0xb7, 0x72, 0xd5, 0xff, 0x06, 0x88, 0xab, 0xfe, 0xd7,
    0x79, 0xf0, 0x4b, 0xbf, 0xf5, 0x83, 0x0d, 0xdf, 0x6d, 0x78, 0x2d, 0xae, 0xba, 0xea, 0xaa, 0xff,
    0xb5, 0x02, 0x5e, 0xe7, 0xd6, 0xbf, 0xfe, 0xe9, 0xdf, 0xe6, 0x7f, 0xb9, 0x5b, 0x5e, 0xfa, 0xad,
    0x3f, 0x4b, 0xf0, 0xd1, 0x86, 0xe3, 0x5c, 0xf5, 0xff, 0x8a, 0xe0, 0x92, 0xe0, 0xa3, 0x6f, 0xfd,
    0xeb, 0x9f, 0xfe, 0x6e, 0xae, 0xfa, 0xdf, 0x04, 0x71, 0xd5, 0xff, 0x5a, 0x0f, 0x7e, 0xe9, 0xb7,
    0x7e, 0x6f, 0xc3, 0x57, 0x1b, 0x8e, 0x71, 0xd5, 0x55, 0x57, 0xfd, 0xaf, 0x13, 0xf0, 0x3a, 0xb7,
    0xfe, 0xf5, 0x4f, 0xff, 0x36, 0xff, 0x4b, 0x3d, 0xf8, 0xa5, 0xdf, 0xfa, 0xad, 0x0d, 0x5f, 0x65,
    0x78, 0x30, 0x57, 0xfd, 0x7f, 0xf4, 0x3d, 0x01, 0x1f, 0x7d, 0xeb, 0x5f, 0xff, 0xf4, 0x2e, 0x57,
    0xfd, 0x6f, 0x83, 0xb8, 0xea, 0x7f, 0xb5, 0x07, 0xbf, 0xf4, 0x5b, 0x1f, 0x4f, 0xf8, 0x6c, 0xe0,
    0xa3, 0xb8, 0xea, 0xaa, 0xab, 0xfe, 0x57, 0x09, 0x78, 0x9d, 0x5b, 0xff, 0xfa, 0xa7, 0x7f, 0x9b,
    0xff, 0x65, 0x1e, 0xfc, 0xd2, 0x6f, 0xfd, 0xd2, 0x86, 0xaf, 0x32, 0xbc, 0x36, 0x57, 0xfd, 0xbf,
    0x23, 0xf8, 0x1d, 0xc1, 0x67, 0xdf, 0xfa, 0xd7, 0x3f, 0xfd, 0xdb, 0x5c, 0xf5, 0xbf, 0x15, 0xe2,
    0xaa, 0xff, 0x13, 0x1e, 0xfc, 0xd2, 0x6f, 0xfd, 0x60, 0xc3, 0x77, 0x1b, 0x5e, 0x8b, 0xab, 0xae,
    0xba, 0xea, 0x7f, 0x85, 0x80, 0xd7, 0xb9, 0xf5, 0xaf, 0x7f, 0xfa, 0xb7, 0xf9, 0x5f, 0xe2, 0xc1,
    0x2f, 0xfd, 0xd6, 0xc7, 0x13, 0xbe, 0x0a, 0x78, 0x6f, 0xae, 0xfa, 0x7f, 0x47, 0xf0, 0x0c, 0xc1,
    0x67, 0xdf, 0xfa, 0xd7, 0x3f, 0xfd, 0xdd, 0x5c, 0xf5, 0xbf, 0x1d, 0xe2, 0xaa, 0xff, 0x53, 0x1e,
    0xfc, 0xd2, 0x6f, 0xfd, 0xd6, 0x86, 0xaf, 0x36, 0x3c, 0x88, 0xab, 0xae, 0xba, 0xea, 0x7f, 0xb4,
    0x80, 0xd7, 0xb9, 0xf5, 0xaf, 0x7f, 0xfa, 0xb7, 0xf9, 0x5f, 0xe0, 0xc1, 0x2f, 0xfd, 0xd6, 0x1f,
    0x65, 0xf8, 0x6c, 0xc3, 0x71, 0xae, 0xfa, 0x7f, 0x45, 0x70, 0xc9, 0xf0, 0xd5, 0x01, 0x5f, 0x7d,
    0xeb, 0x5f, 0xff, 0xf4, 0x2e, 0x57, 0xfd, 0x5f, 0x80, 0xb8, 0xea, 0xff, 0xa4, 0x5b, 0x5e, 0xfa,
    0xad, 0x3f, 0x5b, 0xf0, 0xd1, 0x86, 0x63, 0x5c, 0x75, 0xd5, 0x55, 0xff, 0x23, 0x05, 0xbc, 0xce,
    0xad, 0x7f, 0xfd, 0xd3, 0xbf, 0xcd, 0xff, 0x60, 0x0f, 0x7e, 0xe9, 0xb7, 0x7e, 0x6d, 0xc3, 0x77,
    0x19, 0x1e, 0xcc, 0x55, 0xff, 0x1f, 0xfd, 0x4c, 0xc0, 0x47, 0xdf, 0xfa, 0xd7, 0x3f, 0x7d, 0x2b,
    0x57, 0xfd, 0x5f, 0x82, 0xb8, 0xea, 0xff, 0xac, 0x07, 0xbf, 0xf4, 0x5b, 0x1f, 0x4f, 0xf8, 0x6a,
    0xe0, 0xbd, 0xb8, 0xea, 0xaa, 0xab, 0xfe, 0xc7, 0x09, 0x78, 0x9d, 0x5b, 0xff, 0xfa, 0xa7, 0x7f,
    0x9b, 0xff, 0x81, 0x1e, 0xfc, 0xd2, 0x6f, 0xfd, 0x60, 0xc3, 0x77, 0x19, 0x5e, 0x9b, 0xab, 0xfe,
    0xdf, 0x11, 0xfc, 0x8d, 0xe0, 0xa3, 0x6f, 0xfd, 0xeb, 0x9f, 0xfe, 0x6d, 0xae, 0xfa, 0xbf, 0x08,
    0x71, 0xd5, 0xff, 0x79, 0x0f, 0x7e, 0xe9, 0xb7, 0x7e, 0x6d, 0xc3, 0x67, 0x1b, 0x5e, 0x8b, 0xab,
    0xae, 0xba, 0xea, 0x7f, 0x8c, 0x80, 0xd7, 0xb9, 0xf5, 0xaf, 0x7f, 0xfa, 0xb7, 0xf9, 0x1f, 0xe4,
    0xc1, 0x2f, 0xfd, 0xd6, 0xc7, 0x13, 0x3e, 0x0a, 0xf8, 0x6c, 0xae, 0xfa, 0x7f, 0x47, 0x70, 0x49,
    0xf0, 0xd1, 0xb7, 0xfe, 0xf5, 0x4f, 0x7f, 0x37, 0x57, 0xfd, 0x5f, 0x86, 0xb8, 0xea, 0xff, 0x8d,
    0x07, 0xbf, 0xf4, 0x5b, 0xbf, 0xb7, 0xe1, 0xb3, 0x0d, 0x0f, 0xe2, 0xaa, 0xab, 0xae, 0xfa, 0x6f,
    0x17, 0xf0, 0x3a, 0xb7, 0xfe, 0xf5, 0x4f, 0xff, 0x36, 0xff, 0x43, 0x3c, 0xf8, 0xa5, 0xdf, 0xe6,
    0xbd, 0x8c, 0xbf, 0xda, 0x70, 0x9c, 0xab, 0xfe, 0x3f, 0xfa, 0x9a, 0x80, 0xcf, 0xbe, 0xf5, 0xaf,
    0x7f, 0x7a, 0x97, 0xab, 0xfe, 0xaf, 0x43, 0x5c, 0xf5, 0xff, 0xca, 0x83, 0x5f, 0xfa, 0xad, 0x8f,
    0x27, 0x7c, 0xb4, 0xe0, 0xa3, 0x0d, 0xc7, 0xb8, 0xea, 0xaa, 0xab, 0xfe, 0xdb, 0x04, 0xbc, 0xce,
    0xad, 0x7f, 0xfd, 0xd3, 0xbf, 0xcd, 0x7f, 0xb3, 0x07, 0xbf, 0xf4, 0x5b, 0xbf, 0xb6, 0xe1, 0xab,
    0x0c, 0x2f, 0xcd, 0x55, 0xff, 0xef, 0x08, 0x7e, 0x47, 0xf0, 0xde, 0xb7, 0xfe, 0xf5, 0x4f, 0xdf,
    0xca, 0x55, 0xff, 0x5f, 0x20, 0xae, 0xfa, 0x7f, 0xe9, 0xc1, 0x2f, 0xfd, 0xd6, 0x0f, 0x4e, 0xf8,
    0x6a, 0xe0, 0xad, 0xb8, 0xea, 0xaa, 0xab, 0xfe, 0x5b, 0x04, 0xbc, 0xce, 0xad, 0x7f, 0xfd, 0xd3,
    0xbf, 0xcd, 0x7f, 0x93, 0x07, 0xbf, 0xf4, 0x5b, 0x3f, 0xd8, 0xf0, 0x55, 0x86, 0xb7, 0xe6, 0xaa,
    0xff, 0x77, 0x04, 0xcf, 0x10, 0xbc, 0xf7, 0xad, 0x7f, 0xfd, 0xd3, 0xbf, 0xcd, 0x55, 0xff, 0xdf,
    0x20, 0xae, 0xfa, 0x7f, 0xed, 0xc1, 0x2f, 0xfd, 0xd6, 0xaf, 0x6d, 0xf8, 0x6a, 0xc3, 0x4b, 0x71,
    0xd5, 0x55, 0x57, 0xfd, 0x97, 0x0a, 0x78, 0x9d, 0x5b, 0xff, 0xfa, 0xa7, 0x7f, 0x9b, 0xff, 0x62,
    0x0f, 0x7e, 0xe9, 0xb7, 0x3e, 0x9e, 0xf0, 0x51, 0x82, 0x8f, 0x36, 0x1c, 0xe7, 0xaa, 0xff, 0x57,
    0x04, 0x97, 0x0c, 0x5f, 0x7d, 0xdb, 0x5f, 0xff, 0xf4, 0x67, 0x73, 0xd5, 0xff, 0x57, 0x88, 0xab,
    0xae, 0x02, 0x1e, 0xfc, 0xd2, 0x6f, 0xfd, 0xde, 0x86, 0xaf, 0x36, 0x1c, 0xe3, 0xaa, 0xab, 0xae,
    0xfa, 0x2f, 0x11, 0xf0, 0x3a, 0xb7, 0xfe, 0xf5, 0x4f, 0xff, 0x36, 0xff, 0x85, 0x1e, 0xfc, 0xd2,
    0x6f, 0xf3, 0x5e, 0xc6, 0x9f, 0x6d, 0x78, 0x30, 0x57, 0xfd, 0x7f, 0xf4, 0x3d, 0x01, 0x1f, 0x7d,
    0xeb, 0x5f, 0xff, 0xf4, 0x2e, 0x57, 0xfd, 0x7f, 0x86, 0xb8, 0xea, 0xaa, 0x67, 0x7a, 0xf0, 0x4b,
    0xbf, 0xf5, 0xf1, 0x84, 0x8f, 0x06, 0x3e, 0x8b, 0xab, 0xae, 0xba, 0xea, 0x3f, 0x5d, 0xc0, 0xeb,
    0xdc, 0xfa, 0xd7, 0x3f, 0xfd, 0xdb, 0xfc, 0x17, 0x78, 0xf0, 0x4b, 0xbf, 0xf5, 0x6b, 0x1b, 0x3e,
    0xcb, 0xf0, 0xda, 0x5c, 0xf5, 0xff, 0x8e, 0xe0, 0x77, 0x04, 0x1f, 0x7d, 0xeb, 0x5f, 0xff, 0xf4,
    0x5f, 0x73, 0xd5, 0x55, 0x80, 0xb8, 0xea, 0xaa, 0xe7, 0xf2, 0xe0, 0x97, 0x7e, 0xeb, 0x07, 0x1b,
    0xbe, 0xdb, 0xf0, 0x5a, 0x5c, 0x75, 0xd5, 0x55, 0xff, 0x69, 0x02, 0x5e, 0xe7, 0xd6, 0xbf, 0xfe,
    0xe9, 0xdf, 0xe6, 0x3f, 0xd1, 0x83, 0x5f, 0xfa, 0xad, 0x8f, 0x27, 0x7c, 0x15, 0xf0, 0xde, 0x5c,
    0xf5, 0xff, 0x8e, 0xe0, 0x19, 0x82, 0xcf, 0xbe, 0xf5, 0xaf, 0x7f, 0xfa, 0xbb, 0xb9, 0xea, 0xaa,
    0x67, 0x43, 0x5c, 0x75, 0xd5, 0x0b, 0xf0, 0xe0, 0x97, 0x7e, 0xeb, 0xd7, 0x36, 0x7c, 0xb7, 0xe1,
    0x41, 0x5c, 0x75, 0xd5, 0x55, 0xff, 0xe1, 0x02, 0x5e, 0xe7, 0xd6, 0xbf, 0xfe, 0xe9, 0xdf, 0xe6,
    0x3f, 0xc9, 0x2d, 0x2f, 0xfd, 0xd6, 0x9f, 0x25, 0xf8, 0x68, 0xc3, 0x71, 0xae, 0xfa, 0x7f, 0x45,
    0x70, 0xc9, 0xf0, 0xd5, 0x01, 0x5f, 0x7d, 0xeb, 0x5f, 0xff, 0xf4, 0x2e, 0x57, 0x5d, 0xf5, 0x9c,
    0x10, 0x57, 0x5d, 0xf5, 0x2f, 0x78, 0xf0, 0x4b, 0xbf, 0xf5, 0x47, 0x1b, 0x3e, 0xdb, 0x70, 0x8c,
    0xab, 0xae, 0xba, 0xea, 0x3f, 0x4c, 0xc0, 0xeb, 0xdc, 0xfa, 0xd7, 0x3f, 0xfd, 0xdb, 0xfc, 0x07,
    0x7b, 0xf0, 0x4b, 0xbf, 0xf5, 0x5b, 0x1b, 0xbe, 0xca, 0xf0, 0x60, 0xae, 0xfa, 0xff, 0xe8, 0x7b,
    0x02, 0x3e, 0xfb, 0xd6, 0xbf, 0xfe, 0xe9, 0x5b, 0xb9, 0xea, 0xaa, 0xe7, 0x0f, 0x71, 0xd5, 0x55,
    0x2f, 0x82, 0x07, 0xbf, 0xf4, 0x5b, 0x1f, 0x4f, 0xf8, 0x6c, 0xe0, 0xa3, 0xb8, 0xea, 0xaa, 0xab,
    0xfe, 0x43, 0x04, 0xbc, 0xce, 0xad, 0x7f, 0xfd, 0xd3, 0xbf, 0xcd, 0x7f, 0x90, 0x07, 0xbf, 0xf4,
    0x5b, 0xbf, 0xb4, 0xe1, 0xab, 0x0c, 0xaf, 0xcd, 0x55, 0xff, 0xef, 0x08, 0xfe, 0x46, 0xf0, 0xd1,
    0xb7, 0xfe, 0xf5, 0x4f, 0xff, 0x36, 0x57, 0x5d, 0xf5, 0xc2, 0x21, 0xae, 0xba, 0xea, 0x5f, 0xe1,
    0xc1, 0x2f, 0xfd, 0xd6, 0x2f, 0x6d, 0xf8, 0x6a, 0xc3, 0x6b, 0x71, 0xd5, 0x55, 0x57, 0xfd, 0xbb,
    0x04, 0xbc, 0xce, 0xad, 0x7f, 0xfd, 0xd3, 0xbf, 0xcd, 0xbf, 0xd3, 0x83, 0x5f, 0xfa, 0xad, 0x8f,
    0x27, 0x7c, 0x16, 0xf0, 0xd1, 0x5c, 0xf5, 0xff, 0x8e, 0xe0, 0x92, 0xe0, 0xa3, 0x6f, 0xfd, 0xeb,
    0x9f, 0xfe, 0x6e, 0xae, 0xba, 0xea, 0x45, 0x83, 0xb8, 0xea, 0xaa, 0x7f, 0x83, 0x07, 0xbf, 0xf4,
    0x5b, 0xbf, 0xb5, 0xe1, 0xab, 0x0d, 0x0f, 0xe2, 0xaa, 0xab, 0xae, 0xfa, 0x37, 0x09, 0x78, 0x9d,
    0x5b, 0xff, 0xfa, 0xa7, 0x7f, 0x9b, 0x7f, 0x87, 0x07, 0xbf, 0xf4, 0x5b, 0x7f, 0x94, 0xe1, 0xb3,
    0x0d, 0xc7, 0xb9, 0xea, 0xff, 0xa3, 0xcf, 0x09, 0xf8, 0xea, 0x5b, 0xff, 0xfa, 0xa7, 0x77, 0xb9,
    0xea, 0xaa, 0x17, 0x1d, 0xe2, 0xaa, 0xab, 0xfe, 0x1d, 0x6e, 0x79, 0xe9, 0xb7, 0xfe, 0x6c, 0xc1,
    0x47, 0x1b, 0x8e, 0x71, 0xd5, 0x55, 0x57, 0xfd, 0xab, 0x04, 0xbc, 0xce, 0xad, 0x7f, 0xfd, 0xd3,
    0xbf, 0xcd, 0xbf, 0xc1, 0x83, 0x5f, 0xfa, 0xad, 0x5f, 0xdb, 0xf0, 0x5d, 0x86, 0x07, 0x73, 0xd5,
    0xff, 0x3b, 0x82, 0xdf, 0x11, 0xbc, 0xf7, 0xad, 0x7f, 0xfd, 0xd3, 0xb7, 0x72, 0xd5, 0x55, 0xff,
    0x7a, 0x88, 0xab, 0xae, 0xfa, 0x77, 0x7a, 0xf0, 0x4b, 0xbf, 0xf5, 0x83, 0x13, 0x3e, 0x1b, 0x78,
    0x2f, 0xae, 0xba, 0xea, 0xaa, 0x17, 0x59, 0xc0, 0xeb, 0xdc, 0xfa, 0xd7, 0x3f, 0xfd, 0xdb, 0xfc,
    0x2b, 0x3c, 0xf8, 0xa5, 0xdf, 0xfa, 0xc1, 0x86, 0xef, 0x32, 0xbc, 0x36, 0x57, 0xfd, 0xbf, 0x23,
    0x78, 0x86, 0xe0, 0xbd, 0x6f, 0xfd, 0xeb, 0x9f, 0xfe, 0x6d, 0xae, 0xba, 0xea, 0xdf, 0x0e, 0x71,
    0xd5, 0x55, 0xff, 0x41, 0x1e, 0xfc, 0xd2, 0x6f, 0xfd, 0xda, 0x86, 0xcf, 0x36, 0xbc, 0x16, 0x57,
    0x5d, 0x75, 0xd5, 0xbf, 0x28, 0xe0, 0x75, 0x6e, 0xfd, 0xeb, 0x9f, 0xfe, 0x6d, 0x5e, 0x04, 0x0f,
    0x7e, 0xe9, 0xb7, 0x3e, 0x9e, 0xf0, 0x51, 0xc0, 0x67, 0x73, 0xd5, 0xff, 0x3b, 0x82, 0x4b, 0x82,
    0xcf, 0xbe, 0xf5, 0xaf, 0x7f, 0xfa, 0xab, 0xb9, 0xea, 0xaa, 0x7f, 0x3f, 0xc4, 0x55, 0x57, 0xfd,
    0x07, 0x7b, 0xf0, 0x4b, 0xbf, 0xf5, 0x7b, 0x1b, 0x3e, 0xdb, 0xf0, 0x20, 0xae, 0xba, 0xea, 0xaa,
    0x17, 0x28, 0xe0, 0x75, 0x6e, 0xfd, 0xeb, 0x9f, 0xfe, 0x6d, 0xfe, 0x05, 0x0f, 0x7e, 0xe9, 0xb7,
    0x79, 0x2f, 0xe3, 0xaf, 0x36, 0x1c, 0xe7, 0xaa, 0xff, 0x8f, 0xbe, 0x27, 0xe0, 0xa3, 0x6f, 0xfd,
    0xeb, 0x9f, 0xde, 0xe5, 0xaa, 0xab, 0xfe, 0x63, 0x20, 0xae, 0xba, 0xea, 0x3f, 0xc1, 0x83, 0x5f,
    0xfa, 0xad, 0x8f, 0x27, 0x7c, 0x34, 0xf0, 0x59, 0x5c, 0x75, 0xd5, 0x55, 0xcf, 0x57, 0xc0, 0xeb,
    0xdc, 0xfa, 0xd7, 0x3f, 0xfd, 0xdb, 0xbc, 0x00, 0x0f, 0x7e, 0xe9, 0xb7, 0x7e, 0x6d, 0xc3, 0x57,
    0x19, 0x5e, 0x9a, 0xab, 0xfe, 0xdf, 0x11, 0xfc, 0x8e, 0xe0, 0xa3, 0x6f, 0xfd, 0xeb, 0x9f, 0xfe,
    0x6b, 0xae, 0xba, 0xea, 0x3f, 0x16, 0xe2, 0xaa, 0xab, 0xfe, 0x13, 0x3d, 0xf8, 0xa5, 0xdf, 0xfa,
    0xc1, 0x09, 0x5f, 0x0d, 0xbc, 0x15, 0x57, 0x5d, 0x75, 0xd5, 0x73, 0x08, 0x78, 0x9d, 0x5b, 0xff,
    0xfa, 0xa7, 0x7f, 0x9b, 0xe7, 0xf2, 0xe0, 0x97, 0x7e, 0xeb, 0x07, 0x27, 0x7c, 0x16, 0xf0, 0xde,
    0x5c, 0xf5, 0xff, 0x8e, 0xe0, 0x19, 0x82, 0x8f, 0xbe, 0xf5, 0xaf, 0x7f, 0xfa, 0xa7, 0xb9, 0xea,
    0xaa, 0xff, 0x1c, 0x88, 0xab, 0xae, 0xfa, 0x2f, 0xf0, 0xe0, 0x97, 0x7e, 0xeb, 0xd7, 0x36, 0x7c,
    0xb5, 0xe1, 0xa5, 0xb8, 0xea, 0xaa, 0xab, 0x2e, 0x0b, 0x78, 0x9d, 0x5b, 0xff, 0xfa, 0xa7, 0x7f,
    0x9b, 0x67, 0x7a, 0xf0, 0x4b, 0xbf, 0xf5, 0xf1, 0x84, 0x8f, 0x12, 0x7c, 0xb4, 0xe1, 0x38, 0x57,
    0xfd, 0xbf, 0x22, 0xb8, 0x64, 0xf8, 0xea, 0xdb, 0xfe, 0xfa, 0xa7, 0x3f, 0x9b, 0xab, 0xae, 0xfa,
    0xcf, 0x85, 0xb8, 0xea, 0xaa, 0xff, 0x42, 0x0f, 0x7e, 0xe9, 0xb7, 0x7e, 0x6f, 0xc3, 0x57, 0x1b,
    0x8e, 0x71, 0xd5, 0x55, 0xff, 0xcf, 0x05, 0xbc, 0xce, 0xad, 0x7f, 0xfd, 0xd3, 0xbf, 0x0d, 0xf0,
    0xe0, 0x97, 0x7e, 0x9b, 0xf7, 0x32, 0xfe, 0x6c, 0xc3, 0x83, 0xb9, 0xea, 0xff, 0xa3, 0xef, 0x09,
    0xf8, 0xec, 0x5b, 0xff, 0xfa, 0xa7, 0x6f, 0xe5, 0xaa, 0xab, 0xfe, 0xf3, 0x21, 0xae, 0xba, 0xea,
    0xbf, 0xd8, 0x83, 0x5f, 0xfa, 0xad, 0x8f, 0x27, 0x7c, 0x36, 0xf0, 0x51, 0x5c, 0x75, 0xd5, 0xff,
    0x63, 0x01, 0xaf, 0x03, 0xec, 0x1a, 0xbe, 0xca, 0xf0, 0xda, 0x5c, 0xf5, 0xff, 0x8e, 0xe0, 0x77,
    0x04, 0x9f, 0x7d, 0xeb, 0x5f, 0xff, 0xf4, 0x6f, 0x73, 0xd5, 0x55, 0xff, 0x75, 0x10, 0x57, 0x5d,
    0xf5, 0xdf, 0xe4, 0xc1, 0x2f, 0xfd, 0xd6, 0x0f, 0x36, 0x7c, 0xb7, 0xe1, 0xb5, 0xb8, 0xea, 0xaa,
    0xff, 0x87, 0x04, 0xbf, 0x6d, 0x78, 0x6d, 0xae, 0xfa, 0x7f, 0x47, 0x70, 0x49, 0xf0, 0xd1, 0xb7,
    0xfe, 0xf5, 0x4f, 0x7f, 0x37, 0x57, 0x5d, 0xf5, 0x5f, 0x0f, 0x71, 0xd5, 0x55, 0xff, 0xcd, 0x1e,
    0xfc, 0xd2, 0x6f, 0xfd, 0xda, 0x86, 0xef, 0x36, 0x3c, 0x88, 0xab, 0xae, 0xba, 0xea, 0xaa, 0xff,
    0xfb, 0x3e, 0x27, 0xe0, 0xab, 0x6f, 0xfd, 0xeb, 0x9f, 0xde, 0xe5, 0xaa, 0xab, 0xfe, 0x7b, 0x20,
    0xae, 0xba, 0xea, 0x7f, 0x88, 0x07, 0xbf, 0xf4, 0x5b, 0x7f, 0xb4, 0xe1, 0xb3, 0x0d, 0xc7, 0xb8,
    0xea, 0xaa, 0xab, 0xae, 0xfa, 0xbf, 0xe7, 0x67, 0x02, 0x3e, 0xfa, 0xd6, 0xbf, 0xfe, 0xe9, 0x5b,
    0xb9, 0xea, 0xaa, 0xff, 0x5e, 0x88, 0xab, 0xae, 0xfa, 0x1f, 0xe4, 0xc1, 0x2f, 0xfd, 0xd6, 0xc7,
    0x13, 0xbe, 0x1a, 0x78, 0x2f, 0xae, 0xba, 0xea, 0xaa, 0xab, 0xfe, 0x0f, 0x10, 0x3c, 0x43, 0xf0,
    0xde, 0xb7, 0xfe, 0xf5, 0x4f, 0xff, 0x36, 0x57, 0x5d, 0xf5, 0x3f, 0x03, 0xe2, 0xaa, 0xab, 0xfe,
    0x07, 0x7a, 0xf0, 0x4b, 0xbf, 0xf5, 0x4b, 0x1b, 0xbe, 0xda, 0xf0, 0x5a, 0x5c, 0x75, 0xd5, 0x55,
    0x57, 0xfd, 0x2f, 0x24, 0xb8, 0x24, 0xf8, 0xec, 0x5b, 0xff, 0xfa, 0xa7, 0xbf, 0x9a, 0xab, 0xae,
    0xfa, 0x9f, 0x05, 0x71, 0xd5, 0x55, 0xff, 0x83, 0x3d, 0xf8, 0xa5, 0xdf, 0xfa, 0xad, 0x0d, 0x5f,
    0x6d, 0x78, 0x10, 0x57, 0x5d, 0x75, 0xd5, 0x55, 0xff, 0x7b, 0x7c, 0x4d, 0xc0, 0x67, 0xdf, 0xfa,
    0xd7, 0x3f, 0xbd, 0xcb, 0x55, 0x57, 0xfd, 0xcf, 0x83, 0xb8, 0xea, 0xaa, 0xff, 0xe1, 0x1e, 0xfc,
    0xd2, 0x6f, 0x7d, 0x3c, 0xe1, 0xa3, 0x05, 0x1f, 0x6d, 0x38, 0xc6, 0x55, 0x57, 0x5d, 0x75, 0xd5,
    0xff, 0x50, 0x82, 0xdf, 0x11, 0xbc, 0xf7, 0xad, 0x7f, 0xfd, 0xd3, 0xb7, 0x72, 0xd5, 0x55, 0xff,
    0x73, 0x21, 0xae, 0xba, 0xea, 0x7f, 0x89, 0x07, 0xbf, 0xf4, 0x5b, 0x3f, 0x38, 0xe1, 0xb3, 0x81,
    0xf7, 0xe2, 0xaa, 0xab, 0xae, 0xba, 0xea, 0x7f, 0x10, 0xc1, 0x33, 0x04, 0x1f, 0x7d, 0xeb, 0x5f,
    0xff, 0xf4, 0x4f, 0x73, 0xd5, 0x55, 0xff, 0xf3, 0x21, 0xae, 0xba, 0xea, 0x7f, 0x99, 0x07, 0xbf,
    0xf4, 0x5b, 0xbf, 0xb6, 0xe1, 0xb3, 0x0d, 0xaf, 0xc5, 0x55, 0x57, 0x5d, 0x75, 0xd5, 0x7f, 0x23,
    0xc1, 0x25, 0xc3, 0x57, 0xdf, 0xf6, 0xd7, 0x3f, 0xfd, 0xd9, 0x5c, 0x75, 0xd5, 0xff, 0x1e, 0x88,
    0xab, 0xae, 0xfa, 0x5f, 0xea, 0xc1, 0x2f, 0xfd, 0xd6, 0xef, 0x6d, 0xf8, 0x6a, 0xc3, 0x31, 0xae,
    0xba, 0xea, 0xaa, 0xab, 0xfe, 0xeb, 0x7d, 0x4f, 0xc0, 0x47, 0xdf, 0xfa, 0xd7, 0x3f, 0xbd, 0xcb,
    0x55, 0x57, 0xfd, 0xef, 0x82, 0xb8, 0xea, 0xaa, 0xff, 0xc5, 0x1e, 0xfc, 0xd2, 0x6f, 0x7d, 0x3c,
    0xe1, 0xa3, 0x81, 0xcf, 0xe2, 0xaa, 0xab, 0xae, 0xba, 0xea, 0xbf, 0x80, 0xe0, 0x77, 0x04, 0x9f,
    0x7d, 0xeb, 0x5f, 0xff, 0xf4, 0x6f, 0x73, 0xd5, 0x55, 0xff, 0x3b, 0x21, 0xae, 0xba, 0xea, 0xff,
    0x80, 0x07, 0xbf, 0xf4, 0x5b, 0x3f, 0x38, 0xe1, 0xab, 0x81, 0xb7, 0xe2, 0xaa, 0xab, 0xae, 0xba,
    0xea, 0x3f, 0x81, 0xe0, 0x19, 0x82, 0xcf, 0xbe, 0xf5, 0xaf, 0x7f, 0xfa, 0xbb, 0xb9, 0xea, 0xaa,
    0xff, 0xdd, 0x10, 0x57, 0x5d, 0xf5, 0x7f, 0xc8, 0x83, 0x5f, 0xfa, 0xad, 0x5f, 0xdb, 0xf0, 0xd5,
    0x86, 0x97, 0xe2, 0xaa, 0xab, 0xae, 0xba, 0xea, 0x3f, 0xce, 0xe7, 0x04, 0x7c, 0xf5, 0xad, 0x7f,
    0xfd, 0xd3, 0xbb, 0x5c, 0x75, 0xd5, 0xff, 0x7e, 0x88, 0xab, 0xae, 0xfa, 0x3f, 0xe8, 0xc1, 0x2f,
    0xfd, 0xd6, 0x1f, 0x6d, 0xf8, 0x6c, 0xc3, 0x31, 0xae, 0xba, 0xea, 0xaa, 0xab, 0xfe, 0xed, 0x7e,
    0x26, 0xe0, 0xa3, 0x6f, 0xfd, 0xeb, 0x9f, 0xbe, 0x95, 0xab, 0xae, 0xfa, 0xbf, 0x03, 0x71, 0xd5,
    0x55, 0xff, 0x47, 0x3d, 0xf8, 0xa5, 0xdf, 0xfa, 0x78, 0xc2, 0x67, 0x03, 0x1f, 0xc5, 0x55, 0x57,
    0x5d, 0x75, 0xd5, 0xbf, 0x82, 0xe0, 0x6f, 0x04, 0x1f, 0x7d, 0xeb, 0x5f, 0xff, 0xf4, 0x6f, 0x73,
    0xd5, 0x55, 0xff, 0xf7, 0x20, 0xae, 0xba, 0xea, 0xff, 0xb8, 0x07, 0xbf, 0xf4, 0x5b, 0x3f, 0xd8,
    0xf0, 0xdd, 0x86, 0xd7, 0xe2, 0xaa, 0xab, 0xae, 0xba, 0xea, 0x85, 0x10, 0x5c, 0x12, 0x7c, 0xf4,
    0xad, 0x7f, 0xfd, 0xd3, 0xdf, 0xcd, 0x55, 0x57, 0xfd, 0xdf, 0x85, 0xb8, 0xea, 0xaa, 0xff, 0x27,
    0x1e, 0xfc, 0xd2, 0x6f, 0xfd, 0xd6, 0x86, 0xaf, 0x36, 0x3c, 0x88, 0xab, 0xae, 0xba, 0xea, 0xaa,
    0xe7, 0xf5, 0x35, 0x01, 0x9f, 0x7d, 0xeb, 0x5f, 0xff, 0xf4, 0x2e, 0x57, 0x5d, 0xf5, 0x7f, 0x1b,
    0xe2, 0xaa, 0xab, 0xfe, 0x9f, 0xb9, 0xe5, 0xa5, 0xdf, 0xfa, 0xb3, 0x05, 0x1f, 0x6d, 0x38, 0xc6,
    0x55, 0x57, 0x5d, 0xf5, 0xff, 0x9e, 0xe0, 0x77, 0x04, 0xef, 0x7d, 0xeb, 0x5f, 0xff, 0xf4, 0xad,
    0x5c, 0x75, 0xd5, 0xff, 0x0f, 0x88, 0xab, 0xae, 0xfa, 0x7f, 0xe8, 0xc1, 0x2f, 0xfd, 0xd6, 0xc7,
    0x13, 0xbe, 0x1a, 0x78, 0x2f, 0xae, 0xba, 0xea, 0xaa, 0xff, 0x97, 0x04, 0xcf, 0x10, 0xbc, 0xf7,
    0xad, 0x7f, 0xfd, 0xd3, 0xbf, 0xcd, 0x55, 0x57, 0xfd, 0xff, 0x82, 0xb8, 0xea, 0xaa, 0xff, 0xc7,
    0x1e, 0xfc, 0xd2, 0x6f, 0xfd, 0xd2, 0x86, 0xaf, 0x36, 0xbc, 0x16, 0x57, 0x5d, 0x75, 0xd5, 0xff,
    0x0b, 0x82, 0x4b, 0x86, 0xaf, 0xbe, 0xed, 0xaf, 0x7f, 0xfa, 0xb3, 0xb9, 0xea, 0xaa, 0xff, 0x9f,
    0x10, 0x57, 0x5d, 0x75, 0x15, 0x0f, 0x7e, 0xe9, 0xb7, 0x7e, 0x6f, 0xc3, 0x67, 0x1b, 0x1e, 0xc4,
    0x55, 0x57, 0x5d, 0xf5, 0x7f, 0xd9, 0xf7, 0x04, 0x7c, 0xf4, 0xad, 0x7f, 0xfd, 0xd3, 0xbb, 0x5c,
    0x75, 0xd5, 0xff, 0x5f, 0x88, 0xab, 0xae, 0xba, 0xea, 0xb2, 0x07, 0xbf, 0xf4, 0x5b, 0x1f, 0x4f,
    0xf8, 0x68, 0xc1, 0x47, 0x1b, 0x8e, 0x71, 0xd5, 0x55, 0x57, 0xfd, 0x9f, 0x21, 0xf8, 0x1d, 0xc1,
    0x47, 0xdf, 0xfa, 0xd7, 0x3f, 0xfd, 0xd7, 0x5c, 0x75, 0xd5, 0x55, 0x88, 0xab, 0xae, 0xba, 0xea,
    0x39, 0x3c, 0xf8, 0xa5, 0xdf, 0xfa, 0xc1, 0x09, 0x9f, 0x0d, 0xbc, 0x17, 0x57, 0x5d, 0x75, 0xd5,
    0xff, 0x6a, 0x82, 0x67, 0x08, 0x3e, 0xfb, 0xd6, 0xbf, 0xfe, 0xe9, 0xef, 0xe6, 0xaa, 0xab, 0xae,
    0xba, 0x1f, 0xe2, 0xaa, 0xab, 0xae, 0x7a, 0xbe, 0x1e, 0xfc, 0xd2, 0x6f, 0xfd, 0xda, 0x86, 0xaf,
    0x36, 0xbc, 0x14, 0x57, 0x5d, 0x75, 0xd5, 0xff, 0x2a, 0x82, 0x4b, 0x86, 0xaf, 0x0e, 0xf8, 0xea,
    0x5b, 0xff, 0xfa, 0xa7, 0x77, 0xb9, 0xea, 0xaa, 0xab, 0x1e, 0x08, 0x71, 0xd5, 0x55, 0x57, 0xbd,
    0x50, 0x0f, 0x7e, 0xe9, 0xb7, 0x7e, 0x6f, 0xc3, 0x57, 0x1b, 0x8e, 0x71, 0xd5, 0x55, 0x57, 0xfd,
    0x6f, 0xf0, 0x33, 0x01, 0x1f, 0x7d, 0xeb, 0x5f, 0xff, 0xf4, 0xad, 0x5c, 0x75, 0xd5, 0x55, 0xcf,
    0x0f, 0xe2, 0xaa, 0xab, 0xae, 0xfa, 0x17, 0x3d, 0xf8, 0xa5, 0xdf, 0xfa, 0x78, 0xc2, 0x47, 0x03,
    0x9f, 0xc5, 0x55, 0x57, 0x5d, 0xf5, 0x3f, 0x92, 0xe0, 0x6f, 0x04, 0x1f, 0x7d, 0xeb, 0x5f, 0xff,
    0xf4, 0x6f, 0x73, 0xd5, 0x55, 0x57, 0xbd, 0x30, 0x88, 0xab, 0xae, 0xba, 0xea, 0x45, 0xf6, 0xe0,
    0x97, 0x7e, 0xeb, 0x07, 0x27, 0x7c, 0x35, 0xf0, 0x56, 0x5c, 0x75, 0xd5, 0x55, 0xff, 0x23, 0x08,
    0x2e, 0x09, 0x3e, 0xfa, 0xd6, 0xbf, 0xfe, 0xe9, 0xef, 0xe6, 0xaa, 0xab, 0xae, 0x7a, 0x51, 0x20,
    0xae, 0xba, 0xea, 0xaa, 0x7f, 0xb5, 0x07, 0xbf, 0xf4, 0x5b, 0xbf, 0xb6, 0xe1, 0xbb, 0x0d, 0x0f,
    0xe2, 0xaa, 0xab, 0xae, 0xfa, 0xef, 0xf4, 0x39, 0x01, 0x5f, 0x7d, 0xeb, 0x5f, 0xff, 0xf4, 0x2e,
    0x57, 0x5d, 0x75, 0xd5, 0x8b, 0x0a, 0x71, 0xd5, 0x55, 0x57, 0xfd, 0x9b, 0x3d, 0xf8, 0xa5, 0xdf,
    0xfa, 0xa3, 0x0d, 0x9f, 0x6d, 0x38, 0xc6, 0x55, 0x57, 0x5d, 0xf5, 0x5f, 0x46, 0xf0, 0x3b, 0x82,
    0xf7, 0xbe, 0xf5, 0xaf, 0x7f, 0xfa, 0x56, 0xae, 0xba, 0xea, 0xaa, 0x7f, 0x2d, 0xc4, 0x55, 0x57,
    0x5d, 0xf5, 0xef, 0xf2, 0xe0, 0x97, 0x7e, 0xeb, 0xe3, 0x09, 0x9f, 0x0d, 0x7c, 0x14, 0x57, 0x5d,
    0x75, 0xd5, 0x7f, 0x2a, 0xc1, 0x33, 0x04, 0xef, 0x7d, 0xeb, 0x5f, 0xff, 0xf4, 0x6f, 0x73, 0xd5,
    0x55, 0x57, 0xfd, 0x5b, 0x21, 0xae, 0xba, 0xea, 0xaa, 0xff, 0x10, 0x0f, 0x7e, 0xe9, 0xb7, 0x7e,
    0x69, 0xc3, 0x57, 0x1b, 0x5e, 0x8b, 0xab, 0xae, 0xba, 0xea, 0x3f, 0x94, 0xe0, 0x92, 0xe0, 0xb3,
    0x6f, 0xfd, 0xeb, 0x9f, 0xfe, 0x6a, 0xae, 0xba, 0xea, 0xaa, 0x7f, 0x2f, 0xc4, 0x55, 0x57, 0x5d,
    0xf5, 0x1f, 0xea, 0xc1, 0x2f, 0xfd, 0xd6, 0x6f, 0x6d, 0xf8, 0x6a, 0xc3, 0x83, 0xb8, 0xea, 0xaa,
    0xab, 0xfe, 0x23, 0x7c, 0x4f, 0xc0, 0x47, 0xdf, 0xfa, 0xd7, 0x3f, 0xbd, 0xcb, 0x55, 0x57, 0x5d,
    0xf5, 0x1f, 0x01, 0x71, 0xd5, 0x55, 0x57, 0xfd, 0xa7, 0xb8, 0xe5, 0xa5, 0xdf, 0xfa, 0xb3, 0x05,
    0x1f, 0x6d, 0x38, 0xc6, 0x55, 0x57, 0x5d, 0xf5, 0xaf, 0x26, 0xf8, 0x1d, 0xc1, 0x47, 0xdf, 0xfa,
    0xd7, 0x3f, 0xfd, 0xd7, 0x5c, 0x75, 0xd5, 0x55, 0xff, 0x91, 0x10, 0x57, 0x5d, 0x75, 0xd5, 0x7f,
    0x9a, 0x07, 0xbf, 0xf4, 0x5b, 0x1f, 0x4f, 0xf8, 0x6a, 0xe0, 0xbd, 0xb8, 0xea, 0xaa, 0xab, 0x5e,
    0x24, 0x82, 0x67, 0x08, 0x3e, 0xfa, 0xd6, 0xbf, 0xfe, 0xe9, 0x9f, 0xe6, 0xaa, 0xab, 0xae, 0xfa,
    0xcf, 0x80, 0xb8, 0xea, 0xaa, 0xab, 0xfe, 0xd3, 0x3d, 0xf8, 0xa5, 0xdf, 0xfa, 0xb5, 0x0d, 0x9f,
    0x6d, 0x78, 0x2d, 0xae, 0xba, 0xea, 0xaa, 0xe7, 0x4b, 0x70, 0xc9, 0xf0, 0xd5, 0x01, 0x5f, 0x7d,
    0xeb, 0x5f, 0xff, 0xf4, 0x2e, 0x57, 0x5d, 0x75, 0xd5, 0x7f, 0x16, 0xc4, 0x55, 0x57, 0x5d, 0xf5,
    0x5f, 0xe6, 0xc1, 0x2f, 0xfd, 0xd6, 0xef, 0x6d, 0xf8, 0x6c, 0xc3, 0x83, 0xb8, 0xea, 0xaa, 0xab,
    0x1e, 0xe8, 0x7b, 0x02, 0x3e, 0xfb, 0xd6, 0xbf, 0xfe, 0xe9, 0x5b, 0xb9, 0xea, 0xaa, 0xab, 0xfe,
    0xb3, 0x21, 0xae, 0xba, 0xea, 0xaa, 0xff, 0x52, 0x0f, 0x7e, 0xe9, 0xb7, 0x3e, 0x9e, 0xf0, 0xd1,
    0x82, 0x8f, 0x36, 0x1c, 0xe3, 0xaa, 0xab, 0xfe, 0x1f, 0x13, 0xfc, 0x8e, 0xe0, 0xb3, 0x6f, 0xfd,
    0xeb, 0x9f, 0xfe, 0x6d, 0xae, 0xba, 0xea, 0xaa, 0xff, 0x2a, 0x88, 0xab, 0xae, 0xba, 0xea, 0xbf,
    0xc5, 0x83, 0x5f, 0xfa, 0xad, 0x1f, 0x9c, 0xf0, 0xd5, 0xc0, 0x5b, 0x71, 0xd5, 0x55, 0xff, 0xcf,
    0x08, 0x2e, 0x09, 0x3e, 0xfa, 0xd6, 0xbf, 0xfe, 0xe9, 0xef, 0xe6, 0xaa, 0xab, 0xae, 0xfa, 0xaf,
    0x86, 0xb8, 0xea, 0xaa, 0xab, 0xfe, 0x5b, 0x3d, 0xf8, 0xa5, 0xdf, 0xfa, 0xb5, 0x0d, 0x5f, 0x6d,
    0x78, 0x29, 0xae, 0xba, 0xea, 0xff, 0x87, 0xcf, 0x09, 0xf8, 0xea, 0x5b, 0xff, 0xfa, 0xa7, 0x77,
    0xb9, 0xea, 0xaa, 0xab, 0xfe, 0x3b, 0x20, 0xae, 0xba, 0xea, 0xaa, 0xff, 0x11, 0x1e, 0xfc, 0xd2,
    0x6f, 0xfd, 0xde, 0x86, 0xaf, 0x36, 0x1c, 0xe3, 0xaa, 0xab, 0xfe, 0x6f, 0xfa, 0x99, 0x80, 0x8f,
    0xbe, 0xf5, 0xaf, 0x7f, 0xfa, 0x56, 0xae, 0xba, 0xea, 0xaa, 0xff, 0x4e, 0x88, 0xab, 0xae, 0xba,
    0xea, 0x7f, 0x8c, 0x07, 0xbf, 0xf4, 0x5b, 0x1f, 0x4f, 0xf8, 0x6c, 0xe0, 0xa3, 0xb8, 0xea, 0xaa,
    0xff, 0x23, 0x04, 0xcf, 0x10, 0xbc, 0xf7, 0xad, 0x7f, 0xfd, 0xd3, 0xbf, 0xcd, 0x55, 0x57, 0x5d,
    0xf5, 0x3f, 0x01, 0xe2, 0xaa, 0xab, 0xae, 0xfa, 0x1f, 0xe7, 0xc1, 0x2f, 0xfd, 0xd6, 0x0f, 0x36,
    0x7c, 0xb7, 0xe1, 0xb5, 0xb8, 0xea, 0xaa, 0xff, 0xa5, 0x04, 0x97, 0x04, 0x9f, 0x7d, 0xeb, 0x5f,
    0xff, 0xf4, 0x57, 0x73, 0xd5, 0x55, 0x57, 0xfd, 0x4f, 0x82, 0xb8, 0xea, 0xaa, 0xab, 0xfe, 0xc7,
    0x7a, 0xf0, 0x4b, 0xbf, 0xf5, 0x6b, 0x1b, 0xbe, 0xdb, 0xf0, 0x20, 0xae, 0xba, 0xea, 0x7f, 0x97,
    0xaf, 0x09, 0xf8, 0xec, 0x5b, 0xff, 0xfa, 0xa7, 0x77, 0xb9, 0xea, 0xaa, 0xab, 0xfe, 0xa7, 0x41,
    0x5c, 0x75, 0xd5, 0x55, 0xff, 0xe3, 0x3d, 0xf8, 0xa5, 0xdf, 0xfa, 0xa3, 0x0d, 0x9f, 0x6d, 0x38,
    0xc6, 0x55, 0x57, 0xfd, 0x0f, 0x26, 0xf8, 0x1d, 0xc1, 0x47, 0xdf, 0xfa, 0xd7, 0x3f, 0xfd, 0xd7,
    0x5c, 0x75, 0xd5, 0x55, 0xff, 0x53, 0x21, 0xae, 0xba, 0xea, 0xaa, 0xff, 0x15, 0x1e, 0xfc, 0xd2,
    0x6f, 0x7d, 0x3c, 0xe1, 0xab, 0x81, 0xf7, 0xe2, 0xaa, 0xab, 0xfe, 0x87, 0x11, 0x3c, 0x43, 0xf0,
    0xd1, 0xb7, 0xfe, 0xf5, 0x4f, 0xff, 0x34, 0x57, 0x5d, 0x75, 0xd5, 0xff, 0x74, 0x88, 0xab, 0xae,
    0xba, 0xea, 0x7f, 0x95, 0x07, 0xbf, 0xf4, 0x5b, 0xbf, 0xb4, 0xe1, 0xab, 0x0d, 0xaf, 0xc5, 0x55,
    0x57, 0xfd, 0x37, 0x13, 0x5c, 0x32, 0x7c, 0xf5, 0x6d, 0x7f, 0xfd, 0xd3, 0x9f, 0xcd, 0x55, 0x57,
    0x5d, 0xf5, 0xbf, 0x05, 0xe2, 0xaa, 0xab, 0xae, 0xfa, 0x5f, 0xe9, 0xc1, 0x2f, 0xfd, 0xd6, 0x6f,
    0x6d, 0xf8, 0x6a, 0xc3, 0x83, 0xb8, 0xea, 0xaa, 0xff, 0x1e, 0xdf, 0x13, 0xf0, 0xd1, 0xb7, 0xfe,
    0xf5, 0x4f, 0xef, 0x72, 0xd5, 0x55, 0x57, 0xfd, 0x6f, 0x82, 0xb8, 0xea, 0xaa, 0xab, 0xfe, 0x57,
    0xbb, 0xe5, 0xa5, 0xdf, 0xfa, 0xb3, 0x05, 0x1f, 0x6d, 0x38, 0xc6, 0x55, 0x57, 0xfd, 0x17, 0x10,
    0xfc, 0x8e, 0xe0, 0xb3, 0x6f, 0xfd, 0xeb, 0x9f, 0xfe, 0x6d, 0xae, 0xba, 0xea, 0xaa, 0xff, 0x8d,
    0x10, 0x57, 0x5d, 0x75, 0xd5, 0xff, 0x7a, 0x0f, 0x7e, 0xe9, 0xb7, 0x7e, 0x70, 0xc2, 0x67, 0x03,
    0xef, 0xc5, 0x55, 0x57, 0xfd, 0x27, 0x11, 0x3c, 0x43, 0xf0, 0xd9, 0xb7, 0xfe, 0xf5, 0x4f, 0x7f,
    0x37, 0x57, 0x5d, 0x75, 0xd5, 0xff, 0x66, 0x88, 0xab, 0xae, 0xba, 0xea, 0xff, 0x8c, 0x07, 0xbf,
    0xf4, 0x5b, 0xbf, 0xb6, 0xe1, 0xb3, 0x0d, 0xaf, 0xc5, 0x55, 0x57, 0xfd, 0xc7, 0xfa, 0x9c, 0x80,
    0xaf, 0xbe, 0xf5, 0xaf, 0x7f, 0x7a, 0x97, 0xab, 0xae, 0xba, 0xea, 0x7f, 0x3b, 0xc4, 0x55, 0x57,
    0x5d, 0xf5, 0x7f, 0xce, 0x83, 0x5f, 0xfa, 0xad, 0xdf, 0xdb, 0xf0, 0xd9, 0x86, 0x07, 0x71, 0xd5,
    0x55, 0xff, 0x3e, 0x3f, 0x13, 0xf0, 0xd1, 0xb7, 0xfe, 0xf5, 0x4f, 0xdf, 0xca, 0x55, 0x57, 0x5d,
    0xf5, 0x7f, 0x05, 0xe2, 0xaa, 0xab, 0xae, 0xfa, 0x3f, 0xe9, 0xc1, 0x2f, 0xfd, 0xd6, 0xc7, 0x13,
    0x3e, 0x1a, 0xf8, 0x2c, 0xae, 0xba, 0xea, 0x5f, 0x49, 0xf0, 0x37, 0x82, 0x8f, 0xbe, 0xf5, 0xaf,
    0x7f, 0xfa, 0xb7, 0xb9, 0xea, 0xaa, 0xab, 0xfe, 0xaf, 0x41, 0x5c, 0x75, 0xd5, 0x55, 0xff, 0xa7,
    0x3d, 0xf8, 0xa5, 0xdf, 0xfa, 0xc1, 0x09, 0x5f, 0x0d, 0xbc, 0x15, 0x57, 0x5d, 0xf5, 0x2f, 0x10,
    0x5c, 0x12, 0x7c, 0xf6, 0xad, 0x7f, 0xfd, 0xd3, 0x5f, 0xcd, 0x55, 0x57, 0x5d, 0xf5, 0x7f, 0x15,
    0xe2, 0xaa, 0xab, 0xae, 0xfa, 0x7f, 0xe1, 0xc1, 0x2f, 0xfd, 0xd6, 0xaf, 0x6d, 0xf8, 0x6a, 0xc3,
    0x4b, 0x71, 0xd5, 0x55, 0xcf, 0xdf, 0xd7, 0x04, 0x7c, 0xf6, 0xad, 0x7f, 0xfd, 0xd3, 0xbb, 0x5c,
    0x75, 0xd5, 0x55, 0xff, 0x97, 0x21, 0xae, 0xba, 0xea, 0xaa, 0xff, 0x57, 0x1e, 0xfc, 0xd2, 0x6f,
    0xfd, 0xd1, 0x86, 0xcf, 0x36, 0x1c, 0xe3, 0xaa, 0xab, 0x00, 0xc1, 0xef, 0x08, 0xde, 0xfb, 0xd6,
    0xbf, 0xfe, 0xe9, 0x5b, 0xb9, 0xea, 0xaa, 0xab, 0xfe, 0x3f, 0x40, 0x5c, 0x75, 0xd5, 0x55, 0xff,
    0xef, 0x3c, 0xf8, 0xa5, 0xdf, 0xfa, 0x78, 0xc2, 0x67, 0x03, 0x1f, 0xc5, 0x55, 0xff, 0x6f, 0x09,
    0x9e, 0x21, 0x78, 0xef, 0x5b, 0xff, 0xfa, 0xa7, 0x7f, 0x9b, 0xab, 0xae, 0xba, 0xea, 0xff, 0x13,
    0xc4, 0x55, 0x57, 0x5d, 0xf5, 0xff, 0xd6, 0x83, 0x5f, 0xfa, 0xad, 0x1f, 0x6c, 0xf8, 0x6e, 0xc3,
    0x6b, 0x71, 0xd5, 0xff, 0x1b, 0x82, 0x4b, 0x86, 0xaf, 0xbe, 0xed, 0xaf, 0x7f, 0xfa, 0xb3, 0xb9,
    0xea, 0xaa, 0xab, 0xfe, 0x3f, 0x42, 0x5c, 0x75, 0xd5, 0x55, 0xff, 0xef, 0x3d, 0xf8, 0xa5, 0xdf,
    0xfa, 0xb5, 0x0d, 0xdf, 0x6d, 0x78, 0x10, 0x57, 0xfd, 0x5f, 0xf7, 0x3d, 0x01, 0x1f, 0x7d, 0xeb,
    0x5f, 0xff, 0xf4, 0x2e, 0x57, 0x5d, 0x75, 0xd5, 0xff, 0x57, 0x88, 0xab, 0xae, 0xba, 0xea, 0xaa,
    0x67, 0xba, 0xe5, 0xa5, 0xdf, 0xfa, 0xb3, 0x05, 0x1f, 0x6d, 0x38, 0xc6, 0x55, 0xff, 0xa7, 0x08,
    0x7e, 0x47, 0xf0, 0xd1, 0xb7, 0xfe, 0xf5, 0x4f, 0xff, 0x35, 0x57, 0x5d, 0x75, 0xd5, 0xff, 0x77,
    0x88, 0xab, 0xae, 0xba, 0xea, 0xaa, 0x07, 0x78, 0xf0, 0x4b, 0xbf, 0xf5, 0xf1, 0x84, 0xaf, 0x06,
    0xde, 0x8b, 0xab, 0xfe, 0xd7, 0x13, 0x3c, 0x43, 0xf0, 0xd9, 0xb7, 0xfe, 0xf5, 0x4f, 0x7f, 0x37,
    0x57, 0x5d, 0x75, 0xd5, 0x55, 0x57, 0x20, 0xae, 0xba, 0xea, 0xaa, 0xab, 0x9e, 0x8f, 0x07, 0xbf,
    0xf4, 0x5b, 0xbf, 0xb4, 0xe1, 0xab, 0x0d, 0xaf, 0xc5, 0x55, 0xff, 0xeb, 0x08, 0x2e, 0x19, 0xbe,
    0x3a, 0xe0, 0xab, 0x6f, 0xfd, 0xeb, 0x9f, 0xde, 0xe5, 0xaa, 0xab, 0xae, 0xba, 0xea, 0xd9, 0x10,
    0x57, 0x5d, 0x75, 0xd5, 0x55, 0x2f, 0xc4, 0x83, 0x5f, 0xfa, 0xad, 0xdf, 0xda, 0xf0, 0xd5, 0x86,
    0x07, 0x71, 0xd5, 0xff, 0x16, 0x3f, 0x13, 0xf0, 0xd1, 0xb7, 0xfe, 0xf5, 0x4f, 0xdf, 0xca, 0x55,
    0x57, 0x5d, 0x75, 0xd5, 0xf3, 0x42, 0x5c, 0x75, 0xd5, 0x55, 0x57, 0xfd, 0x0b, 0x1e, 0xfc, 0xd2,
    0x6f, 0x7d, 0x3c, 0xe1, 0xa3, 0x05, 0x1f, 0x6d, 0x38, 0xc6, 0x55, 0xff, 0x23, 0x09, 0xfe, 0x46,
    0xf0, 0xd1, 0xb7, 0xfe, 0xf5, 0x4f, 0xff, 0x36, 0x57, 0x5d, 0x75, 0xd5, 0x55, 0x2f, 0x18, 0xe2,
    0xaa, 0xab, 0xae, 0xba, 0xea, 0x45, 0xf4, 0xe0, 0x97, 0x7e, 0xeb, 0x07, 0x27, 0x7c, 0x36, 0xf0,
    0x5e, 0x5c, 0xf5, 0x3f, 0x86, 0xe0, 0x92, 0xe0, 0xa3, 0x6f, 0xfd, 0xeb, 0x9f, 0xfe, 0x6e, 0xae,
    0xba, 0xea, 0xaa, 0xab, 0xfe, 0x65, 0x88, 0xab, 0xae, 0xba, 0xea, 0xaa, 0x7f, 0xa5, 0x07, 0xbf,
    0xf4, 0x5b, 0xbf, 0xb6, 0xe1, 0xab, 0x0d, 0x2f, 0xc5, 0x55, 0xff, 0xdd, 0xbe, 0x26, 0xe0, 0xb3,
    0x6f, 0xfd, 0xeb, 0x9f, 0xde, 0xe5, 0xaa, 0xab, 0xae, 0xba, 0xea, 0x45, 0x83, 0xb8, 0xea, 0xaa,
    0xab, 0xae, 0xfa, 0x37, 0x7a, 0xf0, 0x4b, 0xbf, 0xf5, 0x7b, 0x1b, 0xbe, 0xda, 0x70, 0x8c, 0xab,
    0xfe, 0x4b, 0x09, 0x7e, 0x47, 0xf0, 0xde, 0xb7, 0xfe, 0xf5, 0x4f, 0xdf, 0xca, 0x55, 0x57, 0x5d,
    0x75, 0xd5, 0xbf, 0x0e, 0xe2, 0xaa, 0xab, 0xae, 0xba, 0xea, 0xdf, 0xe1, 0xc1, 0x2f, 0xfd, 0xd6,
    0xc7, 0x13, 0x3e, 0x1a, 0xf8, 0x2c, 0xae, 0xfa, 0x4f, 0x27, 0x78, 0x86, 0xe0, 0xbd, 0x6f, 0xfd,
    0xeb, 0x9f, 0xfe, 0x6d, 0xae, 0xba, 0xea, 0xaa, 0xab, 0xfe, 0x6d, 0x10, 0x57, 0x5d, 0x75, 0xd5,
    0x55, 0xff, 0x01, 0x1e, 0xfc, 0xd2, 0x6f, 0xfd, 0xe0, 0x84, 0xaf, 0x06, 0xde, 0x8a, 0xab, 0xfe,
    0xc3, 0x09, 0x2e, 0x09, 0x3e, 0xfb, 0xd6, 0xbf, 0xfe, 0xe9, 0xaf, 0xe6, 0xaa, 0xab, 0xae, 0xba,
    0xea, 0xdf, 0x07, 0x71, 0xd5, 0x55, 0x57, 0x5d, 0xf5, 0x1f, 0xe8, 0xc1, 0x2f, 0xfd, 0xd6, 0xaf,
    0x6d, 0xf8, 0x6e, 0xc3, 0x83, 0xb8, 0xea, 0x3f, 0xca, 0xf7, 0x04, 0x7c, 0xf4, 0xad, 0x7f, 0xfd,
    0xd3, 0xbb, 0x5c, 0x75, 0xd5, 0x55, 0x57, 0xfd, 0xfb, 0x21, 0xae, 0xba, 0xea, 0xaa, 0xab, 0xfe,
    0x13, 0x3c, 0xf8, 0xa5, 0xdf, 0xfa, 0xa3, 0x0d, 0x9f, 0x6d, 0x38, 0xc6, 0x55, 0xff, 0x26, 0x82,
    0xdf, 0x11, 0x7c, 0xf4, 0xad, 0x7f, 0xfd, 0xd3, 0x7f, 0xcd, 0x55, 0x57, 0x5d, 0x75, 0xd5, 0x7f,
    0x1c, 0xc4, 0x55, 0x57, 0x5d, 0x75, 0xd5, 0x7f, 0x92, 0x07, 0xbf, 0xf4, 0x5b, 0x1f, 0x4f, 0xf8,
    0x6c, 0xe0, 0xa3, 0xb8, 0xea, 0x45, 0x26, 0x78, 0x86, 0xe0, 0xa3, 0x6f, 0xfd, 0xeb, 0x9f, 0xfe,
    0x69, 0xae, 0xba, 0xea, 0xaa, 0xab, 0xfe, 0xe3, 0x21, 0xae, 0xba, 0xea, 0xaa, 0xab, 0xfe, 0x93,
    0x3d, 0xf8, 0xa5, 0xdf, 0xfa, 0xc1, 0x86, 0xef, 0x36, 0xbc, 0x16, 0x57, 0xbd, 0x40, 0x82, 0x4b,
    0x86, 0xaf, 0x0e, 0xf8, 0xea, 0x5b, 0xff, 0xfa, 0xa7, 0x77, 0xb9, 0xea, 0xaa, 0xab, 0xae, 0xfa,
    0xcf, 0x81, 0xb8, 0xea, 0xaa, 0xab, 0xae, 0xfa, 0x2f, 0xf2, 0xe0, 0x97, 0x7e, 0xeb, 0xb7, 0x36,
    0x7c, 0xb5, 0xe1, 0x41, 0x5c, 0xf5, 0xdc, 0xbe, 0x27, 0xe0, 0xb3, 0x6f, 0xfd, 0xeb, 0x9f, 0xbe,
    0x95, 0xab, 0xae, 0xba, 0xea, 0xaa, 0xff, 0x5c, 0x88, 0xab, 0xae, 0xba, 0xea, 0xaa, 0xff, 0x62,
    0xb7, 0xbc, 0xf4, 0x5b, 0x7f, 0xb6, 0xe0, 0xa3, 0x0d, 0xc7, 0xf8, 0x7f, 0x4e, 0xf0, 0x37, 0x82,
    0x8f, 0xbe, 0xf5, 0xaf, 0x7f, 0xfa, 0xb7, 0xb9, 0xea, 0xaa, 0xab, 0xae, 0xfa, 0xaf, 0x81, 0xb8,
    0xea, 0xaa, 0xab, 0xae, 0xfa, 0x6f, 0xf0, 0xe0, 0x97, 0x7e, 0xeb, 0xe3, 0x09, 0x5f, 0x0d, 0xbc,
    0x17, 0xff, 0x0f, 0x09, 0x9e, 0x21, 0xf8, 0xec, 0x5b, 0xff, 0xfa, 0xa7, 0xbf, 0x9b, 0xab, 0xae,
    0xba, 0xea, 0xaa, 0xff, 0x5a, 0x88, 0xab, 0xae, 0xba, 0xea, 0xaa, 0xff, 0x46, 0x0f, 0x7e, 0xe9,
    0xb7, 0x7e, 0x70, 0xc2, 0x67, 0x03, 0xef, 0xc5, 0xff, 0x03, 0x82, 0x4b, 0x86, 0xaf, 0xbe, 0xed,
    0xaf, 0x7f, 0xfa, 0xb3, 0xb9, 0xea, 0xaa, 0xab, 0xae, 0xfa, 0xef, 0x81, 0xb8, 0xea, 0xaa, 0xab,
    0xae, 0xfa, 0x1f, 0xe0, 0xc1, 0x2f, 0xfd, 0xd6, 0xaf, 0x9d, 0xf0, 0xd1, 0xc0, 0x5b, 0xf1, 0x7f,
    0x90, 0xe0, 0x92, 0xe1, 0xab, 0x03, 0xbe, 0xfa, 0xd6, 0xbf, 0xfe, 0xe9, 0x5d, 0xae, 0xba, 0xea,
    0xaa, 0xab, 0xfe, 0xfb, 0x20, 0xae, 0xba, 0xea, 0xaa, 0xab, 0xfe, 0x07, 0x79, 0xf0, 0x4b, 0xbf,
    0xf5, 0x83, 0x13, 0x3e, 0x1b, 0x78, 0x2f, 0xfe, 0x0f, 0x10, 0x3c, 0x43, 0xf0, 0xd9, 0xc0, 0x4f,
    0xdf, 0xfa, 0xd7, 0x3f, 0xbd, 0xcb, 0x55, 0x57, 0x5d, 0x75, 0xd5, 0x7f, 0x3f, 0xc4, 0x55, 0x57,
    0x5d, 0x75, 0xd5, 0xff, 0x40, 0x0f, 0x7e, 0xe9, 0xb7, 0x3e, 0x0e, 0xbc, 0xb7, 0xe1, 0xa3, 0x0d,
    0x0f, 0xe2, 0x7f, 0x9f, 0x9f, 0x09, 0xf8, 0xee, 0x5b, 0xff, 0xfa, 0xa7, 0x7f, 0x9a, 0xab, 0xae,
    0xba, 0xea, 0xaa, 0xff, 0x59, 0x10, 0x57, 0x5d, 0x75, 0xd5, 0x55, 0xff, 0xc3, 0x3d, 0xf8, 0xa5,
    0xdf, 0xfa, 0xa5, 0x13, 0xde, 0x5b, 0xf0, 0xd6, 0x86, 0x07, 0xf1, 0x3f, 0x94, 0xe0, 0x6f, 0x04,
    0x5f, 0x0d, 0xfc, 0xf4, 0xad, 0x7f, 0xfd, 0xd3, 0xbb, 0x5c, 0x75, 0xd5, 0x55, 0x57, 0xfd, 0xcf,
    0x84, 0xb8, 0xea, 0xaa, 0xab, 0xae, 0xfa, 0x5f, 0xe4, 0xc1, 0x2f, 0xfd, 0xd6, 0x2f, 0x9d, 0xf0,
    0xd6, 0x82, 0xb7, 0x36, 0xbc, 0x14, 0xff, 0x8d, 0x04, 0x97, 0x0c, 0xbf, 0x1d, 0xf0, 0xd3, 0xc0,
    0x4f, 0xdf, 0xfa, 0xd7, 0x3f, 0xbd, 0xcb, 0x55, 0x57, 0x5d, 0x75, 0xd5, 0xff, 0x7c, 0x88, 0xab,
    0xae, 0xba, 0xea, 0xaa, 0xff, 0xa5, 0x1e, 0xfc, 0xd2, 0x6f, 0x7d, 0x1c, 0x78, 0xe9, 0x84, 0xd7,
    0x16, 0xbc, 0xb6, 0xe1, 0xb5, 0xf8, 0x4f, 0x24, 0x78, 0x86, 0xe1, 0xb7, 0x03, 0xfe, 0x1a, 0xf8,
    0xed, 0x5b, 0xff, 0xfa, 0xa7, 0xff, 0x9a, 0xab, 0xae, 0xba, 0xea, 0xaa, 0xff, 0x7d, 0x10, 0x57,
    0x5d, 0x75, 0xd5, 0x55, 0xff, 0x87, 0x3c, 0xf8, 0xa5, 0xdf, 0xfa, 0x38, 0xf0, 0xd2, 0xc0, 0x4b,
    0x27, 0x1c, 0x07, 0x5e, 0x5a, 0x70, 0x1c, 0x38, 0x6e, 0x78, 0x29, 0x5e, 0x08, 0xc1, 0x25, 0xe0,
    0xaf, 0x01, 0x0c, 0xb7, 0x02, 0xb7, 0x06, 0xdc, 0x0a, 0xdc, 0x7a, 0xeb, 0x5f, 0xff, 0xf4, 0x6f,
    0x73, 0xd5, 0x55, 0x57, 0x5d, 0xf5, 0x7f, 0x03, 0xe2, 0xaa, 0xab, 0xae, 0xba, 0xea, 0xaa, 0xab,
    0xae, 0xba, 0xea, 0xaa, 0xff, 0x4f, 0x10, 0x57, 0x5d, 0x75, 0xd5, 0x55, 0x57, 0x5d, 0x75, 0xd5,
    0x55, 0x57, 0xfd, 0x7f, 0x82, 0xb8, 0xea, 0xaa, 0xab, 0xae, 0xba, 0xea, 0xaa, 0xab, 0xae, 0xba,
    0xea, 0xff, 0x13, 0xc4, 0x55, 0x57, 0x5d, 0x75, 0xd5, 0x55, 0x57, 0x5d, 0x75, 0xd5, 0x55, 0xff,
    0x9f, 0x20, 0xae, 0xba, 0xea, 0xaa, 0xab, 0xae, 0xba, 0xea, 0xaa, 0xab, 0xae, 0xfa, 0xff, 0x04,
    0x71, 0xd5, 0x55, 0x57, 0x5d, 0x75, 0xd5, 0x55, 0x57, 0x5d, 0x75, 0xd5, 0xff, 0x27, 0x88, 0xab,
    0xae, 0xba, 0xea, 0xaa, 0xab, 0xae, 0xba, 0xea, 0xaa, 0xab, 0xfe, 0x3f, 0x41, 0x5c, 0x75, 0xd5,
    0x55, 0x57, 0x5d, 0x75, 0xd5, 0x55, 0x57, 0x5d, 0xf5, 0xff, 0x09, 0xe2, 0xaa, 0xab, 0xae, 0xba,
    0xea, 0xaa, 0xab, 0xae, 0xba, 0xea, 0xaa, 0xff, 0x4f, 0x10, 0x57, 0x5d, 0x75, 0xd5, 0x55, 0x57,
    0x5d, 0x75, 0xd5, 0x55, 0x57, 0xfd, 0x7f, 0x82, 0xb8, 0xea, 0xaa, 0xab, 0xae, 0xba, 0xea, 0xaa,
    0xab, 0xae, 0xba, 0xea, 0xff, 0x13, 0xc4, 0x55, 0x57, 0x5d, 0x75, 0xd5, 0x55, 0x57, 0x5d, 0x75,
    0xd5, 0x55, 0xff, 0x9f, 0x20, 0xae, 0xba, 0xea, 0xaa, 0xab, 0xae, 0xba, 0xea, 0xaa, 0xab, 0xae,
    0xfa, 0xff, 0x04, 0x71, 0xd5, 0x55, 0x57, 0x5d, 0x75, 0xd5, 0x55, 0x57, 0x5d, 0x75, 0xd5, 0xff,
    0x27, 0x88, 0xab, 0xae, 0xba, 0xea, 0xaa, 0xab, 0xae, 0xba, 0xea, 0xaa, 0xab, 0xfe, 0x3f, 0x41,
    0x5c, 0x75, 0xd5, 0x55, 0x57, 0x5d, 0x75, 0xd5, 0x55, 0x57, 0x5d, 0xf5, 0xff, 0x09, 0xe2, 0xaa,
    0xab, 0xae, 0xba, 0xea, 0xaa, 0xab, 0xae, 0xba, 0xea, 0xaa, 0xff, 0x4f, 0x10, 0x57, 0x5d, 0x75,
    0xd5, 0x55, 0x57, 0x5d, 0x75, 0xd5, 0x55, 0x57, 0xfd, 0x7f, 0x82, 0xb8, 0xea, 0xaa, 0xab, 0xae,
    0xba, 0xea, 0xaa, 0xab, 0xae, 0xba, 0xea, 0xff, 0x13, 0xc4, 0x55, 0x57, 0x5d, 0x75, 0xd5, 0x55,
    0x57, 0x5d, 0x75, 0xd5, 0x55, 0xff, 0x9f, 0x20, 0xae, 0xba, 0xea, 0xaa, 0xab, 0xae, 0xba, 0xea,
    0xaa, 0xab, 0xae, 0xfa, 0xff, 0x04, 0x71, 0xd5, 0x55, 0x57, 0x5d, 0x75, 0xd5, 0x55, 0x57, 0x5d,
    0x75, 0xd5, 0xff, 0x27, 0x88, 0xab, 0xae, 0xba, 0xea, 0xaa, 0xab, 0xae, 0xba, 0xea, 0xaa, 0xab,
    0xfe, 0x3f, 0x41, 0x5c, 0x75, 0xd5, 0x55, 0x57, 0x5d, 0x75, 0xd5, 0x55, 0x57, 0x5d, 0xf5, 0xff,
    0x09, 0xe2, 0xaa, 0xab, 0xae, 0xba, 0xea, 0xaa, 0xab, 0xae, 0xba, 0xea, 0xaa, 0xff, 0x4f, 0x10,
    0x57, 0x5d, 0x75, 0xd5, 0x55, 0x57, 0x5d, 0x75, 0xd5, 0x55, 0x57, 0xfd, 0x7f, 0x82, 0xb8, 0xea,
    0xaa, 0xab, 0xae, 0xba, 0xea, 0xaa, 0xab, 0xae, 0xba, 0xea, 0xff, 0x13, 0xc4, 0x55, 0x57, 0x5d,
    0x75, 0xd5, 0x55, 0x57, 0x5d, 0x75, 0xd5, 0x55, 0xff, 0x9f, 0x20, 0xae, 0xba, 0xea, 0xaa, 0xab,
    0xae, 0xba, 0xea, 0xaa, 0xab, 0xae, 0xfa, 0xff, 0x04, 0x71, 0xd5, 0x55, 0x57, 0x5d, 0x75, 0xd5,
    0x55, 0x57, 0x5d, 0x75, 0xd5, 0xff, 0x27, 0x88, 0xab, 0xae, 0xba, 0xea, 0xaa, 0xab, 0xae, 0xba,
    0xea, 0xaa, 0xab, 0xfe, 0x3f, 0x41, 0x5c, 0x75, 0xd5, 0x55, 0x57, 0x5d, 0x75, 0xd5, 0x55, 0x57,
    0x5d, 0xf5, 0xff, 0x09, 0xe2, 0xaa, 0xab, 0xae, 0xba, 0xea, 0xaa, 0xab, 0xae, 0xba, 0xea, 0xaa,
    0xff, 0x4f, 0x10, 0x57, 0x5d, 0x75, 0xd5, 0x55, 0x57, 0x5d, 0x75, 0xd5, 0x55, 0x57, 0xfd, 0x7f,
    0x82, 0xb8, 0xea, 0xaa, 0xab, 0xae, 0xba, 0xea, 0xaa, 0xab, 0xae, 0xba, 0xea, 0xff, 0x13, 0xc4,
    0x55, 0x57, 0x5d, 0x75, 0xd5, 0x55, 0x57, 0x5d, 0x75, 0xd5, 0x55, 0xff, 0x9f, 0x20, 0xae, 0xba,
    0xea, 0xaa, 0xab, 0xae, 0xba, 0xea, 0xaa, 0xab, 0xae, 0xfa, 0xff, 0x04, 0x71, 0xd5, 0x55, 0x57,
    0x5d, 0x75, 0xd5, 0x55, 0x57, 0x5d, 0x75, 0xd5, 0xff, 0x27, 0x88, 0xab, 0xae, 0xba, 0xea, 0xaa,
    0xab, 0xae, 0xba, 0xea, 0xaa, 0xab, 0xfe, 0x3f, 0x41, 0x5c, 0x75, 0xd5, 0x55, 0x57, 0x5d, 0x75,
    0xd5, 0x55, 0x57, 0x5d, 0xf5, 0xff, 0x09, 0xe2, 0xaa, 0xab, 0xae, 0xba, 0xea, 0xaa, 0xab, 0xae,
    0xba, 0xea, 0xaa, 0xff, 0x4f, 0x10, 0x57, 0x5d, 0x75, 0xd5, 0x55, 0x57, 0x5d, 0x75, 0xd5, 0x55,
    0x57, 0xfd, 0x7f, 0x82, 0xb8, 0xea, 0xaa, 0xab, 0xae, 0xba, 0xea, 0xaa, 0xab, 0xae, 0xba, 0xea,
    0xff, 0x13, 0xc4, 0x55, 0x57, 0x5d, 0x75, 0xd5, 0x55, 0x57, 0x5d, 0x75, 0xd5, 0x55, 0xff, 0x9f,
    0x20, 0xae, 0xba, 0xea, 0xaa, 0xab, 0xae, 0xba, 0xea, 0xaa, 0xab, 0xae, 0xfa, 0xff, 0x04, 0x71,
    0xd5, 0x55, 0x57, 0x5d, 0x75, 0xd5, 0x55, 0x57, 0x5d, 0x75, 0xd5, 0xff, 0x27, 0x88, 0xab, 0xae,
    0xba, 0xea, 0xaa, 0xab, 0xae, 0xba, 0xea, 0xaa, 0xab, 0xfe, 0x3f, 0x41, 0x5c, 0x75, 0xd5, 0x55,
    0x57, 0x5d, 0x75, 0xd5, 0x55, 0x57, 0x5d, 0xf5, 0xff, 0x09, 0xe2, 0xaa, 0xab, 0xae, 0xba, 0xea,
    0xaa, 0xab, 0xae, 0xba, 0xea, 0xaa, 0xff, 0x4f, 0x10, 0x57, 0x5d, 0x75, 0xd5, 0x55, 0x57, 0x5d,
    0x75, 0xd5, 0x55, 0x57, 0xfd, 0x7f, 0x82, 0xb8, 0xea, 0xaa, 0xab, 0xae, 0xba, 0xea, 0xaa, 0xab,
    0xae, 0xba, 0xea, 0xff, 0x13, 0xc4, 0x55, 0x57, 0x5d, 0x75, 0xd5, 0x55, 0x57, 0x5d, 0x75, 0xd5,
    0x55, 0xff, 0x9f, 0x20, 0xae, 0xba, 0xea, 0xaa, 0xab, 0xae, 0xba, 0xea, 0xaa, 0xab, 0xae, 0xfa,
    0xff, 0x84, 0x7f, 0x04, 0xa0, 0x8e, 0x49, 0x9e, 0xe5, 0xeb, 0xa0, 0xc9, 0x00, 0x00, 0x00, 0x00,
    0x49, 0x45, 0x4e, 0x44, 0xae, 0x42, 0x60, 0x82
};
const unsigned int Icons::Data::ObjectsSize = 25832u;

const unsigned char Icons::Data::Players[] = {
    0x89, 0x50, 0x4e, 0x47, 0x0d, 0x0a, 0x1a, 0x0a, 0x00, 0x00, 0x00, 0x0d, 0x49, 0x48, 0x44, 0x52,
    0x00, 0x00, 0x02, 0x80, 0x00, 0x00, 0x02, 0x80, 0x08, 0x06, 0x00, 0x00, 0x00, 0x0c, 0xcd, 0xc9,
    0x23, 0x00, 0x00, 0x70, 0xd0, 0x49, 0x44, 0x41, 0x54, 0x78, 0x01, 0xed, 0xc0, 0x03, 0xa0, 0x24,
    0x59, 0x96, 0xc6, 0xf1, 0xff, 0x77, 0xee, 0x8d, 0xc8, 0xcc, 0xa7, 0x72, 0x4b, 0x63, 0xae, 0x6d,
    0xdb, 0xb6, 0x6d, 0xdb, 0xb6, 0x6d, 0xdb, 0xb6, 0x6d, 0x69, 0x8c, 0x9e, 0x96, 0x4a, 0xaf, 0x9e,
    0x32, 0x33, 0x22, 0xee, 0xf9, 0x76, 0xb7, 0x6a, 0x7a, 0xa6, 0x87, 0x3b, 0x6b, 0xd5, 0x4f, 0x5c,
    0x75, 0xd5, 0x55, 0x57, 0x5d, 0x75, 0xd5, 0x55, 0x57, 0x5d, 0xf5, 0xff, 0x09, 0xe2, 0xaa, 0xab,
    0xae, 0xba, 0xea, 0xaa, 0xab, 0xae, 0xba, 0xea, 0xaa, 0xff, 0x4f, 0x10, 0x57, 0x5d, 0x75, 0xd5,
    0x55, 0x57, 0x5d, 0x75, 0xd5, 0x55, 0x57, 0xfd, 0x7f, 0x82, 0xb8, 0xea, 0xaa, 0xab, 0xae, 0xba,
    0xea, 0xaa, 0xab, 0xae, 0xba, 0xea, 0xff, 0x13, 0xc4, 0x55, 0x57, 0x5d, 0x75, 0xd5, 0x55, 0x57,
    0x5d, 0x75, 0xd5, 0x55, 0xff, 0x9f, 0x20, 0xae, 0xba, 0xea, 0xaa, 0xab, 0xae, 0xba, 0xea, 0xaa,
    0xab, 0xae, 0xfa, 0xff, 0x04, 0x71, 0xd5, 0x55, 0x57, 0x5d, 0x75, 0xd5, 0x55, 0x57, 0x5d, 0x75,
    0xd5, 0xff, 0x27, 0x88, 0xab, 0xae, 0xba, 0xea, 0xaa, 0xab, 0xae, 0xba, 0xea, 0xaa, 0xab, 0xfe,
    0x3f, 0x41, 0x5c, 0x75, 0xd5, 0x55, 0x57, 0x5d, 0x75, 0xd5, 0x55, 0x57, 0x5d, 0xf5, 0xff, 0x09,
    0xe2, 0xaa, 0xab, 0xae, 0xba, 0xea, 0xaa, 0xab, 0xae, 0xba, 0xea, 0xaa, 0xff, 0x4f, 0x10, 0x57,
    0x5d, 0x75, 0xd5, 0x55, 0x57, 0x5d, 0x75, 0xd5, 0x55, 0x57, 0xfd, 0x7f, 0x82, 0xb8, 0xea, 0xaa,
    0xab, 0xae, 0xba, 0xea, 0xaa, 0xab, 0xae, 0xba, 0xea, 0xff, 0x13, 0xc4, 0x55, 0x57, 0x5d, 0x75,
    0xd5, 0x55, 0x57, 0x5d, 0x75, 0xd5, 0x55, 0xff, 0x9f, 0x20, 0xae, 0xba, 0xea, 0xaa, 0xab, 0xae,
    0xba, 0xea, 0xaa, 0xab, 0xae, 0xfa, 0xff, 0x04, 0x71, 0xd5, 0x55, 0x57, 0x5d, 0x75, 0xd5, 0x55,
    0x57, 0x5d, 0x75, 0xd5, 0xff, 0x27, 0x88, 0xab, 0xae, 0xba, 0xea, 0xaa, 0xab, 0xae, 0xba, 0xea,
    0xaa, 0xab, 0xfe, 0x3f, 0x41, 0x5c, 0x75, 0xd5, 0x55, 0x57, 0x5d, 0x75, 0xd5, 0x55, 0x57, 0x5d,
    0xf5, 0xff, 0x09, 0xe2, 0xaa, 0xab, 0xae, 0xba, 0xea, 0xaa, 0xab, 0xae, 0xba, 0xea, 0xaa, 0xff,
    0x4f, 0x10, 0x57, 0x5d, 0x75, 0xd5, 0x55, 0x57, 0x5d, 0x75, 0xd5, 0x55, 0x57, 0xfd, 0x7f, 0x82,
    0xb8, 0xea, 0xaa, 0xab, 0xae, 0xba, 0xea, 0xaa, 0xab, 0xae, 0xba, 0xea, 0xff, 0x13, 0xc4, 0x55,
    0x57, 0x5d, 0x75, 0xd5, 0x55, 0x57, 0x5d, 0x75, 0xd5, 0x55, 0xff, 0x9f, 0x20, 0xae, 0xba, 0xea,
    0xaa, 0xab, 0xae, 0xba, 0xea, 0xaa, 0xab, 0xae, 0xfa, 0xff, 0x04, 0x71, 0xd5, 0x55, 0x57, 0x5d,
    0x75, 0xd5, 0x55, 0x57, 0x5d, 0x75, 0xd5, 0xff, 0x27, 0x88, 0xab, 0xae, 0xba, 0xea, 0xaa, 0xab,
    0xae, 0xba, 0xea, 0xaa, 0xab, 0xfe, 0x3f, 0x41, 0x5c, 0x75, 0xd5, 0x55, 0x57, 0x5d, 0x75, 0xd5,
    0x55, 0x57, 0x5d, 0xf5, 0xff, 0x09, 0xe2, 0xaa, 0xab, 0xae, 0xba, 0xea, 0xaa, 0xab, 0xae, 0xba,
    0xea, 0xaa, 0xff, 0x4f, 0x10, 0x57, 0x5d, 0x75, 0xd5, 0x55, 0x57, 0x5d, 0x75, 0xd5, 0x55, 0x57,
    0xfd, 0x7f, 0x82, 0xb8, 0xea, 0xaa, 0xab, 0xae, 0xba, 0xea, 0xaa, 0xab, 0xae, 0xba, 0xea, 0xff,
    0x13, 0xc4, 0x55, 0x57, 0x5d, 0x75, 0xd5, 0x55, 0x57, 0x5d, 0x75, 0xd5, 0x55, 0xff, 0x9f, 0x20,
    0xae, 0xba, 0xea, 0xaa, 0xab, 0xae, 0xba, 0xea, 0xaa, 0xab, 0xae, 0xfa, 0xff, 0x04, 0x71, 0xd5,
    0x55, 0x57, 0x5d, 0x75, 0xd5, 0x55, 0x57, 0x5d, 0x75, 0xd5, 0xff, 0x27, 0x88, 0xab, 0xae, 0xba,
    0xea, 0xaa, 0xab, 0xae, 0xba, 0xea, 0xaa, 0xab, 0xfe, 0x3f, 0x41, 0x5c, 0x75, 0xd5, 0x55, 0x57,
    0x5d, 0x75, 0xd5, 0x55, 0x57, 0x5d, 0xf5, 0xff, 0x09, 0xe2, 0xaa, 0xab, 0xae, 0xba, 0xea, 0xaa,
    0xab, 0xae, 0xba, 0xea, 0xaa, 0xff, 0x4f, 0x10, 0x57, 0x5d, 0x75, 0xd5, 0x55, 0x57, 0x5d, 0x75,
    0xd5, 0x55, 0x57, 0xfd, 0x7f, 0x82, 0xb8, 0xea, 0xaa, 0xab, 0xae, 0xba, 0xea, 0xaa, 0xab, 0xae,
    0xba, 0xea, 0xff, 0x13, 0xc4, 0x55, 0x57, 0x5d, 0x75, 0xd5, 0x55, 0x57, 0x5d, 0x75, 0xd5, 0x55,
    0xff, 0x9f, 0x20, 0xae, 0xba, 0xea, 0xaa, 0xab, 0xae, 0xba, 0xea, 0xaa, 0xab, 0xae, 0xfa, 0xff,
    0x04, 0x71, 0xd5, 0x55, 0x57, 0x5d, 0x75, 0xd5, 0x55, 0x57, 0x5d, 0x75, 0xd5, 0xff, 0x27, 0x88,
    0xab, 0xae, 0xba, 0xea, 0xaa, 0xab, 0xae, 0xba, 0xea, 0xaa, 0xab, 0xfe, 0x3f, 0x41, 0x5c, 0x75,
    0xd5, 0x55, 0x57, 0x5d, 0x75, 0xd5, 0x55, 0x57, 0x5d, 0xf5, 0xff, 0x09, 0xe2, 0xaa, 0xab, 0xae,
    0xba, 0xea, 0xaa, 0xab, 0xae, 0xba, 0xea, 0xaa, 0xff, 0x4f, 0x10, 0x57, 0x5d, 0x75, 0xd5, 0x55,
    0x57, 0x5d, 0x75, 0xd5, 0x55, 0x57, 0xfd, 0x7f, 0x82, 0xb8, 0xea, 0xaa, 0xab, 0xae, 0xba, 0xea,
    0xaa, 0xab, 0xae, 0xba, 0xea, 0xff, 0x13, 0xc4, 0x55, 0x57, 0x5d, 0x75, 0xd5, 0x55, 0x57, 0x5d,
    0x75, 0xd5, 0x55, 0xff, 0x9f, 0x20, 0xae, 0xba, 0xea, 0xaa, 0xab, 0xae, 0xba, 0xea, 0xaa, 0xab,
    0xae, 0xfa, 0xff, 0x04, 0x71, 0xd5, 0x55, 0x57, 0x5d, 0x75, 0xd5, 0x55, 0x57, 0x5d, 0x75, 0xd5,
    0xff, 0x27, 0x88, 0xab, 0xae, 0xba, 0xea, 0xaa, 0xab, 0xae, 0xba, 0xea, 0xaa, 0xab, 0xfe, 0x3f,
    0x41, 0x5c, 0x75, 0xd5, 0x55, 0x57, 0x5d, 0x75, 0xd5, 0x55, 0x57, 0x5d, 0xf5, 0xff, 0x09, 0xe2,
    0xaa, 0xab, 0xae, 0xba, 0xea, 0xaa, 0xab, 0xae, 0xba, 0xea, 0xaa, 0xff, 0x4f, 0x10, 0x57, 0x5d,
    0x75, 0xd5, 0x55, 0x57, 0x5d, 0x75, 0xd5, 0x55, 0x57, 0xfd, 0x7f, 0x82, 0xb8, 0xea, 0xaa, 0xab,
    0xae, 0xba, 0xea, 0xaa, 0xab, 0xae, 0xba, 0xea, 0xff, 0x13, 0xc4, 0x55, 0x57, 0x5d, 0x75, 0xd5,
    0x55, 0x57, 0x5d, 0x75, 0xd5, 0x55, 0xff, 0x9f, 0x20, 0xae, 0xba, 0xea, 0xaa, 0xab, 0xae, 0xba,
    0xea, 0xaa, 0xab, 0xae, 0xfa, 0xff, 0x04, 0x71, 0xd5, 0x55, 0x57, 0x5d, 0x75, 0xd5, 0x55, 0x57,
    0x5d, 0x75, 0xd5, 0xff, 0x27, 0x88, 0xab, 0xae, 0xba, 0xea, 0xaa, 0xab, 0xae, 0xba, 0xea, 0xaa,
    0xab, 0xfe, 0x3f, 0x41, 0x5c, 0x75, 0xd5, 0x55, 0x57, 0x5d, 0x75, 0xd5, 0x55, 0x57, 0x5d, 0xf5,
    0xff, 0x09, 0xe2, 0xaa, 0xab, 0xae, 0xba, 0xea, 0xaa, 0xab, 0xae, 0xba, 0xea, 0xaa, 0xff, 0x4f,
    0x10, 0x57, 0x5d, 0x75, 0xd5, 0x55, 0x57, 0x5d, 0x75, 0xd5, 0x55, 0x57, 0xfd, 0x7f, 0x82, 0xb8,
    0xea, 0xaa, 0xab, 0xae, 0xba, 0xea, 0xaa, 0xab, 0xae, 0xba, 0xea, 0xff, 0x13, 0xc4, 0x55, 0x57,
    0x5d, 0x75, 0xd5, 0x55, 0x57, 0x5d, 0x75, 0xd5, 0x55, 0xff, 0x9f, 0x20, 0xae, 0xba, 0xea, 0xaa,
    0xab, 0xae, 0xba, 0xea, 0xaa, 0xab, 0xae, 0xfa, 0xff, 0x04, 0x71, 0xd5, 0x55, 0x57, 0x5d, 0x75,
    0xd5, 0x55, 0x57, 0x5d, 0x75, 0xd5, 0xff, 0x27, 0x88, 0xab, 0xae, 0xba, 0xea, 0xaa, 0xab, 0xae,
    0xba, 0xea, 0xaa, 0xab, 0xfe, 0x3f, 0x41, 0x5c, 0x75, 0xd5, 0x55, 0x57, 0x5d, 0x75, 0xd5, 0xff,
    0x71, 0x0f, 0x7e, 0xe9, 0xb7, 0x79, 0xab, 0xc4, 0x6f, 0x2d, 0x78, 0x30, 0x70, 0xdc, 0xf0, 0xd2,
    0xfc, 0x0f, 0x20, 0xf8, 0x6b, 0x60, 0xd7, 0xf0, 0xd7, 0x81, 0x7e, 0xfb, 0xd6, 0xbf, 0xfe, 0xa9,
    0x9f, 0xe1, 0xaa, 0xab, 0xfe, 0xf3, 0x21, 0xae, 0xba, 0xea, 0xaa, 0xab, 0xae, 0xba, 0xea, 0xff,
    0xa0, 0x07, 0xbf, 0xf4, 0x5b, 0x1f, 0x4f, 0xf8, 0x2a, 0xc1, 0x5b, 0x1b, 0x8e, 0xf3, 0xbf, 0x80,
    0x60, 0xd7, 0xf0, 0xd3, 0x01, 0x1f, 0x73, 0xeb, 0x5f, 0xff, 0xf4, 0x2e, 0x57, 0x5d, 0xf5, 0x9f,
    0x03, 0x71, 0xd5, 0x55, 0x57, 0x5d, 0x75, 0xd5, 0x55, 0xff, 0xc7, 0xdc, 0xf2, 0xd2, 0x6f, 0xfd,
    0x59, 0x82, 0x8f, 0x36, 0x1c, 0xe7, 0x7f, 0x21, 0xc1, 0xae, 0xe1, 0xab, 0x6f, 0xfb, 0xeb, 0x9f,
    0xfe, 0x1c, 0xae, 0xba, 0xea, 0x3f, 0x1e, 0xe2, 0xaa, 0xab, 0xae, 0xba, 0xea, 0xaa, 0xab, 0xfe,
    0x8f, 0x78, 0xf0, 0x4b, 0xbf, 0xf5, 0x71, 0xc3, 0x6f, 0x19, 0x5e, 0x9a, 0xff, 0x03, 0x04, 0x7f,
    0x2d, 0x78, 0x9d, 0x5b, 0xff, 0xfa, 0xa7, 0x77, 0xb9, 0xea, 0xaa, 0xff, 0x38, 0x88, 0xab, 0xae,
    0xba, 0xea, 0xaa, 0xab, 0xae, 0xfa, 0x3f, 0xe0, 0xc1, 0x2f, 0xfd, 0xd6, 0x2f, 0x6d, 0xf8, 0x29,
    0xc3, 0x83, 0xf9, 0x3f, 0x44, 0x70, 0xab, 0xe0, 0x6d, 0x6e, 0xfd, 0xeb, 0x9f, 0xfe, 0x6b, 0xae,
    0xba, 0xea, 0x3f, 0x06, 0xe2, 0xaa, 0xab, 0xae, 0xba, 0xea, 0xaa, 0xab, 0xfe, 0x97, 0x7b, 0xf0,
    0x4b, 0xbf, 0xf5, 0x71, 0xc3, 0x5f, 0x19, 0x1e, 0xcc, 0xff, 0x41, 0x82, 0x5b, 0x05, 0x2f, 0x73,
    0xeb, 0x5f, 0xff, 0xf4, 0x2e, 0x57, 0x5d, 0xf5, 0xef, 0x87, 0xb8, 0xea, 0xaa, 0xab, 0xae, 0xba,
    0xea, 0xaa, 0xff, 0xe5, 0x1e, 0xf4, 0xd2, 0x6f, 0xfd, 0x57, 0x86, 0x97, 0xe6, 0xff, 0x30, 0xc1,
    0x5f, 0x3f, 0xe3, 0xaf, 0x7f, 0xfa, 0x65, 0xb8, 0xea, 0xaa, 0x7f, 0x3f, 0xc4, 0x55, 0x57, 0x5d,
    0x75, 0xd5, 0x55, 0x57, 0xfd, 0x2f, 0x76, 0xcb, 0x4b, 0xbf, 0xf5, 0x67, 0x03, 0x9f, 0xc5, 0xff,
    0x0f, 0x9f, 0x73, 0xdb, 0x5f, 0xff, 0xf4, 0x67, 0x73, 0xd5, 0x55, 0xff, 0x3e, 0x88, 0xab, 0xae,
    0xba, 0xea, 0xaa, 0xab, 0xae, 0xfa, 0x5f, 0xea, 0xc1, 0x2f, 0xfd, 0xd6, 0xc7, 0x0d, 0x4f, 0x37,
    0x1c, 0xe7, 0xff, 0x01, 0xc1, 0xae, 0xe0, 0x21, 0xb7, 0xfe, 0xf5, 0x4f, 0xef, 0x72, 0xd5, 0x55,
    0xff, 0x76, 0x88, 0xab, 0xae, 0xba, 0xea, 0xaa, 0xab, 0xae, 0xfa, 0x5f, 0xea, 0x96, 0x97, 0x7e,
    0xeb, 0xef, 0x06, 0xde, 0x8b, 0xff, 0x5f, 0xbe, 0xe6, 0xb6, 0xbf, 0xfe, 0xe9, 0x8f, 0xe6, 0xaa,
    0xab, 0xfe, 0xed, 0x10, 0x57, 0x5d, 0x75, 0xd5, 0x55, 0x57, 0x5d, 0xf5, 0xbf, 0xd4, 0x83, 0x5e,
    0xfa, 0xad, 0x2f, 0x1a, 0x8e, 0xf3, 0xff, 0x88, 0x60, 0xf7, 0x19, 0x7f, 0xfd, 0xd3, 0x27, 0xb8,
    0xea, 0xaa, 0x7f, 0x3b, 0xc4, 0x55, 0x57, 0x5d, 0x75, 0xd5, 0x55, 0x57, 0xfd, 0x2f, 0xf4, 0xe0,
    0x97, 0x7e, 0xeb, 0xb7, 0x4e, 0xf8, 0x29, 0xfe, 0x1f, 0x0a, 0x78, 0x9b, 0x5b, 0xff, 0xfa, 0xa7,
    0x7f, 0x9a, 0xab, 0xae, 0xfa, 0xb7, 0x41, 0x5c, 0x75, 0xd5, 0x55, 0x57, 0x5d, 0x75, 0xd5, 0xff,
    0x42, 0xb7, 0xbc, 0xf4, 0x5b, 0x7f, 0x37, 0xf0, 0x5e, 0xfc, 0xff, 0xf4, 0x35, 0xb7, 0xfd, 0xf5,
    0x4f, 0x7f, 0x34, 0x57, 0x5d, 0xf5, 0x6f, 0x83, 0xb8, 0xea, 0xaa, 0xab, 0xae, 0xba, 0xea, 0xaa,
    0xff, 0x85, 0x1e, 0xf4, 0xd2, 0x6f, 0xfd, 0xdb, 0x86, 0xd7, 0xe2, 0xff, 0x21, 0xc1, 0xef, 0x3c,
    0xe3, 0xaf, 0x7f, 0xfa, 0xb5, 0xb9, 0xea, 0xaa, 0x7f, 0x1b, 0xc4, 0x55, 0x57, 0x5d, 0x75, 0xd5,
    0x55, 0x57, 0xfd, 0x2f, 0xf4, 0xa0, 0x97, 0x7e, 0xeb, 0xbf, 0x32, 0xbc, 0x34, 0xff, 0x0f, 0x09,
    0xfe, 0xfa, 0x19, 0x7f, 0xfd, 0xd3, 0x2f, 0xc3, 0x55, 0x57, 0xfd, 0xdb, 0x20, 0xae, 0xba, 0xea,
    0xaa, 0xab, 0xae, 0xba, 0xea, 0x7f, 0xa1, 0x5b, 0x5e, 0xfa, 0xad, 0xcd, 0xff, 0x63, 0xb7, 0xfd,
    0xf5, 0x4f, 0x8b, 0xab, 0xae, 0xfa, 0xb7, 0x41, 0x5c, 0x75, 0xd5, 0x55, 0x57, 0x3d, 0xc0, 0x83,
    0x5f, 0xfa, 0xad, 0x5f, 0x1a, 0xe9, 0x58, 0xda, 0xaf, 0x0d, 0x3c, 0x58, 0xf0, 0x60, 0x9e, 0xd3,
    0x83, 0x0d, 0x0f, 0xe6, 0x01, 0x04, 0xb7, 0x02, 0xb7, 0xf2, 0x00, 0x86, 0x5b, 0x81, 0x5b, 0x43,
    0xfa, 0x6d, 0xec, 0x4b, 0xb7, 0xfe, 0xf5, 0x4f, 0xff, 0x35, 0x57, 0x5d, 0xf5, 0x1f, 0xe8, 0x96,
    0x97, 0x7e, 0x6b, 0xf3, 0xff, 0xd8, 0x6d, 0x7f, 0xfd, 0xd3, 0xe2, 0xaa, 0xab, 0xfe, 0x6d, 0x10,
    0x57, 0x5d, 0x75, 0xd5, 0xff, 0x4b, 0x0f, 0x7e, 0xe9, 0xb7, 0x3e, 0x0e, 0x7a, 0xad, 0xc4, 0x2f,
    0x2d, 0x78, 0x6d, 0xe0, 0xb8, 0xe1, 0xa5, 0xf9, 0x4f, 0x24, 0xf8, 0x6b, 0x60, 0xd7, 0xf0, 0xdb,
    0x81, 0xfe, 0x1a, 0xfc, 0x3b, 0xb7, 0xfe, 0xf5, 0x4f, 0xef, 0x72, 0xd5, 0x55, 0xff, 0x06, 0x0f,
    0x7a, 0xe9, 0xb7, 0xfe, 0x6b, 0xc3, 0x4b, 0xf1, 0xff, 0xd4, 0x6d, 0x7f, 0xfd, 0xd3, 0xe2, 0xaa,
    0xab, 0xfe, 0x6d, 0x10, 0x57, 0x5d, 0x75, 0xd5, 0xff, 0x1b, 0x0f, 0x7e, 0x99, 0xb7, 0x79, 0xad,
    0xb4, 0x5f, 0x5b, 0xf0, 0xda, 0x86, 0xd7, 0xe6, 0x7f, 0x00, 0xc1, 0x6f, 0x1b, 0x7e, 0x3b, 0xa4,
    0xdf, 0xbe, 0xf5, 0xaf, 0x7e, 0xea, 0x77, 0xb8, 0xea, 0xaa, 0x17, 0xd1, 0x83, 0x5e, 0xfa, 0xad,
    0x7f, 0xdb, 0xf0, 0x5a, 0xfc, 0x3f, 0x75, 0xdb, 0x5f, 0xff, 0xb4, 0xb8, 0xea, 0xaa, 0x7f, 0x1b,
    0xc4, 0x55, 0x57, 0x5d, 0xf5, 0x7f, 0xd6, 0x83, 0x5f, 0xfa, 0xad, 0x8f, 0x83, 0xde, 0xca, 0xf8,
    0xad, 0x0d, 0x6f, 0xcd, 0xff, 0x02, 0x82, 0x9f, 0x16, 0xfa, 0x69, 0xf0, 0xcf, 0xdc, 0xfa, 0xd7,
    0x3f, 0xbd, 0xcb, 0x55, 0x57, 0xbd, 0x00, 0xb7, 0xbc, 0xf4, 0x5b, 0x7f, 0x35, 0xf0, 0x51, 0xfc,
    0x3f, 0x75, 0xdb, 0x5f, 0xff, 0xb4, 0xb8, 0xea, 0xaa, 0x7f, 0x1b, 0xc4, 0x55, 0x57, 0x5d, 0xf5,
    0x7f, 0xce, 0x83, 0x5f, 0xfa, 0x6d, 0xde, 0x2a, 0xf1, 0x5b, 0x0b, 0xde, 0xda, 0x70, 0x9c, 0xff,
    0x85, 0x04, 0xbb, 0x86, 0x9f, 0x0e, 0xf4, 0xd3, 0xb7, 0xfe, 0xf5, 0x4f, 0xfd, 0x0c, 0x57, 0x5d,
    0xf5, 0x5c, 0x1e, 0xfc, 0xd2, 0x6f, 0xfd, 0xd6, 0x09, 0x3f, 0xc5, 0xff, 0x53, 0xb7, 0xfd, 0xf5,
    0x4f, 0x8b, 0xab, 0xae, 0xfa, 0xb7, 0x41, 0x5c, 0x75, 0xd5, 0x55, 0xff, 0x27, 0x3c, 0xf8, 0xa5,
    0xdf, 0xfa, 0xc1, 0x09, 0x1f, 0x25, 0x78, 0x6b, 0xc3, 0x83, 0xf9, 0x3f, 0x44, 0x70, 0xab, 0xe1,
    0xa7, 0x03, 0xbe, 0xe6, 0xd6, 0xbf, 0xfe, 0xe9, 0x5b, 0xb9, 0xea, 0xaa, 0x67, 0x7a, 0xd0, 0x4b,
    0xbf, 0xf5, 0xae, 0xe1, 0x18, 0xff, 0x0f, 0xdd, 0xf6, 0xd7, 0x3f, 0x2d, 0xae, 0xba, 0xea, 0xdf,
    0x06, 0x71, 0xd5, 0x55, 0x57, 0xfd, 0xaf, 0xf6, 0xe0, 0x97, 0x7e, 0xeb, 0x07, 0x27, 0x7c, 0x16,
    0xf0, 0xde, 0xfc, 0xff, 0xf0, 0xdd, 0x01, 0x9f, 0x73, 0xeb, 0x5f, 0xff, 0xf4, 0xad, 0x5c, 0xf5,
    0xff, 0xde, 0x2d, 0x2f, 0xfd, 0xd6, 0xdf, 0x0d, 0xbc, 0x17, 0xff, 0x0f, 0xdd, 0xf6, 0xd7, 0x3f,
    0x2d, 0xae, 0xba, 0xea, 0xdf, 0x06, 0x71, 0xd5, 0x55, 0x57, 0xfd, 0xaf, 0xf4, 0xe0, 0x97, 0x7e,
    0xeb, 0xd7, 0x36, 0x7c, 0x94, 0xe1, 0xad, 0xf9, 0xff, 0xe9, 0xbb, 0x03, 0xbe, 0xe7, 0xd6, 0xbf,
    0xfe, 0xe9, 0xdf, 0xe6, 0xaa, 0xff, 0xb7, 0x1e, 0xfc, 0xd2, 0x6f, 0x7d, 0xdc, 0x70, 0xab, 0xe1,
    0x18, 0xff, 0xcf, 0xdc, 0xf6, 0xd7, 0x3f, 0x2d, 0xae, 0xba, 0xea, 0xdf, 0x06, 0x71, 0xd5, 0x55,
    0x57, 0xfd, 0xaf, 0xf2, 0xe0, 0x97, 0x7e, 0xeb, 0xd7, 0x36, 0x7c, 0x96, 0xe1, 0xb5, 0xb9, 0x0a,
    0xc1, 0x6f, 0x0b, 0x3e, 0xe7, 0xd6, 0xbf, 0xfe, 0xe9, 0xdf, 0xe6, 0xaa, 0xff, 0x97, 0x6e, 0x79,
    0xe9, 0xb7, 0xfe, 0x6c, 0xe0, 0xb3, 0xf8, 0x7f, 0xe6, 0xb6, 0xbf, 0xfe, 0x69, 0x71, 0xd5, 0x55,
    0xff, 0x36, 0x88, 0xab, 0xae, 0xba, 0xea, 0x7f, 0x85, 0x07, 0xbf, 0xf4, 0x5b, 0x1f, 0x4f, 0xf8,
    0x2a, 0xe0, 0xbd, 0xb9, 0xea, 0xf9, 0xf9, 0xee, 0x80, 0x8f, 0xb9, 0xf5, 0xaf, 0x7f, 0x7a, 0x97,
    0xab, 0xfe, 0xdf, 0x79, 0xd0, 0x4b, 0xbf, 0xf5, 0x5f, 0x1b, 0x5e, 0x8a, 0xff, 0x47, 0x6e, 0xfb,
    0xeb, 0x9f, 0x16, 0x57, 0x5d, 0xf5, 0x6f, 0x83, 0xb8, 0xea, 0xaa, 0xab, 0xfe, 0xc7, 0x7b, 0xf0,
    0x4b, 0xbf, 0xf5, 0x47, 0x19, 0x3e, 0xdb, 0x70, 0x9c, 0xab, 0x5e, 0x20, 0xc1, 0xae, 0xd0, 0x47,
    0xdf, 0xfa, 0xd7, 0x3f, 0xf5, 0x3d, 0x5c, 0xf5, 0xff, 0xca, 0x83, 0x5f, 0xfa, 0xad, 0x8f, 0x1b,
    0xfe, 0xda, 0xf0, 0x20, 0xfe, 0x9f, 0xb8, 0xed, 0xaf, 0x7f, 0x5a, 0x5c, 0x75, 0xd5, 0xbf, 0x0d,
    0xe2, 0xaa, 0xab, 0xae, 0xfa, 0x1f, 0xeb, 0xc1, 0x2f, 0xfd, 0xd6, 0x2f, 0x6d, 0xf8, 0x2a, 0xc3,
    0x6b, 0x73, 0xd5, 0x8b, 0x4c, 0xf0, 0xdb, 0x82, 0x8f, 0xb9, 0xf5, 0xaf, 0x7f, 0xfa, 0xaf, 0xb9,
    0xea, 0xff, 0x8d, 0x07, 0xbf, 0xf4, 0x5b, 0xbf, 0xb4, 0xe1, 0xa7, 0x0d, 0x0f, 0xe2, 0xff, 0x81,
    0xdb, 0xfe, 0xfa, 0xa7, 0xc5, 0x55, 0x57, 0xfd, 0xdb, 0x20, 0xae, 0xba, 0xea, 0xaa, 0xff, 0x91,
    0x6e, 0x79, 0xe9, 0xb7, 0xfe, 0x2a, 0xe0, 0xa3, 0xb9, 0xea, 0xdf, 0xe3, 0xab, 0x6f, 0xfb, 0xeb,
    0x9f, 0xfe, 0x18, 0xae, 0xfa, 0x7f, 0xe3, 0xc1, 0x2f, 0xfd, 0xd6, 0xc7, 0x0d, 0xbf, 0x6d, 0x78,
    0x29, 0xfe, 0x8f, 0xbb, 0xed, 0xaf, 0x7f, 0x5a, 0x5c, 0x75, 0xd5, 0xbf, 0x0d, 0xe2, 0xaa, 0xab,
    0xae, 0xfa, 0x1f, 0xe5, 0xc1, 0x2f, 0xfd, 0xd6, 0x0f, 0x36, 0xfc, 0x94, 0xe1, 0xa5, 0xb9, 0xea,
    0xdf, 0x4d, 0xf0, 0xd7, 0x82, 0xb7, 0xb9, 0xf5, 0xaf, 0x7f, 0xfa, 0x56, 0xae, 0xfa, 0x7f, 0xe3,
    0x96, 0x97, 0x7e, 0xeb, 0xcf, 0x16, 0x7c, 0xb4, 0xe1, 0x18, 0xff, 0x47, 0xdd, 0xf6, 0xd7, 0x3f,
    0x2d, 0xae, 0xba, 0xea, 0xdf, 0x06, 0x71, 0xd5, 0x55, 0x57, 0xfd, 0x8f, 0xf1, 0xe0, 0x97, 0x7e,
    0xeb, 0xb7, 0x36, 0x7c, 0x97, 0xe1, 0x38, 0x57, 0xfd, 0x87, 0x11, 0xec, 0x0a, 0xde, 0xe7, 0xd6,
    0xbf, 0xfe, 0xe9, 0x9f, 0xe6, 0xaa, 0xff, 0x37, 0x1e, 0xfc, 0xd2, 0x6f, 0x7d, 0x3c, 0xe1, 0xab,
    0x05, 0x6f, 0x6d, 0x38, 0xc6, 0xff, 0x31, 0xb7, 0xfd, 0xf5, 0x4f, 0x8b, 0xab, 0xae, 0xfa, 0xb7,
    0x41, 0x5c, 0x75, 0xd5, 0x55, 0xff, 0x23, 0xdc, 0xf2, 0xd2, 0x6f, 0xfd, 0x55, 0xc0, 0x47, 0x73,
    0xd5, 0x7f, 0xa6, 0xaf, 0xbe, 0xed, 0xaf, 0x7f, 0xfa, 0x63, 0xb8, 0xea, 0xff, 0x9d, 0x07, 0xbf,
    0xf4, 0x5b, 0xbf, 0x75, 0xc2, 0x6b, 0x0b, 0x5e, 0x1a, 0x38, 0x6e, 0x78, 0x29, 0xfe, 0x97, 0xbb,
    0xed, 0xaf, 0x7f, 0x5a, 0x5c, 0x75, 0xd5, 0xbf, 0x0d, 0xe2, 0xaa, 0xab, 0xae, 0xfa, 0x6f, 0xf5,
    0xe0, 0x97, 0x7e, 0xeb, 0xe3, 0x86, 0xdf, 0x32, 0xbc, 0x34, 0x57, 0xfd, 0xa7, 0x13, 0xfc, 0xb5,
    0xe0, 0x75, 0x6e, 0xfd, 0xeb, 0x9f, 0xde, 0xe5, 0xaa, 0xff, 0xd7, 0x6e, 0x79, 0xe9, 0xb7, 0x36,
    0xff, 0x8b, 0xdd, 0xf6, 0xd7, 0x3f, 0x2d, 0xae, 0xba, 0xea, 0xdf, 0x06, 0x71, 0xd5, 0x55, 0x57,
    0xfd, 0xb7, 0x79, 0xf0, 0x4b, 0xbf, 0xf5, 0x4b, 0x1b, 0xbe, 0xcb, 0xf0, 0xd2, 0x5c, 0xf5, 0x5f,
    0x46, 0xf0, 0xd7, 0x82, 0xf7, 0xb9, 0xf5, 0xaf, 0x7f, 0xfa, 0xaf, 0xb9, 0xea, 0xff, 0xad, 0x5b,
    0x5e, 0xfa, 0xad, 0xcd, 0xff, 0x62, 0xb7, 0xfd, 0xf5, 0x4f, 0x8b, 0xab, 0xae, 0xfa, 0xb7, 0x41,
    0x5c, 0x75, 0xd5, 0x55, 0xff, 0x2d, 0x1e, 0xfc, 0xd2, 0x6f, 0xfd, 0xd2, 0x86, 0xdf, 0x32, 0x1c,
    0xe7, 0xaa, 0xff, 0x72, 0x82, 0x5d, 0xc1, 0xeb, 0xdc, 0xfa, 0xd7, 0x3f, 0xfd, 0xd7, 0x5c, 0xf5,
    0xff, 0xd2, 0x2d, 0x2f, 0xfd, 0xd6, 0xe6, 0x7f, 0xb1, 0xdb, 0xfe, 0xfa, 0xa7, 0xc5, 0x55, 0x57,
    0xfd, 0xdb, 0x20, 0xae, 0xba, 0xea, 0xaa, 0xff, 0x72, 0x0f, 0x7e, 0xe9, 0xb7, 0x7e, 0x69, 0xc3,
    0x6f, 0x19, 0x8e, 0x73, 0xd5, 0x7f, 0x1b, 0xc1, 0xae, 0xe0, 0x75, 0x6e, 0xfd, 0xeb, 0x9f, 0xfe,
    0x6b, 0xae, 0xfa, 0x7f, 0xe7, 0x96, 0x97, 0x7e, 0x6b, 0xf3, 0xbf, 0xd8, 0x6d, 0x7f, 0xfd, 0xd3,
    0xe2, 0xaa, 0xab, 0xfe, 0x6d, 0x10, 0x57, 0x5d, 0x75, 0xd5, 0x7f, 0xa9, 0x07, 0xbf, 0xf4, 0x5b,
    0xbf, 0x77, 0xc2, 0x77, 0x71, 0xd5, 0xff, 0x18, 0x01, 0xef, 0x73, 0xeb, 0x5f, 0xff, 0xf4, 0x77,
    0x73, 0xd5, 0xff, 0x2b, 0xb7, 0xbc, 0xf4, 0x5b, 0x9b, 0xff, 0xc5, 0x6e, 0xfb, 0xeb, 0x9f, 0x16,
    0x57, 0x5d, 0xf5, 0x6f, 0x83, 0xb8, 0xea, 0xaa, 0xab, 0xfe, 0xcb, 0x3c, 0xf8, 0xa5, 0xdf, 0xfa,
    0xbd, 0x13, 0xbe, 0x8b, 0xab, 0xfe, 0xc7, 0x09, 0x78, 0x9f, 0x5b, 0xff, 0xfa, 0xa7, 0xbf, 0x9b,
    0xab, 0xfe, 0xdf, 0xb8, 0xe5, 0xa5, 0xdf, 0xda, 0xfc, 0x2f, 0x76, 0xdb, 0x5f, 0xff, 0xb4, 0xb8,
    0xea, 0xaa, 0x7f, 0x1b, 0xc4, 0x55, 0x57, 0x5d, 0xf5, 0x5f, 0xe2, 0xc1, 0x2f, 0xfd, 0xd6, 0x2f,
    0x9d, 0xf0, 0x57, 0x5c, 0xf5, 0x3f, 0x92, 0x60, 0x57, 0xf0, 0x3a, 0xb7, 0xfe, 0xf5, 0x4f, 0xff,
    0x35, 0x57, 0xfd, 0xbf, 0x70, 0xcb, 0x4b, 0xbf, 0xb5, 0xf9, 0x5f, 0xec, 0xb6, 0xbf, 0xfe, 0x69,
    0x71, 0xd5, 0x55, 0xff, 0x36, 0x88, 0xab, 0xae, 0xba, 0xea, 0x3f, 0xdd, 0x83, 0x5f, 0xfa, 0xad,
    0x5f, 0xda, 0xf0, 0x5b, 0x86, 0xe3, 0x5c, 0xf5, 0x3f, 0x96, 0x60, 0x57, 0xf0, 0x3a, 0xb7, 0xfe,
    0xf5, 0x4f, 0xff, 0x35, 0x57, 0xfd, 0x9f, 0x77, 0xcb, 0x4b, 0xbf, 0xb5, 0xf9, 0x5f, 0xec, 0xb6,
    0xbf, 0xfe, 0x69, 0x71, 0xd5, 0x55, 0xff, 0x36, 0x88, 0xab, 0xae, 0xba, 0xea, 0x3f, 0xd5, 0x83,
    0x5f, 0xfa, 0xad, 0x5f, 0xda, 0xf0, 0x5b, 0x86, 0xe3, 0x5c, 0xf5, 0x3f, 0x9e, 0x60, 0x57, 0xf0,
    0x32, 0xb7, 0xfe, 0xf5, 0x4f, 0xdf, 0xca, 0x55, 0xff, 0xa7, 0xdd, 0xf2, 0xd2, 0x6f, 0x6d, 0xfe,
    0x17, 0xbb, 0xed, 0xaf, 0x7f, 0x5a, 0x5c, 0x75, 0xd5, 0xbf, 0x0d, 0xe2, 0xaa, 0xab, 0xae, 0xfa,
    0x4f, 0xf3, 0xe0, 0x97, 0x7e, 0xeb, 0xe3, 0x86, 0xdf, 0x32, 0xbc, 0x34, 0x57, 0xfd, 0xaf, 0x21,
    0xf8, 0x6b, 0xc1, 0xeb, 0xdc, 0xfa, 0xd7, 0x3f, 0xbd, 0xcb, 0x55, 0xff, 0x67, 0xdd, 0xf2, 0xd2,
    0x6f, 0x6d, 0xfe, 0x17, 0xbb, 0xed, 0xaf, 0x7f, 0x5a, 0x5c, 0x75, 0xd5, 0xbf, 0x0d, 0xe2, 0xaa,
    0xab, 0xae, 0xfa, 0x4f, 0xf3, 0xa0, 0x97, 0x7e, 0xeb, 0xbf, 0x32, 0xbc, 0x34, 0x57, 0xfd, 0xaf,
    0x23, 0xf8, 0xeb, 0x67, 0xfc, 0xf5, 0x4f, 0xbf, 0x0c, 0x57, 0xfd, 0x9f, 0x75, 0xcb, 0x4b, 0xbf,
    0xb5, 0xf9, 0x5f, 0xec, 0xb6, 0xbf, 0xfe, 0x69, 0x71, 0xd5, 0x55, 0xff, 0x36, 0x88, 0xab, 0xae,
    0xba, 0xea, 0x3f, 0xc5, 0x2d, 0x2f, 0xfd, 0xd6, 0x5f, 0x0d, 0x7c, 0x14, 0x57, 0xfd, 0x6f, 0xf6,
    0x35, 0xb7, 0xfd, 0xf5, 0x4f, 0x7f, 0x34, 0x57, 0xfd, 0x9f, 0x74, 0xcb, 0x4b, 0xbf, 0xb5, 0xf9,
    0x5f, 0xec, 0xb6, 0xbf, 0xfe, 0x69, 0x71, 0xd5, 0x55, 0xff, 0x36, 0x88, 0xab, 0xae, 0xba, 0xea,
    0x3f, 0xdc, 0x83, 0x5f, 0xfa, 0xad, 0xdf, 0x3a, 0xe1, 0xa7, 0xb8, 0xea, 0x7f, 0xbd, 0x80, 0xb7,
    0xb9, 0xf5, 0xaf, 0x7f, 0xfa, 0xa7, 0xb9, 0xea, 0xff, 0x9c, 0x5b, 0x5e, 0xfa, 0xad, 0xcd, 0xff,
    0x62, 0xb7, 0xfd, 0xf5, 0x4f, 0x8b, 0xab, 0xae, 0xfa, 0xb7, 0x41, 0x5c, 0x75, 0xd5, 0x55, 0xff,
    0xa1, 0x1e, 0xfc, 0xd2, 0x6f, 0xfd, 0x60, 0xc3, 0x5f, 0x19, 0x8e, 0x73, 0xd5, 0xff, 0x7a, 0x82,
    0x5d, 0xc1, 0xcb, 0xdc, 0xfa, 0xd7, 0x3f, 0x7d, 0x2b, 0x57, 0xfd, 0x9f, 0x72, 0xcb, 0x4b, 0xbf,
    0xb5, 0xf9, 0x5f, 0xec, 0xb6, 0xbf, 0xfe, 0x69, 0x71, 0xd5, 0x55, 0xff, 0x36, 0x88, 0xab, 0xae,
    0xba, 0xea, 0x3f, 0xd4, 0x83, 0x5e, 0xfa, 0xad, 0xff, 0xca, 0xf0, 0xd2, 0x5c, 0xf5, 0x7f, 0x86,
    0xe0, 0xaf, 0x9f, 0xf1, 0xd7, 0x3f, 0xfd, 0x32, 0x5c, 0xf5, 0x7f, 0xca, 0x2d, 0x2f, 0xfd, 0xd6,
    0xe6, 0x7f, 0xb1, 0xdb, 0xfe, 0xfa, 0xa7, 0xc5, 0x55, 0x57, 0xfd, 0xdb, 0x20, 0xae, 0xba, 0xea,
    0xaa, 0xff, 0x30, 0xb7, 0xbc, 0xf4, 0x5b, 0x7f, 0x35, 0xf0, 0x51, 0x5c, 0xf5, 0x7f, 0xd1, 0xd7,
    0xdc, 0xf6, 0xd7, 0x3f, 0xfd, 0xd1, 0x5c, 0xf5, 0x7f, 0xc6, 0x2d, 0x2f, 0xfd, 0xd6, 0xe6, 0x7f,
    0xb1, 0xdb, 0xfe, 0xfa, 0xa7, 0xc5, 0x55, 0x57, 0xfd, 0xdb, 0x20, 0xae, 0xba, 0xea, 0xaa, 0xff,
    0x10, 0x0f, 0x7e, 0xe9, 0xb7, 0x7e, 0xe9, 0x84, 0xbf, 0xe2, 0xaa, 0xff, 0xb3, 0x02, 0x5e, 0xe6,
    0xd6, 0xbf, 0xfe, 0xe9, 0xbf, 0xe6, 0xaa, 0xff, 0x13, 0x6e, 0x79, 0xe9, 0xb7, 0x36, 0xff, 0x8b,
    0xdd, 0xf6, 0xd7, 0x3f, 0x2d, 0xae, 0xba, 0xea, 0xdf, 0x06, 0x71, 0xd5, 0x55, 0x57, 0xfd, 0x87,
    0x78, 0xd0, 0x4b, 0xbf, 0xf5, 0x6f, 0x19, 0x5e, 0x9b, 0xab, 0xfe, 0xcf, 0x12, 0xfc, 0xf6, 0x33,
    0xfe, 0xfa, 0xa7, 0x5f, 0x87, 0xab, 0xfe, 0x4f, 0xb8, 0xe5, 0xa5, 0xdf, 0xda, 0xfc, 0x2f, 0x76,
    0xdb, 0x5f, 0xff, 0xb4, 0xb8, 0xea, 0xaa, 0x7f, 0x1b, 0xc4, 0x55, 0x57, 0x5d, 0xf5, 0xef, 0xf6,
    0xe0, 0x97, 0x7e, 0xeb, 0x8f, 0x4e, 0xf8, 0x2a, 0xae, 0xfa, 0x3f, 0x2f, 0xe0, 0x7d, 0x6e, 0xfd,
    0xeb, 0x9f, 0xfe, 0x6e, 0xae, 0xfa, 0x5f, 0xef, 0x96, 0x97, 0x7e, 0x6b, 0xf3, 0xbf, 0xd8, 0x6d,
    0x7f, 0xfd, 0xd3, 0xe2, 0xaa, 0xab, 0xfe, 0x6d, 0x10, 0x57, 0x5d, 0x75, 0xd5, 0xbf, 0xcb, 0x83,
    0x5f, 0xfa, 0xad, 0x8f, 0x1b, 0x9e, 0x6e, 0x38, 0xce, 0x55, 0xff, 0xe7, 0x09, 0x76, 0x05, 0x0f,
    0xb9, 0xf5, 0xaf, 0x7f, 0x7a, 0x97, 0xab, 0xfe, 0x57, 0xbb, 0xe5, 0xa5, 0xdf, 0xda, 0xfc, 0x2f,
    0x76, 0xdb, 0x5f, 0xff, 0xb4, 0xb8, 0xea, 0xaa, 0x7f, 0x1b, 0xc4, 0x55, 0x57, 0x5d, 0xf5, 0xef,
    0x72, 0xcb, 0x4b, 0xbf, 0xf5, 0x77, 0x03, 0xef, 0xc5, 0x55, 0xff, 0x9f, 0x7c, 0xcf, 0x6d, 0x7f,
    0xfd, 0xd3, 0xef, 0xcd, 0x55, 0xff, 0xab, 0xdd, 0xf2, 0xd2, 0x6f, 0x6d, 0xfe, 0x17, 0xbb, 0xed,
    0xaf, 0x7f, 0x5a, 0x5c, 0x75, 0xd5, 0xbf, 0x0d, 0xe2, 0xaa, 0xab, 0xae, 0xfa, 0x37, 0x7b, 0xf0,
    0x4b, 0xbf, 0xf5, 0x6b, 0x27, 0xfc, 0x16, 0x57, 0xfd, 0xbf, 0x13, 0xf0, 0x3a, 0xb7, 0xfe, 0xf5,
    0x4f, 0xff, 0x36, 0x57, 0xfd, 0xaf, 0x75, 0xcb, 0x4b, 0xbf, 0xb5, 0xf9, 0x5f, 0xec, 0xb6, 0xbf,
    0xfe, 0x69, 0x71, 0xd5, 0x55, 0xff, 0x36, 0x88, 0xab, 0xae, 0xba, 0xea, 0xdf, 0xec, 0x41, 0x2f,
    0xfd, 0xd6, 0xbf, 0x65, 0x78, 0x6d, 0xae, 0xfa, 0x7f, 0x47, 0xf0, 0xdb, 0xcf, 0xf8, 0xeb, 0x9f,
    0x7e, 0x1d, 0xae, 0xfa, 0x5f, 0xeb, 0x96, 0x97, 0x7e, 0x6b, 0xf3, 0xbf, 0xd8, 0x6d, 0x7f, 0xfd,
    0xd3, 0xe2, 0xaa, 0xab, 0xfe, 0x6d, 0x10, 0x57, 0x5d, 0x75, 0xd5, 0xbf, 0xc9, 0x83, 0x5f, 0xfa,
    0xad, 0x5f, 0x3b, 0xe1, 0xb7, 0xb8, 0xea, 0xff, 0xad, 0x80, 0xd7, 0xb9, 0xf5, 0xaf, 0x7f, 0xfa,
    0xb7, 0xb9, 0xea, 0x7f, 0xa5, 0x5b, 0x5e, 0xfa, 0xad, 0xcd, 0xff, 0x62, 0xb7, 0xfd, 0xf5, 0x4f,
    0x8b, 0xab, 0xae, 0xfa, 0xb7, 0x41, 0x5c, 0x75, 0xd5, 0x55, 0xff, 0x26, 0xb7, 0xbc, 0xf4, 0x5b,
    0x7f, 0x37, 0xf0, 0x5e, 0x5c, 0xf5, 0xff, 0xd9, 0xf7, 0xdc, 0xf6, 0xd7, 0x3f, 0xfd, 0xde, 0x5c,
    0xf5, 0xbf, 0xd2, 0x2d, 0x2f, 0xfd, 0xd6, 0xe6, 0x7f, 0xb1, 0xdb, 0xfe, 0xfa, 0xa7, 0xc5, 0x55,
    0x57, 0xfd, 0xdb, 0x20, 0xae, 0xba, 0xea, 0xaa, 0x7f, 0xb5, 0x07, 0xbf, 0xf4, 0x5b, 0x3f, 0x38,
    0xe1, 0xe9, 0x5c, 0xf5, 0xff, 0x5e, 0xc0, 0x43, 0x6e, 0xfd, 0xeb, 0x9f, 0xbe, 0x95, 0xab, 0xfe,
    0xd7, 0xb9, 0xe5, 0xa5, 0xdf, 0xda, 0xfc, 0x2f, 0x76, 0xdb, 0x5f, 0xff, 0xb4, 0xb8, 0xea, 0xaa,
    0x7f, 0x1b, 0xc4, 0x55, 0x57, 0x5d, 0xf5, 0xaf, 0x76, 0xcb, 0x4b, 0xbf, 0xf5, 0x77, 0x03, 0xef,
    0xc5, 0x55, 0x57, 0xc1, 0xf7, 0xdc, 0xf6, 0xd7, 0x3f, 0xfd, 0xde, 0x5c, 0xf5, 0xbf, 0xce, 0x2d,
    0x2f, 0xfd, 0xd6, 0xe6, 0x7f, 0xb1, 0xdb, 0xfe, 0xfa, 0xa7, 0xc5, 0x55, 0x57, 0xfd, 0xdb, 0x20,
    0xae, 0xba, 0xea, 0xaa, 0x7f, 0x95, 0x07, 0xbf, 0xf4, 0x5b, 0x3f, 0x38, 0xe1, 0xe9, 0x5c, 0x75,
    0xd5, 0x33, 0x05, 0x3c, 0xe4, 0xd6, 0xbf, 0xfe, 0xe9, 0x5b, 0xb9, 0xea, 0x7f, 0x95, 0x5b, 0x5e,
    0xfa, 0xad, 0xcd, 0xff, 0x62, 0xb7, 0xfd, 0xf5, 0x4f, 0x8b, 0xab, 0xae, 0xfa, 0xb7, 0x41, 0x5c,
    0x75, 0xd5, 0x55, 0xff, 0x2a, 0xb7, 0xbc, 0xf4, 0x5b, 0x7f, 0x35, 0xf0, 0x51, 0x5c, 0x75, 0xd5,
    0xb3, 0x7d, 0xcd, 0x6d, 0x7f, 0xfd, 0xd3, 0x1f, 0xcd, 0x55, 0xff, 0xab, 0xdc, 0xf2, 0xd2, 0x6f,
    0x6d, 0xfe, 0x17, 0xbb, 0xed, 0xaf, 0x7f, 0x5a, 0x5c, 0x75, 0xd5, 0xbf, 0x0d, 0xe2, 0xaa, 0xab,
    0xae, 0xfa, 0x57, 0x79, 0xd0, 0x4b, 0xbf, 0xf5, 0xd3, 0x0d, 0x0f, 0xe6, 0xaa, 0xab, 0x9e, 0x49,
    0x70, 0xeb, 0x33, 0xfe, 0xfa, 0xa7, 0x1f, 0xc2, 0x55, 0xff, 0xab, 0xdc, 0xf2, 0xd2, 0x6f, 0x6d,
    0xfe, 0x17, 0xbb, 0xed, 0xaf, 0x7f, 0x5a, 0x5c, 0x75, 0xd5, 0xbf, 0x0d, 0xe2, 0xaa, 0xab, 0xae,
    0x7a, 0x91, 0x3d, 0xf8, 0xa5, 0xdf, 0xfa, 0xad, 0x13, 0x7e, 0x8a, 0xab, 0xae, 0x7a, 0x2e, 0x01,
    0x6f, 0x73, 0xeb, 0x5f, 0xff, 0xf4, 0x4f, 0x73, 0xd5, 0xff, 0x1a, 0xb7, 0xbc, 0xf4, 0x5b, 0x9b,
    0xff, 0xc5, 0x6e, 0xfb, 0xeb, 0x9f, 0x16, 0x57, 0x5d, 0xf5, 0x6f, 0x83, 0xb8, 0xea, 0xaa, 0xab,
    0x5e, 0x64, 0xb7, 0xbc, 0xf4, 0x5b, 0x7f, 0x37, 0xf0, 0x5e, 0x5c, 0x75, 0xd5, 0xf3, 0xfa, 0x9e,
    0xdb, 0xfe, 0xfa, 0xa7, 0xdf, 0x9b, 0xab, 0xfe, 0xd7, 0xb8, 0xe5, 0xa5, 0xdf, 0xda, 0xfc, 0x2f,
    0x76, 0xdb, 0x5f, 0xff, 0xb4, 0xb8, 0xea, 0xaa, 0x7f, 0x1b, 0xc4, 0x55, 0x57, 0x5d, 0xf5, 0x22,
    0x79, 0xf0, 0x4b, 0xbf, 0xf5, 0x71, 0xc3, 0xd3, 0x0d, 0xc7, 0xb9, 0xea, 0xaa, 0xe7, 0x22, 0xd8,
    0x15, 0x3c, 0xe4, 0xd6, 0xbf, 0xfe, 0xe9, 0x5d, 0xae, 0xfa, 0x5f, 0xe1, 0x96, 0x97, 0x7e, 0x6b,
    0xf3, 0xbf, 0xd8, 0x6d, 0x7f, 0xfd, 0xd3, 0xe2, 0xaa, 0xab, 0xfe, 0x6d, 0x10, 0x57, 0x5d, 0x75,
    0xd5, 0x8b, 0xe4, 0xc1, 0x2f, 0xfd, 0xd6, 0xef, 0x9d, 0xf0, 0x5d, 0x5c, 0x75, 0xd5, 0x0b, 0x10,
    0xf0, 0x3e, 0xb7, 0xfe, 0xf5, 0x4f, 0x7f, 0x37, 0x57, 0xfd, 0xaf, 0x70, 0xcb, 0x4b, 0xbf, 0xb5,
    0xf9, 0x5f, 0xec, 0xb6, 0xbf, 0xfe, 0x69, 0x71, 0xd5, 0x55, 0xff, 0x36, 0x88, 0xab, 0xae, 0xba,
    0xea, 0x45, 0x72, 0xcb, 0x4b, 0xbf, 0xf5, 0x4f, 0x03, 0x6f, 0xc5, 0x55, 0x57, 0xbd, 0x60, 0x3f,
    0x73, 0xdb, 0x5f, 0xff, 0xf4, 0x5b, 0x73, 0xd5, 0xff, 0x0a, 0xb7, 0xbc, 0xf4, 0x5b, 0x9b, 0xff,
    0xc5, 0x6e, 0xfb, 0xeb, 0x9f, 0x16, 0x57, 0x5d, 0xf5, 0x6f, 0x83, 0xb8, 0xea, 0xaa, 0xab, 0x5e,
    0x24, 0xb7, 0xbc, 0xf4, 0x5b, 0x9b, 0xab, 0xae, 0xfa, 0x17, 0xdc, 0xf6, 0xd7, 0x3f, 0x2d, 0xae,
    0xfa, 0x5f, 0xe1, 0x96, 0x97, 0x7e, 0x6b, 0xf3, 0xbf, 0xd8, 0x6d, 0x7f, 0xfd, 0xd3, 0xe2, 0xaa,
    0xab, 0xfe, 0x6d, 0x10, 0x57, 0x5d, 0x75, 0xd5, 0xbf, 0xe8, 0xc1, 0x2f, 0xfd, 0xd6, 0xaf, 0x9d,
    0xf0, 0x5b, 0x5c, 0x75, 0xd5, 0xbf, 0x20, 0xe0, 0x75, 0x6e, 0xfd, 0xeb, 0x9f, 0xfe, 0x6d, 0xae,
    0xfa, 0x1f, 0xef, 0x96, 0x97, 0x7e, 0x6b, 0xf3, 0xbf, 0xd8, 0x6d, 0x7f, 0xfd, 0xd3, 0xe2, 0xaa,
    0xab, 0xfe, 0x6d, 0x10, 0x57, 0x5d, 0x75, 0xd5, 0xbf, 0xe8, 0x96, 0x97, 0x7e, 0xeb, 0xcf, 0x06,
    0x3e, 0x8b, 0xab, 0xae, 0xfa, 0x97, 0x7d, 0xce, 0x6d, 0x7f, 0xfd, 0xd3, 0x9f, 0xcd, 0x55, 0xff,
    0xe3, 0xdd, 0xf2, 0xd2, 0x6f, 0x6d, 0xfe, 0x17, 0xbb, 0xed, 0xaf, 0x7f, 0x5a, 0x5c, 0x75, 0xd5,
    0xbf, 0x0d, 0xe2, 0xaa, 0xab, 0xae, 0xfa, 0x17, 0x3d, 0xe8, 0xa5, 0xdf, 0xfa, 0xb7, 0x0d, 0xaf,
    0xc5, 0x55, 0x57, 0xfd, 0x0b, 0x04, 0xbf, 0xf3, 0x8c, 0xbf, 0xfe, 0xe9, 0xd7, 0xe6, 0xaa, 0xff,
    0xf1, 0x6e, 0x79, 0xe9, 0xb7, 0x36, 0xff, 0x8b, 0xdd, 0xf6, 0xd7, 0x3f, 0x2d, 0xae, 0xba, 0xea,
    0xdf, 0x06, 0x71, 0xd5, 0x55, 0x57, 0xbd, 0x50, 0x0f, 0x7e, 0xe9, 0xb7, 0x3e, 0x9e, 0x70, 0x91,
    0xab, 0xae, 0x7a, 0x11, 0xdd, 0xf6, 0xd7, 0x3f, 0x2d, 0xae, 0xfa, 0x1f, 0xef, 0x96, 0x97, 0x7e,
    0x6b, 0xf3, 0xbf, 0xd8, 0x6d, 0x7f, 0xfd, 0xd3, 0xe2, 0xaa, 0xab, 0xfe, 0x6d, 0x10, 0x57, 0x5d,
    0x75, 0xd5, 0x0b, 0xf5, 0xe0, 0x97, 0x7e, 0xeb, 0xb7, 0x4e, 0xf8, 0x29, 0xae, 0xba, 0xea, 0x45,
    0x14, 0xf0, 0x36, 0xb7, 0xfe, 0xf5, 0x4f, 0xff, 0x34, 0x57, 0xfd, 0x8f, 0x76, 0xcb, 0x4b, 0xbf,
    0xb5, 0xf9, 0x5f, 0xec, 0xb6, 0xbf, 0xfe, 0x69, 0x71, 0xd5, 0x55, 0xff, 0x36, 0x88, 0xab, 0xae,
    0xba, 0xea, 0x85, 0xba, 0xe5, 0xa5, 0xdf, 0xfa, 0xb3, 0x81, 0xcf, 0xe2, 0xaa, 0xab, 0x5e, 0x74,
    0x9f, 0x73, 0xdb, 0x5f, 0xff, 0xf4, 0x67, 0x73, 0xd5, 0xff, 0x68, 0xb7, 0xbc, 0xf4, 0x5b, 0x9b,
    0xff, 0xc5, 0x6e, 0xfb, 0xeb, 0x9f, 0x16, 0x57, 0x5d, 0xf5, 0x6f, 0x83, 0xb8, 0xea, 0xaa, 0xab,
    0x5e, 0xa8, 0x07, 0xbd, 0xf4, 0x5b, 0xff, 0xb6, 0xe1, 0xb5, 0xb8, 0xea, 0xaa, 0x17, 0x91, 0xe0,
    0x77, 0x9e, 0xf1, 0xd7, 0x3f, 0xfd, 0xda, 0x5c, 0xf5, 0x3f, 0xda, 0x2d, 0x2f, 0xfd, 0xd6, 0xe6,
    0x7f, 0xb1, 0xdb, 0xfe, 0xfa, 0xa7, 0xc5, 0x55, 0x57, 0xfd, 0xdb, 0x20, 0xae, 0xba, 0xea, 0xaa,
    0x17, 0xea, 0x41, 0x2f, 0xfd, 0xd6, 0x7f, 0x65, 0x78, 0x69, 0xae, 0xba, 0xea, 0x45, 0x24, 0xf8,
    0xeb, 0x67, 0xfc, 0xf5, 0x4f, 0xbf, 0x0c, 0x57, 0xfd, 0x8f, 0x76, 0xcb, 0x4b, 0xbf, 0xb5, 0xf9,
    0x5f, 0xec, 0xb6, 0xbf, 0xfe, 0x69, 0x71, 0xd5, 0x55, 0xff, 0x36, 0x88, 0xab, 0xae, 0xba, 0xea,
    0x85, 0xba, 0xe5, 0xa5, 0xdf, 0xda, 0x5c, 0x75, 0xd5, 0xbf, 0xd2, 0x6d, 0x7f, 0xfd, 0xd3, 0xe2,
    0xaa, 0xff, 0xd1, 0x6e, 0x79, 0xe9, 0xb7, 0x36, 0xff, 0x8b, 0xdd, 0xf6, 0xd7, 0x3f, 0x2d, 0xae,
    0xba, 0xea, 0xdf, 0x06, 0x71, 0xd5, 0x55, 0x57, 0xbd, 0x40, 0x0f, 0x7e, 0xe9, 0xb7, 0x7e, 0xe9,
    0x84, 0xbf, 0xe2, 0xaa, 0xab, 0xfe, 0x95, 0x02, 0x5e, 0xe6, 0xd6, 0xbf, 0xfe, 0xe9, 0xbf, 0xe6,
    0xaa, 0xff, 0xb1, 0x6e, 0x79, 0xe9, 0xb7, 0x36, 0xff, 0x8b, 0xdd, 0xf6, 0xd7, 0x3f, 0x2d, 0xae,
    0xba, 0xea, 0xdf, 0x06, 0x71, 0xd5, 0x55, 0x57, 0xbd, 0x40, 0x0f, 0x7e, 0xe9, 0xb7, 0x7e, 0xed,
    0x84, 0xdf, 0xe2, 0xaa, 0xab, 0xfe, 0x95, 0x02, 0x5e, 0xe7, 0xd6, 0xbf, 0xfe, 0xe9, 0xdf, 0xe6,
    0xaa, 0xff, 0xb1, 0x6e, 0x79, 0xe9, 0xb7, 0x36, 0xff, 0x8b, 0xdd, 0xf6, 0xd7, 0x3f, 0x2d, 0xae,
    0xba, 0xea, 0xdf, 0x06, 0x71, 0xd5, 0x55, 0x57, 0xbd, 0x40, 0xb7, 0xbc, 0xf4, 0x5b, 0x7f, 0x36,
    0xf0, 0x59, 0x5c, 0x75, 0xd5, 0xbf, 0xde, 0xe7, 0xdc, 0xf6, 0xd7, 0x3f, 0xfd, 0xd9, 0x5c, 0xf5,
    0x3f, 0xd6, 0x2d, 0x2f, 0xfd, 0xd6, 0xe6, 0x7f, 0xb1, 0xdb, 0xfe, 0xfa, 0xa7, 0xc5, 0x55, 0x57,
    0xfd, 0xdb, 0x20, 0xae, 0xba, 0xea, 0xaa, 0x17, 0xe8, 0x96, 0x97, 0x7e, 0xeb, 0xef, 0x06, 0xde,
    0x8b, 0xab, 0xae, 0xfa, 0xd7, 0xfb, 0x9a, 0xdb, 0xfe, 0xfa, 0xa7, 0x3f, 0x9a, 0xab, 0xfe, 0xc7,
    0xba, 0xe5, 0xa5, 0xdf, 0xda, 0xfc, 0x2f, 0x76, 0xdb, 0x5f, 0xff, 0xb4, 0xb8, 0xea, 0xaa, 0x7f,
    0x1b, 0xc4, 0x55, 0x57, 0x5d, 0xf5, 0x02, 0x3d, 0xe8, 0xa5, 0xdf, 0xfa, 0xb7, 0x0d, 0xaf, 0xc5,
    0x55, 0x57, 0xfd, 0x2b, 0x09, 0x7e, 0xe7, 0x19, 0x7f, 0xfd, 0xd3, 0xaf, 0xcd, 0x55, 0xff, 0x63,
    0xdd, 0xf2, 0xd2, 0x6f, 0x6d, 0xfe, 0x17, 0xbb, 0xed, 0xaf, 0x7f, 0x5a, 0x5c, 0x75, 0xd5, 0xbf,
    0x0d, 0xe2, 0xaa, 0xab, 0xae, 0x7a, 0x81, 0x1e, 0xf4, 0xd2, 0x6f, 0xfd, 0xdb, 0x86, 0xd7, 0xe2,
    0xaa, 0xab, 0xfe, 0x95, 0x04, 0xbf, 0xf3, 0x8c, 0xbf, 0xfe, 0xe9, 0xd7, 0xe6, 0xaa, 0xff, 0xb1,
    0x6e, 0x79, 0xe9, 0xb7, 0x36, 0xff, 0x8b, 0xdd, 0xf6, 0xd7, 0x3f, 0x2d, 0xae, 0xba, 0xea, 0xdf,
    0x06, 0x71, 0xd5, 0x55, 0x57, 0xbd, 0x40, 0x0f, 0x7a, 0xe9, 0xb7, 0xfe, 0x6d, 0xc3, 0x6b, 0x71,
    0xd5, 0x55, 0xff, 0x4a, 0x82, 0xdf, 0x79, 0xc6, 0x5f, 0xff, 0xf4, 0x6b, 0x73, 0xd5, 0xff, 0x58,
    0xb7, 0xbc, 0xf4, 0x5b, 0x9b, 0xff, 0xc5, 0x6e, 0xfb, 0xeb, 0x9f, 0x16, 0x57, 0x5d, 0xf5, 0x6f,
    0x83, 0xb8, 0xea, 0xaa, 0xab, 0x5e, 0xa0, 0x07, 0xbd, 0xf4, 0x5b, 0xff, 0xb6, 0xe1, 0xb5, 0xb8,
    0xea, 0xaa, 0x7f, 0x25, 0xc1, 0xef, 0x3c, 0xe3, 0xaf, 0x7f, 0xfa, 0xb5, 0xb9, 0xea, 0x7f, 0xac,
    0x5b, 0x5e, 0xfa, 0xad, 0xcd, 0xff, 0x62, 0xb7, 0xfd, 0xf5, 0x4f, 0x8b, 0xab, 0xae, 0xfa, 0xb7,
    0x41, 0x5c, 0x75, 0xd5, 0x55, 0x2f, 0xd0, 0x83, 0x5e, 0xfa, 0xad, 0x9f, 0x6e, 0x78, 0x30, 0x57,
    0x5d, 0xf5, 0xaf, 0x24, 0xb8, 0xf5, 0x19, 0x7f, 0xfd, 0xd3, 0x0f, 0xe1, 0xaa, 0xff, 0xb1, 0x6e,
    0x79, 0xe9, 0xb7, 0x36, 0xff, 0x8b, 0xdd, 0xf6, 0xd7, 0x3f, 0x2d, 0xae, 0xba, 0xea, 0xdf, 0x06,
    0x71, 0xd5, 0x55, 0x57, 0xbd, 0x40, 0xb7, 0xbc, 0xf4, 0x5b, 0x9b, 0xab, 0xae, 0xfa, 0x37, 0xba,
    0xed, 0xaf, 0x7f, 0x5a, 0x5c, 0xf5, 0x3f, 0xd6, 0x2d, 0x2f, 0xfd, 0xd6, 0xe6, 0x7f, 0xb1, 0xdb,
    0xfe, 0xfa, 0xa7, 0xc5, 0x55, 0x57, 0xfd, 0xdb, 0x20, 0xae, 0xba, 0xea, 0xaa, 0x17, 0xe8, 0x96,
    0x97, 0x7e, 0x6b, 0x73, 0xd5, 0x55, 0xff, 0x46, 0xb7, 0xfd, 0xf5, 0x4f, 0x8b, 0xab, 0xfe, 0xc7,
    0xba, 0xe5, 0xa5, 0xdf, 0xda, 0xfc, 0x2f, 0x76, 0xdb, 0x5f, 0xff, 0xb4, 0xb8, 0xea, 0xaa, 0x7f,
    0x1b, 0xc4, 0x55, 0x57, 0x5d, 0xf5, 0x02, 0xdd, 0xf2, 0xd2, 0x6f, 0x6d, 0xae, 0xba, 0xea, 0xdf,
    0xe8, 0xb6, 0xbf, 0xfe, 0x69, 0x71, 0xd5, 0xff, 0x58, 0xb7, 0xbc, 0xf4, 0x5b, 0x9b, 0xff, 0xc5,
    0x6e, 0xfb, 0xeb, 0x9f, 0x16, 0x57, 0x5d, 0xf5, 0x6f, 0x83, 0xb8, 0xea, 0xaa, 0xab, 0x5e, 0xa0,
    0x5b, 0x5e, 0xfa, 0xad, 0xcd, 0x55, 0x57, 0xfd, 0x1b, 0xdd, 0xf6, 0xd7, 0x3f, 0x2d, 0xae, 0xfa,
    0x1f, 0xeb, 0x96, 0x97, 0x7e, 0x6b, 0xf3, 0xbf, 0xd8, 0x6d, 0x7f, 0xfd, 0xd3, 0xe2, 0xaa, 0xab,
    0xfe, 0x6d, 0x10, 0x57, 0x5d, 0x75, 0xd5, 0x0b, 0xf4, 0xa0, 0x97, 0x7e, 0xeb, 0x5b, 0x0d, 0x0f,
    0xe2, 0xaa, 0xab, 0xfe, 0x95, 0x04, 0xcf, 0x78, 0xc6, 0x5f, 0xff, 0xf4, 0x83, 0xb9, 0xea, 0x7f,
    0xac, 0x5b, 0x5e, 0xfa, 0xad, 0xcd, 0xff, 0x62, 0xb7, 0xfd, 0xf5, 0x4f, 0x8b, 0xab, 0xae, 0xfa,
    0xb7, 0x41, 0x5c, 0x75, 0xd5, 0x55, 0x2f, 0xd0, 0x83, 0x5e, 0xfa, 0xad, 0x7f, 0xdb, 0xf0, 0x5a,
    0x5c, 0x75, 0xd5, 0xbf, 0x92, 0xe0, 0x77, 0x9e, 0xf1, 0xd7, 0x3f, 0xfd, 0xda, 0x5c, 0xf5, 0x3f,
    0xd6, 0x2d, 0x2f, 0xfd, 0xd6, 0xe6, 0x7f, 0xb1, 0xdb, 0xfe, 0xfa, 0xa7, 0xc5, 0x55, 0x57, 0xfd,
    0xdb, 0x20, 0xae, 0xba, 0xea, 0xaa, 0x17, 0xe8, 0x41, 0x2f, 0xfd, 0xd6, 0xbf, 0x6d, 0x78, 0x2d,
    0xae, 0xba, 0xea, 0x5f, 0x49, 0xf0, 0x3b, 0xcf, 0xf8, 0xeb, 0x9f, 0x7e, 0x6d, 0xae, 0xfa, 0x1f,
    0xeb, 0x96, 0x97, 0x7e, 0x6b, 0xf3, 0xbf, 0xd8, 0x6d, 0x7f, 0xfd, 0xd3, 0xe2, 0xaa, 0xab, 0xfe,
    0x6d, 0x10, 0x57, 0x5d, 0x75, 0xd5, 0x0b, 0xf4, 0xa0, 0x97, 0x7e, 0xeb, 0xdf, 0x36, 0xbc, 0x16,
    0x57, 0x5d, 0xf5, 0xaf, 0x24, 0xf8, 0x9d, 0x67, 0xfc, 0xf5, 0x4f, 0xbf, 0x36, 0x57, 0xfd, 0x8f,
    0x75, 0xcb, 0x4b, 0xbf, 0xb5, 0xf9, 0x5f, 0xec, 0xb6, 0xbf, 0xfe, 0x69, 0x71, 0xd5, 0x55, 0xff,
    0x36, 0x88, 0xab, 0xae, 0xba, 0xea, 0x05, 0x7a, 0xd0, 0x4b, 0xbf, 0xf5, 0x6f, 0x1b, 0x5e, 0x8b,
    0xab, 0xae, 0xfa, 0x57, 0x12, 0xfc, 0xce, 0x33, 0xfe, 0xfa, 0xa7, 0x5f, 0x9b, 0xab, 0xfe, 0xc7,
    0xba, 0xe5, 0xa5, 0xdf, 0xda, 0xfc, 0x2f, 0x76, 0xdb, 0x5f, 0xff, 0xb4, 0xb8, 0xea, 0xaa, 0x7f,
    0x1b, 0xc4, 0x55, 0x57, 0x5d, 0xf5, 0x02, 0xdd, 0xf2, 0xd2, 0x6f, 0xfd, 0xdd, 0xc0, 0x7b, 0x71,
    0xd5, 0x55, 0xff, 0x7a, 0x5f, 0x73, 0xdb, 0x5f, 0xff, 0xf4, 0x47, 0x73, 0xd5, 0xff, 0x58, 0xb7,
    0xbc, 0xf4, 0x5b, 0x9b, 0xff, 0xc5, 0x6e, 0xfb, 0xeb, 0x9f, 0x16, 0x57, 0x5d, 0xf5, 0x6f, 0x83,
    0xb8, 0xea, 0xaa, 0xab, 0x5e, 0xa0, 0x5b, 0x5e, 0xfa, 0xad, 0x3f, 0x1b, 0xf8, 0x2c, 0xae, 0xba,
    0xea, 0x5f, 0xef, 0x73, 0x6e, 0xfb, 0xeb, 0x9f, 0xfe, 0x6c, 0xae, 0xfa, 0x1f, 0xeb, 0x96, 0x97,
    0x7e, 0x6b, 0xf3, 0xbf, 0xd8, 0x6d, 0x7f, 0xfd, 0xd3, 0xe2, 0xaa, 0xab, 0xfe, 0x6d, 0x10, 0x57,
    0x5d, 0x75, 0xd5, 0x0b, 0xf4, 0xe0, 0x97, 0x7e, 0xeb, 0xd7, 0x4e, 0xf8, 0x2d, 0xae, 0xba, 0xea,
    0x5f, 0x29, 0xe0, 0x75, 0x6e, 0xfd, 0xeb, 0x9f, 0xfe, 0x6d, 0xae, 0xfa, 0x1f, 0xeb, 0x96, 0x97,
    0x7e, 0x6b, 0xf3, 0xbf, 0xd8, 0x6d, 0x7f, 0xfd, 0xd3, 0xe2, 0xaa, 0xab, 0xfe, 0x6d, 0x10, 0x57,
    0x5d, 0x75, 0xd5, 0x0b, 0xf4, 0xe0, 0x97, 0x7e, 0xeb, 0x97, 0x4e, 0xf8, 0x2b, 0xae, 0xba, 0xea,
    0x5f, 0x29, 0xe0, 0x65, 0x6e, 0xfd, 0xeb, 0x9f, 0xfe, 0x6b, 0xae, 0xfa, 0x1f, 0xeb, 0x96, 0x97,
    0x7e, 0x6b, 0xf3, 0xbf, 0xd8, 0x6d, 0x7f, 0xfd, 0xd3, 0xe2, 0xaa, 0xab, 0xfe, 0x6d, 0x10, 0x57,
    0x5d, 0x75, 0xd5, 0x0b, 0x75, 0xcb, 0x4b, 0xbf, 0xb5, 0xb9, 0xea, 0xaa, 0x7f, 0xa5, 0xdb, 0xfe,
    0xfa, 0xa7, 0xc5, 0x55, 0xff, 0xa3, 0xdd, 0xf2, 0xd2, 0x6f, 0x6d, 0xfe, 0x17, 0xbb, 0xed, 0xaf,
    0x7f, 0x5a, 0x5c, 0x75, 0xd5, 0xbf, 0x0d, 0xe2, 0xaa, 0xab, 0xae, 0x7a, 0xa1, 0x1e, 0xf4, 0xd2,
    0x6f, 0xfd, 0xd7, 0x86, 0x97, 0xe2, 0xaa, 0xab, 0x5e, 0x44, 0x82, 0xbf, 0x79, 0xc6, 0x5f, 0xff,
    0xf4, 0x4b, 0x73, 0xd5, 0xff, 0x68, 0xb7, 0xbc, 0xf4, 0x5b, 0x9b, 0xff, 0xc5, 0x6e, 0xfb, 0xeb,
    0x9f, 0x16, 0x57, 0x5d, 0xf5, 0x6f, 0x83, 0xb8, 0xea, 0xaa, 0xab, 0x5e, 0xa8, 0x07, 0xbd, 0xf4,
    0x5b, 0xff, 0xb6, 0xe1, 0xb5, 0xb8, 0xea, 0xaa, 0x17, 0x91, 0xe0, 0x77, 0x9e, 0xf1, 0xd7, 0x3f,
    0xfd, 0xda, 0x5c, 0xf5, 0x3f, 0xda, 0x2d, 0x2f, 0xfd, 0xd6, 0xe6, 0x7f, 0xb1, 0xdb, 0xfe, 0xfa,
    0xa7, 0xc5, 0x55, 0x57, 0xfd, 0xdb, 0x20, 0xae, 0xba, 0xea, 0xaa, 0x17, 0xea, 0x96, 0x97, 0x7e,
    0xeb, 0xcf, 0x06, 0x3e, 0x8b, 0xab, 0xae, 0x7a, 0xd1, 0x7d, 0xce, 0x6d, 0x7f, 0xfd, 0xd3, 0x9f,
    0xcd, 0x55, 0xff, 0xa3, 0xdd, 0xf2, 0xd2, 0x6f, 0x6d, 0xfe, 0x17, 0xbb, 0xed, 0xaf, 0x7f, 0x5a,
    0x5c, 0x75, 0xd5, 0xbf, 0x0d, 0xe2, 0xaa, 0xab, 0xae, 0x7a, 0xa1, 0x1e, 0xfc, 0xd2, 0x6f, 0xfd,
    0xd6, 0x09, 0x3f, 0xc5, 0x55, 0x57, 0xbd, 0x88, 0x02, 0xde, 0xe6, 0xd6, 0xbf, 0xfe, 0xe9, 0x9f,
    0xe6, 0xaa, 0xff, 0xd1, 0x6e, 0x79, 0xe9, 0xb7, 0x36, 0xff, 0x8b, 0xdd, 0xf6, 0xd7, 0x3f, 0x2d,
    0xae, 0xba, 0xea, 0xdf, 0x06, 0x71, 0xd5, 0x55, 0x57, 0xbd, 0x50, 0x0f, 0x7e, 0xe9, 0xb7, 0x3e,
    0x9e, 0x70, 0x91, 0xab, 0xae, 0x7a, 0x11, 0xdd, 0xf6, 0xd7, 0x3f, 0x2d, 0xae, 0xfa, 0x1f, 0xef,
    0x96, 0x97, 0x7e, 0x6b, 0xf3, 0xbf, 0xd8, 0x6d, 0x7f, 0xfd, 0xd3, 0xe2, 0xaa, 0xab, 0xfe, 0x6d,
    0x10, 0x57, 0x5d, 0x75, 0xd5, 0xbf, 0xe8, 0x41, 0x2f, 0xfd, 0xd6, 0xbf, 0x6d, 0x78, 0x2d, 0xae,
    0xba, 0xea, 0x5f, 0x20, 0xf8, 0x9d, 0x67, 0xfc, 0xf5, 0x4f, 0xbf, 0x36, 0x57, 0xfd, 0x8f, 0x77,
    0xcb, 0x4b, 0xbf, 0xb5, 0xf9, 0x5f, 0xec, 0xb6, 0xbf, 0xfe, 0x69, 0x71, 0xd5, 0x55, 0xff, 0x36,
    0x88, 0xab, 0xae, 0xba, 0xea, 0x5f, 0x74, 0xcb, 0x4b, 0xbf, 0xf5, 0x67, 0x03, 0x9f, 0xc5, 0x55,
    0x57, 0xfd, 0xcb, 0x3e, 0xe7, 0xb6, 0xbf, 0xfe, 0xe9, 0xcf, 0xe6, 0xaa, 0xff, 0xf1, 0x6e, 0x79,
    0xe9, 0xb7, 0x36, 0xff, 0x8b, 0xdd, 0xf6, 0xd7, 0x3f, 0x2d, 0xae, 0xba, 0xea, 0xdf, 0x06, 0x71,
    0xd5, 0x55, 0x57, 0xfd, 0x8b, 0x1e, 0xfc, 0xd2, 0x6f, 0xfd, 0xda, 0x09, 0xbf, 0xc5, 0x55, 0x57,
    0xfd, 0x0b, 0x02, 0x5e, 0xe7, 0xd6, 0xbf, 0xfe, 0xe9, 0xdf, 0xe6, 0xaa, 0xff, 0xf1, 0x6e, 0x79,
    0xe9, 0xb7, 0x36, 0xff, 0x8b, 0xdd, 0xf6, 0xd7, 0x3f, 0x2d, 0xae, 0xba, 0xea, 0xdf, 0x06, 0x71,
    0xd5, 0x55, 0x57, 0xbd, 0x48, 0x6e, 0x79, 0xe9, 0xb7, 0x36, 0x57, 0x5d, 0xf5, 0x2f, 0xb8, 0xed,
    0xaf, 0x7f, 0x5a, 0x5c, 0xf5, 0xbf, 0xc2, 0x2d, 0x2f, 0xfd, 0xd6, 0xe6, 0x7f, 0xb1, 0xdb, 0xfe,
    0xfa, 0xa7, 0xc5, 0x55, 0x57, 0xfd, 0xdb, 0x20, 0xae, 0xba, 0xea, 0xaa, 0x17, 0xc9, 0x2d, 0x2f,
    0xfd, 0xd6, 0x3f, 0x0d, 0xbc, 0x15, 0x57, 0x5d, 0xf5, 0x82, 0xfd, 0xcc, 0x6d, 0x7f, 0xfd, 0xd3,
    0x6f, 0xcd, 0x55, 0xff, 0x2b, 0xdc, 0xf2, 0xd2, 0x6f, 0x6d, 0xfe, 0x17, 0xbb, 0xed, 0xaf, 0x7f,
    0x5a, 0x5c, 0x75, 0xd5, 0xbf, 0x0d, 0xe2, 0xaa, 0xab, 0xae, 0x7a, 0x91, 0x3c, 0xf8, 0xa5, 0xdf,
    0xfa, 0xbd, 0x13, 0xbe, 0x8b, 0xab, 0xae, 0x7a, 0x01, 0x02, 0xde, 0xe7, 0xd6, 0xbf, 0xfe, 0xe9,
    0xef, 0xe6, 0xaa, 0xff, 0x15, 0x6e, 0x79, 0xe9, 0xb7, 0x36, 0xff, 0x8b, 0xdd, 0xf6, 0xd7, 0x3f,
    0x2d, 0xae, 0xba, 0xea, 0xdf, 0x06, 0x71, 0xd5, 0x55, 0x57, 0xbd, 0x48, 0x1e, 0xfc, 0xd2, 0x6f,
    0x7d, 0xdc, 0x70, 0xab, 0xe1, 0x18, 0x57, 0x5d, 0xf5, 0x5c, 0x04, 0x97, 0x04, 0x0f, 0xbe, 0xf5,
    0xaf, 0x7f, 0x7a, 0x97, 0xab, 0xfe, 0x57, 0xb8, 0xe5, 0xa5, 0xdf, 0xda, 0xfc, 0x2f, 0x76, 0xdb,
    0x5f, 0xff, 0xb4, 0xb8, 0xea, 0xaa, 0x7f, 0x1b, 0xc4, 0x55, 0x57, 0x5d, 0xf5, 0x22, 0xbb, 0xe5,
    0xa5, 0xdf, 0xfa, 0xbb, 0x81, 0xf7, 0xe2, 0xaa, 0xab, 0x9e, 0xd7, 0xf7, 0xdc, 0xf6, 0xd7, 0x3f,
    0xfd, 0xde, 0x5c, 0xf5, 0xbf, 0xc6, 0x2d, 0x2f, 0xfd, 0xd6, 0xe6, 0x7f, 0xb1, 0xdb, 0xfe, 0xfa,
    0xa7, 0xc5, 0x55, 0x57, 0xfd, 0xdb, 0x20, 0xae, 0xba, 0xea, 0xaa, 0x17, 0xd9, 0x83, 0x5f, 0xfa,
    0xad, 0xdf, 0x3a, 0xe1, 0xa7, 0xb8, 0xea, 0xaa, 0xe7, 0x12, 0xf0, 0x36, 0xb7, 0xfe, 0xf5, 0x4f,
    0xff, 0x34, 0x57, 0xfd, 0xaf, 0x71, 0xcb, 0x4b, 0xbf, 0xb5, 0xf9, 0x5f, 0xec, 0xb6, 0xbf, 0xfe,
    0x69, 0x71, 0xd5, 0x55, 0xff, 0x36, 0x88, 0xab, 0xae, 0xba, 0xea, 0x5f, 0xe5, 0x41, 0x2f, 0xfd,
    0xd6, 0xb7, 0x1a, 0x1e, 0xc4, 0x55, 0x57, 0x3d, 0x93, 0xe0, 0x19, 0xcf, 0xf8, 0xeb, 0x9f, 0x7e,
    0x30, 0x57, 0xfd, 0xaf, 0x72, 0xcb, 0x4b, 0xbf, 0xb5, 0xf9, 0x5f, 0xec, 0xb6, 0xbf, 0xfe, 0x69,
    0x71, 0xd5, 0x55, 0xff, 0x36, 0x88, 0xab, 0xae, 0xba, 0xea, 0x5f, 0xe5, 0x96, 0x97, 0x7e, 0xeb,
    0xaf, 0x06, 0x3e, 0x8a, 0xab, 0xae, 0x7a, 0xb6, 0xaf, 0xb9, 0xed, 0xaf, 0x7f, 0xfa, 0xa3, 0xb9,
    0xea, 0x7f, 0x95, 0x5b, 0x5e, 0xfa, 0xad, 0xcd, 0xff, 0x62, 0xb7, 0xfd, 0xf5, 0x4f, 0x8b, 0xab,
    0xae, 0xfa, 0xb7, 0x41, 0x5c, 0x75, 0xd5, 0x55, 0xff, 0x2a, 0x0f, 0x7e, 0xe9, 0xb7, 0x7e, 0x70,
    0xc2, 0xd3, 0xb9, 0xea, 0xaa, 0x67, 0x0a, 0x78, 0xc8, 0xad, 0x7f, 0xfd, 0xd3, 0xb7, 0x72, 0xd5,
    0xff, 0x2a, 0xb7, 0xbc, 0xf4, 0x5b, 0x9b, 0xff, 0xc5, 0x6e, 0xfb, 0xeb, 0x9f, 0x16, 0x57, 0x5d,
    0xf5, 0x6f, 0x83, 0xb8, 0xea, 0xaa, 0xab, 0xfe, 0xd5, 0x6e, 0x79, 0xe9, 0xb7, 0xfe, 0x6e, 0xe0,
    0xbd, 0xb8, 0xea, 0x2a, 0xf8, 0x9e, 0xdb, 0xfe, 0xfa, 0xa7, 0xdf, 0x9b, 0xab, 0xfe, 0xd7, 0xb9,
    0xe5, 0xa5, 0xdf, 0xda, 0xfc, 0x2f, 0x76, 0xdb, 0x5f, 0xff, 0xb4, 0xb8, 0xea, 0xaa, 0x7f, 0x1b,
    0xc4, 0x55, 0x57, 0x5d, 0xf5, 0xaf, 0xf6, 0xe0, 0x97, 0x7e, 0xeb, 0x07, 0x27, 0x3c, 0x9d, 0xab,
    0xfe, 0xdf, 0x0b, 0x78, 0xc8, 0xad, 0x7f, 0xfd, 0xd3, 0xb7, 0x72, 0xd5, 0xff, 0x3a, 0xb7, 0xbc,
    0xf4, 0x5b, 0x9b, 0xff, 0xc5, 0x6e, 0xfb, 0xeb, 0x9f, 0x16, 0x57, 0x5d, 0xf5, 0x6f, 0x83, 0xb8,
    0xea, 0xaa, 0xab, 0xfe, 0x4d, 0x6e, 0x79, 0xe9, 0xb7, 0xfe, 0x6e, 0xe0, 0xbd, 0xb8, 0xea, 0xff,
    0xb3, 0xef, 0xb9, 0xed, 0xaf, 0x7f, 0xfa, 0xbd, 0xb9, 0xea, 0x7f, 0xa5, 0x5b, 0x5e, 0xfa, 0xad,
    0xcd, 0xff, 0x62, 0xb7, 0xfd, 0xf5, 0x4f, 0x8b, 0xab, 0xae, 0xfa, 0xb7, 0x41, 0x5c, 0x75, 0xd5,
    0x55, 0xff, 0x26, 0x0f, 0x7e, 0xe9, 0xb7, 0x7e, 0xed, 0x84, 0xdf, 0xe2, 0xaa, 0xff, 0xb7, 0x02,
    0x5e, 0xe7, 0xd6, 0xbf, 0xfe, 0xe9, 0xdf, 0xe6, 0xaa, 0xff, 0x95, 0x6e, 0x79, 0xe9, 0xb7, 0x36,
    0xff, 0x8b, 0xdd, 0xf6, 0xd7, 0x3f, 0x2d, 0xae, 0xba, 0xea, 0xdf, 0x06, 0x71, 0xd5, 0x55, 0x57,
    0xfd, 0x9b, 0x3d, 0xe8, 0xa5, 0xdf, 0xfa, 0xb7, 0x0d, 0xaf, 0xc5, 0x55, 0xff, 0xef, 0x08, 0x7e,
    0xe7, 0x19, 0x7f, 0xfd, 0xd3, 0xaf, 0xcd, 0x55, 0xff, 0x6b, 0xdd, 0xf2, 0xd2, 0x6f, 0x6d, 0xfe,
    0x17, 0xbb, 0xed, 0xaf, 0x7f, 0x5a, 0x5c, 0x75, 0xd5, 0xbf, 0x0d, 0xe2, 0xaa, 0xab, 0xae, 0xfa,
    0x37, 0x7b, 0xf0, 0x4b, 0xbf, 0xf5, 0x6b, 0x27, 0xfc, 0x16, 0x57, 0xfd, 0xbf, 0x13, 0xf0, 0x3a,
    0xb7, 0xfe, 0xf5, 0x4f, 0xff, 0x36, 0x57, 0xfd, 0xaf, 0x75, 0xcb, 0x4b, 0xbf, 0xb5, 0xf9, 0x5f,
    0xec, 0xb6, 0xbf, 0xfe, 0x69, 0x71, 0xd5, 0x55, 0xff, 0x36, 0x88, 0xab, 0xae, 0xba, 0xea, 0xdf,
    0xe5, 0x96, 0x97, 0x7e, 0xeb, 0xef, 0x06, 0xde, 0x8b, 0xab, 0xfe, 0x3f, 0xf9, 0x9e, 0xdb, 0xfe,
    0xfa, 0xa7, 0xdf, 0x9b, 0xab, 0xfe, 0x57, 0xbb, 0xe5, 0xa5, 0xdf, 0xda, 0xfc, 0x2f, 0x76, 0xdb,
    0x5f, 0xff, 0xb4, 0xb8, 0xea, 0xaa, 0x7f, 0x1b, 0xc4, 0x55, 0x57, 0x5d, 0xf5, 0xef, 0xf2, 0xe0,
    0x97, 0x7e, 0xeb, 0xe3, 0x86, 0x5b, 0x0d, 0xc7, 0xb8, 0xea, 0xff, 0x3c, 0xc1, 0x25, 0xc1, 0x83,
    0x6f, 0xfd, 0xeb, 0x9f, 0xde, 0xe5, 0xaa, 0xff, 0xd5, 0x6e, 0x79, 0xe9, 0xb7, 0x36, 0xff, 0x8b,
    0xdd, 0xf6, 0xd7, 0x3f, 0x2d, 0xae, 0xba, 0xea, 0xdf, 0x06, 0x71, 0xd5, 0x55, 0x57, 0xfd, 0xbb,
    0x3d, 0xf8, 0xa5, 0xdf, 0xfa, 0xa3, 0x13, 0xbe, 0x8a, 0xab, 0xfe, 0xcf, 0x0b, 0x78, 0x9f, 0x5b,
    0xff, 0xfa, 0xa7, 0xbf, 0x9b, 0xab, 0xfe, 0xd7, 0xbb, 0xe5, 0xa5, 0xdf, 0xda, 0xfc, 0x2f, 0x76,
    0xdb, 0x5f, 0xff, 0xb4, 0xb8, 0xea, 0xaa, 0x7f, 0x1b, 0xc4, 0x55, 0x57, 0x5d, 0xf5, 0x1f, 0xe2,
    0x41, 0x2f, 0xfd, 0xd6, 0xbf, 0x6d, 0x78, 0x2d, 0xae, 0xfa, 0x3f, 0x4b, 0xf0, 0x3b, 0xcf, 0xf8,
    0xeb, 0x9f, 0x7e, 0x6d, 0xae, 0xfa, 0x3f, 0xe1, 0x96, 0x97, 0x7e, 0x6b, 0xf3, 0xbf, 0xd8, 0x6d,
    0x7f, 0xfd, 0xd3, 0xe2, 0xaa, 0xab, 0xfe, 0x6d, 0x10, 0x57, 0x5d, 0x75, 0xd5, 0x7f, 0x88, 0x07,
    0xbf, 0xf4, 0x5b, 0xbf, 0x74, 0xc2, 0x5f, 0x71, 0xd5, 0xff, 0x59, 0x01, 0x2f, 0x73, 0xeb, 0x5f,
    0xff, 0xf4, 0x5f, 0x73, 0xd5, 0xff, 0x09, 0xb7, 0xbc, 0xf4, 0x5b, 0x9b, 0xff, 0xc5, 0x6e, 0xfb,
    0xeb, 0x9f, 0x16, 0x57, 0x5d, 0xf5, 0x6f, 0x83, 0xb8, 0xea, 0xaa, 0xab, 0xfe, 0xc3, 0xdc, 0xf2,
    0xd2, 0x6f, 0xfd, 0xd5, 0xc0, 0x47, 0x71, 0xd5, 0xff, 0x45, 0x5f, 0x73, 0xdb, 0x5f, 0xff, 0xf4,
    0x47, 0x73, 0xd5, 0xff, 0x19, 0xb7, 0xbc, 0xf4, 0x5b, 0x9b, 0xff, 0xc5, 0x6e, 0xfb, 0xeb, 0x9f,
    0x16, 0x57, 0x5d, 0xf5, 0x6f, 0x83, 0xb8, 0xea, 0xaa, 0xab, 0xfe, 0x43, 0x3d, 0xe8, 0xa5, 0xdf,
    0xfa, 0xaf, 0x0d, 0x2f, 0xc5, 0x55, 0xff, 0x67, 0x08, 0xfe, 0xe6, 0x19, 0x7f, 0xfd, 0xd3, 0x2f,
    0xcd, 0x55, 0xff, 0xa7, 0xdc, 0xf2, 0xd2, 0x6f, 0x6d, 0xfe, 0x17, 0xbb, 0xed, 0xaf, 0x7f, 0x5a,
    0x5c, 0x75, 0xd5, 0xbf, 0x0d, 0xe2, 0xaa, 0xab, 0xae, 0xfa, 0x0f, 0xf5, 0xe0, 0x97, 0x7e, 0xeb,
    0x07, 0x1b, 0xfe, 0xda, 0x70, 0x8c, 0xab, 0xfe, 0xd7, 0x13, 0x5c, 0x12, 0xbc, 0xf4, 0xad, 0x7f,
    0xfd, 0xd3, 0xb7, 0x72, 0xd5, 0xff, 0x29, 0xb7, 0xbc, 0xf4, 0x5b, 0x9b, 0xff, 0xc5, 0x6e, 0xfb,
    0xeb, 0x9f, 0x16, 0x57, 0x5d, 0xf5, 0x6f, 0x83, 0xb8, 0xea, 0xaa, 0xab, 0xfe, 0xc3, 0x3d, 0xf8,
    0xa5, 0xdf, 0xfa, 0xad, 0x13, 0x7e, 0x8a, 0xab, 0xfe, 0xd7, 0x0b, 0x78, 0x9b, 0x5b, 0xff, 0xfa,
    0xa7, 0x7f, 0x9a, 0xab, 0xfe, 0xcf, 0xb9, 0xe5, 0xa5, 0xdf, 0xda, 0xfc, 0x2f, 0x76, 0xdb, 0x5f,
    0xff, 0xb4, 0xb8, 0xea, 0xaa, 0x7f, 0x1b, 0xc4, 0x55, 0x57, 0x5d, 0xf5, 0x9f, 0xe2, 0x96, 0x97,
    0x7e, 0xeb, 0xaf, 0x06, 0x3e, 0x8a, 0xab, 0xfe, 0x37, 0xfb, 0x9a, 0xdb, 0xfe, 0xfa, 0xa7, 0x3f,
    0x9a, 0xab, 0xfe, 0xcf, 0x79, 0xf0, 0x4b, 0xbf, 0xf5, 0x5b, 0x27, 0xfc, 0x14, 0xff, 0xbb, 0x7d,
    0xf6, 0x6d, 0x7f, 0xfd, 0xd3, 0x9f, 0xc3, 0x55, 0x57, 0xfd, 0xeb, 0x21, 0xae, 0xba, 0xea, 0xaa,
    0xff, 0x34, 0x0f, 0x7a, 0xe9, 0xb7, 0xfe, 0x6b, 0xc3, 0x4b, 0x71, 0xd5, 0xff, 0x3a, 0x82, 0xbf,
    0x79, 0xc6, 0x5f, 0xff, 0xf4, 0x4b, 0x73, 0xd5, 0xff, 0x29, 0x0f, 0x7e, 0xe9, 0xb7, 0x7e, 0xb0,
    0xe1, 0xbb, 0x0c, 0xaf, 0xcd, 0xff, 0x01, 0x82, 0xbf, 0x16, 0xbc, 0xcf, 0xad, 0x7f, 0xfd, 0xd3,
    0x7f, 0xcd, 0x55, 0x57, 0xbd, 0xe8, 0x10, 0x57, 0x5d, 0x75, 0xd5, 0x7f, 0x9a, 0x07, 0xbf, 0xf4,
    0x5b, 0x1f, 0x37, 0xfc, 0xb6, 0xe1, 0xa5, 0xb8, 0xea, 0x7f, 0x0d, 0xc1, 0xdf, 0x08, 0x5e, 0xfb,
    0xd6, 0xbf, 0xfe, 0xe9, 0x5d, 0xae, 0xfa, 0x3f, 0xe3, 0xc1, 0x2f, 0xfd, 0xd6, 0xef, 0x6d, 0xf8,
    0x2a, 0xc3, 0x71, 0xfe, 0x8f, 0x09, 0xf8, 0xe8, 0x5b, 0xff, 0xfa, 0xa7, 0xbf, 0x86, 0xab, 0xae,
    0x7a, 0xd1, 0x20, 0xae, 0xba, 0xea, 0xaa, 0xff, 0x54, 0x0f, 0x7e, 0xe9, 0xb7, 0x7e, 0x69, 0xc3,
    0x6f, 0x1b, 0x8e, 0x71, 0xd5, 0xff, 0x78, 0x82, 0x4b, 0x82, 0x97, 0xbe, 0xf5, 0xaf, 0x7f, 0xfa,
    0x56, 0xae, 0xfa, 0x3f, 0xe3, 0x96, 0x97, 0x7e, 0xeb, 0xcf, 0x02, 0x3e, 0x9b, 0xff, 0xdb, 0xbe,
    0xfb, 0xb6, 0xbf, 0xfe, 0xe9, 0xf7, 0xe1, 0xaa, 0xab, 0xfe, 0x65, 0x88, 0xab, 0xae, 0xba, 0xea,
    0x3f, 0xdd, 0x83, 0x5f, 0xfa, 0xad, 0x5f, 0xda, 0xf0, 0xdb, 0x86, 0x63, 0x5c, 0xf5, 0x3f, 0x96,
    0xe0, 0x92, 0xe0, 0xb5, 0x6f, 0xfd, 0xeb, 0x9f, 0xfe, 0x6b, 0xae, 0xfa, 0x3f, 0xe3, 0x96, 0x97,
    0x7e, 0xeb, 0xef, 0x02, 0xde, 0x9b, 0xff, 0x07, 0x04, 0x3f, 0x2d, 0x78, 0x9f, 0x5b, 0xff, 0xfa,
    0xa7, 0x77, 0xb9, 0xea, 0xaa, 0x17, 0x0c, 0x71, 0xd5, 0x55, 0x57, 0xfd, 0x97, 0x78, 0xf0, 0x4b,
    0xbf, 0xf5, 0x4b, 0x27, 0xfc, 0x15, 0x57, 0xfd, 0x8f, 0x24, 0xb8, 0x24, 0x78, 0xed, 0x5b, 0xff,
    0xfa, 0xa7, 0xff, 0x9a, 0xab, 0xfe, 0xcf, 0x78, 0xd0, 0x4b, 0xbf, 0xf5, 0x4f, 0x19, 0xde, 0x9a,
    0xff, 0x47, 0x04, 0x7f, 0x2d, 0x78, 0x9d, 0x5b, 0xff, 0xfa, 0xa7, 0x77, 0xb9, 0xea, 0xaa, 0xe7,
    0x0f, 0x71, 0xd5, 0x55, 0x57, 0xfd, 0x97, 0x79, 0xf0, 0x4b, 0xbf, 0xf5, 0x7b, 0x27, 0x7c, 0x17,
    0x57, 0xfd, 0x8f, 0x13, 0xf0, 0x3e, 0xb7, 0xfe, 0xf5, 0x4f, 0x7f, 0x37, 0x57, 0xfd, 0x9f, 0x71,
    0xcb, 0x4b, 0xbf, 0xf5, 0x77, 0x01, 0xef, 0xcd, 0xff, 0x43, 0x82, 0x9f, 0x7e, 0xc6, 0x5f, 0xff,
    0xf4, 0xdb, 0x70, 0xd5, 0x55, 0xcf, 0x1f, 0xe2, 0xaa, 0xab, 0xae, 0xfa, 0x2f, 0xf5, 0xe0, 0x97,
    0x7e, 0xeb, 0xf7, 0x4e, 0xf8, 0x2e, 0xae, 0xfa, 0x1f, 0x41, 0x70, 0x49, 0xf0, 0xd1, 0xb7, 0xfe,
    0xf5, 0x4f, 0x7f, 0x37, 0x57, 0xfd, 0x9f, 0x71, 0xcb, 0x4b, 0xbf, 0xf5, 0x57, 0x03, 0x1f, 0xc5,
    0xff, 0x6f, 0xdf, 0x7d, 0xdb, 0x5f, 0xff, 0xf4, 0xfb, 0x70, 0xd5, 0x55, 0xcf, 0x0b, 0x71, 0xd5,
    0x55, 0x57, 0xfd, 0x97, 0x7b, 0xf0, 0x4b, 0xbf, 0xf5, 0x4b, 0x1b, 0x7e, 0xdb, 0x70, 0x8c, 0xab,
    0xfe, 0xdb, 0x08, 0x2e, 0x09, 0x5e, 0xfb, 0xd6, 0xbf, 0xfe, 0xe9, 0xbf, 0xe6, 0xaa, 0xff, 0x33,
    0x1e, 0xfc, 0xd2, 0x6f, 0xfd, 0xde, 0x09, 0xdf, 0xc5, 0x55, 0x04, 0x7c, 0xcc, 0xad, 0x7f, 0xfd,
    0xd3, 0x5f, 0xcd, 0x55, 0x57, 0x3d, 0x27, 0xc4, 0x55, 0x57, 0x5d, 0xf5, 0xdf, 0xe2, 0xc1, 0x2f,
    0xfd, 0xd6, 0x2f, 0x6d, 0xf8, 0x6d, 0xc3, 0x31, 0xae, 0xfa, 0x2f, 0x27, 0xb8, 0x24, 0x78, 0xed,
    0x5b, 0xff, 0xfa, 0xa7, 0xff, 0x9a, 0xab, 0xfe, 0xcf, 0x78, 0xf0, 0x4b, 0xbf, 0xf5, 0x83, 0x0d,
    0x7f, 0x65, 0x38, 0xce, 0x55, 0x08, 0x76, 0x05, 0x2f, 0x73, 0xeb, 0x5f, 0xff, 0xf4, 0xad, 0x5c,
    0x75, 0xd5, 0xb3, 0x21, 0xae, 0xba, 0xea, 0xaa, 0xff, 0x36, 0x0f, 0x7e, 0xe9, 0xb7, 0x7e, 0x69,
    0xc3, 0x77, 0x1b, 0x5e, 0x8a, 0xab, 0xfe, 0xcb, 0x08, 0xfe, 0x46, 0xf0, 0xd6, 0xb7, 0xfe, 0xf5,
    0x4f, 0xdf, 0xca, 0x55, 0xff, 0xa7, 0x3c, 0xe8, 0xa5, 0xdf, 0xfa, 0xb7, 0x0c, 0xaf, 0xcd, 0x55,
    0xcf, 0x22, 0xf8, 0xeb, 0x67, 0xfc, 0xf5, 0x4f, 0xbf, 0x0c, 0x57, 0x5d, 0xf5, 0x6c, 0x88, 0xab,
    0xae, 0xba, 0xea, 0xbf, 0xd5, 0x83, 0x5f, 0xfa, 0xad, 0x8f, 0x1b, 0x7e, 0xdb, 0xf0, 0x52, 0x5c,
    0xf5, 0x9f, 0x4e, 0xf0, 0x37, 0x82, 0xd7, 0xbe, 0xf5, 0xaf, 0x7f, 0x7a, 0x97, 0xab, 0xfe, 0x4f,
    0x79, 0xf0, 0x4b, 0xbf, 0xf5, 0x47, 0x27, 0x7c, 0x15, 0x57, 0x3d, 0x3f, 0x9f, 0x73, 0xdb, 0x5f,
    0xff, 0xf4, 0x67, 0x73, 0xd5, 0x55, 0x57, 0x20, 0xae, 0xba, 0xea, 0xaa, 0xff, 0x11, 0x6e, 0x79,
    0xe9, 0xb7, 0xfe, 0x6a, 0xe0, 0xa3, 0xb8, 0xea, 0x3f, 0xd3, 0xd7, 0xdc, 0xf6, 0xd7, 0x3f, 0xfd,
    0xd1, 0x5c, 0xf5, 0x7f, 0xce, 0x83, 0x5f, 0xfa, 0xad, 0x8f, 0x1b, 0x9e, 0x6e, 0x38, 0xce, 0x55,
    0xcf, 0x43, 0xb0, 0x2b, 0x78, 0xc8, 0xad, 0x7f, 0xfd, 0xd3, 0xbb, 0x5c, 0x75, 0x15, 0x20, 0xae,
    0xba, 0xea, 0xaa, 0xff, 0x31, 0x1e, 0xfc, 0xd2, 0x6f, 0xfd, 0xd6, 0x86, 0xef, 0x36, 0x1c, 0xe3,
    0xaa, 0xff, 0x30, 0x82, 0x4b, 0x82, 0xf7, 0xbe, 0xf5, 0xaf, 0x7f, 0xfa, 0xa7, 0xb9, 0xea, 0xff,
    0xa4, 0x5b, 0x5e, 0xfa, 0xad, 0x3f, 0x1b, 0xf8, 0x2c, 0xae, 0x7a, 0x61, 0x3e, 0xe7, 0xb6, 0xbf,
    0xfe, 0xe9, 0xcf, 0xe6, 0xaa, 0xab, 0x00, 0x71, 0xd5, 0x55, 0x57, 0xfd, 0x8f, 0xf2, 0xe0, 0x97,
    0x7e, 0xeb, 0x07, 0x1b, 0x7e, 0xda, 0xf0, 0x52, 0x5c, 0xf5, 0xef, 0x26, 0xf8, 0x1b, 0xc1, 0x5b,
    0xdf, 0xfa, 0xd7, 0x3f, 0x7d, 0x2b, 0x57, 0xfd, 0x9f, 0xf4, 0xe0, 0x97, 0x7e, 0xeb, 0xe3, 0x86,
    0xa7, 0x1b, 0x8e, 0x73, 0xd5, 0x0b, 0x24, 0xd8, 0x15, 0x3c, 0xe4, 0xd6, 0xbf, 0xfe, 0xe9, 0x5d,
    0xae, 0xfa, 0xff, 0x0e, 0x71, 0xd5, 0x55, 0x57, 0xfd, 0x8f, 0x74, 0xcb, 0x4b, 0xbf, 0xf5, 0x57,
    0x03, 0x1f, 0xc5, 0x55, 0xff, 0x1e, 0x5f, 0x73, 0xdb, 0x5f, 0xff, 0xf4, 0x47, 0x73, 0xd5, 0xff,
    0x69, 0x0f, 0x7e, 0xe9, 0xb7, 0xfe, 0xe8, 0x84, 0xaf, 0xe2, 0xaa, 0x17, 0xc5, 0xe7, 0xdc, 0xf6,
    0xd7, 0x3f, 0xfd, 0xd9, 0x5c, 0xf5, 0xff, 0x1d, 0xe2, 0xaa, 0xab, 0xae, 0xfa, 0x1f, 0xeb, 0xc1,
    0x2f, 0xfd, 0xd6, 0x2f, 0x6d, 0xf8, 0x6a, 0xc3, 0x6b, 0x71, 0xd5, 0x8b, 0x4c, 0xf0, 0x3b, 0x82,
    0x8f, 0xbe, 0xf5, 0xaf, 0x7f, 0xfa, 0xaf, 0xb9, 0xea, 0xff, 0xbc, 0x07, 0xbd, 0xf4, 0x5b, 0xff,
    0x95, 0xe1, 0xa5, 0xb9, 0xea, 0x5f, 0x24, 0xb8, 0xf5, 0x19, 0x7f, 0xfd, 0xd3, 0x0f, 0xe1, 0xaa,
    0xff, 0xef, 0x10, 0x57, 0x5d, 0x75, 0xd5, 0xff, 0x78, 0x0f, 0x7e, 0xe9, 0xb7, 0x7e, 0x6f, 0xc3,
    0x57, 0x1b, 0x8e, 0x71, 0xd5, 0x0b, 0x24, 0xb8, 0x24, 0xf8, 0xe8, 0x5b, 0xff, 0xfa, 0xa7, 0xbf,
    0x9b, 0xab, 0xfe, 0x5f, 0x78, 0xf0, 0x4b, 0xbf, 0xf5, 0x4b, 0x27, 0xfc, 0x15, 0x57, 0xbd, 0xc8,
    0x02, 0x5e, 0xe6, 0xd6, 0xbf, 0xfe, 0xe9, 0xbf, 0xe6, 0xaa, 0xff, 0xcf, 0x10, 0x57, 0x5d, 0x75,
    0xd5, 0xff, 0x0a, 0x0f, 0x7e, 0xe9, 0xb7, 0x3e, 0x9e, 0xf0, 0xd5, 0xc0, 0x7b, 0x71, 0xd5, 0xf3,
    0xf3, 0x3d, 0x01, 0x1f, 0x7d, 0xeb, 0x5f, 0xff, 0xf4, 0x2e, 0x57, 0xfd, 0xbf, 0x71, 0xcb, 0x4b,
    0xbf, 0xf5, 0x57, 0x03, 0x1f, 0xc5, 0x55, 0xff, 0x1a, 0x5f, 0x73, 0xdb, 0x5f, 0xff, 0xf4, 0x47,
    0x73, 0xd5, 0xff, 0x67, 0x88, 0xab, 0xae, 0xba, 0xea, 0x7f, 0x95, 0x07, 0xbf, 0xf4, 0x5b, 0xbf,
    0xb6, 0xe1, 0xb3, 0x0d, 0xaf, 0xc5, 0x55, 0x08, 0x7e, 0x47, 0xf0, 0xd9, 0xb7, 0xfe, 0xf5, 0x4f,
    0xff, 0x36, 0x57, 0xfd, 0xbf, 0xf3, 0xa0, 0x97, 0x7e, 0xeb, 0xa7, 0x1b, 0x1e, 0xcc, 0x55, 0x2f,
    0x32, 0xc1, 0xad, 0xcf, 0xf8, 0xeb, 0x9f, 0x7e, 0x08, 0x57, 0xfd, 0x7f, 0x86, 0xb8, 0xea, 0xaa,
    0xab, 0xfe, 0x57, 0x7a, 0xf0, 0x4b, 0xbf, 0xf5, 0x6b, 0x27, 0xbc, 0x37, 0xf0, 0x5e, 0xfc, 0xff,
    0xf4, 0x3d, 0x01, 0xdf, 0x7d, 0xeb, 0x5f, 0xff, 0xf4, 0x6f, 0x73, 0xd5, 0xff, 0x4b, 0x0f, 0x7e,
    0xe9, 0xb7, 0x3e, 0x9e, 0x70, 0x91, 0xab, 0xfe, 0xd5, 0x02, 0x4e, 0xdc, 0xfa, 0xd7, 0x3f, 0xbd,
    0xcb, 0x55, 0xff, 0x5f, 0x21, 0xae, 0xba, 0xea, 0xaa, 0xff, 0xd5, 0x1e, 0xfc, 0xd2, 0x6f, 0xfd,
    0xe0, 0x84, 0xcf, 0x06, 0xde, 0x8b, 0xff, 0x1f, 0xbe, 0x27, 0xe0, 0xb3, 0x6f, 0xfd, 0xeb, 0x9f,
    0xbe, 0x95, 0xab, 0xfe, 0x5f, 0x7b, 0xf0, 0x4b, 0xbf, 0xf5, 0x6b, 0x27, 0xfc, 0x16, 0x57, 0xfd,
    0xab, 0x05, 0xbc, 0xce, 0xad, 0x7f, 0xfd, 0xd3, 0xbf, 0xcd, 0x55, 0xff, 0x5f, 0x21, 0xae, 0xba,
    0xea, 0xaa, 0xff, 0x13, 0x1e, 0xfc, 0xd2, 0x6f, 0xfd, 0xe0, 0x84, 0x8f, 0x16, 0xbc, 0xb5, 0xe1,
    0x41, 0xfc, 0x1f, 0x22, 0x78, 0x86, 0xe1, 0xa7, 0x03, 0xbe, 0xfa, 0xd6, 0xbf, 0xfe, 0xe9, 0x5b,
    0xb9, 0xea, 0x2a, 0xe0, 0x96, 0x97, 0x7e, 0xeb, 0xcf, 0x06, 0x3e, 0x8b, 0xab, 0xfe, 0x2d, 0x3e,
    0xe7, 0xb6, 0xbf, 0xfe, 0xe9, 0xcf, 0xe6, 0xaa, 0xff, 0xaf, 0x10, 0x57, 0x5d, 0x75, 0xd5, 0xff,
    0x39, 0x0f, 0x7e, 0xe9, 0xb7, 0x7e, 0xeb, 0x84, 0xb7, 0x16, 0xbc, 0xb5, 0xe1, 0x18, 0xff, 0x0b,
    0x09, 0x2e, 0x19, 0x7e, 0x3a, 0xe0, 0xa7, 0x6f, 0xfd, 0xeb, 0x9f, 0xfe, 0x69, 0xae, 0xba, 0xea,
    0xb9, 0xdc, 0xf2, 0xd2, 0x6f, 0xfd, 0xd3, 0xc0, 0x5b, 0x71, 0xd5, 0xbf, 0xc5, 0xcf, 0xdc, 0xf6,
    0xd7, 0x3f, 0xfd, 0xd6, 0x5c, 0xf5, 0xff, 0x15, 0xe2, 0xaa, 0xab, 0xae, 0xfa, 0x3f, 0xeb, 0xc1,
    0x2f, 0xfd, 0xd6, 0xc7, 0x81, 0xb7, 0x4e, 0x78, 0x6b, 0xe0, 0xad, 0xf8, 0xdf, 0xe1, 0x67, 0x02,
    0x7e, 0x1a, 0xf8, 0xe9, 0x5b, 0xff, 0xfa, 0xa7, 0x77, 0xb9, 0xea, 0xaa, 0x17, 0xe0, 0x41, 0x2f,
    0xfd, 0xd6, 0xbf, 0x6d, 0x78, 0x2d, 0xae, 0xfa, 0x57, 0x13, 0xfc, 0xce, 0x33, 0xfe, 0xfa, 0xa7,
    0x5f, 0x9b, 0xab, 0xfe, 0xbf, 0x42, 0x5c, 0x75, 0xd5, 0x55, 0xff, 0x6f, 0x3c, 0xf8, 0xa5, 0xdf,
    0xfa, 0xb5, 0x13, 0x5e, 0x5b, 0xf0, 0xda, 0x86, 0xd7, 0xe2, 0x7f, 0x00, 0xc1, 0xef, 0x18, 0x7e,
    0x3b, 0xe0, 0xb7, 0x6f, 0xfd, 0xeb, 0x9f, 0xfe, 0x6d, 0xae, 0xba, 0xea, 0x45, 0xf4, 0xa0, 0x97,
    0x7e, 0xeb, 0xdf, 0x36, 0xbc, 0x16, 0x57, 0xfd, 0xab, 0x09, 0x7e, 0xe7, 0x19, 0x7f, 0xfd, 0xd3,
    0xaf, 0xcd, 0x55, 0xff, 0x5f, 0x21, 0xae, 0xba, 0xea, 0xaa, 0xff, 0xb7, 0x1e, 0xfc, 0xd2, 0x6f,
    0xfd, 0xd6, 0x09, 0x2f, 0x2d, 0x78, 0x6d, 0xe0, 0xb8, 0xe1, 0xa5, 0xf8, 0x4f, 0x24, 0xf8, 0x1b,
    0x60, 0xd7, 0xf0, 0xdb, 0x01, 0x7f, 0x7d, 0xeb, 0x5f, 0xff, 0xf4, 0x4f, 0x73, 0xd5, 0x55, 0xff,
    0x46, 0x0f, 0x7a, 0xe9, 0xb7, 0xbe, 0x68, 0x38, 0xce, 0x55, 0xff, 0x26, 0xb7, 0xfd, 0xf5, 0x4f,
    0x8b, 0xab, 0xfe, 0xbf, 0x42, 0x5c, 0x75, 0xd5, 0x55, 0x57, 0x3d, 0xc0, 0x83, 0x5f, 0xfa, 0xad,
    0x5f, 0x1a, 0x38, 0x9e, 0xf0, 0xda, 0xc0, 0x71, 0xc1, 0x4b, 0xf3, 0x9c, 0x1e, 0x6c, 0x78, 0x10,
    0x0f, 0x20, 0x78, 0x06, 0x70, 0x2b, 0x0f, 0x60, 0xf8, 0x6b, 0x60, 0x37, 0xe0, 0xb7, 0x81, 0xdd,
    0x5b, 0xff, 0xfa, 0xa7, 0xff, 0x9a, 0xab, 0xae, 0xfa, 0x0f, 0x74, 0xcb, 0x4b, 0xbf, 0xb5, 0xb9,
    0xea, 0xdf, 0xec, 0xb6, 0xbf, 0xfe, 0x69, 0x71, 0xd5, 0xff, 0x57, 0x88, 0xab, 0xae, 0xba, 0xea,
    0xaa, 0xab, 0xae, 0xfa, 0x5f, 0xe8, 0x96, 0x97, 0x7e, 0x6b, 0x73, 0xd5, 0xbf, 0xd9, 0x6d, 0x7f,
    0xfd, 0xd3, 0xe2, 0xaa, 0xff, 0xaf, 0x10, 0x57, 0x5d, 0x75, 0xd5, 0x55, 0x57, 0x5d, 0xf5, 0xbf,
    0xd0, 0x2d, 0x2f, 0xfd, 0xd6, 0xe6, 0xaa, 0x7f, 0xb3, 0xdb, 0xfe, 0xfa, 0xa7, 0xc5, 0x55, 0xff,
    0x5f, 0x21, 0xae, 0xba, 0xea, 0xaa, 0xab, 0xae, 0xba, 0xea, 0x7f, 0xa1, 0x5b, 0x5e, 0xfa, 0xad,
    0xcd, 0x55, 0xff, 0x66, 0xb7, 0xfd, 0xf5, 0x4f, 0x8b, 0xab, 0xfe, 0xbf, 0x42, 0x5c, 0x75, 0xd5,
    0x55, 0x57, 0x5d, 0x75, 0xd5, 0xff, 0x42, 0xb7, 0xbc, 0xf4, 0x5b, 0x9b, 0xab, 0xfe, 0xcd, 0x6e,
    0xfb, 0xeb, 0x9f, 0x16, 0x57, 0xfd, 0x7f, 0x85, 0xb8, 0xea, 0xaa, 0xab, 0xae, 0xba, 0xea, 0xaa,
    0xff, 0x85, 0x6e, 0x79, 0xe9, 0xb7, 0x36, 0x57, 0xfd, 0x9b, 0xdd, 0xf6, 0xd7, 0x3f, 0x2d, 0xae,
    0xfa, 0xff, 0x0a, 0x71, 0xd5, 0x55, 0x57, 0x5d, 0x75, 0xd5, 0x55, 0xff, 0x0b, 0xdd, 0xf2, 0xd2,
    0x6f, 0x6d, 0xae, 0xfa, 0x37, 0xbb, 0xed, 0xaf, 0x7f, 0x5a, 0x5c, 0xf5, 0xff, 0x15, 0xe2, 0xaa,
    0xab, 0xae, 0xba, 0xea, 0xaa, 0xab, 0xfe, 0x17, 0xba, 0xe5, 0xa5, 0xdf, 0xda, 0x5c, 0xf5, 0x6f,
    0x76, 0xdb, 0x5f, 0xff, 0xb4, 0xb8, 0xea, 0xff, 0x2b, 0xc4, 0x55, 0x57, 0x5d, 0x75, 0xd5, 0x55,
    0x57, 0xfd, 0x2f, 0x74, 0xcb, 0x4b, 0xbf, 0xb5, 0xb9, 0xea, 0xdf, 0xec, 0xb6, 0xbf, 0xfe, 0x69,
    0x71, 0xd5, 0xff, 0x57, 0x88, 0xab, 0xae, 0xba, 0xea, 0xaa, 0xab, 0xae, 0xfa, 0x5f, 0xe8, 0x96,
    0x97, 0x7e, 0x6b, 0x73, 0xd5, 0xbf, 0xd9, 0x6d, 0x7f, 0xfd, 0xd3, 0xe2, 0xaa, 0xff, 0xaf, 0x10,
    0x57, 0x5d, 0x75, 0xd5, 0x55, 0x57, 0x5d, 0xf5, 0xbf, 0xd0, 0x2d, 0x2f, 0xfd, 0xd6, 0xe6, 0xaa,
    0x7f, 0xb3, 0xdb, 0xfe, 0xfa, 0xa7, 0xc5, 0x55, 0xff, 0x5f, 0x21, 0xae, 0xba, 0xea, 0xaa, 0xab,
    0xae, 0xba, 0xea, 0x7f, 0xa1, 0x5b, 0x5e, 0xfa, 0xad, 0xcd, 0x55, 0xff, 0x66, 0xb7, 0xfd, 0xf5,
    0x4f, 0x8b, 0xab, 0xfe, 0xbf, 0x42, 0x5c, 0x75, 0xd5, 0x55, 0x57, 0x5d, 0x75, 0xd5, 0xff, 0x42,
    0xb7, 0xbc, 0xf4, 0x5b, 0x9b, 0xab, 0xfe, 0xcd, 0x6e, 0xfb, 0xeb, 0x9f, 0x16, 0x57, 0xfd, 0x7f,
    0x85, 0xb8, 0xea, 0xaa, 0xab, 0xae, 0xba, 0xea, 0xaa, 0xff, 0x85, 0x6e, 0x79, 0xe9, 0xb7, 0x36,
    0x57, 0xfd, 0x9b, 0xdd, 0xf6, 0xd7, 0x3f, 0x2d, 0xae, 0xfa, 0xff, 0x0a, 0x71, 0xd5, 0x55, 0x57,
    0x5d, 0x75, 0xd5, 0x55, 0xff, 0x0b, 0xdd, 0xf2, 0xd2, 0x6f, 0x6d, 0xae, 0xfa, 0x37, 0xbb, 0xed,
    0xaf, 0x7f, 0x5a, 0x5c, 0xf5, 0xff, 0x15, 0xe2, 0xaa, 0xab, 0xae, 0xba, 0xea, 0xaa, 0xab, 0xfe,
    0x17, 0xba, 0xe5, 0xa5, 0xdf, 0xda, 0x5c, 0xf5, 0x6f, 0x76, 0xdb, 0x5f, 0xff, 0xb4, 0xb8, 0xea,
    0xff, 0x2b, 0xc4, 0x55, 0x57, 0x5d, 0x75, 0xd5, 0x55, 0x57, 0xfd, 0x2f, 0x74, 0xcb, 0x4b, 0xbf,
    0xb5, 0xb9, 0xea, 0xdf, 0xec, 0xb6, 0xbf, 0xfe, 0x69, 0x71, 0xd5, 0xff, 0x57, 0x88, 0xab, 0xae,
    0xba, 0xea, 0xaa, 0xab, 0xae, 0xfa, 0x5f, 0xe8, 0x96, 0x97, 0x7e, 0x6b, 0x73, 0xd5, 0xbf, 0xd9,
    0x6d, 0x7f, 0xfd, 0xd3, 0xe2, 0xaa, 0xff, 0xaf, 0x10, 0x57, 0x5d, 0x75, 0xd5, 0x55, 0x57, 0x5d,
    0xf5, 0xbf, 0xd0, 0x2d, 0x2f, 0xfd, 0xd6, 0xe6, 0xaa, 0x7f, 0xb3, 0xdb, 0xfe, 0xfa, 0xa7, 0xc5,
    0x55, 0xff, 0x5f, 0x21, 0xae, 0xba, 0xea, 0xaa, 0xab, 0xae, 0xba, 0xea, 0x7f, 0xa1, 0x5b, 0x5e,
    0xfa, 0xad, 0xcd, 0x55, 0xff, 0x66, 0xb7, 0xfd, 0xf5, 0x4f, 0x8b, 0xab, 0xfe, 0xbf, 0x42, 0x5c,
    0x75, 0xd5, 0x55, 0x57, 0x5d, 0x75, 0xd5, 0xff, 0x42, 0xb7, 0xbc, 0xf4, 0x5b, 0x9b, 0xab, 0xfe,
    0xcd, 0x6e, 0xfb, 0xeb, 0x9f, 0x16, 0x57, 0xfd, 0x7f, 0x85, 0xb8, 0xea, 0xaa, 0xab, 0xae, 0xba,
    0xea, 0xaa, 0xff, 0x85, 0x6e, 0x79, 0xe9, 0xb7, 0x36, 0x57, 0xfd, 0x9b, 0xdd, 0xf6, 0xd7, 0x3f,
    0x2d, 0xae, 0xfa, 0xff, 0x0a, 0x71, 0xd5, 0x55, 0x57, 0x5d, 0x75, 0xd5, 0x55, 0xff, 0x0b, 0xdd,
    0xf2, 0xd2, 0x6f, 0x6d, 0xae, 0xfa, 0x37, 0xbb, 0xed, 0xaf, 0x7f, 0x5a, 0x5c, 0xf5, 0xff, 0x15,
    0xe2, 0xaa, 0xab, 0xae, 0xba, 0xea, 0xaa, 0xab, 0xfe, 0x17, 0xba, 0xe5, 0xa5, 0xdf, 0xda, 0x5c,
    0xf5, 0x6f, 0x76, 0xdb, 0x5f, 0xff, 0xb4, 0xb8, 0xea, 0xff, 0x2b, 0xc4, 0x55, 0x57, 0x5d, 0x75,
    0xd5, 0x55, 0x57, 0xfd, 0x2f, 0x74, 0xcb, 0x4b, 0xbf, 0xb5, 0xb9, 0xea, 0xdf, 0xec, 0xb6, 0xbf,
    0xfe, 0x69, 0x71, 0xd5, 0xff, 0x57, 0x88, 0xab, 0xae, 0xba, 0xea, 0xaa, 0xab, 0xae, 0xfa, 0x5f,
    0xe8, 0x96, 0x97, 0x7e, 0x6b, 0x73, 0xd5, 0xbf, 0xd9, 0x6d, 0x7f, 0xfd, 0xd3, 0xe2, 0xaa, 0xff,
    0xaf, 0x10, 0x57, 0x5d, 0x75, 0xd5, 0x55, 0x57, 0x5d, 0xf5, 0xbf, 0xd0, 0x2d, 0x2f, 0xfd, 0xd6,
    0xe6, 0xaa, 0x7f, 0xb3, 0xdb, 0xfe, 0xfa, 0xa7, 0xc5, 0x55, 0xff, 0x5f, 0x21, 0xae, 0xba, 0xea,
    0xaa, 0xab, 0xae, 0xba, 0xea, 0x7f, 0xa1, 0x5b, 0x5e, 0xfa, 0xad, 0xcd, 0x55, 0xff, 0x66, 0xb7,
    0xfd, 0xf5, 0x4f, 0x8b, 0xab, 0xfe, 0xbf, 0x42, 0x5c, 0x75, 0xd5, 0x55, 0x57, 0x5d, 0x75, 0xd5,
    0xff, 0x42, 0xb7, 0xbc, 0xf4, 0x5b, 0x9b, 0xab, 0xfe, 0xcd, 0x6e, 0xfb, 0xeb, 0x9f, 0x16, 0x57,
    0xfd, 0x7f, 0x85, 0xb8, 0xea, 0xaa, 0xab, 0xae, 0xba, 0xea, 0xaa, 0xff, 0x85, 0x6e, 0x79, 0xe9,
    0xb7, 0x36, 0x57, 0xfd, 0x9b, 0xdd, 0xf6, 0xd7, 0x3f, 0x2d, 0xae, 0xfa, 0xff, 0x0a, 0x71, 0xd5,
    0x55, 0x57, 0x5d, 0x75, 0xd5, 0x55, 0xff, 0x0b, 0xdd, 0xf2, 0xd2, 0x6f, 0x6d, 0xae, 0xfa, 0x37,
    0xbb, 0xed, 0xaf, 0x7f, 0x5a, 0x5c, 0xf5, 0xff, 0x15, 0xe2, 0xaa, 0xab, 0xae, 0xba, 0xea, 0xaa,
    0xab, 0xfe, 0x17, 0xba, 0xe5, 0xa5, 0xdf, 0xda, 0x5c, 0xf5, 0x6f, 0x76, 0xdb, 0x5f, 0xff, 0xb4,
    0xb8, 0xea, 0xff, 0x2b, 0xc4, 0x55, 0x57, 0x5d, 0x75, 0xd5, 0x55, 0x57, 0xfd, 0x2f, 0x74, 0xcb,
    0x4b, 0xbf, 0xb5, 0xb9, 0xea, 0xdf, 0xec, 0xb6, 0xbf, 0xfe, 0x69, 0x71, 0xd5, 0xff, 0x57, 0x88,
    0xab, 0xae, 0xba, 0xea, 0xaa, 0xab, 0xae, 0xfa, 0x1f, 0xe8, 0xc1, 0x2f, 0xfd, 0xd6, 0xc7, 0x41,
    0xaf, 0x95, 0xf8, 0xa5, 0x05, 0x2f, 0x0d, 0x1c, 0x07, 0x1e, 0x6c, 0x78, 0x30, 0x57, 0xfd, 0xbb,
    0xdd, 0xf6, 0xd7, 0x3f, 0x2d, 0xfe, 0x0b, 0x3c, 0xf8, 0xa5, 0xdf, 0xfa, 0x38, 0xe8, 0xad, 0x8c,
    0xdf, 0x1a, 0x78, 0xb0, 0xe1, 0xa5, 0xf9, 0x0f, 0x24, 0xf8, 0x6b, 0xe0, 0x56, 0xa1, 0x9f, 0x06,
    0xff, 0xcc, 0xad, 0x7f, 0xfd, 0xd3, 0xbb, 0x5c, 0xf5, 0x2f, 0x41, 0x5c, 0x75, 0xd5, 0x55, 0x57,
    0x5d, 0x75, 0xd5, 0xff, 0x10, 0x0f, 0x7e, 0xe9, 0xb7, 0x7e, 0xe9, 0x84, 0xf7, 0x12, 0xbc, 0xb6,
    0xe1, 0xa5, 0xb9, 0xea, 0x3f, 0xcd, 0x6d, 0x7f, 0xfd, 0xd3, 0xe2, 0x3f, 0xd1, 0x83, 0x5f, 0xfa,
    0xad, 0x1f, 0x9c, 0xf0, 0x59, 0xc0, 0x7b, 0xf3, 0x5f, 0xeb, 0xbb, 0x03, 0x3e, 0xe7, 0xd6, 0xbf,
    0xfe, 0xe9, 0x5b, 0xb9, 0xea, 0x05, 0x41, 0x5c, 0x75, 0xd5, 0x55, 0x57, 0x5d, 0x75, 0xd5, 0x7f,
    0xa3, 0x07, 0xbf, 0xf4, 0x5b, 0x1f, 0x07, 0xde, 0xcb, 0xf0, 0xd1, 0x86, 0x07, 0x73, 0xd5, 0x7f,
    0x89, 0xdb, 0xfe, 0xfa, 0xa7, 0xc5, 0x7f, 0x82, 0x07, 0xbf, 0xf4, 0x5b, 0x1f, 0x4f, 0xf8, 0x2a,
    0xe0, 0xbd, 0xf9, 0xef, 0xf5, 0xdd, 0x01, 0x1f, 0x73, 0xeb, 0x5f, 0xff, 0xf4, 0x2e, 0x57, 0x3d,
    0x37, 0xc4, 0x55, 0x57, 0x5d, 0x75, 0xd5, 0x55, 0x57, 0xfd, 0x37, 0x78, 0xf0, 0x4b, 0xbf, 0xf5,
    0xf1, 0x84, 0x8f, 0x12, 0x7c, 0xb4, 0xe1, 0x38, 0x57, 0xfd, 0x97, 0xba, 0xed, 0xaf, 0x7f, 0x5a,
    0xfc, 0x07, 0x7b, 0xf0, 0x4b, 0xbf, 0xf5, 0x4b, 0x1b, 0xbe, 0xcb, 0xf0, 0xd2, 0xfc, 0x0f, 0x20,
    0xf8, 0x6b, 0xc1, 0xdb, 0xdc, 0xfa, 0xd7, 0x3f, 0x7d, 0x2b, 0x57, 0x3d, 0x10, 0xe2, 0xaa, 0xab,
    0xae, 0xba, 0xea, 0xaa, 0xab, 0xfe, 0x8b, 0x3d, 0xf8, 0xa5, 0xdf, 0xfa, 0xa3, 0x0c, 0x9f, 0x6d,
    0x38, 0xce, 0x55, 0xff, 0x2d, 0x6e, 0xfb, 0xeb, 0x9f, 0x16, 0xff, 0x81, 0x1e, 0xfc, 0xd2, 0x6f,
    0xfd, 0xd2, 0x86, 0xdf, 0x32, 0x1c, 0xe7, 0x7f, 0x10, 0xc1, 0xae, 0xe0, 0x75, 0x6e, 0xfd, 0xeb,
    0x9f, 0xfe, 0x6b, 0xae, 0xba, 0x1f, 0xe2, 0xaa, 0xab, 0xae, 0xba, 0xea, 0xaa, 0xab, 0xfe, 0x8b,
    0x3c, 0xf8, 0xa5, 0xdf, 0xfa, 0xa5, 0x0d, 0x5f, 0x65, 0x78, 0x6d, 0xae, 0xfa, 0x6f, 0x75, 0xdb,
    0x5f, 0xff, 0xb4, 0xf8, 0x0f, 0xf2, 0xe0, 0x97, 0x7e, 0xeb, 0x07, 0x1b, 0xfe, 0xca, 0x70, 0x9c,
    0xff, 0x81, 0x04, 0xbb, 0x82, 0x97, 0xb9, 0xf5, 0xaf, 0x7f, 0xfa, 0x56, 0xae, 0x02, 0x40, 0x5c,
    0x75, 0xd5, 0x55, 0x57, 0x5d, 0x75, 0xd5, 0x7f, 0x81, 0x07, 0xbf, 0xf4, 0x5b, 0xbf, 0xb7, 0xe1,
    0xab, 0x0c, 0xc7, 0xb9, 0xea, 0xbf, 0xdd, 0x6d, 0x7f, 0xfd, 0xd3, 0xe2, 0x3f, 0xc0, 0x83, 0x5f,
    0xfa, 0xad, 0x8f, 0x1b, 0x7e, 0xcb, 0xf0, 0xd2, 0xfc, 0x0f, 0x26, 0xf8, 0x6b, 0xc1, 0xeb, 0xdc,
    0xfa, 0xd7, 0x3f, 0xbd, 0xcb, 0x55, 0x88, 0xab, 0xae, 0xba, 0xea, 0xaa, 0xab, 0xae, 0xfa, 0x4f,
    0x76, 0xcb, 0x4b, 0xbf, 0xf5, 0x77, 0x01, 0xef, 0xcd, 0x55, 0xff, 0x63, 0xdc, 0xf6, 0xd7, 0x3f,
    0x2d, 0xfe, 0x03, 0xdc, 0xf2, 0xd2, 0x6f, 0xfd, 0xd9, 0xc0, 0x67, 0xf1, 0xbf, 0xc3, 0xe7, 0xdc,
    0xf6, 0xd7, 0x3f, 0xfd, 0xd9, 0x5c, 0x85, 0xb8, 0xea, 0xaa, 0xab, 0xae, 0xba, 0xea, 0xaa, 0xff,
    0x44, 0xb7, 0xbc, 0xf4, 0x5b, 0x7f, 0x17, 0xf0, 0xde, 0x5c, 0xf5, 0x3f, 0xca, 0x6d, 0x7f, 0xfd,
    0xd3, 0xe2, 0xdf, 0xe9, 0xc1, 0x2f, 0xfd, 0xd6, 0x0f, 0x4e, 0x78, 0x3a, 0xff, 0x8b, 0x04, 0x3c,
    0xe4, 0xd6, 0xbf, 0xfe, 0xe9, 0x5b, 0xf9, 0xff, 0x0d, 0x71, 0xd5, 0x55, 0x57, 0x5d, 0x75, 0xd5,
    0x55, 0xff, 0x49, 0x1e, 0xf4, 0xd2, 0x6f, 0xfd, 0x57, 0x86, 0x97, 0xe6, 0xaa, 0xff, 0x71, 0x6e,
    0xfb, 0xeb, 0x9f, 0x16, 0xff, 0x4e, 0xb7, 0xbc, 0xf4, 0x5b, 0x7f, 0x37, 0xf0, 0x5e, 0xfc, 0xef,
    0xf2, 0x3d, 0xb7, 0xfd, 0xf5, 0x4f, 0xbf, 0x37, 0xff, 0xbf, 0x21, 0xae, 0xba, 0xea, 0xaa, 0xab,
    0xae, 0xba, 0xea, 0x3f, 0xc1, 0x2d, 0x2f, 0xfd, 0xd6, 0xdf, 0x05, 0xbc, 0x37, 0x57, 0xfd, 0x8f,
    0x74, 0xdb, 0x5f, 0xff, 0xb4, 0xf8, 0x77, 0xba, 0xe5, 0xa5, 0xdf, 0xda, 0xfc, 0x2f, 0x23, 0xd8,
    0x7d, 0xc6, 0x5f, 0xff, 0xf4, 0x09, 0xfe, 0x7f, 0x43, 0x5c, 0x75, 0xd5, 0x55, 0x57, 0x5d, 0x75,
    0xd5, 0x7f, 0xb0, 0x5b, 0x5e, 0xfa, 0xad, 0xbf, 0x0b, 0x78, 0x6f, 0xae, 0xfa, 0x1f, 0xeb, 0xb6,
    0xbf, 0xfe, 0x69, 0xf1, 0xef, 0xf0, 0xe0, 0x97, 0x7e, 0xeb, 0xb7, 0x4e, 0xf8, 0x29, 0xfe, 0x17,
    0x0a, 0x78, 0x9b, 0x5b, 0xff, 0xfa, 0xa7, 0x7f, 0x9a, 0xff, 0xbf, 0x10, 0x57, 0x5d, 0x75, 0xd5,
    0x55, 0x57, 0x5d, 0xf5, 0x1f, 0xe8, 0xc1, 0x2f, 0xfd, 0xd6, 0xef, 0x9d, 0xf0, 0x5d, 0x5c, 0xf5,
    0x3f, 0xda, 0x6d, 0x7f, 0xfd, 0xd3, 0xe2, 0xdf, 0xe1, 0x96, 0x97, 0x7e, 0xeb, 0xef, 0x06, 0xde,
    0x8b, 0xff, 0x9d, 0xbe, 0xe7, 0xb6, 0xbf, 0xfe, 0xe9, 0xf7, 0xe6, 0xff, 0x2f, 0xc4, 0x55, 0x57,
    0x5d, 0x75, 0xd5, 0x55, 0x57, 0xfd, 0x07, 0x79, 0xf0, 0x4b, 0xbf, 0xf5, 0x4b, 0x1b, 0x7e, 0xcb,
    0x70, 0x9c, 0xab, 0xfe, 0x47, 0xbb, 0xed, 0xaf, 0x7f, 0x5a, 0xfc, 0x3b, 0x3c, 0xe8, 0xa5, 0xdf,
    0xfa, 0xb7, 0x0d, 0xaf, 0xc5, 0xff, 0x42, 0x82, 0xdf, 0x79, 0xc6, 0x5f, 0xff, 0xf4, 0x6b, 0xf3,
    0xff, 0x17, 0xe2, 0xaa, 0xab, 0xae, 0xba, 0xea, 0xaa, 0xab, 0xfe, 0x83, 0x3c, 0xe8, 0xa5, 0xdf,
    0xfa, 0xb7, 0x0c, 0xaf, 0xcd, 0x55, 0xff, 0xe3, 0xdd, 0xf6, 0xd7, 0x3f, 0x2d, 0xfe, 0x1d, 0x1e,
    0xf4, 0xd2, 0x6f, 0xfd, 0x57, 0x86, 0x97, 0xe6, 0x7f, 0x21, 0xc1, 0x5f, 0x3f, 0xe3, 0xaf, 0x7f,
    0xfa, 0x65, 0xf8, 0xff, 0x0b, 0x71, 0xd5, 0x55, 0x57, 0x5d, 0x75, 0xd5, 0x55, 0xff, 0x01, 0x1e,
    0xfc, 0xd2, 0x6f, 0xfd, 0xd1, 0x09, 0x5f, 0xc5, 0x55, 0xff, 0x2b, 0xdc, 0xf6, 0xd7, 0x3f, 0x2d,
    0xfe, 0x1d, 0x6e, 0x79, 0xe9, 0xb7, 0x36, 0xff, 0x8b, 0xdd, 0xf6, 0xd7, 0x3f, 0x2d, 0xfe, 0xff,
    0x42, 0x5c, 0x75, 0xd5, 0x55, 0x57, 0xfd, 0x2b, 0x3c, 0xf8, 0xa5, 0xdf, 0xfa, 0x38, 0xd2, 0x4b,
    0x71, 0x3f, 0xfb, 0xa5, 0x13, 0x8e, 0x73, 0xc5, 0x83, 0x05, 0x0f, 0xe6, 0xf9, 0x30, 0xbc, 0x36,
    0x2f, 0x22, 0xc1, 0x6f, 0xf3, 0x5c, 0x0c, 0xb7, 0x02, 0xb7, 0xf2, 0x4c, 0x81, 0x6e, 0x45, 0xdc,
    0x0a, 0x80, 0xfd, 0x37, 0xb7, 0xfe, 0xf5, 0x4f, 0xef, 0x72, 0xd5, 0x7f, 0x9b, 0x07, 0xbf, 0xf4,
    0x5b, 0x1f, 0x37, 0x3c, 0xdd, 0x70, 0x9c, 0xab, 0xfe, 0x57, 0xb8, 0xed, 0xaf, 0x7f, 0x5a, 0xfc,
    0x3b, 0xdc, 0xf2, 0xd2, 0x6f, 0x6d, 0xfe, 0x17, 0xbb, 0xed, 0xaf, 0x7f, 0x5a, 0xfc, 0xff, 0x85,
    0xb8, 0xea, 0xaa, 0xab, 0xae, 0x7a, 0x80, 0x07, 0xbf, 0xf4, 0x5b, 0x3f, 0x18, 0xe9, 0x41, 0xd8,
    0x2f, 0x9d, 0x70, 0x5c, 0xf0, 0xd2, 0xc0, 0x71, 0xe0, 0xa5, 0x0d, 0xc7, 0xf9, 0x1f, 0x4c, 0x70,
    0x2b, 0x70, 0x2b, 0x80, 0xe1, 0xb7, 0x01, 0x02, 0xfd, 0x35, 0xf8, 0x19, 0xb7, 0xfe, 0xf5, 0x4f,
    0xff, 0x35, 0x57, 0xfd, 0xa7, 0xb9, 0xe5, 0xa5, 0xdf, 0xfa, 0xb3, 0x81, 0xcf, 0xe2, 0xaa, 0xff,
    0x35, 0x6e, 0xfb, 0xeb, 0x9f, 0x16, 0xff, 0x0e, 0xb7, 0xbc, 0xf4, 0x5b, 0x9b, 0xff, 0xc5, 0x6e,
    0xfb, 0xeb, 0x9f, 0x16, 0xff, 0x7f, 0x21, 0xae, 0xba, 0xea, 0xaa, 0xff, 0x97, 0x1e, 0xfc, 0x32,
    0x6f, 0xf3, 0x5a, 0x98, 0x07, 0x27, 0x7e, 0x69, 0xc1, 0x4b, 0x03, 0x0f, 0x36, 0x3c, 0x98, 0xff,
    0xc3, 0x04, 0xb7, 0x02, 0xb7, 0x1a, 0xfe, 0x3a, 0xe0, 0x56, 0xa4, 0xbf, 0xc6, 0xfe, 0x9b, 0x5b,
    0xff, 0xfa, 0xa7, 0x77, 0xb9, 0xea, 0xdf, 0xec, 0xc1, 0x2f, 0xfd, 0xd6, 0xc7, 0x0d, 0x4f, 0x37,
    0x1c, 0xe7, 0xaa, 0xff, 0x35, 0x6e, 0xfb, 0xeb, 0x9f, 0x16, 0xff, 0x0e, 0xb7, 0xbc, 0xf4, 0x5b,
    0x9b, 0xff, 0xc5, 0x6e, 0xfb, 0xeb, 0x9f, 0x16, 0xff, 0x7f, 0x21, 0xae, 0xba, 0xea, 0xaa, 0xff,
    0xd3, 0x1e, 0xfc, 0xd2, 0x6f, 0xfd, 0x60, 0xd0, 0x4b, 0x25, 0x7e, 0x69, 0xc1, 0x4b, 0x03, 0x0f,
    0x36, 0xbc, 0x34, 0x57, 0x3d, 0x8b, 0x60, 0x17, 0xf8, 0x6b, 0xc3, 0x6f, 0x07, 0xfa, 0x6b, 0xf0,
    0xdf, 0xdc, 0xfa, 0xd7, 0x3f, 0x7d, 0x2b, 0x57, 0xbd, 0x48, 0x1e, 0xfc, 0xd2, 0x6f, 0xfd, 0xd1,
    0x09, 0x5f, 0xc5, 0x55, 0xff, 0xab, 0xdc, 0xf6, 0xd7, 0x3f, 0x2d, 0xfe, 0x1d, 0x6e, 0x79, 0xe9,
    0xb7, 0x36, 0xff, 0x8b, 0xdd, 0xf6, 0xd7, 0x3f, 0x2d, 0xfe, 0xff, 0x42, 0x5c, 0x75, 0xd5, 0x55,
    0xff, 0xa7, 0x3c, 0xf8, 0x65, 0xde, 0xe6, 0xb5, 0xb0, 0x5f, 0xda, 0xf0, 0xda, 0xc0, 0x6b, 0x1b,
    0x8e, 0x73, 0xd5, 0xbf, 0x9a, 0x60, 0x17, 0xf8, 0x6b, 0xc3, 0x6f, 0x87, 0xf4, 0xdb, 0xd8, 0x7f,
    0x73, 0xeb, 0x5f, 0xff, 0xf4, 0x2e, 0x57, 0x3d, 0x8f, 0x07, 0xbd, 0xf4, 0x5b, 0x3f, 0xdd, 0xf0,
    0x60, 0xae, 0xfa, 0x5f, 0xe5, 0xb6, 0xbf, 0xfe, 0x69, 0xf1, 0xef, 0x70, 0xcb, 0x4b, 0xbf, 0xb5,
    0xf9, 0x5f, 0xec, 0xb6, 0xbf, 0xfe, 0x69, 0xf1, 0xff, 0x17, 0xe2, 0xaa, 0xab, 0xae, 0xfa, 0x5f,
    0xeb, 0xc1, 0x2f, 0xfd, 0xd6, 0xc7, 0x41, 0xaf, 0x95, 0xf8, 0xa5, 0x05, 0xaf, 0x6d, 0x78, 0x6d,
    0xae, 0xfa, 0x4f, 0x23, 0xf8, 0x6b, 0xc3, 0x6f, 0x07, 0xfa, 0x6d, 0xf0, 0xef, 0xdc, 0xfa, 0xd7,
    0x3f, 0xbd, 0xcb, 0xff, 0x73, 0x0f, 0x7e, 0xe9, 0xb7, 0x7e, 0xe9, 0x84, 0xbf, 0xe2, 0xaa, 0xff,
    0x75, 0x6e, 0xfb, 0xeb, 0x9f, 0x16, 0xff, 0x0e, 0xb7, 0xbc, 0xf4, 0x5b, 0x9b, 0xff, 0xc5, 0x6e,
    0xfb, 0xeb, 0x9f, 0x16, 0xff, 0x7f, 0x21, 0xae, 0xba, 0xea, 0xaa, 0xff, 0x55, 0x1e, 0xfc, 0x32,
    0x6f, 0xf3, 0x5a, 0x69, 0xbf, 0xb5, 0xe0, 0xb5, 0x0d, 0x2f, 0xcd, 0x55, 0xff, 0x6d, 0x04, 0xb7,
    0x1a, 0x7e, 0x3a, 0xd0, 0x6f, 0xdf, 0xfa, 0xd7, 0x3f, 0xf5, 0x33, 0xfc, 0x3f, 0x74, 0xcb, 0x4b,
    0xbf, 0xf5, 0x57, 0x03, 0x1f, 0xc5, 0x55, 0xff, 0xeb, 0xdc, 0xf6, 0xd7, 0x3f, 0x2d, 0xfe, 0x1d,
    0x6e, 0x79, 0xe9, 0xb7, 0x36, 0xff, 0x8b, 0xdd, 0xf6, 0xd7, 0x3f, 0x2d, 0xfe, 0xff, 0x42, 0x5c,
    0x75, 0xd5, 0x55, 0xff, 0xa3, 0x3d, 0xf8, 0xa5, 0xdf, 0xfa, 0xc1, 0xa0, 0xd7, 0x32, 0x7e, 0x6b,
    0xe0, 0xb5, 0x0d, 0xc7, 0xb9, 0xea, 0x7f, 0x24, 0xc1, 0x4f, 0x0b, 0x7e, 0x1b, 0xf8, 0x99, 0x5b,
    0xff, 0xfa, 0xa7, 0x6f, 0xe5, 0xff, 0x81, 0x07, 0xbd, 0xf4, 0x5b, 0xff, 0x95, 0xe1, 0xa5, 0xb9,
    0xea, 0x7f, 0x9d, 0xdb, 0xfe, 0xfa, 0xa7, 0xc5, 0xbf, 0xc3, 0x2d, 0x2f, 0xfd, 0xd6, 0xe6, 0x7f,
    0xb1, 0xdb, 0xfe, 0xfa, 0xa7, 0xc5, 0xff, 0x5f, 0x88, 0xab, 0xae, 0xba, 0xea, 0x7f, 0x9c, 0x07,
    0xbf, 0xf4, 0x5b, 0xbf, 0x74, 0xc2, 0x7b, 0x09, 0x5e, 0xdb, 0xf0, 0xd2, 0x5c, 0xf5, 0xbf, 0x8e,
    0xe0, 0x56, 0xc3, 0x4f, 0x07, 0xfa, 0xed, 0x5b, 0xff, 0xfa, 0xa7, 0x7e, 0x86, 0xff, 0x83, 0x1e,
    0xfc, 0xd2, 0x6f, 0x7d, 0x3c, 0xe1, 0x22, 0x57, 0xfd, 0xaf, 0x74, 0xdb, 0x5f, 0xff, 0xb4, 0xf8,
    0x77, 0xb8, 0xe5, 0xa5, 0xdf, 0xda, 0xfc, 0x2f, 0x76, 0xdb, 0x5f, 0xff, 0xb4, 0xf8, 0xff, 0x0b,
    0x71, 0xd5, 0x55, 0x57, 0xfd, 0x8f, 0xf0, 0xe0, 0x97, 0x7e, 0xeb, 0x97, 0x4e, 0x78, 0x2f, 0xc1,
    0x5b, 0x1b, 0x1e, 0xcc, 0x55, 0xff, 0x67, 0x08, 0x76, 0x0d, 0x3f, 0x1d, 0xe8, 0xa7, 0x6f, 0xfd,
    0xeb, 0x9f, 0xfa, 0x19, 0xfe, 0x8f, 0x78, 0xf0, 0x4b, 0xbf, 0xf5, 0x5b, 0x27, 0xfc, 0x14, 0x57,
    0xfd, 0xaf, 0x74, 0xdb, 0x5f, 0xff, 0xb4, 0xf8, 0x77, 0xb8, 0xe5, 0xa5, 0xdf, 0xda, 0xfc, 0x2f,
    0x76, 0xdb, 0x5f, 0xff, 0xb4, 0xf8, 0xff, 0x0b, 0x71, 0xd5, 0x55, 0x57, 0xfd, 0xb7, 0x79, 0xf0,
    0x4b, 0xbf, 0xf5, 0x4b, 0x27, 0xbc, 0x97, 0xe0, 0xad, 0x0d, 0x0f, 0xe6, 0xaa, 0xff, 0xf3, 0x04,
    0xbb, 0x86, 0x9f, 0x0e, 0xf4, 0xd3, 0xb7, 0xfe, 0xf5, 0x4f, 0xfd, 0x0c, 0xff, 0x8b, 0xdd, 0xf2,
    0xd2, 0x6f, 0xfd, 0xd9, 0xc0, 0x67, 0x71, 0xd5, 0xff, 0x4a, 0xb7, 0xfd, 0xf5, 0x4f, 0x8b, 0x7f,
    0x87, 0x5b, 0x5e, 0xfa, 0xad, 0xcd, 0xff, 0x62, 0xb7, 0xfd, 0xf5, 0x4f, 0x8b, 0xff, 0xbf, 0x10,
    0x57, 0x5d, 0x75, 0xd5, 0x7f, 0xa9, 0x07, 0xbf, 0xf4, 0x5b, 0x3f, 0x38, 0xe1, 0xa3, 0x04, 0x6f,
    0x6d, 0x78, 0x30, 0x57, 0xfd, 0xbf, 0x75, 0xdb, 0x5f, 0xff, 0xb4, 0xf8, 0x5f, 0xec, 0x96, 0x97,
    0x7e, 0xeb, 0x9f, 0x06, 0xde, 0x8a, 0xab, 0xfe, 0x57, 0xba, 0xed, 0xaf, 0x7f, 0x5a, 0xfc, 0x3b,
    0xdc, 0xf2, 0xd2, 0x6f, 0x6d, 0xfe, 0x17, 0xbb, 0xed, 0xaf, 0x7f, 0x5a, 0xfc, 0xff, 0x85, 0xb8,
    0xea, 0xaa, 0xab, 0xfe, 0x4b, 0x3c, 0xf8, 0xa5, 0xdf, 0xe6, 0xbd, 0x8c, 0xdf, 0xdb, 0xf0, 0xda,
    0x5c, 0x75, 0x15, 0x70, 0xdb, 0x5f, 0xff, 0xb4, 0xf8, 0x5f, 0xec, 0x41, 0x2f, 0xfd, 0xd6, 0xbf,
    0x6d, 0x78, 0x2d, 0xae, 0xfa, 0x5f, 0xe9, 0xb6, 0xbf, 0xfe, 0x69, 0xf1, 0xef, 0x70, 0xcb, 0x4b,
    0xbf, 0xb5, 0xf9, 0x5f, 0xec, 0xb6, 0xbf, 0xfe, 0x69, 0xf1, 0xff, 0x17, 0xe2, 0xaa, 0xab, 0xae,
    0xfa, 0x4f, 0xf3, 0xe0, 0x97, 0x7e, 0xeb, 0x97, 0x4e, 0x78, 0x2f, 0xc1, 0x7b, 0x1b, 0x8e, 0x73,
    0xd5, 0x55, 0x0f, 0x70, 0xdb, 0x5f, 0xff, 0xb4, 0xf8, 0x5f, 0xec, 0x41, 0x2f, 0xfd, 0xd6, 0x4f,
    0x37, 0x3c, 0x98, 0xab, 0xfe, 0x57, 0xba, 0xed, 0xaf, 0x7f, 0x5a, 0xfc, 0x3b, 0xdc, 0xf2, 0xd2,
    0x6f, 0x6d, 0xfe, 0x17, 0xbb, 0xed, 0xaf, 0x7f, 0x5a, 0xfc, 0xff, 0x85, 0xb8, 0xea, 0xaa, 0xab,
    0xfe, 0x43, 0x3d, 0xf8, 0xa5, 0xdf, 0xfa, 0x38, 0xe8, 0xad, 0x8c, 0x3f, 0xda, 0xf0, 0xd2, 0x5c,
    0x75, 0xd5, 0x0b, 0x70, 0xdb, 0x5f, 0xff, 0xb4, 0xf8, 0x5f, 0xec, 0x96, 0x97, 0x7e, 0x6b, 0x73,
    0xd5, 0xff, 0x5a, 0xb7, 0xfd, 0xf5, 0x4f, 0x8b, 0x7f, 0x87, 0x5b, 0x5e, 0xfa, 0xad, 0xcd, 0xff,
    0x62, 0xb7, 0xfd, 0xf5, 0x4f, 0x8b, 0xff, 0xbf, 0x10, 0x57, 0x5d, 0x75, 0xd5, 0x7f, 0x88, 0x07,
    0xbf, 0xf4, 0x5b, 0x3f, 0x38, 0xe1, 0xa3, 0x04, 0xef, 0x6d, 0x38, 0xce, 0x55, 0x57, 0xfd, 0x0b,
    0x6e, 0xfb, 0xeb, 0x9f, 0x16, 0xff, 0x8b, 0xdd, 0xf2, 0xd2, 0x6f, 0x6d, 0xae, 0xfa, 0x5f, 0xeb,
    0xb6, 0xbf, 0xfe, 0x69, 0xf1, 0xef, 0x70, 0xcb, 0x4b, 0xbf, 0xb5, 0xf9, 0x5f, 0xec, 0xb6, 0xbf,
    0xfe, 0x69, 0xf1, 0xff, 0x17, 0xe2, 0xaa, 0xab, 0xae, 0xfa, 0x77, 0x79, 0xf0, 0x4b, 0xbf, 0xf5,
    0x4b, 0x27, 0x7c, 0x14, 0xf0, 0xde, 0x5c, 0x75, 0xd5, 0xbf, 0xc2, 0x6d, 0x7f, 0xfd, 0xd3, 0xe2,
    0x7f, 0xb1, 0x5b, 0x5e, 0xfa, 0xad, 0xcd, 0x55, 0xff, 0x6b, 0xdd, 0xf6, 0xd7, 0x3f, 0x2d, 0xfe,
    0x1d, 0x6e, 0x79, 0xe9, 0xb7, 0x36, 0xff, 0x8b, 0xdd, 0xf6, 0xd7, 0x3f, 0x2d, 0xfe, 0xff, 0x42,
    0x5c, 0x75, 0xd5, 0x55, 0xff, 0x26, 0x0f, 0x7e, 0xe9, 0xb7, 0x79, 0x2b, 0xe3, 0x8f, 0x36, 0xbc,
    0x36, 0x57, 0x5d, 0xf5, 0x6f, 0x70, 0xdb, 0x5f, 0xff, 0xb4, 0xf8, 0x5f, 0xec, 0x96, 0x97, 0x7e,
    0x6b, 0x73, 0xd5, 0xff, 0x5a, 0xb7, 0xfd, 0xf5, 0x4f, 0x8b, 0x7f, 0x87, 0x5b, 0x5e, 0xfa, 0xad,
    0xcd, 0xff, 0x62, 0xb7, 0xfd, 0xf5, 0x4f, 0x8b, 0xff, 0xbf, 0x10, 0x57, 0x5d, 0x75, 0xd5, 0xbf,
    0xca, 0x83, 0x5f, 0xfa, 0x6d, 0xde, 0xcb, 0xf8, 0xb3, 0x0d, 0x0f, 0xe6, 0xaa, 0xab, 0xfe, 0x1d,
    0x6e, 0xfb, 0xeb, 0x9f, 0x16, 0xff, 0x8b, 0xdd, 0xf2, 0xd2, 0x6f, 0x6d, 0xae, 0xfa, 0x5f, 0xeb,
    0xb6, 0xbf, 0xfe, 0x69, 0xf1, 0xef, 0x70, 0xcb, 0x4b, 0xbf, 0xb5, 0xf9, 0x5f, 0xec, 0xb6, 0xbf,
    0xfe, 0x69, 0xf1, 0xff, 0x17, 0xe2, 0xaa, 0xab, 0xae, 0x7a, 0x91, 0x3c, 0xf8, 0xa5, 0xdf, 0xe6,
    0xbd, 0x8c, 0x3f, 0xdb, 0xf0, 0x60, 0xae, 0xba, 0xea, 0x3f, 0xc0, 0x6d, 0x7f, 0xfd, 0xd3, 0xe2,
    0x7f, 0xb1, 0x5b, 0x5e, 0xfa, 0xad, 0xcd, 0x55, 0xff, 0x6b, 0xdd, 0xf6, 0xd7, 0x3f, 0x2d, 0xfe,
    0x1d, 0x6e, 0x79, 0xe9, 0xb7, 0x36, 0xff, 0x8b, 0xdd, 0xf6, 0xd7, 0x3f, 0x2d, 0xfe, 0xff, 0x42,
    0x5c, 0x75, 0xd5, 0x55, 0x2f, 0xd4, 0x83, 0x5f, 0xfa, 0x6d, 0xde, 0xcb, 0xf8, 0xb3, 0x0d, 0x0f,
    0xe6, 0xaa, 0xab, 0xfe, 0x03, 0xdd, 0xf6, 0xd7, 0x3f, 0x2d, 0xfe, 0x17, 0xbb, 0xe5, 0xa5, 0xdf,
    0xda, 0x5c, 0xf5, 0xbf, 0xd6, 0x6d, 0x7f, 0xfd, 0xd3, 0xe2, 0xdf, 0xe1, 0x96, 0x97, 0x7e, 0x6b,
    0xf3, 0xbf, 0xd8, 0x6d, 0x7f, 0xfd, 0xd3, 0xe2, 0xff, 0x2f, 0xc4, 0x55, 0x57, 0x5d, 0xf5, 0x7c,
    0x3d, 0xf8, 0xa5, 0xdf, 0xe6, 0xbd, 0x8c, 0x3f, 0xdb, 0xf0, 0x60, 0xae, 0xba, 0xea, 0x3f, 0xc1,
    0x6d, 0x7f, 0xfd, 0xd3, 0xe2, 0x7f, 0xb1, 0x5b, 0x5e, 0xfa, 0xad, 0xcd, 0x55, 0xff, 0x6b, 0xdd,
    0xf6, 0xd7, 0x3f, 0x2d, 0xfe, 0x1d, 0x6e, 0x79, 0xe9, 0xb7, 0x36, 0xff, 0x8b, 0xdd, 0xf6, 0xd7,
    0x3f, 0x2d, 0xfe, 0xff, 0x42, 0x5c, 0x75, 0xd5, 0x55, 0xcf, 0xe1, 0xc1, 0x2f, 0xfd, 0x36, 0xef,
    0x65, 0xfc, 0xd9, 0x86, 0x07, 0x73, 0xd5, 0x55, 0xff, 0x89, 0x6e, 0xfb, 0xeb, 0x9f, 0x16, 0xff,
    0x8b, 0xdd, 0xf2, 0xd2, 0x6f, 0x6d, 0xae, 0xfa, 0x5f, 0xeb, 0xb6, 0xbf, 0xfe, 0x69, 0xf1, 0xef,
    0x70, 0xcb, 0x4b, 0xbf, 0xb5, 0xf9, 0x5f, 0xec, 0xb6, 0xbf, 0xfe, 0x69, 0xf1, 0xff, 0x17, 0xe2,
    0xaa, 0xab, 0xae, 0xba, 0xec, 0xc1, 0x2f, 0xfd, 0xd6, 0xaf, 0x6d, 0xf8, 0x2a, 0xc3, 0x4b, 0x73,
    0xd5, 0x55, 0xff, 0x05, 0x6e, 0xfb, 0xeb, 0x9f, 0x16, 0xff, 0x8b, 0xdd, 0xf2, 0xd2, 0x6f, 0x6d,
    0xae, 0xfa, 0x5f, 0xeb, 0xb6, 0xbf, 0xfe, 0x69, 0xf1, 0xef, 0x70, 0xcb, 0x4b, 0xbf, 0xb5, 0xf9,
    0x5f, 0xec, 0xb6, 0xbf, 0xfe, 0x69, 0xf1, 0xff, 0x17, 0xe2, 0xaa, 0xab, 0xfe, 0x9f, 0x7b, 0xf0,
    0x4b, 0xbf, 0xf5, 0x83, 0x0d, 0x5f, 0x65, 0x78, 0x6b, 0xae, 0xba, 0xea, 0xbf, 0xd0, 0x6d, 0x7f,
    0xfd, 0xd3, 0xe2, 0x7f, 0xb1, 0x5b, 0x5e, 0xfa, 0xad, 0xcd, 0x55, 0xff, 0x6b, 0xdd, 0xf6, 0xd7,
    0x3f, 0x2d, 0xfe, 0x1d, 0x6e, 0x79, 0xe9, 0xb7, 0x36, 0xff, 0x8b, 0xdd, 0xf6, 0xd7, 0x3f, 0x2d,
    0xfe, 0xff, 0x42, 0x5c, 0x75, 0xd5, 0xff, 0x53, 0x0f, 0x7e, 0xe9, 0xb7, 0x3e, 0x9e, 0xf0, 0x51,
    0xc0, 0x67, 0x73, 0xd5, 0x55, 0xff, 0x0d, 0x6e, 0xfb, 0xeb, 0x9f, 0x16, 0xff, 0x8b, 0xdd, 0xf2,
    0xd2, 0x6f, 0x6d, 0xae, 0xfa, 0x5f, 0xeb, 0xb6, 0xbf, 0xfe, 0x69, 0xf1, 0xef, 0x70, 0xcb, 0x4b,
    0xbf, 0xb5, 0xf9, 0x5f, 0xec, 0xb6, 0xbf, 0xfe, 0x69, 0xf1, 0xff, 0x17, 0xe2, 0xaa, 0xab, 0xfe,
    0x1f, 0x7a, 0xf0, 0x4b, 0xbf, 0xcd, 0x7b, 0x19, 0x7f, 0xb6, 0xe1, 0xc1, 0x5c, 0x75, 0xd5, 0x7f,
    0x93, 0xdb, 0xfe, 0xfa, 0xa7, 0xc5, 0xff, 0x62, 0xb7, 0xbc, 0xf4, 0x5b, 0x9b, 0xab, 0xfe, 0xd7,
    0xba, 0xed, 0xaf, 0x7f, 0x5a, 0xfc, 0x3b, 0xdc, 0xf2, 0xd2, 0x6f, 0x6d, 0xfe, 0x17, 0xbb, 0xed,
    0xaf, 0x7f, 0x5a, 0xfc, 0xff, 0x85, 0xb8, 0xea, 0xaa, 0xff, 0x47, 0x1e, 0xfc, 0xd2, 0x6f, 0xfd,
    0xda, 0x86, 0xcf, 0x32, 0xbc, 0x36, 0x57, 0x5d, 0xf5, 0xdf, 0xec, 0xb6, 0xbf, 0xfe, 0x69, 0xf1,
    0xbf, 0xd8, 0x2d, 0x2f, 0xfd, 0xd6, 0xe6, 0xaa, 0xff, 0xb5, 0x6e, 0xfb, 0xeb, 0x9f, 0x16, 0xff,
    0x0e, 0xb7, 0xbc, 0xf4, 0x5b, 0x9b, 0xff, 0xc5, 0x6e, 0xfb, 0xeb, 0x9f, 0x16, 0xff, 0x7f, 0x21,
    0xae, 0xba, 0xea, 0xff, 0x81, 0x07, 0xbf, 0xf4, 0x5b, 0x1f, 0x4f, 0xf8, 0x2c, 0xe0, 0xa3, 0xb9,
    0xea, 0xaa, 0xff, 0x21, 0x6e, 0xfb, 0xeb, 0x9f, 0x16, 0xff, 0x8b, 0xdd, 0xf2, 0xd2, 0x6f, 0x6d,
    0xae, 0xfa, 0x5f, 0xeb, 0xb6, 0xbf, 0xfe, 0x69, 0xf1, 0xef, 0x70, 0xcb, 0x4b, 0xbf, 0xb5, 0xf9,
    0x5f, 0xec, 0xb6, 0xbf, 0xfe, 0x69, 0xf1, 0xff, 0x17, 0xe2, 0xaa, 0xab, 0xfe, 0x8f, 0x7b, 0xf0,
    0x4b, 0xbf, 0xf5, 0x5b, 0x1b, 0xbe, 0xca, 0xf0, 0x60, 0xae, 0xba, 0xea, 0x7f, 0x90, 0xdb, 0xfe,
    0xfa, 0xa7, 0xc5, 0xff, 0x62, 0xb7, 0xbc, 0xf4, 0x5b, 0x9b, 0xab, 0xfe, 0xd7, 0xba, 0xed, 0xaf,
    0x7f, 0x5a, 0xfc, 0x3b, 0xdc, 0xf2, 0xd2, 0x6f, 0x6d, 0xfe, 0x17, 0xbb, 0xed, 0xaf, 0x7f, 0x5a,
    0xfc, 0xff, 0x85, 0xb8, 0xea, 0xaa, 0xff, 0xa3, 0x1e, 0xfc, 0xd2, 0x6f, 0x7d, 0xdc, 0xf0, 0x5d,
    0x86, 0xb7, 0xe6, 0xaa, 0xab, 0xfe, 0x07, 0xba, 0xed, 0xaf, 0x7f, 0x5a, 0xfc, 0x2f, 0x76, 0xcb,
    0x4b, 0xbf, 0xb5, 0xb9, 0xea, 0x7f, 0xad, 0xdb, 0xfe, 0xfa, 0xa7, 0xc5, 0xbf, 0xc3, 0x2d, 0x2f,
    0xfd, 0xd6, 0xe6, 0x7f, 0xb1, 0xdb, 0xfe, 0xfa, 0xa7, 0xc5, 0xff, 0x5f, 0x88, 0xab, 0xae, 0xfa,
    0x3f, 0xe8, 0xc1, 0x2f, 0xfd, 0x36, 0xef, 0x65, 0xfc, 0xd5, 0x86, 0xe3, 0x5c, 0x75, 0xd5, 0xff,
    0x50, 0xb7, 0xfd, 0xf5, 0x4f, 0x8b, 0xff, 0xc5, 0x6e, 0x79, 0xe9, 0xb7, 0x36, 0x57, 0xfd, 0xaf,
    0x75, 0xdb, 0x5f, 0xff, 0xb4, 0xf8, 0x77, 0xb8, 0xe5, 0xa5, 0xdf, 0xda, 0xfc, 0x2f, 0x76, 0xdb,
    0x5f, 0xff, 0xb4, 0xf8, 0xff, 0x0b, 0x71, 0xd5, 0x55, 0xff, 0x87, 0x3c, 0xf8, 0xa5, 0xdf, 0xfa,
    0xc1, 0x86, 0xef, 0x32, 0xbc, 0x36, 0x57, 0x5d, 0xf5, 0x3f, 0xdc, 0x6d, 0x7f, 0xfd, 0xd3, 0xe2,
    0x7f, 0xb1, 0x5b, 0x5e, 0xfa, 0xad, 0xcd, 0x55, 0xff, 0x6b, 0xdd, 0xf6, 0xd7, 0x3f, 0x2d, 0xfe,
    0x1d, 0x6e, 0x79, 0xe9, 0xb7, 0x36, 0xff, 0x8b, 0xdd, 0xf6, 0xd7, 0x3f, 0x2d, 0xfe, 0xff, 0x42,
    0x5c, 0x75, 0xd5, 0xff, 0x11, 0x0f, 0x7e, 0xe9, 0xb7, 0x7e, 0x6f, 0xc3, 0x57, 0x19, 0x8e, 0x73,
    0xd5, 0x55, 0xff, 0x0b, 0xdc, 0xf6, 0xd7, 0x3f, 0x2d, 0xfe, 0x17, 0xbb, 0xe5, 0xa5, 0xdf, 0xda,
    0x5c, 0xf5, 0xbf, 0xd6, 0x6d, 0x7f, 0xfd, 0xd3, 0xe2, 0xdf, 0xe1, 0x96, 0x97, 0x7e, 0x6b, 0xf3,
    0xbf, 0xd8, 0x6d, 0x7f, 0xfd, 0xd3, 0xe2, 0xff, 0x2f, 0xc4, 0x55, 0x57, 0xfd, 0x2f, 0xf7, 0xe0,
    0x97, 0x7e, 0xeb, 0xe3, 0x86, 0xef, 0x32, 0xbc, 0x35, 0x57, 0x5d, 0xf5, 0xbf, 0xc8, 0x6d, 0x7f,
    0xfd, 0xd3, 0xe2, 0x7f, 0xb1, 0x5b, 0x5e, 0xfa, 0xad, 0xcd, 0x55, 0xff, 0x6b, 0xdd, 0xf6, 0xd7,
    0x3f, 0x2d, 0xfe, 0x1d, 0x6e, 0x79, 0xe9, 0xb7, 0x36, 0xff, 0x8b, 0xdd, 0xf6, 0xd7, 0x3f, 0x2d,
    0xfe, 0xff, 0x42, 0x5c, 0x75, 0xd5, 0xff, 0x62, 0x0f, 0x7e, 0xe9, 0xb7, 0x7e, 0x6d, 0xc3, 0x77,
    0x19, 0x1e, 0xcc, 0x55, 0x57, 0xfd, 0x2f, 0x73, 0xdb, 0x5f, 0xff, 0xb4, 0xf8, 0x5f, 0xec, 0x96,
    0x97, 0x7e, 0x6b, 0x73, 0xd5, 0xff, 0x5a, 0xb7, 0xfd, 0xf5, 0x4f, 0x8b, 0x7f, 0x87, 0x5b, 0x5e,
    0xfa, 0xad, 0xcd, 0xff, 0x62, 0xb7, 0xfd, 0xf5, 0x4f, 0x8b, 0xff, 0xbf, 0x10, 0x57, 0x5d, 0xf5,
    0xbf, 0xd4, 0x2d, 0x2f, 0xfd, 0xd6, 0x9f, 0x05, 0x7c, 0x36, 0x57, 0x5d, 0xf5, 0xbf, 0xd4, 0x6d,
    0x7f, 0xfd, 0xd3, 0xe2, 0x7f, 0xb1, 0x5b, 0x5e, 0xfa, 0xad, 0xcd, 0x55, 0xff, 0x6b, 0xdd, 0xf6,
    0xd7, 0x3f, 0x2d, 0xfe, 0x1d, 0x6e, 0x79, 0xe9, 0xb7, 0x36, 0xff, 0x8b, 0xdd, 0xf6, 0xd7, 0x3f,
    0x2d, 0xfe, 0xff, 0x42, 0x5c, 0x75, 0xd5, 0xff, 0x32, 0x0f, 0x7e, 0xe9, 0xb7, 0x7e, 0xb0, 0xe1,
    0xa7, 0x0c, 0x2f, 0xcd, 0x55, 0x57, 0xfd, 0x2f, 0x76, 0xdb, 0x5f, 0xff, 0xb4, 0xf8, 0x5f, 0xec,
    0x96, 0x97, 0x7e, 0x6b, 0x73, 0xd5, 0xff, 0x5a, 0xb7, 0xfd, 0xf5, 0x4f, 0x8b, 0x7f, 0x87, 0x5b,
    0x5e, 0xfa, 0xad, 0xcd, 0xff, 0x62, 0xb7, 0xfd, 0xf5, 0x4f, 0x8b, 0xff, 0xbf, 0x10, 0x57, 0x5d,
    0xf5, 0xbf, 0xc8, 0x83, 0x5f, 0xfa, 0xad, 0xdf, 0xdb, 0xf0, 0x55, 0x86, 0xe3, 0x5c, 0x75, 0xd5,
    0xff, 0x72, 0xb7, 0xfd, 0xf5, 0x4f, 0x8b, 0xff, 0xc5, 0x6e, 0x79, 0xe9, 0xb7, 0x36, 0x57, 0xfd,
    0xaf, 0x75, 0xdb, 0x5f, 0xff, 0xb4, 0xf8, 0x77, 0xb8, 0xe5, 0xa5, 0xdf, 0xda, 0xfc, 0x2f, 0x76,
    0xdb, 0x5f, 0xff, 0xb4, 0xf8, 0xff, 0x0b, 0x71, 0xd5, 0x55, 0xff, 0x4b, 0xdc, 0xf2, 0xd2, 0x6f,
    0xfd, 0x55, 0xc0, 0x47, 0x73, 0xd5, 0x55, 0xff, 0x47, 0xdc, 0xf6, 0xd7, 0x3f, 0x2d, 0xfe, 0x17,
    0xbb, 0xe5, 0xa5, 0xdf, 0xda, 0x5c, 0xf5, 0xbf, 0xd6, 0x6d, 0x7f, 0xfd, 0xd3, 0xe2, 0xdf, 0xe1,
    0x96, 0x97, 0x7e, 0x6b, 0xf3, 0xbf, 0xd8, 0x6d, 0x7f, 0xfd, 0xd3, 0xe2, 0xff, 0x2f, 0xc4, 0x55,
    0x57, 0xfd, 0x0f, 0xf7, 0xe0, 0x97, 0x7e, 0xeb, 0xe3, 0x86, 0x9f, 0x32, 0xbc, 0x36, 0x57, 0x5d,
    0xf5, 0x7f, 0xc8, 0x6d, 0x7f, 0xfd, 0xd3, 0xe2, 0x7f, 0xb1, 0x5b, 0x5e, 0xfa, 0xad, 0xcd, 0x55,
    0xff, 0x6b, 0xdd, 0xf6, 0xd7, 0x3f, 0x2d, 0xfe, 0x1d, 0x6e, 0x79, 0xe9, 0xb7, 0x36, 0xff, 0x8b,
    0xdd, 0xf6, 0xd7, 0x3f, 0x2d, 0xfe, 0xff, 0x42, 0x5c, 0x75, 0xd5, 0xff, 0x60, 0x0f, 0x7e, 0xe9,
    0xb7, 0x7e, 0x69, 0xc3, 0x6f, 0x19, 0x8e, 0x73, 0xd5, 0x55, 0xff, 0xc7, 0xdc, 0xf6, 0xd7, 0x3f,
    0x2d, 0xfe, 0x17, 0xbb, 0xe5, 0xa5, 0xdf, 0xda, 0x5c, 0xf5, 0xbf, 0xd6, 0x6d, 0x7f, 0xfd, 0xd3,
    0xe2, 0xdf, 0xe1, 0x96, 0x97, 0x7e, 0x6b, 0xf3, 0xbf, 0xd8, 0x6d, 0x7f, 0xfd, 0xd3, 0xe2, 0xff,
    0x2f, 0xc4, 0x55, 0x57, 0xfd, 0x0f, 0xf5, 0xe0, 0x97, 0x7e, 0xeb, 0xf7, 0x4e, 0xf8, 0x2e, 0xae,
    0xba, 0xea, 0xff, 0xa8, 0xdb, 0xfe, 0xfa, 0xa7, 0xc5, 0xff, 0x62, 0xb7, 0xbc, 0xf4, 0x5b, 0x9b,
    0xab, 0xfe, 0xd7, 0xba, 0xed, 0xaf, 0x7f, 0x5a, 0xfc, 0x3b, 0xdc, 0xf2, 0xd2, 0x6f, 0x6d, 0xfe,
    0x17, 0xbb, 0xed, 0xaf, 0x7f, 0x5a, 0xfc, 0xff, 0x85, 0xb8, 0xea, 0xaa, 0xff, 0x61, 0x1e, 0xfc,
    0xd2, 0x6f, 0x7d, 0x3c, 0xe1, 0xab, 0x80, 0xf7, 0xe6, 0xaa, 0xab, 0xfe, 0x0f, 0xbb, 0xed, 0xaf,
    0x7f, 0x5a, 0xfc, 0x2f, 0x76, 0xcb, 0x4b, 0xbf, 0xb5, 0xb9, 0xea, 0x7f, 0xad, 0xdb, 0xfe, 0xfa,
    0xa7, 0xc5, 0xbf, 0xc3, 0x2d, 0x2f, 0xfd, 0xd6, 0xe6, 0x7f, 0xb1, 0xdb, 0xfe, 0xfa, 0xa7, 0xc5,
    0xff, 0x5f, 0x88, 0xab, 0xae, 0xfa, 0x1f, 0xe4, 0xc1, 0x2f, 0xfd, 0xd6, 0xc7, 0x0d, 0xbf, 0x65,
    0x78, 0x69, 0xae, 0xba, 0xea, 0xff, 0xb8, 0xdb, 0xfe, 0xfa, 0xa7, 0xc5, 0xff, 0x62, 0xb7, 0xbc,
    0xf4, 0x5b, 0x9b, 0xab, 0xfe, 0xd7, 0xba, 0xed, 0xaf, 0x7f, 0x5a, 0xfc, 0x3b, 0xdc, 0xf2, 0xd2,
    0x6f, 0x6d, 0xfe, 0x17, 0xbb, 0xed, 0xaf, 0x7f, 0x5a, 0xfc, 0xff, 0x85, 0xb8, 0xea, 0xaa, 0xff,
    0x21, 0x1e, 0xfc, 0xd2, 0x6f, 0xfd, 0xd2, 0x86, 0xef, 0x32, 0xbc, 0x34, 0x57, 0x5d, 0xf5, 0xff,
    0xc0, 0x6d, 0x7f, 0xfd, 0xd3, 0xe2, 0x7f, 0xb1, 0x5b, 0x5e, 0xfa, 0xad, 0xcd, 0x55, 0xff, 0x6b,
    0xdd, 0xf6, 0xd7, 0x3f, 0x2d, 0xfe, 0x1d, 0x6e, 0x79, 0xe9, 0xb7, 0x36, 0xff, 0x8b, 0xdd, 0xf6,
    0xd7, 0x3f, 0x2d, 0xfe, 0xff, 0x42, 0x5c, 0x75, 0xd5, 0xff, 0x00, 0x0f, 0x7e, 0xe9, 0xb7, 0x7e,
    0x69, 0xc3, 0x6f, 0x19, 0x8e, 0x73, 0xd5, 0x55, 0xff, 0x4f, 0xdc, 0xf6, 0xd7, 0x3f, 0x2d, 0xfe,
    0x17, 0xbb, 0xe5, 0xa5, 0xdf, 0xda, 0x5c, 0xf5, 0xbf, 0xd6, 0x6d, 0x7f, 0xfd, 0xd3, 0xe2, 0xdf,
    0xe1, 0x96, 0x97, 0x7e, 0x6b, 0xf3, 0xbf, 0xd8, 0x6d, 0x7f, 0xfd, 0xd3, 0xe2, 0xff, 0x2f, 0xc4,
    0x55, 0x57, 0xfd, 0x37, 0x7b, 0xf0, 0x4b, 0xbf, 0xf5, 0x7b, 0x27, 0x7c, 0x17, 0x57, 0x5d, 0xf5,
    0xff, 0xcc, 0x6d, 0x7f, 0xfd, 0xd3, 0xe2, 0x7f, 0xb1, 0x5b, 0x5e, 0xfa, 0xad, 0xcd, 0x55, 0xff,
    0x6b, 0xdd, 0xf6, 0xd7, 0x3f, 0x2d, 0xfe, 0x1d, 0x6e, 0x79, 0xe9, 0xb7, 0x36, 0xff, 0x8b, 0xdd,
    0xf6, 0xd7, 0x3f, 0x2d, 0xfe, 0xff, 0x42, 0x5c, 0x75, 0xd5, 0x7f, 0xa3, 0x07, 0xbf, 0xf4, 0x5b,
    0x7f, 0x54, 0xc2, 0x57, 0x73, 0xd5, 0x55, 0xff, 0x0f, 0xdd, 0xf6, 0xd7, 0x3f, 0x2d, 0xfe, 0x17,
    0xbb, 0xe5, 0xa5, 0xdf, 0xda, 0x5c, 0xf5, 0xbf, 0xd6, 0x6d, 0x7f, 0xfd, 0xd3, 0xe2, 0xdf, 0xe1,
    0x96, 0x97, 0x7e, 0x6b, 0xf3, 0xbf, 0xd8, 0x6d, 0x7f, 0xfd, 0xd3, 0xe2, 0xff, 0x2f, 0xc4, 0x55,
    0x57, 0xfd, 0x37, 0xb9, 0xe5, 0xa5, 0xdf, 0xfa, 0xbb, 0x80, 0xf7, 0xe6, 0xaa, 0xab, 0xfe, 0x9f,
    0xba, 0xed, 0xaf, 0x7f, 0x5a, 0xfc, 0x2f, 0x76, 0xcb, 0x4b, 0xbf, 0xb5, 0xb9, 0xea, 0x7f, 0xad,
    0xdb, 0xfe, 0xfa, 0xa7, 0xc5, 0xbf, 0xc3, 0x2d, 0x2f, 0xfd, 0xd6, 0xe6, 0x7f, 0xb1, 0xdb, 0xfe,
    0xfa, 0xa7, 0xc5, 0xff, 0x5f, 0x88, 0xab, 0xae, 0xfa, 0x6f, 0x70, 0xcb, 0x4b, 0xbf, 0xf5, 0x77,
    0x01, 0xef, 0xcd, 0x55, 0x57, 0xfd, 0x3f, 0x76, 0xdb, 0x5f, 0xff, 0xb4, 0xf8, 0x5f, 0xec, 0x96,
    0x97, 0x7e, 0x6b, 0x73, 0xd5, 0xff, 0x5a, 0xb7, 0xfd, 0xf5, 0x4f, 0x8b, 0x7f, 0x87, 0x5b, 0x5e,
    0xfa, 0xad, 0xcd, 0xff, 0x62, 0xb7, 0xfd, 0xf5, 0x4f, 0x8b, 0xff, 0xbf, 0x10, 0x57, 0x5d, 0xf5,
    0x5f, 0xe8, 0xc1, 0x2f, 0xfd, 0xd6, 0xc7, 0x0d, 0xbf, 0x65, 0x78, 0x69, 0xae, 0xba, 0xea, 0xff,
    0xb9, 0xdb, 0xfe, 0xfa, 0xa7, 0xc5, 0xff, 0x62, 0xb7, 0xbc, 0xf4, 0x5b, 0x9b, 0xab, 0xfe, 0xd7,
    0xba, 0xed, 0xaf, 0x7f, 0x5a, 0xfc, 0x3b, 0xdc, 0xf2, 0xd2, 0x6f, 0x6d, 0xfe, 0x17, 0xbb, 0xed,
    0xaf, 0x7f, 0x5a, 0xfc, 0xff, 0x85, 0xb8, 0xea, 0xaa, 0xff, 0x22, 0x0f, 0x7e, 0xe9, 0xb7, 0x3e,
    0x6e, 0xf8, 0x2d, 0xc3, 0x4b, 0x73, 0xd5, 0x55, 0x57, 0x71, 0xdb, 0x5f, 0xff, 0xb4, 0xf8, 0x5f,
    0xec, 0x96, 0x97, 0x7e, 0x6b, 0x73, 0xd5, 0xff, 0x5a, 0xb7, 0xfd, 0xf5, 0x4f, 0x8b, 0x7f, 0x87,
    0x5b, 0x5e, 0xfa, 0xad, 0xcd, 0xff, 0x62, 0xb7, 0xfd, 0xf5, 0x4f, 0x8b, 0xff, 0xbf, 0x10, 0x57,
    0x5d, 0xf5, 0x5f, 0xe0, 0xc1, 0x2f, 0xfd, 0xd6, 0xc7, 0x0d, 0xbf, 0x65, 0x78, 0x69, 0xae, 0xba,
    0xea, 0xaa, 0xcb, 0x6e, 0xfb, 0xeb, 0x9f, 0x16, 0xff, 0x8b, 0xdd, 0xf2, 0xd2, 0x6f, 0x6d, 0xae,
    0xfa, 0x5f, 0xeb, 0xb6, 0xbf, 0xfe, 0x69, 0xf1, 0xef, 0x70, 0xcb, 0x4b, 0xbf, 0xb5, 0xf9, 0x5f,
    0xec, 0xb6, 0xbf, 0xfe, 0x69, 0xf1, 0xff, 0x17, 0xe2, 0xaa, 0xab, 0xfe, 0x93, 0x3d, 0xf8, 0xa5,
    0xdf, 0xfa, 0xb8, 0xe1, 0xb7, 0x0c, 0x2f, 0xcd, 0x55, 0x57, 0x5d, 0xf5, 0x2c, 0xb7, 0xfd, 0xf5,
    0x4f, 0x8b, 0xff, 0xc5, 0x6e, 0x79, 0xe9, 0xb7, 0x36, 0x57, 0xfd, 0xaf, 0x75, 0xdb, 0x5f, 0xff,
    0xb4, 0xf8, 0x77, 0xb8, 0xe5, 0xa5, 0xdf, 0xda, 0xfc, 0x2f, 0x76, 0xdb, 0x5f, 0xff, 0xb4, 0xf8,
    0xff, 0x0b, 0x71, 0xd5, 0x55, 0xff, 0x89, 0x1e, 0xfc, 0xd2, 0x6f, 0x7d, 0xdc, 0xf0, 0x5b, 0x86,
    0x97, 0xe6, 0xaa, 0xab, 0xae, 0x7a, 0x0e, 0xb7, 0xfd, 0xf5, 0x4f, 0x8b, 0xff, 0xc5, 0x6e, 0x79,
    0xe9, 0xb7, 0x36, 0x57, 0xfd, 0xaf, 0x75, 0xdb, 0x5f, 0xff, 0xb4, 0xf8, 0x77, 0xb8, 0xe5, 0xa5,
    0xdf, 0xda, 0xfc, 0x2f, 0x76, 0xdb, 0x5f, 0xff, 0xb4, 0xf8, 0xff, 0x0b, 0x71, 0xd5, 0x55, 0xff,
    0x49, 0x1e, 0xfc, 0xd2, 0x6f, 0x7d, 0xdc, 0xf0, 0x5b, 0x86, 0x97, 0xe6, 0xaa, 0xab, 0xae, 0x7a,
    0x1e, 0xb7, 0xfd, 0xf5, 0x4f, 0x8b, 0xff, 0xc5, 0x6e, 0x79, 0xe9, 0xb7, 0x36, 0x57, 0xfd, 0xaf,
    0x75, 0xdb, 0x5f, 0xff, 0xb4, 0xf8, 0x57, 0x7a, 0xf0, 0x4b, 0xbf, 0xcd, 0x5b, 0x25, 0x7e, 0x6b,
    0xc1, 0x5b, 0x1b, 0x8e, 0xf3, 0xbf, 0xd8, 0x6d, 0x7f, 0xfd, 0xd3, 0xe2, 0xff, 0x2f, 0xc4, 0x55,
    0x57, 0xfd, 0x27, 0x78, 0xf0, 0x4b, 0xbf, 0xf5, 0x71, 0xc3, 0x6f, 0x19, 0x5e, 0x9a, 0xab, 0xae,
    0xba, 0xea, 0xf9, 0xba, 0xed, 0xaf, 0x7f, 0x5a, 0xfc, 0x2f, 0x76, 0xcb, 0x4b, 0xbf, 0xb5, 0xb9,
    0xea, 0x7f, 0xad, 0xdb, 0xfe, 0xfa, 0xa7, 0xc5, 0x8b, 0xe0, 0xc1, 0x2f, 0xfd, 0x36, 0x6f, 0x95,
    0xf8, 0xad, 0x05, 0x6f, 0x6d, 0x38, 0xce, 0xff, 0x11, 0xb7, 0xfd, 0xf5, 0x4f, 0x8b, 0xff, 0xbf,
    0x10, 0x57, 0x5d, 0xf5, 0x1f, 0xec, 0xc1, 0x2f, 0xfd, 0xd6, 0xc7, 0x0d, 0xbf, 0x65, 0x78, 0x69,
    0xae, 0xba, 0xea, 0xaa, 0x17, 0xe8, 0xb6, 0xbf, 0xfe, 0x69, 0xf1, 0xbf, 0xd8, 0x2d, 0x2f, 0xfd,
    0xd6, 0xe6, 0xaa, 0xff, 0xb5, 0x6e, 0xfb, 0xeb, 0x9f, 0x16, 0x2f, 0xc0, 0x83, 0x5f, 0xfa, 0x6d,
    0xde, 0x2a, 0xf1, 0x5b, 0x0b, 0xde, 0xda, 0x70, 0x9c, 0xff, 0x83, 0x6e, 0xfb, 0xeb, 0x9f, 0x16,
    0xff, 0x7f, 0x21, 0xae, 0xba, 0xea, 0x3f, 0xd0, 0x83, 0x5f, 0xfa, 0xad, 0x8f, 0x1b, 0x7e, 0xcb,
    0xf0, 0xd2, 0x5c, 0x75, 0xd5, 0x55, 0x2f, 0xd4, 0x6d, 0x7f, 0xfd, 0xd3, 0xe2, 0x7f, 0xb1, 0x5b,
    0x5e, 0xfa, 0xad, 0xcd, 0x55, 0xff, 0x6b, 0xdd, 0xf6, 0xd7, 0x3f, 0x2d, 0x1e, 0xe0, 0xc1, 0x2f,
    0xfd, 0x36, 0x6f, 0x95, 0xf8, 0xad, 0x05, 0x6f, 0x6d, 0x38, 0xce, 0xff, 0x71, 0xb7, 0xfd, 0xf5,
    0x4f, 0x8b, 0xff, 0xbf, 0x10, 0x57, 0x5d, 0xf5, 0x1f, 0xe4, 0xc1, 0x2f, 0xfd, 0xd6, 0xc7, 0x0d,
    0xbf, 0x65, 0x78, 0x69, 0xae, 0xba, 0xea, 0xaa, 0x7f, 0xd1, 0x6d, 0x7f, 0xfd, 0xd3, 0xe2, 0x7f,
    0xb1, 0x5b, 0x5e, 0xfa, 0xad, 0xcd, 0x55, 0xff, 0x6b, 0xdd, 0xf6, 0xd7, 0x3f, 0xad, 0x07, 0xbf,
    0xf4, 0xdb, 0xbc, 0x55, 0xe2, 0xb7, 0x16, 0xbc, 0xb5, 0xe1, 0x38, 0xff, 0x8f, 0xdc, 0xf6, 0xd7,
    0x3f, 0x2d, 0xfe, 0xff, 0x42, 0x5c, 0x75, 0xd5, 0x7f, 0x90, 0x07, 0xbd, 0xf4, 0x5b, 0xff, 0x95,
    0xe1, 0xa5, 0xb9, 0xea, 0xaa, 0xab, 0x5e, 0x24, 0xb7, 0xfd, 0xf5, 0x4f, 0x8b, 0xff, 0xc5, 0x6e,
    0x79, 0xe9, 0xb7, 0x36, 0x57, 0xfd, 0xaf, 0x25, 0xd8, 0x35, 0x1c, 0xe7, 0xff, 0xa9, 0xdb, 0xfe,
    0xfa, 0xa7, 0xc5, 0xff, 0x5f, 0x88, 0xab, 0xae, 0xfa, 0x0f, 0x70, 0xcb, 0x4b, 0xbf, 0xf5, 0x77,
    0x01, 0xef, 0xcd, 0x55, 0x57, 0x5d, 0xf5, 0x22, 0xbb, 0xed, 0xaf, 0x7f, 0x5a, 0xfc, 0x2f, 0x76,
    0xcb, 0x4b, 0xbf, 0xb5, 0xb9, 0xea, 0xaa, 0xff, 0xa5, 0x6e, 0xfb, 0xeb, 0x9f, 0x16, 0xff, 0x7f,
    0x21, 0xae, 0xba, 0xea, 0xdf, 0xe9, 0x96, 0x97, 0x7e, 0xeb, 0xef, 0x02, 0xde, 0x9b, 0xab, 0xae,
    0xba, 0xea, 0x5f, 0xe5, 0xb6, 0xbf, 0xfe, 0x69, 0xf1, 0xbf, 0xd8, 0x2d, 0x2f, 0xfd, 0xd6, 0xe6,
    0xaa, 0xab, 0xfe, 0x97, 0xba, 0xed, 0xaf, 0x7f, 0x5a, 0xfc, 0xff, 0x85, 0xb8, 0xea, 0xaa, 0x7f,
    0x87, 0x07, 0xbf, 0xf4, 0x5b, 0x7f, 0x74, 0xc2, 0x57, 0x71, 0xd5, 0x55, 0x57, 0xfd, 0xab, 0xdd,
    0xf6, 0xd7, 0x3f, 0x2d, 0xfe, 0x17, 0xbb, 0xe5, 0xa5, 0xdf, 0xda, 0x5c, 0x75, 0xd5, 0xff, 0x52,
    0xb7, 0xfd, 0xf5, 0x4f, 0x8b, 0xff, 0xbf, 0x10, 0x57, 0x5d, 0xf5, 0x6f, 0xf4, 0xe0, 0x97, 0x7e,
    0xeb, 0xf7, 0x4e, 0xf8, 0x2e, 0xae, 0xba, 0xea, 0xaa, 0x7f, 0x93, 0xdb, 0xfe, 0xfa, 0xa7, 0xc5,
    0xff, 0x62, 0xb7, 0xbc, 0xf4, 0x5b, 0x9b, 0xab, 0xae, 0xfa, 0x5f, 0xea, 0xb6, 0xbf, 0xfe, 0x69,
    0xf1, 0xff, 0x17, 0xe2, 0xaa, 0xab, 0xfe, 0x0d, 0x1e, 0xfc, 0xd2, 0x6f, 0xfd, 0xd2, 0x09, 0x7f,
    0xc5, 0x55, 0x57, 0x5d, 0xf5, 0x6f, 0x76, 0xdb, 0x5f, 0xff, 0xb4, 0xf8, 0x5f, 0xec, 0x96, 0x97,
    0x7e, 0x6b, 0x73, 0xd5, 0x55, 0xff, 0x4b, 0xdd, 0xf6, 0xd7, 0x3f, 0x2d, 0xfe, 0xff, 0x42, 0x5c,
    0x75, 0xd5, 0xbf, 0xd2, 0x83, 0x5f, 0xfa, 0xad, 0x5f, 0xda, 0xf0, 0x5b, 0x86, 0xe3, 0x5c, 0x75,
    0xd5, 0x55, 0xff, 0x66, 0xb7, 0xfd, 0xf5, 0x4f, 0x8b, 0xff, 0xc5, 0x6e, 0x79, 0xe9, 0xb7, 0x36,
    0x57, 0x5d, 0xf5, 0xbf, 0xd4, 0x6d, 0x7f, 0xfd, 0xd3, 0xe2, 0xff, 0x2f, 0xc4, 0x55, 0x57, 0xfd,
    0x2b, 0x3c, 0xf8, 0xa5, 0xdf, 0xfa, 0xb8, 0xe1, 0xb7, 0x0c, 0x2f, 0xcd, 0x55, 0x57, 0x5d, 0xf5,
    0xef, 0x72, 0xdb, 0x5f, 0xff, 0xb4, 0xf8, 0x5f, 0xec, 0x96, 0x97, 0x7e, 0x6b, 0x73, 0xd5, 0x55,
    0xff, 0x4b, 0xdd, 0xf6, 0xd7, 0x3f, 0x2d, 0xfe, 0xff, 0x42, 0x5c, 0x75, 0xd5, 0x8b, 0xe8, 0xc1,
    0x2f, 0xfd, 0xd6, 0xc7, 0x0d, 0xbf, 0x65, 0x78, 0x69, 0xae, 0xba, 0xea, 0xaa, 0x7f, 0xb7, 0xdb,
    0xfe, 0xfa, 0xa7, 0xc5, 0xff, 0x62, 0xb7, 0xbc, 0xf4, 0x5b, 0x9b, 0xab, 0xae, 0xfa, 0x5f, 0xea,
    0xb6, 0xbf, 0xfe, 0x69, 0xf1, 0xff, 0x17, 0xe2, 0xaa, 0xab, 0x5e, 0x44, 0xb7, 0xbc, 0xf4, 0x5b,
    0x7f, 0x17, 0xf0, 0xde, 0x5c, 0x75, 0xd5, 0x55, 0xff, 0x21, 0x6e, 0xfb, 0xeb, 0x9f, 0x16, 0xff,
    0x8b, 0xdd, 0xf2, 0xd2, 0x6f, 0x6d, 0xae, 0xba, 0xea, 0x7f, 0xa9, 0xdb, 0xfe, 0xfa, 0xa7, 0xc5,
    0xff, 0x5f, 0x88, 0xab, 0xae, 0x7a, 0x11, 0x3c, 0xf8, 0xa5, 0xdf, 0xfa, 0xbd, 0x13, 0xbe, 0x8b,
    0xab, 0xae, 0xba, 0xea, 0x3f, 0xcc, 0x6d, 0x7f, 0xfd, 0xd3, 0xe2, 0x7f, 0xb1, 0x5b, 0x5e, 0xfa,
    0xad, 0xcd, 0x55, 0x57, 0xfd, 0x2f, 0x75, 0xdb, 0x5f, 0xff, 0xb4, 0xf8, 0xff, 0x0b, 0x71, 0xd5,
    0x55, 0xff, 0x82, 0x07, 0xbf, 0xf4, 0x5b, 0xbf, 0x74, 0xc2, 0x5f, 0x71, 0xd5, 0x55, 0x57, 0xfd,
    0x87, 0xba, 0xed, 0xaf, 0x7f, 0x5a, 0xfc, 0x2f, 0x76, 0xcb, 0x4b, 0xbf, 0xb5, 0xb9, 0xea, 0xaa,
    0xff, 0xa5, 0x6e, 0xfb, 0xeb, 0x9f, 0x16, 0xff, 0x7f, 0x21, 0xae, 0xba, 0xea, 0x85, 0x78, 0xf0,
    0x4b, 0xbf, 0xf5, 0x71, 0xc3, 0xd3, 0x0d, 0xc7, 0xb9, 0xea, 0xaa, 0xab, 0xfe, 0x43, 0xdd, 0xf6,
    0xd7, 0x3f, 0x2d, 0xfe, 0x17, 0xbb, 0xe5, 0xa5, 0xdf, 0xda, 0x5c, 0x75, 0xd5, 0xff, 0x52, 0xb7,
    0xfd, 0xf5, 0x4f, 0x8b, 0xff, 0xbf, 0x10, 0x57, 0x5d, 0xf5, 0x42, 0x3c, 0xe8, 0xa5, 0xdf, 0xfa,
    0xb7, 0x0c, 0xaf, 0xcd, 0x55, 0x57, 0x5d, 0xf5, 0x1f, 0xee, 0xb6, 0xbf, 0xfe, 0x69, 0xf1, 0xbf,
    0xd8, 0x2d, 0x2f, 0xfd, 0xd6, 0xe6, 0xaa, 0xab, 0xfe, 0x97, 0xba, 0xed, 0xaf, 0x7f, 0x5a, 0xfc,
    0xff, 0x85, 0xb8, 0xea, 0xaa, 0x17, 0xe0, 0x96, 0x97, 0x7e, 0xeb, 0xaf, 0x06, 0x3e, 0x8a, 0xab,
    0xae, 0xba, 0xea, 0x3f, 0xc5, 0x6d, 0x7f, 0xfd, 0xd3, 0xe2, 0x7f, 0xb1, 0x5b, 0x5e, 0xfa, 0xad,
    0xcd, 0x55, 0x57, 0xfd, 0x2f, 0x75, 0xdb, 0x5f, 0xff, 0xb4, 0xf8, 0xff, 0x0b, 0x71, 0xd5, 0x55,
    0xcf, 0xc7, 0x83, 0x5f, 0xfa, 0xad, 0xdf, 0x3b, 0xe1, 0xbb, 0xb8, 0xea, 0xaa, 0xab, 0xfe, 0xd3,
    0xdc, 0xf6, 0xd7, 0x3f, 0x2d, 0xfe, 0x17, 0xbb, 0xe5, 0xa5, 0xdf, 0xda, 0x5c, 0x75, 0xd5, 0xff,
    0x52, 0xb7, 0xfd, 0xf5, 0x4f, 0x8b, 0xff, 0xbf, 0x10, 0x57, 0x5d, 0xf5, 0x5c, 0x1e, 0xfc, 0xd2,
    0x6f, 0xfd, 0x60, 0xc3, 0x5f, 0x19, 0x8e, 0x73, 0xd5, 0x55, 0x57, 0xfd, 0xa7, 0xb9, 0xed, 0xaf,
    0x7f, 0x5a, 0xfc, 0x2f, 0x76, 0xcb, 0x4b, 0xbf, 0xb5, 0xb9, 0xea, 0xaa, 0xff, 0xa5, 0x6e, 0xfb,
    0xeb, 0x9f, 0x16, 0xff, 0x7f, 0x21, 0xae, 0xba, 0xea, 0xb9, 0x3c, 0xe8, 0xa5, 0xdf, 0xfa, 0xaf,
    0x0c, 0x2f, 0xcd, 0x55, 0x57, 0x5d, 0xf5, 0x9f, 0xea, 0xb6, 0xbf, 0xfe, 0x69, 0xf1, 0xbf, 0xd8,
    0x2d, 0x2f, 0xfd, 0xd6, 0xe6, 0xaa, 0xab, 0xfe, 0x97, 0xba, 0xed, 0xaf, 0x7f, 0x5a, 0xfc, 0xff,
    0x85, 0xb8, 0xea, 0xaa, 0x07, 0xb8, 0xe5, 0xa5, 0xdf, 0xfa, 0xb3, 0x81, 0xcf, 0xe2, 0xaa, 0xab,
    0xae, 0xfa, 0x4f, 0x77, 0xdb, 0x5f, 0xff, 0xb4, 0xf8, 0x5f, 0xec, 0x96, 0x97, 0x7e, 0x6b, 0x73,
    0xd5, 0x55, 0xff, 0x4b, 0xdd, 0xf6, 0xd7, 0x3f, 0x2d, 0xfe, 0xff, 0x42, 0x5c, 0x75, 0xd5, 0x33,
    0x3d, 0xf8, 0xa5, 0xdf, 0xfa, 0xb5, 0x13, 0x7e, 0x8b, 0xab, 0xae, 0xba, 0xea, 0xbf, 0xc4, 0x6d,
    0x7f, 0xfd, 0xd3, 0xe2, 0x7f, 0xb1, 0x5b, 0x5e, 0xfa, 0xad, 0xcd, 0x55, 0x57, 0xfd, 0x2f, 0x75,
    0xdb, 0x5f, 0xff, 0xb4, 0xf8, 0xff, 0x0b, 0x71, 0xd5, 0x55, 0xc0, 0x83, 0x5f, 0xfa, 0xad, 0x8f,
    0x1b, 0xfe, 0xca, 0xf0, 0x60, 0xae, 0xba, 0xea, 0xaa, 0xff, 0x12, 0xb7, 0xfd, 0xf5, 0x4f, 0x8b,
    0xff, 0xc5, 0x6e, 0x79, 0xe9, 0xb7, 0x36, 0x57, 0x5d, 0xf5, 0xbf, 0xd4, 0x6d, 0x7f, 0xfd, 0xd3,
    0xe2, 0xff, 0x2f, 0xc4, 0x55, 0x57, 0x01, 0x0f, 0x7a, 0xe9, 0xb7, 0xfe, 0x29, 0xc3, 0x5b, 0x73,
    0xd5, 0x55, 0x57, 0xfd, 0x97, 0xb9, 0xed, 0xaf, 0x7f, 0x5a, 0xfc, 0x2f, 0x76, 0xcb, 0x4b, 0xbf,
    0xb5, 0xb9, 0xea, 0xaa, 0xff, 0xa5, 0x6e, 0xfb, 0xeb, 0x9f, 0x16, 0xff, 0x7f, 0x21, 0xae, 0xfa,
    0x7f, 0xef, 0xc1, 0x2f, 0xfd, 0xd6, 0xef, 0x9d, 0xf0, 0x5d, 0x5c, 0x75, 0xd5, 0x55, 0xff, 0xa5,
    0x6e, 0xfb, 0xeb, 0x9f, 0x16, 0xff, 0x8b, 0xdd, 0xf2, 0xd2, 0x6f, 0x6d, 0xae, 0xba, 0xea, 0x7f,
    0xa9, 0xdb, 0xfe, 0xfa, 0xa7, 0xc5, 0xff, 0x5f, 0x88, 0xab, 0xfe, 0x5f, 0x7b, 0xf0, 0x4b, 0xbf,
    0xf5, 0x83, 0x0d, 0x7f, 0x65, 0x38, 0xce, 0x55, 0x57, 0x5d, 0xf5, 0x5f, 0xea, 0xb6, 0xbf, 0xfe,
    0x69, 0xf1, 0xbf, 0xd8, 0x2d, 0x2f, 0xfd, 0xd6, 0xe6, 0xaa, 0xab, 0xfe, 0x97, 0xba, 0xed, 0xaf,
    0x7f, 0x5a, 0xfc, 0xff, 0x85, 0xb8, 0xea, 0xff, 0xb5, 0x07, 0xbd, 0xf4, 0x5b, 0xff, 0x96, 0xe1,
    0xb5, 0xb9, 0xea, 0xaa, 0xab, 0xfe, 0xcb, 0xdd, 0xf6, 0xd7, 0x3f, 0x2d, 0xfe, 0x17, 0xbb, 0xe5,
    0xa5, 0xdf, 0xda, 0x5c, 0x75, 0xd5, 0xff, 0x52, 0xb7, 0xfd, 0xf5, 0x4f, 0x8b, 0xff, 0xbf, 0x10,
    0x57, 0xfd, 0xbf, 0xf5, 0xe0, 0x97, 0x7e, 0xeb, 0xf7, 0x4e, 0xf8, 0x2e, 0xae, 0xba, 0xea, 0xaa,
    0xff, 0x16, 0xb7, 0xfd, 0xf5, 0x4f, 0x8b, 0xff, 0xc5, 0x6e, 0x79, 0xe9, 0xb7, 0x36, 0x57, 0x5d,
    0xf5, 0xbf, 0x90, 0xe0, 0x77, 0x9e, 0xf1, 0xd7, 0x3f, 0xfd, 0xda, 0xfc, 0xff, 0x85, 0xb8, 0xea,
    0xff, 0xa5, 0x07, 0xbf, 0xf4, 0x5b, 0x1f, 0x37, 0x3c, 0xdd, 0x70, 0x9c, 0xab, 0xae, 0xba, 0xea,
    0xbf, 0xc5, 0x6d, 0x7f, 0xfd, 0xd3, 0xe2, 0x7f, 0xb1, 0x5b, 0x5e, 0xfa, 0xad, 0xcd, 0x55, 0x57,
    0xfd, 0xef, 0xf4, 0x33, 0xb7, 0xfd, 0xf5, 0x4f, 0xbf, 0x35, 0xff, 0x7f, 0x21, 0xae, 0xfa, 0x7f,
    0xe9, 0x41, 0x2f, 0xfd, 0xd6, 0x3f, 0x65, 0x78, 0x6b, 0xae, 0xba, 0xea, 0xaa, 0xff, 0x36, 0xb7,
    0xfd, 0xf5, 0x4f, 0x8b, 0xff, 0xc5, 0x6e, 0x79, 0xe9, 0xb7, 0x36, 0x57, 0x5d, 0xf5, 0xbf, 0x50,
    0xc0, 0xc7, 0xdc, 0xfa, 0xd7, 0x3f, 0xfd, 0xd5, 0xfc, 0xff, 0x85, 0xb8, 0xea, 0xff, 0x9d, 0x07,
    0xbf, 0xf4, 0x5b, 0xbf, 0x75, 0xc2, 0x4f, 0x71, 0xd5, 0x55, 0x57, 0xfd, 0xb7, 0xba, 0xed, 0xaf,
    0x7f, 0x5a, 0xfc, 0x2f, 0x76, 0xcb, 0x4b, 0xbf, 0xb5, 0xb9, 0xea, 0xaa, 0xff, 0x85, 0x02, 0x1e,
    0x72, 0xeb, 0x5f, 0xff, 0xf4, 0xad, 0xfc, 0xff, 0x85, 0xb8, 0xea, 0xff, 0x95, 0x07, 0xbf, 0xf4,
    0x5b, 0x1f, 0x37, 0xfc, 0x95, 0xe1, 0xc1, 0x5c, 0x75, 0xd5, 0x55, 0xff, 0xad, 0x6e, 0xfb, 0xeb,
    0x9f, 0x16, 0xff, 0x8b, 0xdd, 0xf2, 0xd2, 0x6f, 0x6d, 0xae, 0xba, 0xea, 0x7f, 0x19, 0xc1, 0xef,
    0x3c, 0xe3, 0xaf, 0x7f, 0xfa, 0xb5, 0xf9, 0xff, 0x0d, 0x71, 0xd5, 0xff, 0x2b, 0xb7, 0xbc, 0xf4,
    0x5b, 0x7f, 0x35, 0xf0, 0x51, 0x5c, 0x75, 0xd5, 0x55, 0xff, 0xed, 0x6e, 0xfb, 0xeb, 0x9f, 0x16,
    0xff, 0x8b, 0xdd, 0xf2, 0xd2, 0x6f, 0x6d, 0xae, 0xba, 0xea, 0x7f, 0x99, 0x80, 0xf7, 0xb9, 0xf5,
    0xaf, 0x7f, 0xfa, 0xbb, 0xf9, 0xff, 0x0d, 0x71, 0xd5, 0xff, 0x1b, 0x0f, 0x7e, 0xe9, 0xb7, 0x7e,
    0xed, 0x84, 0xdf, 0xe2, 0xaa, 0xab, 0xae, 0xfa, 0x1f, 0xe1, 0xb6, 0xbf, 0xfe, 0x69, 0xf1, 0xbf,
    0xd8, 0x2d, 0x2f, 0xfd, 0xd6, 0xe6, 0xaa, 0xab, 0xfe, 0x17, 0x11, 0xfc, 0xce, 0x33, 0xfe, 0xfa,
    0xa7, 0x5f, 0x9b, 0xab, 0x10, 0x57, 0xfd, 0xbf, 0xf1, 0xa0, 0x97, 0x7e, 0xeb, 0xdf, 0x32, 0xbc,
    0x36, 0x57, 0x5d, 0x75, 0xd5, 0xff, 0x08, 0xb7, 0xfd, 0xf5, 0x4f, 0x8b, 0xff, 0xc5, 0x6e, 0x79,
    0xe9, 0xb7, 0x36, 0x57, 0x5d, 0xf5, 0xbf, 0x48, 0xc0, 0x43, 0x6e, 0xfd, 0xeb, 0x9f, 0xbe, 0x95,
    0xab, 0x10, 0x57, 0xfd, 0xbf, 0xf0, 0xe0, 0x97, 0x7e, 0xeb, 0xf7, 0x4e, 0xf8, 0x2e, 0xae, 0xba,
    0xea, 0xaa, 0xff, 0x31, 0x6e, 0xfb, 0xeb, 0x9f, 0x16, 0xff, 0x8b, 0xdd, 0xf2, 0xd2, 0x6f, 0x6d,
    0xae, 0xba, 0xea, 0x7f, 0x89, 0x80, 0xf7, 0xb9, 0xf5, 0xaf, 0x7f, 0xfa, 0xbb, 0xb9, 0x0a, 0x00,
    0x71, 0xd5, 0xff, 0x79, 0x0f, 0x7e, 0xe9, 0xb7, 0x3e, 0x6e, 0x78, 0xba, 0xe1, 0x38, 0x57, 0x5d,
    0x75, 0xd5, 0xff, 0x18, 0xb7, 0xfd, 0xf5, 0x4f, 0x8b, 0xff, 0xc5, 0x6e, 0x79, 0xe9, 0xb7, 0x36,
    0x57, 0x5d, 0xf5, 0xbf, 0xc3, 0xe7, 0xdc, 0xf6, 0xd7, 0x3f, 0xfd, 0xd9, 0x5c, 0x75, 0x3f, 0xc4,
    0x55, 0xff, 0xe7, 0xdd, 0xf2, 0xd2, 0x6f, 0xfd, 0xd9, 0xc0, 0x67, 0x71, 0xd5, 0x55, 0x57, 0xfd,
    0x8f, 0x72, 0xdb, 0x5f, 0xff, 0xb4, 0xf8, 0x5f, 0xec, 0x96, 0x97, 0x7e, 0x6b, 0x73, 0xd5, 0x55,
    0xff, 0xc3, 0x05, 0xbc, 0xcf, 0xad, 0x7f, 0xfd, 0xd3, 0xdf, 0xcd, 0x55, 0x0f, 0x84, 0xb8, 0xea,
    0xff, 0xb4, 0x07, 0xbf, 0xf4, 0x5b, 0x3f, 0x38, 0xe1, 0xe9, 0x5c, 0x75, 0xd5, 0x55, 0xff, 0xe3,
    0xdc, 0xf6, 0xd7, 0x3f, 0x2d, 0xfe, 0x17, 0xbb, 0xe5, 0xa5, 0xdf, 0xda, 0x5c, 0x75, 0xd5, 0xff,
    0x50, 0x82, 0x67, 0x08, 0xde, 0xfb, 0xd6, 0xbf, 0xfe, 0xe9, 0xdf, 0xe6, 0xaa, 0xe7, 0x86, 0xb8,
    0xea, 0xff, 0xb4, 0x07, 0xbd, 0xf4, 0x5b, 0xff, 0x94, 0xe1, 0xad, 0xb9, 0xea, 0xaa, 0xab, 0xfe,
    0xc7, 0xb9, 0xed, 0xaf, 0x7f, 0x5a, 0xfc, 0x2f, 0x76, 0xcb, 0x4b, 0xbf, 0xb5, 0xb9, 0xea, 0xaa,
    0xff, 0x61, 0x04, 0x97, 0x0c, 0x5f, 0x1d, 0xf0, 0xd5, 0xb7, 0xfe, 0xf5, 0x4f, 0xef, 0x72, 0xd5,
    0xf3, 0x83, 0xb8, 0xea, 0xff, 0xac, 0x07, 0xbf, 0xf4, 0x5b, 0xbf, 0x76, 0xc2, 0x6f, 0x71, 0xd5,
    0x55, 0x57, 0xfd, 0x8f, 0x74, 0xdb, 0x5f, 0xff, 0xb4, 0xf8, 0x5f, 0xec, 0x96, 0x97, 0x7e, 0x6b,
    0x73, 0xd5, 0x55, 0xff, 0x43, 0x08, 0xfe, 0x46, 0xf0, 0xd5, 0xc0, 0x4f, 0xdf, 0xfa, 0xd7, 0x3f,
    0xbd, 0xcb, 0x55, 0x2f, 0x0c, 0xe2, 0xaa, 0xff, 0xb3, 0x1e, 0xf4, 0xd2, 0x6f, 0xfd, 0x57, 0x86,
    0x97, 0xe6, 0xaa, 0xab, 0xae, 0xfa, 0x1f, 0xe9, 0xb6, 0xbf, 0xfe, 0x69, 0xf1, 0xbf, 0xd8, 0x2d,
    0x2f, 0xfd, 0xd6, 0xe6, 0xaa, 0xab, 0xfe, 0x1b, 0x09, 0xfe, 0x46, 0xf0, 0xdd, 0xc0, 0x4f, 0xdf,
    0xfa, 0xd7, 0x3f, 0x7d, 0x2b, 0x57, 0xbd, 0xa8, 0x10, 0x57, 0xfd, 0x9f, 0xf4, 0xe0, 0x97, 0x7e,
    0xeb, 0xf7, 0x4e, 0xf8, 0x2e, 0xae, 0xba, 0xea, 0xaa, 0xff, 0xb1, 0x6e, 0xfb, 0xeb, 0x9f, 0x16,
    0xff, 0x8b, 0xdd, 0xf2, 0xd2, 0x6f, 0x6d, 0xae, 0xba, 0xea, 0xbf, 0x98, 0xe0, 0x6f, 0x04, 0xdf,
    0x0d, 0xfc, 0xf4, 0xad, 0x7f, 0xfd, 0xd3, 0xb7, 0x72, 0xd5, 0xbf, 0x05, 0xe2, 0xaa, 0xff, 0x93,
    0x1e, 0xf4, 0xd2, 0x6f, 0xfd, 0x74, 0xc3, 0x83, 0xb9, 0xea, 0xaa, 0xab, 0xfe, 0xc7, 0xba, 0xed,
    0xaf, 0x7f, 0x5a, 0xfc, 0x2f, 0x76, 0xcb, 0x4b, 0xbf, 0xb5, 0xb9, 0xea, 0xaa, 0xff, 0x02, 0x82,
    0xbf, 0x11, 0x7c, 0x37, 0xf0, 0xd3, 0xb7, 0xfe, 0xf5, 0x4f, 0xdf, 0xca, 0x55, 0xff, 0x5e, 0x88,
    0xab, 0xfe, 0xcf, 0x79, 0xf0, 0x4b, 0xbf, 0xf5, 0x7b, 0x27, 0x7c, 0x17, 0x57, 0x5d, 0x75, 0xd5,
    0xff, 0x68, 0xb7, 0xfd, 0xf5, 0x4f, 0x8b, 0xff, 0xc5, 0x6e, 0x79, 0xe9, 0xb7, 0x36, 0x57, 0x5d,
    0xf5, 0x9f, 0x44, 0xf0, 0x37, 0x82, 0xef, 0x06, 0x7e, 0xfa, 0xd6, 0xbf, 0xfe, 0xe9, 0x5b, 0xb9,
    0xea, 0x3f, 0x12, 0xe2, 0xaa, 0xff, 0x73, 0x1e, 0xf4, 0xd2, 0x6f, 0xfd, 0x74, 0xc3, 0x83, 0xb9,
    0xea, 0xaa, 0xab, 0xfe, 0x47, 0xbb, 0xed, 0xaf, 0x7f, 0x5a, 0xfc, 0x2f, 0x76, 0xcb, 0x4b, 0xbf,
    0xb5, 0xb9, 0xea, 0xaa, 0xff, 0x40, 0x82, 0xbf, 0x11, 0x7c, 0x37, 0xf0, 0xd3, 0xb7, 0xfe, 0xf5,
    0x4f, 0xdf, 0xca, 0x55, 0xff, 0x59, 0x10, 0x57, 0xfd, 0x9f, 0xf2, 0xe0, 0x97, 0x7e, 0xeb, 0xf7,
    0x4e, 0xf8, 0x2e, 0xae, 0xba, 0xea, 0xaa, 0xff, 0xf1, 0x6e, 0xfb, 0xeb, 0x9f, 0x16, 0xff, 0x8b,
    0xdd, 0xf2, 0xd2, 0x6f, 0x6d, 0xae, 0xba, 0xea, 0xdf, 0x49, 0xf0, 0x37, 0x82, 0xef, 0x06, 0x7e,
    0xfa, 0xd6, 0xbf, 0xfe, 0xe9, 0x5b, 0xb9, 0xea, 0xbf, 0x02, 0xe2, 0xaa, 0xff, 0x53, 0x1e, 0xf4,
    0xd2, 0x6f, 0xfd, 0x74, 0xc3, 0x83, 0xb9, 0xea, 0xaa, 0xab, 0xfe, 0xc7, 0xbb, 0xed, 0xaf, 0x7f,
    0x5a, 0xfc, 0x2f, 0x76, 0xcb, 0x4b, 0xbf, 0xb5, 0xb9, 0xea, 0xaa, 0x7f, 0x03, 0xc1, 0xdf, 0x08,
    0xbe, 0x1b, 0xf8, 0xe9, 0x5b, 0xff, 0xfa, 0xa7, 0x6f, 0xe5, 0xaa, 0xff, 0x6a, 0x88, 0xab, 0xfe,
    0xcf, 0x78, 0xf0, 0x4b, 0xbf, 0xf5, 0x7b, 0x27, 0x7c, 0x17, 0x57, 0xbd, 0x48, 0x04, 0x7f, 0x63,
    0x78, 0x29, 0xae, 0xba, 0xea, 0xbf, 0xc9, 0x6d, 0x7f, 0xfd, 0xd3, 0xe2, 0x7f, 0xb1, 0x5b, 0x5e,
    0xfa, 0xad, 0xcd, 0x55, 0x57, 0xbd, 0x88, 0x04, 0x7f, 0x23, 0xf8, 0x6e, 0xe0, 0xa7, 0x6f, 0xfd,
    0xeb, 0x9f, 0xbe, 0x95, 0xab, 0xfe, 0x3b, 0x21, 0xae, 0xfa, 0x3f, 0xe3, 0x41, 0x2f, 0xfd, 0xd6,
    0x4f, 0x37, 0x3c, 0x98, 0xab, 0xfe, 0x45, 0x82, 0x4b, 0x82, 0x07, 0x27, 0x5c, 0xe4, 0xaa, 0xab,
    0xfe, 0x9b, 0xdc, 0xf6, 0xd7, 0x3f, 0x2d, 0xfe, 0x17, 0xbb, 0xe5, 0xa5, 0xdf, 0xda, 0x5c, 0x75,
    0xd5, 0x0b, 0x21, 0xf8, 0x1b, 0xc1, 0x77, 0x03, 0x3f, 0x7d, 0xeb, 0x5f, 0xff, 0xf4, 0xad, 0x5c,
    0xf5, 0x3f, 0x05, 0xe2, 0xaa, 0xff, 0x13, 0x1e, 0xfc, 0xd2, 0x6f, 0xfd, 0xde, 0x09, 0xdf, 0xc5,
    0x55, 0xff, 0x22, 0xc1, 0x25, 0xc1, 0x6b, 0xdf, 0xfa, 0xd7, 0x3f, 0xfd, 0xd7, 0xb7, 0xbc, 0xf4,
    0x5b, 0x9b, 0xab, 0xae, 0xfa, 0x6f, 0x72, 0xdb, 0x5f, 0xff, 0xb4, 0xf8, 0x5f, 0xec, 0x96, 0x97,
    0x7e, 0x6b, 0x73, 0xd5, 0x55, 0xcf, 0x45, 0xf0, 0x37, 0x82, 0xef, 0x06, 0x7e, 0xfa, 0xd6, 0xbf,
    0xfe, 0xe9, 0x5b, 0xb9, 0xea, 0x7f, 0x22, 0xc4, 0x55, 0xff, 0x27, 0x3c, 0xe8, 0xa5, 0xdf, 0xfa,
    0xe9, 0x86, 0x07, 0x73, 0xd5, 0xbf, 0x28, 0xe0, 0x6d, 0x6e, 0xfd, 0xeb, 0x9f, 0xfe, 0x69, 0x80,
    0x5b, 0x5e, 0xfa, 0xad, 0xcd, 0x55, 0x57, 0xfd, 0x37, 0xb9, 0xed, 0xaf, 0x7f, 0x5a, 0xfc, 0x2f,
    0x76, 0xcb, 0x4b, 0xbf, 0xb5, 0xb9, 0xea, 0x2a, 0x40, 0xf0, 0x37, 0x82, 0xef, 0x06, 0x7e, 0xfa,
    0xd6, 0xbf, 0xfe, 0xe9, 0x5b, 0xb9, 0xea, 0x7f, 0x3a, 0xc4, 0x55, 0xff, 0xeb, 0x3d, 0xf8, 0xa5,
    0xdf, 0xfa, 0xad, 0x13, 0x7e, 0x8a, 0xab, 0xfe, 0x45, 0x01, 0x1f, 0x73, 0xeb, 0x5f, 0xff, 0xf4,
    0x57, 0xf3, 0x4c, 0xb7, 0xbc, 0xf4, 0x5b, 0x9b, 0xab, 0xae, 0xfa, 0x6f, 0x72, 0xdb, 0x5f, 0xff,
    0xb4, 0xf8, 0x5f, 0xec, 0x96, 0x97, 0x7e, 0x6b, 0x73, 0xd5, 0xff, 0x5b, 0x82, 0xbf, 0x11, 0x7c,
    0x37, 0xf0, 0xd3, 0xb7, 0xfe, 0xf5, 0x4f, 0xdf, 0xca, 0x55, 0xff, 0x9b, 0x20, 0xae, 0xfa, 0x5f,
    0xef, 0x41, 0x2f, 0xfd, 0xd6, 0xbf, 0x65, 0x78, 0x6d, 0xae, 0xfa, 0x97, 0xfc, 0xcc, 0x6d, 0x7f,
    0xfd, 0xd3, 0x6f, 0xcd, 0x03, 0xdc, 0xf2, 0xd2, 0x6f, 0x6d, 0xae, 0xba, 0xea, 0xbf, 0xc9, 0x6d,
    0x7f, 0xfd, 0xd3, 0xe2, 0x7f, 0xb1, 0x5b, 0x5e, 0xfa, 0xad, 0xcd, 0x55, 0xff, 0xaf, 0x08, 0xfe,
    0x46, 0xf0, 0xdd, 0xc0, 0x4f, 0xdf, 0xfa, 0xd7, 0x3f, 0x7d, 0x2b, 0x57, 0xfd, 0x6f, 0x85, 0xb8,
    0xea, 0x7f, 0xb5, 0x07, 0xbf, 0xf4, 0x5b, 0xbf, 0x74, 0xc2, 0x5f, 0x71, 0xd5, 0x0b, 0x25, 0xf8,
    0x1b, 0xc1, 0x6b, 0xdf, 0xfa, 0xd7, 0x3f, 0xbd, 0xcb, 0x03, 0xdc, 0xf2, 0xd2, 0x6f, 0x6d, 0xae,
    0xba, 0xea, 0xbf, 0xc9, 0x6d, 0x7f, 0xfd, 0xd3, 0xe2, 0x7f, 0xb1, 0x5b, 0x5e, 0xfa, 0xad, 0xcd,
    0x55, 0xff, 0xe7, 0x09, 0xfe, 0x46, 0xf0, 0xdd, 0xc0, 0x4f, 0xdf, 0xfa, 0xd7, 0x3f, 0x7d, 0x2b,
    0x57, 0xfd, 0x5f, 0x80, 0xb8, 0xea, 0x7f, 0xb5, 0x5b, 0x5e, 0xfa, 0xad, 0xbf, 0x1b, 0x78, 0x2f,
    0xae, 0x7a, 0x81, 0x04, 0x97, 0x04, 0xaf, 0x7d, 0xeb, 0x5f, 0xff, 0xf4, 0x5f, 0xf3, 0x5c, 0x6e,
    0x79, 0xe9, 0xb7, 0x36, 0x57, 0x5d, 0xf5, 0xdf, 0xe4, 0xb6, 0xbf, 0xfe, 0x69, 0xf1, 0xbf, 0xd8,
    0x2d, 0x2f, 0xfd, 0xd6, 0xe6, 0xaa, 0xff, 0x93, 0x04, 0x7f, 0x23, 0xf8, 0x6e, 0xe0, 0xa7, 0x6f,
    0xfd, 0xeb, 0x9f, 0xbe, 0x95, 0xab, 0xfe, 0xaf, 0x41, 0x5c, 0xf5, 0xbf, 0xd6, 0x83, 0x5f, 0xfa,
    0xad, 0x1f, 0x9c, 0xf0, 0x74, 0xae, 0x7a, 0xa1, 0x02, 0xde, 0xe7, 0xd6, 0xbf, 0xfe, 0xe9, 0xef,
    0xe6, 0xf9, 0xb8, 0xe5, 0xa5, 0xdf, 0xda, 0x5c, 0x75, 0xd5, 0x7f, 0x93, 0xdb, 0xfe, 0xfa, 0xa7,
    0xc5, 0xff, 0x62, 0xb7, 0xbc, 0xf4, 0x5b, 0x9b, 0xab, 0xfe, 0xcf, 0x10, 0xfc, 0x8d, 0xe0, 0xbb,
    0x81, 0x9f, 0xbe, 0xf5, 0xaf, 0x7f, 0xfa, 0x56, 0xae, 0xfa, 0xbf, 0x0c, 0x71, 0xd5, 0xff, 0x5a,
    0xb7, 0xbc, 0xf4, 0x5b, 0x7f, 0x35, 0xf0, 0x51, 0x5c, 0xf5, 0xc2, 0x7c, 0xcf, 0x6d, 0x7f, 0xfd,
    0xd3, 0xef, 0xcd, 0x0b, 0x70, 0xcb, 0x4b, 0xbf, 0xb5, 0xb9, 0xea, 0xaa, 0xff, 0x26, 0xb7, 0xfd,
    0xf5, 0x4f, 0x8b, 0xff, 0xc5, 0x6e, 0x79, 0xe9, 0xb7, 0x36, 0x57, 0xfd, 0xaf, 0x26, 0xf8, 0x1b,
    0xc1, 0x77, 0x03, 0x3f, 0x7d, 0xeb, 0x5f, 0xff, 0xf4, 0xad, 0x5c, 0xf5, 0xff, 0x05, 0xe2, 0xaa,
    0xff, 0x95, 0x1e, 0xfc, 0xd2, 0x6f, 0x7d, 0xdc, 0xf0, 0x74, 0xc3, 0x71, 0xae, 0x7a, 0xbe, 0x04,
    0xcf, 0x10, 0xbc, 0xf4, 0xad, 0x7f, 0xfd, 0xd3, 0xbb, 0xbc, 0x00, 0xb7, 0xbc, 0xf4, 0x5b, 0x9b,
    0xab, 0xae, 0xfa, 0x6f, 0x72, 0xdb, 0x5f, 0xff, 0xb4, 0xf8, 0x5f, 0xec, 0x96, 0x97, 0x7e, 0x6b,
    0x73, 0xd5, 0xff, 0x5a, 0x01, 0x0f, 0xb9, 0xf5, 0xaf, 0x7f, 0xfa, 0x56, 0xae, 0xfa, 0xff, 0x08,
    0x71, 0xd5, 0xff, 0x4a, 0x0f, 0x7e, 0xe9, 0xb7, 0x7e, 0xef, 0x84, 0xef, 0xe2, 0xaa, 0x17, 0x28,
    0xe0, 0x75, 0x6e, 0xfd, 0xeb, 0x9f, 0xfe, 0x6d, 0x5e, 0x88, 0x5b, 0x5e, 0xfa, 0xad, 0xcd, 0x55,
    0x57, 0xfd, 0x37, 0xb9, 0xed, 0xaf, 0x7f, 0x5a, 0xfc, 0x2f, 0x76, 0xcb, 0x4b, 0xbf, 0xb5, 0xb9,
    0xea, 0x7f, 0xad, 0xdb, 0xfe, 0xfa, 0xa7, 0xc5, 0x55, 0xff, 0x5f, 0x21, 0xae, 0xfa, 0x5f, 0xe9,
    0x41, 0x2f, 0xfd, 0xd6, 0x7f, 0x65, 0x78, 0x69, 0xae, 0x7a, 0x41, 0x3e, 0xe7, 0xb6, 0xbf, 0xfe,
    0xe9, 0xcf, 0xe6, 0x5f, 0x70, 0xcb, 0x4b, 0xbf, 0xb5, 0xb9, 0xea, 0xaa, 0xff, 0x26, 0xb7, 0xfd,
    0xf5, 0x4f, 0x8b, 0xff, 0xc5, 0x6e, 0x79, 0xe9, 0xb7, 0x36, 0x57, 0xfd, 0xaf, 0x75, 0xdb, 0x5f,
    0xff, 0xb4, 0xb8, 0xea, 0xff, 0x2b, 0xc4, 0x55, 0xff, 0xeb, 0x3c, 0xf8, 0xa5, 0xdf, 0xfa, 0xa5,
    0x13, 0xfe, 0x8a, 0xab, 0x9e, 0x2f, 0xc1, 0xdf, 0x3c, 0xe3, 0xaf, 0x7f, 0xfa, 0xa5, 0x79, 0x11,
    0xdc, 0xf2, 0xd2, 0x6f, 0x6d, 0xae, 0xba, 0xea, 0xbf, 0xc9, 0x6d, 0x7f, 0xfd, 0xd3, 0xe2, 0x7f,
    0xb1, 0x5b, 0x5e, 0xfa, 0xad, 0xcd, 0x55, 0xff, 0x6b, 0xdd, 0xf6, 0xd7, 0x3f, 0x2d, 0xae, 0xfa,
    0xff, 0x0a, 0x71, 0xd5, 0xff, 0x3a, 0xb7, 0xbc, 0xf4, 0x5b, 0x7f, 0x35, 0xf0, 0x51, 0x5c, 0xf5,
    0x7c, 0x05, 0xbc, 0xcc, 0xad, 0x7f, 0xfd, 0xd3, 0x7f, 0xcd, 0x8b, 0xe0, 0x96, 0x97, 0x7e, 0x6b,
    0x73, 0xd5, 0x55, 0xff, 0x4d, 0x6e, 0xfb, 0xeb, 0x9f, 0x16, 0xff, 0x8b, 0xdd, 0xf2, 0xd2, 0x6f,
    0x6d, 0xae, 0xfa, 0x5f, 0xeb, 0xb6, 0xbf, 0xfe, 0x69, 0x71, 0xd5, 0xff, 0x57, 0x88, 0xab, 0xfe,
    0xd7, 0x79, 0xd0, 0x4b, 0xbf, 0xf5, 0x45, 0xc3, 0x71, 0xae, 0x7a, 0x7e, 0x3e, 0xe7, 0xb6, 0xbf,
    0xfe, 0xe9, 0xcf, 0xe6, 0x45, 0x74, 0xcb, 0x4b, 0xbf, 0xb5, 0xb9, 0xea, 0xaa, 0xff, 0x26, 0xb7,
    0xfd, 0xf5, 0x4f, 0x8b, 0xff, 0xc5, 0x6e, 0x79, 0xe9, 0xb7, 0x36, 0x57, 0xfd, 0xaf, 0x75, 0xdb,
    0x5f, 0xff, 0xb4, 0xb8, 0xea, 0xff, 0x2b, 0xc4, 0x55, 0xff, 0xab, 0x3c, 0xf8, 0xa5, 0xdf, 0xfa,
    0xbd, 0x13, 0xbe, 0x8b, 0xab, 0x9e, 0x87, 0xe0, 0x19, 0xcf, 0xf8, 0xeb, 0x9f, 0x7e, 0x30, 0xff,
    0x0a, 0xb7, 0xbc, 0xf4, 0x5b, 0x9b, 0xab, 0xae, 0xfa, 0x6f, 0x72, 0xdb, 0x5f, 0xff, 0xb4, 0xf8,
    0x5f, 0xec, 0x96, 0x97, 0x7e, 0x6b, 0x73, 0xd5, 0xff, 0x5a, 0xb7, 0xfd, 0xf5, 0x4f, 0x8b, 0xab,
    0xfe, 0xbf, 0x42, 0x5c, 0xf5, 0xbf, 0xca, 0x83, 0x5e, 0xfa, 0xad, 0x7f, 0xcb, 0xf0, 0xda, 0x5c,
    0xf5, 0x3c, 0x02, 0x5e, 0xe7, 0xd6, 0xbf, 0xfe, 0xe9, 0xdf, 0xe6, 0x5f, 0xe1, 0x96, 0x97, 0x7e,
    0x6b, 0x73, 0xd5, 0x55, 0xff, 0x4d, 0x6e, 0xfb, 0xeb, 0x9f, 0x16, 0xff, 0x8b, 0xdd, 0xf2, 0xd2,
    0x6f, 0x6d, 0xae, 0xfa, 0x5f, 0xeb, 0xb6, 0xbf, 0xfe, 0x69, 0x71, 0xd5, 0xff, 0x57, 0x88, 0xab,
    0xfe, 0xd7, 0x78, 0xf0, 0x4b, 0xbf, 0xf5, 0x83, 0x13, 0x9e, 0xce, 0x55, 0xcf, 0xcf, 0xf7, 0xdc,
    0xf6, 0xd7, 0x3f, 0xfd, 0xde, 0xfc, 0x2b, 0xdd, 0xf2, 0xd2, 0x6f, 0x6d, 0xae, 0xba, 0xea, 0xbf,
    0xc9, 0x6d, 0x7f, 0xfd, 0xd3, 0xe2, 0x7f, 0xb1, 0x5b, 0x5e, 0xfa, 0xad, 0xcd, 0x55, 0xff, 0x6b,
    0xdd, 0xf6, 0xd7, 0x3f, 0x2d, 0xae, 0xfa, 0xff, 0x0a, 0x71, 0xd5, 0xff, 0x1a, 0xb7, 0xbc, 0xf4,
    0x5b, 0x7f, 0x35, 0xf0, 0x51, 0x5c, 0xf5, 0x1c, 0x04, 0x97, 0x04, 0x0f, 0xbe, 0xf5, 0xaf, 0x7f,
    0x7a, 0x97, 0x7f, 0xa5, 0x5b, 0x5e, 0xfa, 0xad, 0xcd, 0x55, 0x57, 0xfd, 0x37, 0xb9, 0xed, 0xaf,
    0x7f, 0x5a, 0xfc, 0x2f, 0x76, 0xcb, 0x4b, 0xbf, 0xb5, 0xb9, 0xea, 0x7f, 0xad, 0xdb, 0xfe, 0xfa,
    0xa7, 0xc5, 0x55, 0xff, 0x5f, 0x21, 0xae, 0xfa, 0x5f, 0xe3, 0x41, 0x2f, 0xfd, 0xd6, 0x4f, 0x37,
    0x3c, 0x98, 0xab, 0x9e, 0x43, 0xc0, 0xc7, 0xdc, 0xfa, 0xd7, 0x3f, 0xfd, 0xd5, 0xfc, 0x1b, 0xdc,
    0xf2, 0xd2, 0x6f, 0x6d, 0xae, 0xba, 0xea, 0xbf, 0xc9, 0x6d, 0x7f, 0xfd, 0xd3, 0xe2, 0x7f, 0xb1,
    0x5b, 0x5e, 0xfa, 0xad, 0xcd, 0x55, 0xff, 0x6b, 0xdd, 0xf6, 0xd7, 0x3f, 0x2d, 0xae, 0xfa, 0xff,
    0x0a, 0x71, 0xd5, 0xff, 0x0a, 0x0f, 0x7e, 0xe9, 0xb7, 0x7e, 0xe9, 0x84, 0xbf, 0xe2, 0xaa, 0xe7,
    0x20, 0x78, 0xc6, 0x33, 0xfe, 0xfa, 0xa7, 0x1f, 0xcc, 0xbf, 0xd1, 0x2d, 0x2f, 0xfd, 0xd6, 0xe6,
    0xaa, 0xab, 0xfe, 0x9b, 0xdc, 0xf6, 0xd7, 0x3f, 0x2d, 0xfe, 0x17, 0xbb, 0xe5, 0xa5, 0xdf, 0xda,
    0x5c, 0xf5, 0xbf, 0xd6, 0x6d, 0x7f, 0xfd, 0xd3, 0xe2, 0xaa, 0xff, 0xaf, 0x10, 0x57, 0xfd, 0xaf,
    0x70, 0xcb, 0x4b, 0xbf, 0xf5, 0x57, 0x03, 0x1f, 0xc5, 0x55, 0xcf, 0x21, 0xe0, 0x75, 0x6e, 0xfd,
    0xeb, 0x9f, 0xfe, 0x6d, 0xfe, 0x8d, 0x6e, 0x79, 0xe9, 0xb7, 0x36, 0x57, 0x5d, 0xf5, 0xdf, 0xe4,
    0xb6, 0xbf, 0xfe, 0x69, 0xf1, 0xbf, 0xd8, 0x2d, 0x2f, 0xfd, 0xd6, 0xe6, 0xaa, 0xff, 0xb5, 0x6e,
    0xfb, 0xeb, 0x9f, 0x16, 0x57, 0xfd, 0x7f, 0x85, 0xb8, 0xea, 0x7f, 0x85, 0x07, 0xbd, 0xf4, 0x5b,
    0x3f, 0xdd, 0xf0, 0x60, 0xae, 0x7a, 0x16, 0xc1, 0xef, 0x3c, 0xe3, 0xaf, 0x7f, 0xfa, 0xb5, 0xf9,
    0x77, 0xb8, 0xe5, 0xa5, 0xdf, 0xda, 0x5c, 0x75, 0xd5, 0x7f, 0x93, 0xdb, 0xfe, 0xfa, 0xa7, 0xc5,
    0xff, 0x62, 0xb7, 0xbc, 0xf4, 0x5b, 0x9b, 0xab, 0xfe, 0xd7, 0xba, 0xed, 0xaf, 0x7f, 0x5a, 0x5c,
    0xf5, 0xff, 0x15, 0xe2, 0xaa, 0xff, 0xf1, 0x1e, 0xfc, 0xd2, 0x6f, 0xfd, 0xd2, 0x09, 0x7f, 0xc5,
    0x55, 0xcf, 0x21, 0xe0, 0x65, 0x6e, 0xfd, 0xeb, 0x9f, 0xfe, 0x6b, 0xfe, 0x1d, 0x6e, 0x79, 0xe9,
    0xb7, 0x36, 0x57, 0x5d, 0xf5, 0xdf, 0xe4, 0xb6, 0xbf, 0xfe, 0x69, 0xf1, 0xbf, 0xd8, 0x2d, 0x2f,
    0xfd, 0xd6, 0xe6, 0xaa, 0xff, 0xb5, 0x6e, 0xfb, 0xeb, 0x9f, 0x16, 0x57, 0xfd, 0x7f, 0x85, 0xb8,
    0xea, 0x7f, 0xbc, 0x5b, 0x5e, 0xfa, 0xad, 0xbf, 0x1a, 0xf8, 0x28, 0xae, 0x7a, 0xa0, 0xef, 0xb9,
    0xed, 0xaf, 0x7f, 0xfa, 0xbd, 0xf9, 0x77, 0xba, 0xe5, 0xa5, 0xdf, 0xda, 0x5c, 0x75, 0xd5, 0x7f,
    0x93, 0xdb, 0xfe, 0xfa, 0xa7, 0xc5, 0xff, 0x62, 0xb7, 0xbc, 0xf4, 0x5b, 0x9b, 0xab, 0xfe, 0xd7,
    0xba, 0xed, 0xaf, 0x7f, 0x5a, 0x5c, 0xf5, 0xff, 0x15, 0xe2, 0xaa, 0xff, 0xf1, 0x1e, 0xf4, 0xd2,
    0x6f, 0xfd, 0x74, 0xc3, 0x83, 0xb9, 0xea, 0x59, 0x02, 0x1e, 0x72, 0xeb, 0x5f, 0xff, 0xf4, 0xad,
    0xfc, 0x3b, 0xdd, 0xf2, 0xd2, 0x6f, 0x6d, 0xae, 0xba, 0xea, 0xbf, 0xc9, 0x6d, 0x7f, 0xfd, 0xd3,
    0xe2, 0x7f, 0xb1, 0x5b, 0x5e, 0xfa, 0xad, 0xcd, 0x55, 0xff, 0x6b, 0xdd, 0xf6, 0xd7, 0x3f, 0x2d,
    0xae, 0xfa, 0xff, 0x0a, 0x71, 0xd5, 0xff, 0x68, 0x0f, 0x7e, 0xe9, 0xb7, 0x7e, 0xe9, 0x84, 0xbf,
    0xe2, 0xaa, 0x07, 0xfa, 0x9e, 0xdb, 0xfe, 0xfa, 0xa7, 0xdf, 0x9b, 0xff, 0x00, 0xb7, 0xbc, 0xf4,
    0x5b, 0x9b, 0xab, 0xae, 0xfa, 0x6f, 0x72, 0xdb, 0x5f, 0xff, 0xb4, 0xf8, 0x5f, 0xec, 0x96, 0x97,
    0x7e, 0x6b, 0x73, 0xd5, 0xff, 0x5a, 0xb7, 0xfd, 0xf5, 0x4f, 0x8b, 0xab, 0xfe, 0xbf, 0x42, 0x5c,
    0xf5, 0x3f, 0xda, 0x2d, 0x2f, 0xfd, 0xd6, 0x5f, 0x0d, 0x7c, 0x14, 0x57, 0x3d, 0x4b, 0xc0, 0x43,
    0x6e, 0xfd, 0xeb, 0x9f, 0xbe, 0x95, 0xff, 0x00, 0xb7, 0xbc, 0xf4, 0x5b, 0x9b, 0xab, 0xae, 0xfa,
    0x6f, 0x72, 0xdb, 0x5f, 0xff, 0xb4, 0xf8, 0x5f, 0xec, 0x96, 0x97, 0x7e, 0x6b, 0x73, 0xd5, 0xff,
    0x5a, 0xb7, 0xfd, 0xf5, 0x4f, 0x8b, 0xab, 0xfe, 0xbf, 0x42, 0x5c, 0xf5, 0x3f, 0xda, 0x83, 0x5e,
    0xfa, 0xad, 0xff, 0xca, 0xf0, 0xd2, 0x5c, 0x75, 0xbf, 0xef, 0xb9, 0xed, 0xaf, 0x7f, 0xfa, 0xbd,
    0xf9, 0x0f, 0x72, 0xcb, 0x4b, 0xbf, 0xb5, 0xb9, 0xea, 0xaa, 0xff, 0x26, 0xb7, 0xfd, 0xf5, 0x4f,
    0x8b, 0xff, 0xc5, 0x6e, 0x79, 0xe9, 0xb7, 0x36, 0x57, 0xfd, 0xaf, 0x75, 0xdb, 0x5f, 0xff, 0xb4,
    0xb8, 0xea, 0xff, 0x2b, 0xc4, 0x55, 0xff, 0x63, 0x3d, 0xf8, 0xa5, 0xdf, 0xfa, 0xc1, 0x09, 0x4f,
    0xe7, 0xaa, 0x67, 0x09, 0x78, 0xc8, 0xad, 0x7f, 0xfd, 0xd3, 0xb7, 0xf2, 0x1f, 0xe4, 0x96, 0x97,
    0x7e, 0x6b, 0x73, 0xd5, 0x55, 0xff, 0x4d, 0x6e, 0xfb, 0xeb, 0x9f, 0x16, 0xff, 0x8b, 0xdd, 0xf2,
    0xd2, 0x6f, 0x6d, 0xae, 0xfa, 0x5f, 0xeb, 0xb6, 0xbf, 0xfe, 0x69, 0x71, 0xd5, 0xff, 0x57, 0x88,
    0xab, 0xfe, 0xc7, 0x7a, 0xf0, 0x4b, 0xbf, 0xf5, 0x7b, 0x27, 0x7c, 0x17, 0x57, 0x5d, 0x26, 0xf8,
    0x9d, 0x67, 0xfc, 0xf5, 0x4f, 0xbf, 0x36, 0xff, 0x81, 0x6e, 0x79, 0xe9, 0xb7, 0x36, 0x57, 0x5d,
    0xf5, 0xdf, 0xe4, 0xb6, 0xbf, 0xfe, 0x69, 0xf1, 0xbf, 0xd8, 0x2d, 0x2f, 0xfd, 0xd6, 0xe6, 0xaa,
    0xff, 0xb5, 0x6e, 0xfb, 0xeb, 0x9f, 0x16, 0x57, 0xfd, 0x7f, 0x85, 0xb8, 0xea, 0x7f, 0xac, 0x5b,
    0x5e, 0xfa, 0xad, 0x7f, 0x1a, 0x78, 0x2b, 0xae, 0xba, 0x2c, 0xe0, 0x75, 0x6e, 0xfd, 0xeb, 0x9f,
    0xfe, 0x6d, 0xfe, 0x03, 0xdd, 0xf2, 0xd2, 0x6f, 0x6d, 0xae, 0xba, 0xea, 0xbf, 0xc9, 0x6d, 0x7f,
    0xfd, 0xd3, 0xe2, 0x7f, 0xb1, 0x5b, 0x5e, 0xfa, 0xad, 0xcd, 0x55, 0xff, 0x6b, 0xdd, 0xf6, 0xd7,
    0x3f, 0x2d, 0xae, 0xfa, 0xff, 0x0a, 0x71, 0xd5, 0xff, 0x58, 0x0f, 0x7a, 0xe9, 0xb7, 0xbe, 0x68,
    0x38, 0xce, 0x55, 0x08, 0x7e, 0xe7, 0x19, 0x7f, 0xfd, 0xd3, 0xaf, 0xcd, 0x7f, 0xb0, 0x5b, 0x5e,
    0xfa, 0xad, 0xcd, 0x55, 0x57, 0xfd, 0x37, 0xb9, 0xed, 0xaf, 0x7f, 0x5a, 0xfc, 0x2f, 0x76, 0xcb,
    0x4b, 0xbf, 0xb5, 0xb9, 0xea, 0x7f, 0xad, 0xdb, 0xfe, 0xfa, 0xa7, 0xc5, 0x55, 0xff, 0x5f, 0x21,
    0xae, 0xfa, 0x1f, 0xe9, 0xc1, 0x2f, 0xfd, 0xd6, 0xaf, 0x9d, 0xf0, 0x5b, 0x5c, 0x75, 0x59, 0xc0,
    0xfb, 0xdc, 0xfa, 0xd7, 0x3f, 0xfd, 0xdd, 0xfc, 0x07, 0xbb, 0xe5, 0xa5, 0xdf, 0xda, 0x5c, 0x75,
    0xd5, 0x7f, 0x93, 0xdb, 0xfe, 0xfa, 0xa7, 0xc5, 0xff, 0x62, 0xb7, 0xbc, 0xf4, 0x5b, 0x9b, 0xab,
    0xfe, 0xd7, 0xba, 0xed, 0xaf, 0x7f, 0x5a, 0x5c, 0xf5, 0xff, 0x15, 0xe2, 0xaa, 0xff, 0x91, 0x6e,
    0x79, 0xe9, 0xb7, 0xfe, 0x6a, 0xe0, 0xa3, 0xb8, 0x0a, 0xc1, 0xa5, 0x67, 0xfc, 0xf5, 0x4f, 0x1f,
    0xe7, 0x3f, 0xc1, 0x2d, 0x2f, 0xfd, 0xd6, 0xe6, 0xaa, 0xab, 0xfe, 0x9b, 0xdc, 0xf6, 0xd7, 0x3f,
    0x2d, 0xfe, 0x17, 0xbb, 0xe5, 0xa5, 0xdf, 0xda, 0x5c, 0xf5, 0xbf, 0xd6, 0x6d, 0x7f, 0xfd, 0xd3,
    0xe2, 0xaa, 0xff, 0xaf, 0x10, 0x57, 0xfd, 0x8f, 0xf4, 0xa0, 0x97, 0x7e, 0xeb, 0xbf, 0x32, 0xbc,
    0x34, 0x57, 0x01, 0x7c, 0xcd, 0x6d, 0x7f, 0xfd, 0xd3, 0x1f, 0xcd, 0x7f, 0x82, 0x5b, 0x5e, 0xfa,
    0xad, 0xcd, 0x55, 0x57, 0xfd, 0x37, 0xb9, 0xed, 0xaf, 0x7f, 0x5a, 0xfc, 0x2f, 0x76, 0xcb, 0x4b,
    0xbf, 0xb5, 0xb9, 0xea, 0x7f, 0xad, 0xdb, 0xfe, 0xfa, 0xa7, 0xc5, 0x55, 0xff, 0x5f, 0x21, 0xae,
    0xfa, 0x1f, 0xe7, 0xc1, 0x2f, 0xfd, 0xd6, 0xc7, 0x13, 0x2e, 0x72, 0xd5, 0x65, 0x01, 0x0f, 0xb9,
    0xf5, 0xaf, 0x7f, 0xfa, 0x56, 0xfe, 0x13, 0xdc, 0xf2, 0xd2, 0x6f, 0x6d, 0xae, 0xba, 0xea, 0xbf,
    0xc9, 0x6d, 0x7f, 0xfd, 0xd3, 0xe2, 0x7f, 0xb1, 0x5b, 0x5e, 0xfa, 0xad, 0xcd, 0x55, 0x57, 0xfd,
    0x37, 0x12, 0xfc, 0x35, 0xb0, 0x6b, 0xf8, 0xeb, 0x40, 0xbf, 0x7d, 0xeb, 0x5f, 0xff, 0xd4, 0xcf,
    0x70, 0xd5, 0x8b, 0x02, 0x71, 0xd5, 0xff, 0x38, 0x0f, 0x7e, 0xe9, 0xb7, 0x7e, 0xeb, 0x84, 0x9f,
    0xe2, 0x2a, 0x80, 0x9f, 0xb9, 0xed, 0xaf, 0x7f, 0xfa, 0xad, 0xf9, 0x4f, 0x72, 0xcb, 0x4b, 0xbf,
    0xb5, 0xb9, 0xea, 0xaa, 0xff, 0x26, 0xb7, 0xfd, 0xf5, 0x4f, 0x8b, 0xff, 0xc5, 0x6e, 0x79, 0xe9,
    0xb7, 0x36, 0x57, 0x5d, 0xf5, 0x3f, 0x88, 0x60, 0xd7, 0xf0, 0xd3, 0x01, 0x1f, 0x73, 0xeb, 0x5f,
    0xff, 0xf4, 0x2e, 0x57, 0xbd, 0x20, 0x88, 0xab, 0xfe, 0xc7, 0xb9, 0xe5, 0xa5, 0xdf, 0xfa, 0xb3,
    0x81, 0xcf, 0xe2, 0x2a, 0x02, 0xde, 0xe6, 0xd6, 0xbf, 0xfe, 0xe9, 0x9f, 0xe6, 0x3f, 0xc9, 0x2d,
    0x2f, 0xfd, 0xd6, 0xe6, 0xaa, 0xab, 0xfe, 0x9b, 0xdc, 0xf6, 0xd7, 0x3f, 0x2d, 0xfe, 0x17, 0xbb,
    0xe5, 0xa5, 0xdf, 0xda, 0x5c, 0x75, 0xd5, 0xff, 0x40, 0x82, 0x5d, 0xc3, 0x57, 0xdf, 0xf6, 0xd7,
    0x3f, 0xfd, 0x39, 0x5c, 0xf5, 0xfc, 0x20, 0xae, 0xfa, 0x1f, 0xe7, 0x41, 0x2f, 0xfd, 0xd6, 0xbf,
    0x6d, 0x78, 0x2d, 0xfe, 0x9f, 0x13, 0x5c, 0x7a, 0xc6, 0x5f, 0xff, 0xf4, 0x71, 0xfe, 0x13, 0xdd,
    0xf2, 0xd2, 0x6f, 0x6d, 0xae, 0xba, 0xea, 0xbf, 0xc9, 0x6d, 0x7f, 0xfd, 0xd3, 0xe2, 0x7f, 0xb1,
    0x5b, 0x5e, 0xfa, 0xad, 0xcd, 0x55, 0x57, 0xfd, 0x0f, 0x26, 0xf8, 0x6b, 0xc1, 0xeb, 0xdc, 0xfa,
    0xd7, 0x3f, 0xbd, 0xcb, 0x55, 0x0f, 0x84, 0xb8, 0xea, 0x7f, 0x9c, 0x5b, 0x5e, 0xfa, 0xad, 0xcd,
    0x55, 0x00, 0xdf, 0x73, 0xdb, 0x5f, 0xff, 0xf4, 0x7b, 0xf3, 0x9f, 0xe8, 0x96, 0x97, 0x7e, 0x6b,
    0x73, 0xd5, 0x55, 0xff, 0x4d, 0x6e, 0xfb, 0xeb, 0x9f, 0x16, 0xff, 0x8b, 0xdd, 0xf2, 0xd2, 0x6f,
    0x6d, 0xae, 0xba, 0xea, 0x7f, 0x38, 0xc1, 0xad, 0x82, 0xb7, 0xb9, 0xf5, 0xaf, 0x7f, 0xfa, 0xaf,
    0xb9, 0xea, 0x7e, 0x88, 0xab, 0xfe, 0x47, 0x79, 0xf0, 0x4b, 0xbf, 0xf5, 0x6b, 0x27, 0xfc, 0x16,
    0x57, 0x11, 0xf0, 0x3a, 0xb7, 0xfe, 0xf5, 0x4f, 0xff, 0x36, 0xff, 0x89, 0x6e, 0x79, 0xe9, 0xb7,
    0x36, 0x57, 0x5d, 0xf5, 0xdf, 0xe4, 0xb6, 0xbf, 0xfe, 0x69, 0xf1, 0xbf, 0xd8, 0x2d, 0x2f, 0xfd,
    0xd6, 0xe6, 0xaa, 0xab, 0xfe, 0x17, 0x10, 0xdc, 0x2a, 0x78, 0x99, 0x5b, 0xff, 0xfa, 0xa7, 0x77,
    0xb9, 0x0a, 0x00, 0x71, 0xd5, 0xff, 0x28, 0x0f, 0x7e, 0xe9, 0xb7, 0xfe, 0xe8, 0x84, 0xaf, 0xe2,
    0xff, 0x39, 0xc1, 0x33, 0x9e, 0xf1, 0xd7, 0x3f, 0xfd, 0x60, 0xfe, 0x93, 0xdd, 0xf2, 0xd2, 0x6f,
    0x6d, 0xae, 0xba, 0xea, 0xbf, 0xc9, 0x6d, 0x7f, 0xfd, 0xd3, 0xe2, 0x7f, 0xb1, 0x5b, 0x5e, 0xfa,
    0xad, 0xcd, 0x55, 0x57, 0xfd, 0x2f, 0x21, 0xf8, 0xeb, 0x67, 0xfc, 0xf5, 0x4f, 0xbf, 0x0c, 0x57,
    0x01, 0x20, 0xae, 0xfa, 0x1f, 0xe5, 0x96, 0x97, 0x7e, 0xeb, 0x9f, 0x06, 0xde, 0x8a, 0xab, 0xbe,
    0xe6, 0xb6, 0xbf, 0xfe, 0xe9, 0x8f, 0xe6, 0x3f, 0xd9, 0x2d, 0x2f, 0xfd, 0xd6, 0xe6, 0xaa, 0xab,
    0xfe, 0x9b, 0xdc, 0xf6, 0xd7, 0x3f, 0x2d, 0xfe, 0x17, 0xbb, 0xe5, 0xa5, 0xdf, 0xda, 0x5c, 0x75,
    0xd5, 0xff, 0x2e, 0x9f, 0x73, 0xdb, 0x5f, 0xff, 0xf4, 0x67, 0x73, 0x15, 0xe2, 0xaa, 0xff, 0x51,
    0x1e, 0xf4, 0xd2, 0x6f, 0x7d, 0xd1, 0x70, 0x9c, 0xff, 0xe7, 0x02, 0x5e, 0xe6, 0xd6, 0xbf, 0xfe,
    0xe9, 0xbf, 0xe6, 0x3f, 0xd9, 0x2d, 0x2f, 0xfd, 0xd6, 0xe6, 0xaa, 0xab, 0xfe, 0x9b, 0xdc, 0xf6,
    0xd7, 0x3f, 0x2d, 0xfe, 0x17, 0xbb, 0xe5, 0xa5, 0xdf, 0xda, 0x5c, 0x75, 0xd5, 0xff, 0x22, 0x82,
    0x5d, 0xc1, 0x43, 0x6e, 0xfd, 0xeb, 0x9f, 0xde, 0xe5, 0xff, 0x37, 0xc4, 0x55, 0xff, 0x63, 0x3c,
    0xf8, 0xa5, 0xdf, 0xfa, 0xc1, 0x09, 0x4f, 0xe7, 0xff, 0x39, 0xc1, 0xa5, 0x67, 0xfc, 0xf5, 0x4f,
    0x1f, 0xe7, 0xbf, 0xc0, 0x2d, 0x2f, 0xfd, 0xd6, 0xe6, 0xaa, 0xab, 0xfe, 0x9b, 0xdc, 0xf6, 0xd7,
    0x3f, 0x2d, 0xfe, 0x17, 0xbb, 0xe5, 0xa5, 0xdf, 0xda, 0x5c, 0x75, 0xd5, 0xff, 0x3e, 0x5f, 0x73,
    0xdb, 0x5f, 0xff, 0xf4, 0x47, 0xf3, 0xff, 0x1b, 0xe2, 0xaa, 0xff, 0x31, 0x1e, 0xfc, 0xd2, 0x6f,
    0xfd, 0xd6, 0x09, 0x3f, 0xc5, 0x55, 0xdf, 0x73, 0xdb, 0x5f, 0xff, 0xf4, 0x7b, 0xf3, 0x5f, 0xe0,
    0x96, 0x97, 0x7e, 0x6b, 0x73, 0xd5, 0x55, 0xff, 0x4d, 0x6e, 0xfb, 0xeb, 0x9f, 0x16, 0xff, 0x8b,
    0xdd, 0xf2, 0xd2, 0x6f, 0x6d, 0xae, 0xba, 0xea, 0x7f, 0x19, 0xc1, 0xee, 0x33, 0xfe, 0xfa, 0xa7,
    0x4f, 0xf0, 0xff, 0x1b, 0xe2, 0xaa, 0xff, 0x31, 0x6e, 0x79, 0xe9, 0xb7, 0xfe, 0x6c, 0xe0, 0xb3,
    0xf8, 0x7f, 0x2e, 0xe0, 0x6d, 0x6e, 0xfd, 0xeb, 0x9f, 0xfe, 0x69, 0xfe, 0x0b, 0xdc, 0xf2, 0xd2,
    0x6f, 0x6d, 0xae, 0xba, 0xea, 0xbf, 0xc9, 0x6d, 0x7f, 0xfd, 0xd3, 0xe2, 0x7f, 0xb1, 0x5b, 0x5e,
    0xfa, 0xad, 0xcd, 0x55, 0x57, 0xfd, 0x2f, 0x14, 0xf0, 0x36, 0xb7, 0xfe, 0xf5, 0x4f, 0xff, 0x34,
    0xff, 0x7f, 0x21, 0xae, 0xfa, 0x1f, 0xe3, 0x96, 0x97, 0x7e, 0xeb, 0x9f, 0x06, 0xde, 0x8a, 0xff,
    0xc7, 0x04, 0x97, 0x9e, 0xf1, 0xd7, 0x3f, 0x7d, 0x9c, 0xff, 0x22, 0xb7, 0xbc, 0xf4, 0x5b, 0x9b,
    0xab, 0xae, 0xfa, 0x6f, 0x72, 0xdb, 0x5f, 0xff, 0xb4, 0xf8, 0x5f, 0xec, 0x96, 0x97, 0x7e, 0x6b,
    0x73, 0xd5, 0x55, 0xff, 0x3b, 0x7d, 0xcd, 0x6d, 0x7f, 0xfd, 0xd3, 0x1f, 0xcd, 0xff, 0x5f, 0x88,
    0xab, 0xfe, 0xc7, 0x78, 0xd0, 0x4b, 0xbf, 0xf5, 0x5f, 0x19, 0x5e, 0x9a, 0xff, 0xdf, 0x7e, 0xe6,
    0xb6, 0xbf, 0xfe, 0xe9, 0xb7, 0xe6, 0xbf, 0xc8, 0x2d, 0x2f, 0xfd, 0xd6, 0xe6, 0xaa, 0xab, 0xfe,
    0x9b, 0xdc, 0xf6, 0xd7, 0x3f, 0x2d, 0xfe, 0x17, 0xbb, 0xe5, 0xa5, 0xdf, 0xda, 0x5c, 0x75, 0xd5,
    0xff, 0x42, 0x82, 0xdf, 0x79, 0xc6, 0x5f, 0xff, 0xf4, 0x6b, 0xf3, 0xff, 0x17, 0xe2, 0xaa, 0xff,
    0x31, 0x6e, 0x79, 0xe9, 0xb7, 0x36, 0xff, 0xcf, 0x05, 0x7c, 0xcc, 0xad, 0x7f, 0xfd, 0xd3, 0x5f,
    0xcd, 0x7f, 0x91, 0x5b, 0x5e, 0xfa, 0xad, 0xcd, 0x55, 0x57, 0xfd, 0x37, 0xb9, 0xed, 0xaf, 0x7f,
    0x5a, 0xfc, 0x2f, 0x76, 0xcb, 0x4b, 0xbf, 0xb5, 0xb9, 0xea, 0xaa, 0xff, 0x85, 0x04, 0x7f, 0xfd,
    0x8c, 0xbf, 0xfe, 0xe9, 0x97, 0xe1, 0xff, 0x2f, 0xc4, 0x55, 0xff, 0x23, 0x3c, 0xf8, 0xa5, 0xdf,
    0xfa, 0xb5, 0x13, 0x7e, 0x8b, 0xff, 0xe7, 0x02, 0x5e, 0xe6, 0xd6, 0xbf, 0xfe, 0xe9, 0xbf, 0xe6,
    0xbf, 0xc8, 0x2d, 0x2f, 0xfd, 0xd6, 0xe6, 0xaa, 0xab, 0xfe, 0x9b, 0xdc, 0xf6, 0xd7, 0x3f, 0x2d,
    0xfe, 0x17, 0xbb, 0xe5, 0xa5, 0xdf, 0xda, 0x5c, 0x75, 0xd5, 0xff, 0x52, 0xb7, 0xfd, 0xf5, 0x4f,
    0x8b, 0xff, 0xbf, 0x10, 0x57, 0xfd, 0x8f, 0xf0, 0xe0, 0x97, 0x7e, 0xeb, 0xf7, 0x4e, 0xf8, 0x2e,
    0xfe, 0x1f, 0x13, 0x5c, 0x7a, 0xc6, 0x5f, 0xff, 0xf4, 0x71, 0xfe, 0x0b, 0xdd, 0xf2, 0xd2, 0x6f,
    0x6d, 0xae, 0xba, 0xea, 0xbf, 0xc9, 0x6d, 0x7f, 0xfd, 0xd3, 0xe2, 0x7f, 0xb1, 0x5b, 0x5e, 0xfa,
    0xad, 0xcd, 0x55, 0x57, 0xfd, 0x2f, 0x75, 0xdb, 0x5f, 0xff, 0xb4, 0xf8, 0xff, 0x0b, 0x71, 0xd5,
    0xff, 0x08, 0xb7, 0xbc, 0xf4, 0x5b, 0x7f, 0x35, 0xf0, 0x51, 0xfc, 0xff, 0xf6, 0x33, 0xb7, 0xfd,
    0xf5, 0x4f, 0xbf, 0x35, 0xff, 0x85, 0x6e, 0x79, 0xe9, 0xb7, 0x36, 0x57, 0x5d, 0xf5, 0xdf, 0xe4,
    0xb6, 0xbf, 0xfe, 0x69, 0xf1, 0xbf, 0xd8, 0x2d, 0x2f, 0xfd, 0xd6, 0xe6, 0xaa, 0xab, 0xfe, 0x97,
    0xba, 0xed, 0xaf, 0x7f, 0x5a, 0xfc, 0xff, 0x85, 0xb8, 0xea, 0x7f, 0x84, 0x07, 0xbd, 0xf4, 0x5b,
    0xff, 0xb6, 0xe1, 0xb5, 0xf8, 0x7f, 0x2c, 0xe0, 0x63, 0x6e, 0xfd, 0xeb, 0x9f, 0xfe, 0x6a, 0xfe,
    0x0b, 0xdd, 0xf2, 0xd2, 0x6f, 0x6d, 0xae, 0xba, 0xea, 0xbf, 0xc9, 0x6d, 0x7f, 0xfd, 0xd3, 0xe2,
    0x7f, 0xb1, 0x07, 0xbd, 0xf4, 0x5b, 0xdf, 0x6a, 0x78, 0x10, 0x57, 0x5d, 0xf5, 0xbf, 0xd0, 0x6d,
    0x7f, 0xfd, 0xd3, 0xe2, 0xff, 0x2f, 0xc4, 0x55, 0xff, 0x23, 0x3c, 0xe8, 0xa5, 0xdf, 0xfa, 0xe9,
    0x86, 0x07, 0xf3, 0xff, 0x58, 0xc0, 0xcb, 0xdc, 0xfa, 0xd7, 0x3f, 0xfd, 0xd7, 0xfc, 0x17, 0xba,
    0xe5, 0xa5, 0xdf, 0xda, 0x5c, 0x75, 0xd5, 0x7f, 0x93, 0xdb, 0xfe, 0xfa, 0xa7, 0xc5, 0xff, 0x62,
    0x0f, 0x7a, 0xe9, 0xb7, 0xfe, 0x6d, 0xc3, 0x6b, 0x71, 0xd5, 0x55, 0xff, 0x0b, 0xdd, 0xf6, 0xd7,
    0x3f, 0x2d, 0xfe, 0xff, 0x42, 0x5c, 0xf5, 0x3f, 0xc2, 0x2d, 0x2f, 0xfd, 0xd6, 0xe6, 0xff, 0xb9,
    0xdb, 0xfe, 0xfa, 0xa7, 0xc5, 0x7f, 0xb1, 0x5b, 0x5e, 0xfa, 0xad, 0xcd, 0x55, 0x57, 0xfd, 0x37,
    0xb9, 0xed, 0xaf, 0x7f, 0x5a, 0xfc, 0x2f, 0x76, 0xcb, 0x4b, 0xbf, 0xf5, 0x4f, 0x03, 0x6f, 0xc5,
    0x55, 0x57, 0xfd, 0x2f, 0x74, 0xdb, 0x5f, 0xff, 0xb4, 0xf8, 0xff, 0x0b, 0x71, 0xd5, 0x7f, 0xbb,
    0x07, 0xbf, 0xf4, 0x5b, 0x3f, 0x38, 0xe1, 0xe9, 0xfc, 0x3f, 0x26, 0xf8, 0x9d, 0x67, 0xfc, 0xf5,
    0x4f, 0xbf, 0x36, 0xff, 0xc5, 0x6e, 0x79, 0xe9, 0xb7, 0x36, 0x57, 0x5d, 0xf5, 0xdf, 0xe4, 0xb6,
    0xbf, 0xfe, 0x69, 0xf1, 0xbf, 0xd8, 0x2d, 0x2f, 0xfd, 0xd6, 0x9f, 0x0d, 0x7c, 0x16, 0x57, 0x5d,
    0xf5, 0xbf, 0xd0, 0x6d, 0x7f, 0xfd, 0xd3, 0xe2, 0xff, 0x2f, 0xc4, 0x55, 0xff, 0xed, 0x1e, 0xfc,
    0xd2, 0x6f, 0xfd, 0xda, 0x09, 0xbf, 0xc5, 0xff, 0x6f, 0x5f, 0x73, 0xdb, 0x5f, 0xff, 0xf4, 0x47,
    0xf3, 0x5f, 0xec, 0x96, 0x97, 0x7e, 0x6b, 0x73, 0xd5, 0x55, 0xff, 0x4d, 0x6e, 0xfb, 0xeb, 0x9f,
    0x16, 0xff, 0x8b, 0x3d, 0xf8, 0xa5, 0xdf, 0xfa, 0xad, 0x13, 0x7e, 0x8a, 0xab, 0xae, 0xfa, 0x5f,
    0xe8, 0xb6, 0xbf, 0xfe, 0x69, 0xf1, 0xff, 0x17, 0xe2, 0xaa, 0xff, 0x76, 0x0f, 0x7e, 0xe9, 0xb7,
    0xfe, 0xe8, 0x84, 0xaf, 0xe2, 0xff, 0xb1, 0x80, 0xf7, 0xb9, 0xf5, 0xaf, 0x7f, 0xfa, 0xbb, 0xf9,
    0x2f, 0x76, 0xcb, 0x4b, 0xbf, 0xb5, 0xb9, 0xea, 0xaa, 0xff, 0x26, 0xb7, 0xfd, 0xf5, 0x4f, 0x8b,
    0xff, 0xc5, 0x1e, 0xfc, 0xd2, 0x6f, 0x7d, 0x3c, 0xe1, 0x22, 0x57, 0x5d, 0xf5, 0xbf, 0xd0, 0x6d,
    0x7f, 0xfd, 0xd3, 0xe2, 0xff, 0x2f, 0xc4, 0x55, 0xff, 0xed, 0x6e, 0x79, 0xe9, 0xb7, 0xfe, 0x6c,
    0xe0, 0xb3, 0xf8, 0x7f, 0x2c, 0xe0, 0x65, 0x6e, 0xfd, 0xeb, 0x9f, 0xfe, 0x6b, 0xfe, 0x8b, 0xdd,
    0xf2, 0xd2, 0x6f, 0x6d, 0xae, 0xba, 0xea, 0xbf, 0xc9, 0x6d, 0x7f, 0xfd, 0xd3, 0xe2, 0x7f, 0xb9,
    0x07, 0xbd, 0xf4, 0x5b, 0xff, 0xb5, 0xe1, 0xa5, 0xb8, 0xea, 0xaa, 0xff, 0x65, 0x6e, 0xfb, 0xeb,
    0x9f, 0x16, 0xff, 0x7f, 0x21, 0xae, 0xfa, 0x6f, 0x77, 0xcb, 0x4b, 0xbf, 0xf5, 0x4f, 0x03, 0x6f,
    0xc5, 0xff, 0x63, 0xb7, 0xfd, 0xf5, 0x4f, 0x8b, 0xff, 0x06, 0xb7, 0xbc, 0xf4, 0x5b, 0x9b, 0xab,
    0xae, 0xfa, 0x6f, 0x72, 0xdb, 0x5f, 0xff, 0xb4, 0xf8, 0x5f, 0xee, 0x96, 0x97, 0x7e, 0xeb, 0xaf,
    0x06, 0x3e, 0x8a, 0xab, 0xae, 0xfa, 0x5f, 0xe6, 0xb6, 0xbf, 0xfe, 0x69, 0xf1, 0xff, 0x17, 0xe2,
    0xaa, 0xff, 0x76, 0x0f, 0x7a, 0xe9, 0xb7, 0xfe, 0x6d, 0xc3, 0x6b, 0xf1, 0xff, 0x94, 0xe0, 0x6f,
    0x9e, 0xf1, 0xd7, 0x3f, 0xfd, 0xd2, 0xfc, 0x37, 0xb8, 0xe5, 0xa5, 0xdf, 0xda, 0x5c, 0x75, 0xd5,
    0x7f, 0x93, 0xdb, 0xfe, 0xfa, 0xa7, 0xc5, 0xff, 0x72, 0x0f, 0x7e, 0xe9, 0xb7, 0x7e, 0xe9, 0x84,
    0xbf, 0xe2, 0xaa, 0xab, 0xfe, 0x97, 0xb9, 0xed, 0xaf, 0x7f, 0x5a, 0xfc, 0xff, 0x85, 0xb8, 0xea,
    0xbf, 0xdd, 0x83, 0x5e, 0xfa, 0xad, 0x2f, 0x1a, 0x8e, 0xf3, 0xff, 0xd7, 0xcf, 0xdc, 0xf6, 0xd7,
    0x3f, 0xfd, 0xd6, 0xfc, 0x37, 0xb8, 0xe5, 0xa5, 0xdf, 0xda, 0x5c, 0x75, 0xd5, 0x7f, 0x93, 0xdb,
    0xfe, 0xfa, 0xa7, 0xc5, 0xff, 0x01, 0x0f, 0x7a, 0xe9, 0xb7, 0xbe, 0xd5, 0xf0, 0x20, 0xae, 0xba,
    0xea, 0x7f, 0x91, 0xdb, 0xfe, 0xfa, 0xa7, 0xc5, 0xff, 0x5f, 0x88, 0xab, 0xfe, 0xdb, 0xdd, 0xf2,
    0xd2, 0x6f, 0x6d, 0xfe, 0x7f, 0xfb, 0x9c, 0xdb, 0xfe, 0xfa, 0xa7, 0x3f, 0x9b, 0xff, 0x06, 0xb7,
    0xbc, 0xf4, 0x5b, 0x9b, 0xab, 0xae, 0xfa, 0x6f, 0x72, 0xdb, 0x5f, 0xff, 0xb4, 0xf8, 0x3f, 0xe0,
    0xc1, 0x2f, 0xfd, 0xd6, 0x1f, 0x9d, 0xf0, 0x55, 0x5c, 0x75, 0xd5, 0xff, 0x22, 0xb7, 0xfd, 0xf5,
    0x4f, 0x8b, 0xff, 0xbf, 0x10, 0x57, 0xfd, 0xb7, 0x7a, 0xf0, 0x4b, 0xbf, 0xf5, 0xf1, 0x84, 0x8b,
    0xfc, 0x3f, 0x16, 0xf0, 0x36, 0xb7, 0xfe, 0xf5, 0x4f, 0xff, 0x34, 0xff, 0x0d, 0x6e, 0x79, 0xe9,
    0xb7, 0x36, 0x57, 0x5d, 0xf5, 0xdf, 0xe4, 0xb6, 0xbf, 0xfe, 0x69, 0xf1, 0x7f, 0xc0, 0x83, 0x5f,
    0xfa, 0xad, 0x8f, 0x1b, 0x6e, 0x35, 0x1c, 0xe3, 0xaa, 0xab, 0xfe, 0x97, 0xb8, 0xed, 0xaf, 0x7f,
    0x5a, 0xfc, 0xff, 0x85, 0xb8, 0xea, 0xbf, 0xd5, 0x83, 0x5f, 0xfa, 0xad, 0x5f, 0x3b, 0xe1, 0xb7,
    0xf8, 0x7f, 0x2c, 0xe0, 0x75, 0x6e, 0xfd, 0xeb, 0x9f, 0xfe, 0x6d, 0xfe, 0x1b, 0xdc, 0xf2, 0xd2,
    0x6f, 0x6d, 0xae, 0xba, 0xea, 0xbf, 0xc9, 0x6d, 0x7f, 0xfd, 0xd3, 0xe2, 0xff, 0x88, 0x5b, 0x5e,
    0xfa, 0xad, 0x3f, 0x1b, 0xf8, 0x2c, 0xae, 0xba, 0xea, 0x7f, 0x89, 0xdb, 0xfe, 0xfa, 0xa7, 0xc5,
    0xff, 0x5f, 0x88, 0xab, 0xfe, 0x5b, 0x3d, 0xf8, 0xa5, 0xdf, 0xfa, 0xb5, 0x13, 0x7e, 0x8b, 0xff,
    0xc7, 0x6e, 0xfb, 0xeb, 0x9f, 0x16, 0xff, 0x4d, 0x6e, 0x79, 0xe9, 0xb7, 0x36, 0x57, 0x5d, 0xf5,
    0xdf, 0xe4, 0xb6, 0xbf, 0xfe, 0x69, 0xf1, 0x7f, 0xc4, 0x83, 0x5f, 0xfa, 0xad, 0x8f, 0x1b, 0x6e,
    0x35, 0x1c, 0xe3, 0xaa, 0xab, 0xfe, 0x17, 0xb8, 0xed, 0xaf, 0x7f, 0x5a, 0xfc, 0xff, 0x85, 0xb8,
    0xea, 0xbf, 0xd5, 0x83, 0x5f, 0xfa, 0xad, 0x5f, 0x3b, 0xe1, 0xb7, 0xf8, 0x7f, 0xec, 0xb6, 0xbf,
    0xfe, 0x69, 0xf1, 0xdf, 0xe4, 0x96, 0x97, 0x7e, 0x6b, 0x73, 0xd5, 0x55, 0xff, 0x4d, 0x6e, 0xfb,
    0xeb, 0x9f, 0x16, 0xff, 0x87, 0x3c, 0xf8, 0xa5, 0xdf, 0xfa, 0xbd, 0x13, 0xbe, 0x8b, 0xab, 0xae,
    0xfa, 0x5f, 0xe0, 0xb6, 0xbf, 0xfe, 0x69, 0xf1, 0xff, 0x17, 0xe2, 0xaa, 0xff, 0x56, 0x0f, 0x7e,
    0xe9, 0xb7, 0xfe, 0xe8, 0x84, 0xaf, 0xe2, 0xff, 0x29, 0xc1, 0xdf, 0x3c, 0xe3, 0xaf, 0x7f, 0xfa,
    0xa5, 0xf9, 0x6f, 0x72, 0xcb, 0x4b, 0xbf, 0xb5, 0xb9, 0xea, 0xaa, 0xff, 0x26, 0xb7, 0xfd, 0xf5,
    0x4f, 0x8b, 0xff, 0x63, 0x1e, 0xf4, 0xd2, 0x6f, 0xfd, 0xdb, 0x86, 0xd7, 0xe2, 0xaa, 0xab, 0xfe,
    0x07, 0x13, 0xfc, 0xcd, 0x33, 0xfe, 0xfa, 0xa7, 0x5f, 0x9a, 0xff, 0xbf, 0x10, 0x57, 0xfd, 0xb7,
    0xba, 0xe5, 0xa5, 0xdf, 0xfa, 0xb3, 0x81, 0xcf, 0xe2, 0xff, 0x29, 0xc1, 0xef, 0x3c, 0xe3, 0xaf,
    0x7f, 0xfa, 0xb5, 0xf9, 0x6f, 0x72, 0xcb, 0x4b, 0xbf, 0xb5, 0xb9, 0xea, 0xaa, 0xff, 0x26, 0xb7,
    0xfd, 0xf5, 0x4f, 0x8b, 0xff, 0x63, 0x1e, 0xfc, 0xd2, 0x6f, 0xfd, 0xd2, 0x86, 0xdf, 0x36, 0x1c,
    0xe3, 0xaa, 0xab, 0xfe, 0x87, 0x12, 0xfc, 0xce, 0x33, 0xfe, 0xfa, 0xa7, 0x5f, 0x9b, 0xff, 0xbf,
    0x10, 0x57, 0xfd, 0xb7, 0xba, 0xe5, 0xa5, 0xdf, 0xfa, 0xb3, 0x81, 0xcf, 0xe2, 0xff, 0xaf, 0xaf,
    0xb9, 0xed, 0xaf, 0x7f, 0xfa, 0xa3, 0xf9, 0x6f, 0x72, 0xcb, 0x4b, 0xbf, 0xb5, 0xb9, 0xea, 0xaa,
    0xff, 0x26, 0xb7, 0xfd, 0xf5, 0x4f, 0x8b, 0xff, 0x83, 0x1e, 0xfc, 0xd2, 0x6f, 0xfd, 0xde, 0x09,
    0xdf, 0xc5, 0x55, 0x57, 0xfd, 0xcf, 0xf5, 0x35, 0xb7, 0xfd, 0xf5, 0x4f, 0x7f, 0x34, 0xff, 0x7f,
    0x21, 0xae, 0xfa, 0x6f, 0x75, 0xcb, 0x4b, 0xbf, 0xf5, 0x77, 0x03, 0xef, 0xc5, 0xff, 0x5f, 0x9f,
    0x73, 0xdb, 0x5f, 0xff, 0xf4, 0x67, 0xf3, 0xdf, 0xe4, 0x96, 0x97, 0x7e, 0x6b, 0x73, 0xd5, 0x55,
    0xff, 0x4d, 0x6e, 0xfb, 0xeb, 0x9f, 0x16, 0xff, 0x47, 0xdd, 0xf2, 0xd2, 0x6f, 0xfd, 0xdd, 0xc0,
    0x7b, 0x71, 0xd5, 0x55, 0xff, 0x03, 0x05, 0xbc, 0xcd, 0xad, 0x7f, 0xfd, 0xd3, 0x3f, 0xcd, 0xff,
    0x5f, 0x88, 0xab, 0xfe, 0x5b, 0x3d, 0xe8, 0xa5, 0xdf, 0xfa, 0xb7, 0x0d, 0xaf, 0xc5, 0xff, 0x5f,
    0x9f, 0x73, 0xdb, 0x5f, 0xff, 0xf4, 0x67, 0xf3, 0xdf, 0xe4, 0x96, 0x97, 0x7e, 0x6b, 0x73, 0xd5,
    0x55, 0xff, 0x4d, 0x6e, 0xfb, 0xeb, 0x9f, 0x16, 0xff, 0x87, 0xdd, 0xf2, 0xd2, 0x6f, 0xfd, 0xdd,
    0xc0, 0x7b, 0x71, 0xd5, 0x55, 0xff, 0x83, 0x08, 0x2e, 0x3d, 0xe3, 0xaf, 0x7f, 0xfa, 0x38, 0xff,
    0xbf, 0x21, 0xae, 0xfa, 0x6f, 0xf5, 0xa0, 0x97, 0x7e, 0xeb, 0xdf, 0x36, 0xbc, 0x16, 0xff, 0x4f,
    0x05, 0xbc, 0xcf, 0xad, 0x7f, 0xfd, 0xd3, 0xdf, 0xcd, 0x7f, 0x93, 0x5b, 0x5e, 0xfa, 0xad, 0xcd,
    0x55, 0x57, 0xfd, 0x37, 0xb9, 0xed, 0xaf, 0x7f, 0x5a, 0xfc, 0x1f, 0xf7, 0xa0, 0x97, 0x7e, 0xeb,
    0xbf, 0x36, 0xbc, 0x14, 0x57, 0x5d, 0xf5, 0x3f, 0xc7, 0xd7, 0xdc, 0xf6, 0xd7, 0x3f, 0xfd, 0xd1,
    0xfc, 0xff, 0x86, 0xb8, 0xea, 0xbf, 0xd5, 0x83, 0x5e, 0xfa, 0xad, 0x7f, 0xdb, 0xf0, 0x5a, 0xfc,
    0x3f, 0x15, 0xf0, 0x3a, 0xb7, 0xfe, 0xf5, 0x4f, 0xff, 0x36, 0xff, 0x4d, 0x6e, 0x79, 0xe9, 0xb7,
    0x36, 0x57, 0x5d, 0xf5, 0xdf, 0xe4, 0xb6, 0xbf, 0xfe, 0x69, 0xf1, 0xff, 0xc0, 0x2d, 0x2f, 0xfd,
    0xd6, 0xdf, 0x0d, 0xbc, 0x17, 0x57, 0x5d, 0xf5, 0xdf, 0x4c, 0x70, 0x49, 0xf0, 0xe0, 0x5b, 0xff,
    0xfa, 0xa7, 0x77, 0xf9, 0xff, 0x0d, 0x71, 0xd5, 0x7f, 0xab, 0x07, 0xbd, 0xf4, 0x5b, 0xff, 0xb6,
    0xe1, 0xb5, 0xf8, 0x7f, 0x2a, 0xe0, 0x75, 0x6e, 0xfd, 0xeb, 0x9f, 0xfe, 0x6d, 0xfe, 0x9b, 0xdc,
    0xf2, 0xd2, 0x6f, 0x6d, 0xae, 0xba, 0xea, 0xbf, 0xc9, 0x6d, 0x7f, 0xfd, 0xd3, 0xe2, 0xff, 0x89,
    0x5b, 0x5e, 0xfa, 0xad, 0xbf, 0x1b, 0x78, 0x2f, 0xae, 0xba, 0xea, 0xbf, 0xd7, 0xe7, 0xdc, 0xf6,
    0xd7, 0x3f, 0xfd, 0xd9, 0x5c, 0x85, 0xb8, 0xea, 0xbf, 0xd5, 0x83, 0x5e, 0xfa, 0xad, 0x7f, 0xdb,
    0xf0, 0x5a, 0xfc, 0x3f, 0x15, 0xf0, 0x3a, 0xb7, 0xfe, 0xf5, 0x4f, 0xff, 0x36, 0xff, 0x4d, 0x6e,
    0x79, 0xe9, 0xb7, 0x36, 0x57, 0x5d, 0xf5, 0xdf, 0xe4, 0xb6, 0xbf, 0xfe, 0x69, 0xf1, 0xff, 0xc8,
    0x83, 0x5f, 0xfa, 0xad, 0xdf, 0xdb, 0xf0, 0xd5, 0x86, 0x63, 0x5c, 0x75, 0xd5, 0x7f, 0x31, 0xc1,
    0xdf, 0x3c, 0xe3, 0xaf, 0x7f, 0xfa, 0xa5, 0xb9, 0x0a, 0x00, 0x71, 0xd5, 0x7f, 0xab, 0x07, 0xbd,
    0xf4, 0x5b, 0xff, 0x95, 0xe1, 0xa5, 0xf9, 0x7f, 0x2a, 0xe0, 0xc4, 0xad, 0x7f, 0xfd, 0xd3, 0xbb,
    0xfc, 0x37, 0xb9, 0xe5, 0xa5, 0xdf, 0xda, 0x5c, 0x75, 0xd5, 0x7f, 0x93, 0xdb, 0xfe, 0xfa, 0xa7,
    0xc5, 0xff, 0x33, 0x0f, 0x7e, 0xe9, 0xb7, 0x7e, 0x69, 0xc3, 0x57, 0x1b, 0x5e, 0x8b, 0xab, 0xae,
    0xfa, 0x2f, 0x22, 0x78, 0x86, 0xe0, 0xa5, 0x6f, 0xfd, 0xeb, 0x9f, 0xde, 0xe5, 0x2a, 0x00, 0xc4,
    0x55, 0xff, 0xad, 0x6e, 0x79, 0xe9, 0xb7, 0x36, 0xff, 0x8f, 0xdd, 0xf6, 0xd7, 0x3f, 0x2d, 0xfe,
    0x1b, 0xdd, 0xf2, 0xd2, 0x6f, 0x6d, 0xae, 0xba, 0xea, 0xbf, 0xc9, 0x6d, 0x7f, 0xfd, 0xd3, 0xe2,
    0xff, 0xa9, 0x07, 0xbf, 0xf4, 0x5b, 0xbf, 0xb7, 0xe1, 0xab, 0x0d, 0xc7, 0xb8, 0xea, 0xaa, 0xff,
    0x44, 0x82, 0x67, 0x08, 0xde, 0xfa, 0xd6, 0xbf, 0xfe, 0xe9, 0xbf, 0xe6, 0xaa, 0xfb, 0x21, 0xae,
    0xfa, 0x6f, 0x75, 0xcb, 0x4b, 0xbf, 0xb5, 0xf9, 0x7f, 0xec, 0xb6, 0xbf, 0xfe, 0x69, 0xf1, 0xdf,
    0xe8, 0x96, 0x97, 0x7e, 0x6b, 0x73, 0xd5, 0x55, 0xff, 0x4d, 0x6e, 0xfb, 0xeb, 0x9f, 0x16, 0xff,
    0x8f, 0x3d, 0xf8, 0xa5, 0xdf, 0xfa, 0x78, 0xc2, 0x47, 0x0b, 0x3e, 0xda, 0x70, 0x8c, 0xab, 0xae,
    0xfa, 0x0f, 0x26, 0xf8, 0x1b, 0xc1, 0x6b, 0xdf, 0xfa, 0xd7, 0x3f, 0xbd, 0xcb, 0x55, 0x0f, 0x84,
    0xb8, 0xea, 0xbf, 0xd5, 0x2d, 0x2f, 0xfd, 0xd6, 0xe6, 0xff, 0xb1, 0xdb, 0xfe, 0xfa, 0xa7, 0xc5,
    0x7f, 0xa3, 0x5b, 0x5e, 0xfa, 0xad, 0xcd, 0x55, 0x57, 0xfd, 0x37, 0xb9, 0xed, 0xaf, 0x7f, 0x5a,
    0x5c, 0xc5, 0x83, 0x5f, 0xfa, 0xad, 0x8f, 0x03, 0xef, 0x6d, 0xf8, 0x68, 0xc3, 0x83, 0xb8, 0xea,
    0xaa, 0x7f, 0x27, 0xc1, 0x25, 0xc3, 0x57, 0xdf, 0xf6, 0xd7, 0x3f, 0xfd, 0xd9, 0x5c, 0xf5, 0xfc,
    0x20, 0xae, 0xfa, 0x6f, 0x75, 0xcb, 0x4b, 0xbf, 0xb5, 0xf9, 0x7f, 0xec, 0xb6, 0xbf, 0xfe, 0x69,
    0xf1, 0xdf, 0xe8, 0x96, 0x97, 0x7e, 0x6b, 0x73, 0xd5, 0x55, 0xff, 0x4d, 0x6e, 0xfb, 0xeb, 0x9f,
    0x16, 0x57, 0x3d, 0x87, 0x07, 0xbf, 0xf4, 0x5b, 0xbf, 0x74, 0xc2, 0x7b, 0x0b, 0x5e, 0xdb, 0xf0,
    0x52, 0x5c, 0x75, 0xd5, 0xbf, 0x82, 0xe0, 0x92, 0xe1, 0xbb, 0x03, 0x3e, 0xfb, 0xd6, 0xbf, 0xfe,
    0xe9, 0x5d, 0xae, 0x7a, 0x41, 0x10, 0x57, 0xfd, 0xb7, 0xba, 0xe5, 0xa5, 0xdf, 0xda, 0xfc, 0x3f,
    0x76, 0xdb, 0x5f, 0xff, 0xb4, 0xf8, 0x6f, 0x74, 0xcb, 0x4b, 0xbf, 0xb5, 0xb9, 0xea, 0xaa, 0xff,
    0x26, 0xb7, 0xfd, 0xf5, 0x4f, 0x8b, 0xab, 0x5e, 0xa0, 0x07, 0xbf, 0xf4, 0x5b, 0x1f, 0x07, 0x5e,
    0x3b, 0xe1, 0xa5, 0x81, 0x97, 0x16, 0x1c, 0x07, 0x1e, 0x6c, 0x78, 0x10, 0x57, 0x5d, 0x05, 0x08,
    0xfe, 0x06, 0xd8, 0x35, 0xfc, 0x75, 0xc0, 0x6f, 0xdf, 0xfa, 0xd7, 0x3f, 0xfd, 0xd3, 0x5c, 0xf5,
    0xa2, 0x40, 0x5c, 0xf5, 0xdf, 0xea, 0x96, 0x97, 0x7e, 0x6b, 0xf3, 0xff, 0xd8, 0x6d, 0x7f, 0xfd,
    0xd3, 0xe2, 0xbf, 0xd1, 0x2d, 0x2f, 0xfd, 0xd6, 0xe6, 0xaa, 0xab, 0xfe, 0x9b, 0xdc, 0xf6, 0xd7,
    0x3f, 0x2d, 0xae, 0xfa, 0x6f, 0x73, 0xcb, 0x4b, 0xbf, 0xb5, 0xb9, 0xea, 0x59, 0x02, 0x1e, 0x72,
    0xeb, 0x5f, 0xff, 0xf4, 0xad, 0x5c, 0xf5, 0xff, 0x01, 0xe2, 0xaa, 0xff, 0x56, 0xb7, 0xbc, 0xf4,
    0x5b, 0x9b, 0xff, 0xc7, 0x6e, 0xfb, 0xeb, 0x9f, 0x16, 0xff, 0x8d, 0x6e, 0x79, 0xe9, 0xb7, 0x36,
    0x57, 0x5d, 0xf5, 0xdf, 0xe4, 0xb6, 0xbf, 0xfe, 0x69, 0x71, 0xd5, 0x7f, 0x9b, 0x5b, 0x5e, 0xfa,
    0xad, 0xcd, 0x55, 0xcf, 0x12, 0xf0, 0x3e, 0xb7, 0xfe, 0xf5, 0x4f, 0x7f, 0x37, 0x57, 0xfd, 0x7f,
    0x80, 0xb8, 0xea, 0xbf, 0xd5, 0x2d, 0x2f, 0xfd, 0xd6, 0xe6, 0xff, 0xb1, 0xdb, 0xfe, 0xfa, 0xa7,
    0xc5, 0x7f, 0xa3, 0x5b, 0x5e, 0xfa, 0xad, 0xcd, 0x55, 0x57, 0xfd, 0x37, 0xb9, 0xed, 0xaf, 0x7f,
    0x5a, 0x5c, 0xf5, 0xdf, 0xe6, 0x96, 0x97, 0x7e, 0x6b, 0x73, 0xd5, 0x03, 0x7d, 0xcf, 0x6d, 0x7f,
    0xfd, 0xd3, 0xef, 0xcd, 0x55, 0xff, 0x1f, 0x20, 0xae, 0xfa, 0x6f, 0x75, 0xcb, 0x4b, 0xbf, 0xb5,
    0xf9, 0x7f, 0xec, 0xb6, 0xbf, 0xfe, 0x69, 0xf1, 0xdf, 0xe8, 0x96, 0x97, 0x7e, 0x6b, 0x73, 0xd5,
    0x55, 0xff, 0x4d, 0x6e, 0xfb, 0xeb, 0x9f, 0x16, 0x57, 0xfd, 0xb7, 0xb9, 0xe5, 0xa5, 0xdf, 0xda,
    0x5c, 0xf5, 0x2c, 0x82, 0x5b, 0x9f, 0xf1, 0xd7, 0x3f, 0xfd, 0x10, 0xae, 0xfa, 0xff, 0x00, 0x71,
    0xd5, 0x7f, 0xab, 0x5b, 0x5e, 0xfa, 0xad, 0xcd, 0xff, 0x63, 0xb7, 0xfd, 0xf5, 0x4f, 0x8b, 0xff,
    0x46, 0xb7, 0xbc, 0xf4, 0x5b, 0x9b, 0xab, 0xae, 0xfa, 0x6f, 0x72, 0xdb, 0x5f, 0xff, 0xb4, 0xb8,
    0xea, 0xbf, 0xcd, 0x2d, 0x2f, 0xfd, 0xd6, 0xe6, 0xaa, 0xe7, 0x10, 0xf0, 0x90, 0x5b, 0xff, 0xfa,
    0xa7, 0x6f, 0xe5, 0xaa, 0xff, 0xeb, 0x10, 0x57, 0xfd, 0xb7, 0xba, 0xe5, 0xa5, 0xdf, 0xda, 0xfc,
    0x3f, 0x76, 0xdb, 0x5f, 0xff, 0xb4, 0xf8, 0x6f, 0x74, 0xcb, 0x4b, 0xbf, 0xb5, 0xb9, 0xea, 0xaa,
    0xff, 0x26, 0xb7, 0xfd, 0xf5, 0x4f, 0x8b, 0xab, 0xfe, 0xdb, 0xdc, 0xf2, 0xd2, 0x6f, 0x6d, 0xae,
    0x7a, 0x0e, 0x01, 0xef, 0x73, 0xeb, 0x5f, 0xff, 0xf4, 0x77, 0x73, 0xd5, 0xff, 0x75, 0x88, 0xab,
    0xfe, 0x5b, 0xdd, 0xf2, 0xd2, 0x6f, 0x6d, 0xfe, 0x1f, 0xbb, 0xed, 0xaf, 0x7f, 0x5a, 0xfc, 0x37,
    0xba, 0xe5, 0xa5, 0xdf, 0xda, 0x5c, 0x75, 0xd5, 0x7f, 0x93, 0xdb, 0xfe, 0xfa, 0xa7, 0xc5, 0x55,
    0xff, 0x6d, 0x6e, 0x79, 0xe9, 0xb7, 0x36, 0x57, 0x3d, 0xb7, 0xef, 0xb9, 0xed, 0xaf, 0x7f, 0xfa,
    0xbd, 0xb9, 0xea, 0xff, 0x3a, 0xc4, 0x55, 0xff, 0xad, 0x6e, 0x79, 0xe9, 0xb7, 0x36, 0xff, 0x8f,
    0xdd, 0xf6, 0xd7, 0x3f, 0x2d, 0xfe, 0x1b, 0xdd, 0xf2, 0xd2, 0x6f, 0x6d, 0xae, 0xba, 0xea, 0xbf,
    0xc9, 0x6d, 0x7f, 0xfd, 0xd3, 0xe2, 0xaa, 0xff, 0x36, 0xb7, 0xbc, 0xf4, 0x5b, 0x9b, 0xab, 0x9e,
    0x83, 0xe0, 0xd6, 0x67, 0xfc, 0xf5, 0x4f, 0x3f, 0x84, 0xab, 0xfe, 0xaf, 0x43, 0x5c, 0xf5, 0xdf,
    0xea, 0x96, 0x97, 0x7e, 0x6b, 0xf3, 0xff, 0xd8, 0x6d, 0x7f, 0xfd, 0xd3, 0xe2, 0xbf, 0xd1, 0x2d,
    0x2f, 0xfd, 0xd6, 0xe6, 0xaa, 0xab, 0xfe, 0x9b, 0xdc, 0xf6, 0xd7, 0x3f, 0x2d, 0xae, 0xfa, 0x6f,
    0x73, 0xcb, 0x4b, 0xbf, 0xb5, 0xb9, 0xea, 0x79, 0x04, 0x3c, 0xe4, 0xd6, 0xbf, 0xfe, 0xe9, 0x5b,
    0xb9, 0xea, 0xff, 0x32, 0xc4, 0x55, 0xff, 0xad, 0x6e, 0x79, 0xe9, 0xb7, 0x36, 0xff, 0x8f, 0xdd,
    0xf6, 0xd7, 0x3f, 0x2d, 0xfe, 0x1b, 0xdd, 0xf2, 0xd2, 0x6f, 0x6d, 0xae, 0xba, 0xea, 0xbf, 0xc9,
    0x6d, 0x7f, 0xfd, 0xd3, 0xe2, 0xaa, 0xff, 0x36, 0xb7, 0xbc, 0xf4, 0x5b, 0x9b, 0xab, 0x9e, 0x47,
    0xc0, 0xfb, 0xdc, 0xfa, 0xd7, 0x3f, 0xfd, 0xdd, 0x5c, 0xf5, 0x7f, 0x19, 0xe2, 0xaa, 0xff, 0x56,
    0xb7, 0xbc, 0xf4, 0x5b, 0x9b, 0xff, 0xc7, 0x6e, 0xfb, 0xeb, 0x9f, 0x16, 0xff, 0x8d, 0x6e, 0x79,
    0xe9, 0xb7, 0x36, 0x57, 0x5d, 0xf5, 0xdf, 0xe4, 0xb6, 0xbf, 0xfe, 0x69, 0x71, 0xd5, 0x7f, 0x9b,
    0x5b, 0x5e, 0xfa, 0xad, 0xcd, 0x55, 0xcf, 0xcf, 0xf7, 0xdc, 0xf6, 0xd7, 0x3f, 0xfd, 0xde, 0x5c,
    0xf5, 0x7f, 0x19, 0xe2, 0xaa, 0xff, 0x56, 0xb7, 0xbc, 0xf4, 0x5b, 0x9b, 0xff, 0xc7, 0x6e, 0xfb,
    0xeb, 0x9f, 0x16, 0xff, 0x8d, 0x6e, 0x79, 0xe9, 0xb7, 0x36, 0x57, 0x5d, 0xf5, 0xdf, 0xe4, 0xb6,
    0xbf, 0xfe, 0x69, 0x71, 0xd5, 0x7f, 0x9b, 0x5b, 0x5e, 0xfa, 0xad, 0xcd, 0x55, 0xcf, 0x43, 0x70,
    0xeb, 0x33, 0xfe, 0xfa, 0xa7, 0x1f, 0xc2, 0x55, 0xff, 0x97, 0x21, 0xae, 0xfa, 0x6f, 0x75, 0xcb,
    0x4b, 0xbf, 0xb5, 0xf9, 0x7f, 0xec, 0xb6, 0xbf, 0xfe, 0x69, 0xf1, 0xdf, 0xe8, 0x96, 0x97, 0x7e,
    0x6b, 0x73, 0xd5, 0x55, 0xff, 0x4d, 0x6e, 0xfb, 0xeb, 0x9f, 0x16, 0x57, 0xfd, 0xb7, 0xb9, 0xe5,
    0xa5, 0xdf, 0xda, 0x5c, 0xf5, 0x7c, 0x05, 0x3c, 0xe4, 0xd6, 0xbf, 0xfe, 0xe9, 0x5b, 0xb9, 0xea,
    0xff, 0x2a, 0xc4, 0x55, 0xff, 0xad, 0x6e, 0x79, 0xe9, 0xb7, 0x36, 0xff, 0x8f, 0xdd, 0xf6, 0xd7,
    0x3f, 0x2d, 0xfe, 0x1b, 0xdd, 0xf2, 0xd2, 0x6f, 0x6d, 0xae, 0xba, 0xea, 0xbf, 0xc9, 0x6d, 0x7f,
    0xfd, 0xd3, 0xe2, 0xaa, 0xff, 0x36, 0xb7, 0xbc, 0xf4, 0x5b, 0x9b, 0xab, 0x9e, 0xaf, 0x80, 0xf7,
    0xb9, 0xf5, 0xaf, 0x7f, 0xfa, 0xbb, 0xb9, 0xea, 0xff, 0x2a, 0xc4, 0x55, 0xff, 0xad, 0x6e, 0x79,
    0xe9, 0xb7, 0x36, 0xff, 0x8f, 0xdd, 0xf6, 0xd7, 0x3f, 0x2d, 0xfe, 0x1b, 0xdd, 0xf2, 0xd2, 0x6f,
    0x6d, 0xae, 0xba, 0xea, 0xbf, 0xc9, 0x6d, 0x7f, 0xfd, 0xd3, 0xe2, 0xaa, 0xff, 0x36, 0xb7, 0xbc,
    0xf4, 0x5b, 0x9b, 0xab, 0x5e, 0x90, 0xef, 0xb9, 0xed, 0xaf, 0x7f, 0xfa, 0xbd, 0xb9, 0xea, 0xff,
    0x2a, 0xc4, 0x55, 0xff, 0xad, 0x6e, 0x79, 0xe9, 0xb7, 0x36, 0xff, 0x8f, 0xdd, 0xf6, 0xd7, 0x3f,
    0x2d, 0xfe, 0x1b, 0xdd, 0xf2, 0xd2, 0x6f, 0x6d, 0xae, 0xba, 0xea, 0xbf, 0xc9, 0x6d, 0x7f, 0xfd,
    0xd3, 0xe2, 0xaa, 0xff, 0x36, 0xb7, 0xbc, 0xf4, 0x5b, 0x9b, 0xab, 0x9e, 0x2f, 0xc1, 0xad, 0xcf,
    0xf8, 0xeb, 0x9f, 0x7e, 0x08, 0x57, 0xfd, 0x5f, 0x85, 0xb8, 0xea, 0xbf, 0xd5, 0x2d, 0x2f, 0xfd,
    0xd6, 0xe6, 0xff, 0xb1, 0xdb, 0xfe, 0xfa, 0xa7, 0xc5, 0x7f, 0xa3, 0x5b, 0x5e, 0xfa, 0xad, 0xcd,
    0x55, 0x57, 0xfd, 0x37, 0xb9, 0xed, 0xaf, 0x7f, 0x5a, 0x5c, 0xf5, 0xdf, 0xe6, 0x96, 0x97, 0x7e,
    0x6b, 0x73, 0xd5, 0x0b, 0x14, 0xf0, 0x90, 0x5b, 0xff, 0xfa, 0xa7, 0x6f, 0xe5, 0xaa, 0xff, 0x8b,
    0x10, 0x57, 0xfd, 0xb7, 0xba, 0xe5, 0xa5, 0xdf, 0xda, 0xfc, 0x3f, 0x76, 0xdb, 0x5f, 0xff, 0xb4,
    0xf8, 0x6f, 0x74, 0xcb, 0x4b, 0xbf, 0xb5, 0xb9, 0xea, 0xaa, 0xff, 0x26, 0xb7, 0xfd, 0xf5, 0x4f,
    0x8b, 0xab, 0xfe, 0xdb, 0xdc, 0xf2, 0xd2, 0x6f, 0x6d, 0xae, 0x7a, 0x81, 0x02, 0xde, 0xe7, 0xd6,
    0xbf, 0xfe, 0xe9, 0xef, 0xe6, 0xaa, 0xff, 0x8b, 0x10, 0x57, 0xfd, 0xb7, 0xba, 0xe5, 0xa5, 0xdf,
    0xda, 0xfc, 0x3f, 0x76, 0xdb, 0x5f, 0xff, 0xb4, 0xf8, 0x6f, 0x74, 0xcb, 0x4b, 0xbf, 0xb5, 0xb9,
    0xea, 0xaa, 0xff, 0x26, 0xb7, 0xfd, 0xf5, 0x4f, 0x8b, 0xab, 0xfe, 0xdb, 0xdc, 0xf2, 0xd2, 0x6f,
    0x6d, 0xae, 0x7a, 0x61, 0xbe, 0xe7, 0xb6, 0xbf, 0xfe, 0xe9, 0xf7, 0xe6, 0xaa, 0xff, 0x8b, 0x10,
    0x57, 0xfd, 0xb7, 0xba, 0xe5, 0xa5, 0xdf, 0xda, 0xfc, 0x3f, 0x76, 0xdb, 0x5f, 0xff, 0xb4, 0xf8,
    0x6f, 0x74, 0xcb, 0x4b, 0xbf, 0xb5, 0xb9, 0xea, 0xaa, 0xff, 0x26, 0xb7, 0xfd, 0xf5, 0x4f, 0x8b,
    0xab, 0xfe, 0xdb, 0xdc, 0xf2, 0xd2, 0x6f, 0x6d, 0xae, 0x7a, 0x81, 0x04, 0xb7, 0x3e, 0xe3, 0xaf,
    0x7f, 0xfa, 0x21, 0x5c, 0xf5, 0x7f, 0x11, 0xe2, 0xaa, 0xff, 0x56, 0xb7, 0xbc, 0xf4, 0x5b, 0x9b,
    0xff, 0xc7, 0x6e, 0xfb, 0xeb, 0x9f, 0x16, 0xff, 0x8d, 0x6e, 0x79, 0xe9, 0xb7, 0x36, 0x57, 0x5d,
    0xf5, 0xdf, 0xe4, 0xb6, 0xbf, 0xfe, 0x69, 0x71, 0xd5, 0x7f, 0x9b, 0x5b, 0x5e, 0xfa, 0xad, 0xcd,
    0x55, 0x2f, 0x54, 0xc0, 0x43, 0x6e, 0xfd, 0xeb, 0x9f, 0xbe, 0x95, 0xab, 0xfe, 0xaf, 0x41, 0x5c,
    0xf5, 0xdf, 0xea, 0x96, 0x97, 0x7e, 0x6b, 0xf3, 0xff, 0xd8, 0x6d, 0x7f, 0xfd, 0xd3, 0xe2, 0xbf,
    0xd1, 0x2d, 0x2f, 0xfd, 0xd6, 0xe6, 0xaa, 0xab, 0xfe, 0x9b, 0xdc, 0xf6, 0xd7, 0x3f, 0x2d, 0xae,
    0xfa, 0x6f, 0x73, 0xcb, 0x4b, 0xbf, 0xb5, 0xb9, 0xea, 0x85, 0x0a, 0x78, 0x9f, 0x5b, 0xff, 0xfa,
    0xa7, 0xbf, 0x9b, 0xab, 0xfe, 0xaf, 0x41, 0x5c, 0xf5, 0xdf, 0xea, 0x96, 0x97, 0x7e, 0x6b, 0xf3,
    0xff, 0xd8, 0x6d, 0x7f, 0xfd, 0xd3, 0xe2, 0xbf, 0xd1, 0x2d, 0x2f, 0xfd, 0xd6, 0xe6, 0xaa, 0xab,
    0xfe, 0x9b, 0xdc, 0xf6, 0xd7, 0x3f, 0x2d, 0xae, 0xfa, 0x6f, 0x73, 0xcb, 0x4b, 0xbf, 0xb5, 0xb9,
    0xea, 0x5f, 0xf2, 0x3d, 0xb7, 0xfd, 0xf5, 0x4f, 0xbf, 0x37, 0x57, 0xfd, 0x5f, 0x83, 0xb8, 0xea,
    0xbf, 0xd5, 0x2d, 0x2f, 0xfd, 0xd6, 0xe6, 0xff, 0xb1, 0xdb, 0xfe, 0xfa, 0xa7, 0xc5, 0x7f, 0xa3,
    0x5b, 0x5e, 0xfa, 0xad, 0xcd, 0x55, 0x57, 0xfd, 0x37, 0xb9, 0xed, 0xaf, 0x7f, 0x5a, 0x5c, 0xf5,
    0xdf, 0xe6, 0x96, 0x97, 0x7e, 0x6b, 0x73, 0xd5, 0x0b, 0x25, 0xb8, 0xf5, 0x19, 0x7f, 0xfd, 0xd3,
    0x0f, 0xe1, 0xaa, 0xff, 0x6b, 0x10, 0x57, 0xfd, 0xb7, 0xba, 0xe5, 0xa5, 0xdf, 0xda, 0xfc, 0x3f,
    0x76, 0xdb, 0x5f, 0xff, 0xb4, 0xf8, 0x6f, 0x74, 0xcb, 0x4b, 0xbf, 0xb5, 0xb9, 0xea, 0xaa, 0xff,
    0x26, 0xb7, 0xfd, 0xf5, 0x4f, 0x8b, 0xab, 0xfe, 0xdb, 0xdc, 0xf2, 0xd2, 0x6f, 0x6d, 0xae, 0xfa,
    0x17, 0x05, 0x3c, 0xe4, 0xd6, 0xbf, 0xfe, 0xe9, 0x5b, 0xb9, 0xea, 0xff, 0x12, 0xc4, 0x55, 0xff,
    0xad, 0x6e, 0x79, 0xe9, 0xb7, 0x36, 0xff, 0x8f, 0xdd, 0xf6, 0xd7, 0x3f, 0x2d, 0xfe, 0x1b, 0xdd,
    0xf2, 0xd2, 0x6f, 0x6d, 0xae, 0xba, 0xea, 0xbf, 0xc9, 0x6d, 0x7f, 0xfd, 0xd3, 0xe2, 0xaa, 0xff,
    0x36, 0xb7, 0xbc, 0xf4, 0x5b, 0x9b, 0xab, 0xfe, 0x45, 0x01, 0xef, 0x73, 0xeb, 0x5f, 0xff, 0xf4,
    0x77, 0x73, 0xd5, 0xff, 0x25, 0x88, 0xab, 0xfe, 0x5b, 0xdd, 0xf2, 0xd2, 0x6f, 0x6d, 0xfe, 0x1f,
    0xbb, 0xed, 0xaf, 0x7f, 0x5a, 0xfc, 0x37, 0xba, 0xe5, 0xa5, 0xdf, 0xda, 0x5c, 0x75, 0xd5, 0x7f,
    0x93, 0xdb, 0xfe, 0xfa, 0xa7, 0xc5, 0x55, 0xff, 0x6d, 0x6e, 0x79, 0xe9, 0xb7, 0x36, 0x57, 0xbd,
    0x28, 0xbe, 0xe7, 0xb6, 0xbf, 0xfe, 0xe9, 0xf7, 0xe6, 0xaa, 0xff, 0x4b, 0x10, 0x57, 0xfd, 0xb7,
    0xba, 0xe5, 0xa5, 0xdf, 0xda, 0xfc, 0x3f, 0x76, 0xdb, 0x5f, 0xff, 0xb4, 0xf8, 0x6f, 0x74, 0xcb,
    0x4b, 0xbf, 0xb5, 0xb9, 0xea, 0xaa, 0xff, 0x26, 0xb7, 0xfd, 0xf5, 0x4f, 0x8b, 0xab, 0xfe, 0xdb,
    0xdc, 0xf2, 0xd2, 0x6f, 0x6d, 0xae, 0xfa, 0x17, 0x09, 0x6e, 0x7d, 0xc6, 0x5f, 0xff, 0xf4, 0x43,
    0xb8, 0xea, 0xff, 0x12, 0xc4, 0x55, 0xff, 0xad, 0x6e, 0x79, 0xe9, 0xb7, 0x36, 0xff, 0x8f, 0xdd,
    0xf6, 0xd7, 0x3f, 0x2d, 0xfe, 0x1b, 0xdd, 0xf2, 0xd2, 0x6f, 0x6d, 0xae, 0xba, 0xea, 0xbf, 0xc9,
    0x6d, 0x7f, 0xfd, 0xd3, 0xe2, 0xaa, 0xff, 0x36, 0xb7, 0xbc, 0xf4, 0x5b, 0x9b, 0xab, 0x5e, 0x24,
    0x01, 0x0f, 0xb9, 0xf5, 0xaf, 0x7f, 0xfa, 0x56, 0xae, 0xfa, 0xbf, 0x02, 0x71, 0xd5, 0x7f, 0xab,
    0x5b, 0x5e, 0xfa, 0xad, 0xcd, 0xff, 0x63, 0xb7, 0xfd, 0xf5, 0x4f, 0x8b, 0xff, 0x46, 0xb7, 0xbc,
    0xf4, 0x5b, 0x9b, 0xab, 0xae, 0xfa, 0x6f, 0x72, 0xdb, 0x5f, 0xff, 0xb4, 0xb8, 0xea, 0xbf, 0xcd,
    0x2d, 0x2f, 0xfd, 0xd6, 0xe6, 0xaa, 0x17, 0x49, 0xc0, 0xfb, 0xdc, 0xfa, 0xd7, 0x3f, 0xfd, 0xdd,
    0x5c, 0xf5, 0x7f, 0x05, 0xe2, 0xaa, 0xff, 0x56, 0xb7, 0xbc, 0xf4, 0x5b, 0x9b, 0xff, 0xc7, 0x6e,
    0xfb, 0xeb, 0x9f, 0x16, 0xff, 0x8d, 0x6e, 0x79, 0xe9, 0xb7, 0x36, 0x57, 0x5d, 0xf5, 0xdf, 0xe4,
    0xb6, 0xbf, 0xfe, 0x69, 0x71, 0xd5, 0x7f, 0x9b, 0x5b, 0x5e, 0xfa, 0xad, 0xcd, 0x55, 0x2f, 0xaa,
    0xef, 0xb9, 0xed, 0xaf, 0x7f, 0xfa, 0xbd, 0xb9, 0xea, 0xff, 0x0a, 0xc4, 0x55, 0xff, 0xad, 0x6e,
    0x79, 0xe9, 0xb7, 0x36, 0xff, 0x8f, 0xdd, 0xf6, 0xd7, 0x3f, 0x2d, 0xfe, 0x1b, 0xdd, 0xf2, 0xd2,
    0x6f, 0x6d, 0xae, 0xba, 0xea, 0xbf, 0xc9, 0x6d, 0x7f, 0xfd, 0xd3, 0xe2, 0xaa, 0xff, 0x36, 0xb7,
    0xbc, 0xf4, 0x5b, 0x9b, 0xab, 0x5e, 0x24, 0x82, 0x5b, 0x9f, 0xf1, 0xd7, 0x3f, 0xfd, 0x10, 0xae,
    0xfa, 0xbf, 0x02, 0x71, 0xd5, 0x7f, 0xab, 0x5b, 0x5e, 0xfa, 0xad, 0xcd, 0xff, 0x63, 0xb7, 0xfd,
    0xf5, 0x4f, 0x8b, 0xff, 0x46, 0xb7, 0xbc, 0xf4, 0x5b, 0x9b, 0xab, 0xae, 0xfa, 0x6f, 0x72, 0xdb,
    0x5f, 0xff, 0xb4, 0xb8, 0xea, 0xbf, 0xcd, 0x2d, 0x2f, 0xfd, 0xd6, 0xe6, 0xaa, 0x17, 0x59, 0xc0,
    0x43, 0x6e, 0xfd, 0xeb, 0x9f, 0xbe, 0x95, 0xab, 0xfe, 0x2f, 0x40, 0x5c, 0xf5, 0xdf, 0xea, 0x96,
    0x97, 0x7e, 0x6b, 0xf3, 0xff, 0xd8, 0x6d, 0x7f, 0xfd, 0xd3, 0xe2, 0xbf, 0xd1, 0x2d, 0x2f, 0xfd,
    0xd6, 0xe6, 0xaa, 0xab, 0xfe, 0x9b, 0xdc, 0xf6, 0xd7, 0x3f, 0x2d, 0xae, 0xfa, 0x6f, 0x73, 0xcb,
    0x4b, 0xbf, 0xb5, 0xb9, 0xea, 0x45, 0x16, 0xf0, 0x3e, 0xb7, 0xfe, 0xf5, 0x4f, 0x7f, 0x37, 0x57,
    0xfd, 0x5f, 0x80, 0xb8, 0xea, 0xbf, 0xd5, 0x2d, 0x2f, 0xfd, 0xd6, 0xe6, 0xff, 0xb1, 0xdb, 0xfe,
    0xfa, 0xa7, 0xc5, 0x7f, 0xa3, 0x5b, 0x5e, 0xfa, 0xad, 0xcd, 0x55, 0x57, 0xfd, 0x37, 0xb9, 0xed,
    0xaf, 0x7f, 0x5a, 0x5c, 0xf5, 0xdf, 0xe6, 0x96, 0x97, 0x7e, 0x6b, 0x73, 0xd5, 0xbf, 0xc6, 0xf7,
    0xdc, 0xf6, 0xd7, 0x3f, 0xfd, 0xde, 0x5c, 0xf5, 0x7f, 0x01, 0xe2, 0xaa, 0xff, 0x56, 0xb7, 0xbc,
    0xf4, 0x5b, 0x9b, 0xff, 0xc7, 0x6e, 0xfb, 0xeb, 0x9f, 0x16, 0xff, 0x8d, 0x6e, 0x79, 0xe9, 0xb7,
    0x36, 0x57, 0x5d, 0xf5, 0xdf, 0xe4, 0xb6, 0xbf, 0xfe, 0x69, 0x71, 0xd5, 0x7f, 0x9b, 0x5b, 0x5e,
    0xfa, 0xad, 0xcd, 0x55, 0x2f, 0x32, 0xc1, 0xad, 0xcf, 0xf8, 0xeb, 0x9f, 0x7e, 0x08, 0x57, 0xfd,
    0x5f, 0x80, 0xb8, 0xea, 0xbf, 0xd5, 0x2d, 0x2f, 0xfd, 0xd6, 0xe6, 0xff, 0xb1, 0xdb, 0xfe, 0xfa,
    0xa7, 0xc5, 0x7f, 0xa3, 0x5b, 0x5e, 0xfa, 0xad, 0xcd, 0x55, 0x57, 0xfd, 0x37, 0xb9, 0xed, 0xaf,
    0x7f, 0x5a, 0x5c, 0xf5, 0xdf, 0xe6, 0x96, 0x97, 0x7e, 0x6b, 0x73, 0xd5, 0xbf, 0x4a, 0xc0, 0x43,
    0x6e, 0xfd, 0xeb, 0x9f, 0xbe, 0x95, 0xab, 0xfe, 0xb7, 0x43, 0x5c, 0xf5, 0xdf, 0xea, 0x96, 0x97,
    0x7e, 0x6b, 0xf3, 0xff, 0xd8, 0x6d, 0x7f, 0xfd, 0xd3, 0xe2, 0xbf, 0xd1, 0x2d, 0x2f, 0xfd, 0xd6,
    0xe6, 0xaa, 0xab, 0xfe, 0x9b, 0xdc, 0xf6, 0xd7, 0x3f, 0x2d, 0xae, 0xfa, 0x6f, 0x73, 0xcb, 0x4b,
    0xbf, 0xb5, 0xb9, 0xea, 0x5f, 0x25, 0xe0, 0x7d, 0x6e, 0xfd, 0xeb, 0x9f, 0xfe, 0x6e, 0xae, 0xfa,
    0xdf, 0x0e, 0x71, 0xd5, 0x7f, 0xab, 0x5b, 0x5e, 0xfa, 0xad, 0xcd, 0xff, 0x63, 0xb7, 0xfd, 0xf5,
    0x4f, 0x8b, 0xff, 0x46, 0xb7, 0xbc, 0xf4, 0x5b, 0x9b, 0xab, 0xae, 0xfa, 0x6f, 0x72, 0xdb, 0x5f,
    0xff, 0xb4, 0xb8, 0xea, 0xbf, 0xcd, 0x2d, 0x2f, 0xfd, 0xd6, 0xe6, 0xaa, 0x7f, 0xad, 0xef, 0xb9,
    0xed, 0xaf, 0x7f, 0xfa, 0xbd, 0xb9, 0xea, 0x7f, 0x3b, 0xc4, 0x55, 0xff, 0xad, 0x6e, 0x79, 0xe9,
    0xb7, 0x36, 0xff, 0x8f, 0xdd, 0xf6, 0xd7, 0x3f, 0x2d, 0xfe, 0x1b, 0xdd, 0xf2, 0xd2, 0x6f, 0x6d,
    0xae, 0xba, 0xea, 0xbf, 0xc9, 0x6d, 0x7f, 0xfd, 0xd3, 0xe2, 0xaa, 0xff, 0x36, 0xb7, 0xbc, 0xf4,
    0x5b, 0x9b, 0xab, 0xfe, 0x55, 0x04, 0xb7, 0x3e, 0xe3, 0xaf, 0x7f, 0xfa, 0x21, 0x5c, 0xf5, 0xbf,
    0x1d, 0xe2, 0xaa, 0xff, 0x56, 0xb7, 0xbc, 0xf4, 0x5b, 0x9b, 0xff, 0xc7, 0x6e, 0xfb, 0xeb, 0x9f,
    0x16, 0xff, 0x8d, 0x6e, 0x79, 0xe9, 0xb7, 0x36, 0x57, 0x5d, 0xf5, 0xdf, 0xe4, 0xb6, 0xbf, 0xfe,
    0x69, 0x71, 0xd5, 0x7f, 0x9b, 0x5b, 0x5e, 0xfa, 0xad, 0xcd, 0x55, 0xff, 0x6a, 0x01, 0x0f, 0xb9,
    0xf5, 0xaf, 0x7f, 0xfa, 0x56, 0xae, 0xfa, 0xdf, 0x0c, 0x71, 0xd5, 0x7f, 0xab, 0x5b, 0x5e, 0xfa,
    0xad, 0xcd, 0xff, 0x63, 0xb7, 0xfd, 0xf5, 0x4f, 0x8b, 0xff, 0x46, 0xb7, 0xbc, 0xf4, 0x5b, 0x9b,
    0xab, 0xae, 0xfa, 0x6f, 0x72, 0xdb, 0x5f, 0xff, 0xb4, 0xb8, 0xea, 0xbf, 0xcd, 0x2d, 0x2f, 0xfd,
    0xd6, 0xe6, 0xaa, 0x7f, 0xb5, 0x80, 0xf7, 0xb9, 0xf5, 0xaf, 0x7f, 0xfa, 0xbb, 0xb9, 0xea, 0x7f,
    0x33, 0xc4, 0x55, 0xff, 0xad, 0x6e, 0x79, 0xe9, 0xb7, 0x36, 0xff, 0x8f, 0xdd, 0xf6, 0xd7, 0x3f,
    0x2d, 0xfe, 0x1b, 0xdd, 0xf2, 0xd2, 0x6f, 0x6d, 0xae, 0xba, 0xea, 0xbf, 0xc9, 0x6d, 0x7f, 0xfd,
    0xd3, 0xe2, 0xaa, 0xff, 0x36, 0xb7, 0xbc, 0xf4, 0x5b, 0x9b, 0xab, 0xfe, 0x2d, 0xbe, 0xe7, 0xb6,
    0xbf, 0xfe, 0xe9, 0xf7, 0xe6, 0xaa, 0xff, 0xcd, 0x10, 0x57, 0xfd, 0xb7, 0xba, 0xe5, 0xa5, 0xdf,
    0xda, 0xfc, 0x3f, 0x76, 0xdb, 0x5f, 0xff, 0xb4, 0xf8, 0x6f, 0x74, 0xcb, 0x4b, 0xbf, 0xb5, 0xb9,
    0xea, 0xaa, 0xff, 0x26, 0xb7, 0xfd, 0xf5, 0x4f, 0x8b, 0xab, 0xfe, 0xdb, 0xdc, 0xf2, 0xd2, 0x6f,
    0x6d, 0xae, 0xfa, 0x57, 0x13, 0xdc, 0xfa, 0x8c, 0xbf, 0xfe, 0xe9, 0x87, 0x70, 0xd5, 0xff, 0x66,
    0x88, 0xab, 0xfe, 0x5b, 0xdd, 0xf2, 0xd2, 0x6f, 0x6d, 0xfe, 0x1f, 0xbb, 0xed, 0xaf, 0x7f, 0x5a,
    0xfc, 0x37, 0xba, 0xe5, 0xa5, 0xdf, 0xda, 0x5c, 0x75, 0xd5, 0x7f, 0x93, 0xdb, 0xfe, 0xfa, 0xa7,
    0xc5, 0x55, 0xff, 0x6d, 0x6e, 0x79, 0xe9, 0xb7, 0x36, 0x57, 0xfd, 0x9b, 0x04, 0x3c, 0xe4, 0xd6,
    0xbf, 0xfe, 0xe9, 0x5b, 0xb9, 0xea, 0x7f, 0x2b, 0xc4, 0x55, 0xff, 0xad, 0x6e, 0x79, 0xe9, 0xb7,
    0x36, 0xff, 0x8f, 0xdd, 0xf6, 0xd7, 0x3f, 0x2d, 0xfe, 0x1b, 0xdd, 0xf2, 0xd2, 0x6f, 0x6d, 0xae,
    0xba, 0xea, 0xbf, 0xc9, 0x6d, 0x7f, 0xfd, 0xd3, 0xe2, 0xaa, 0xff, 0x36, 0xb7, 0xbc, 0xf4, 0x5b,
    0x9b, 0xab, 0xfe, 0x4d, 0x02, 0xde, 0xe7, 0xd6, 0xbf, 0xfe, 0xe9, 0xef, 0xe6, 0xaa, 0xff, 0xad,
    0x10, 0x57, 0xfd, 0xb7, 0xba, 0xe5, 0xa5, 0xdf, 0xda, 0xfc, 0x3f, 0x76, 0xdb, 0x5f, 0xff, 0xb4,
    0xf8, 0x6f, 0x74, 0xcb, 0x4b, 0xbf, 0xb5, 0xb9, 0xea, 0xaa, 0xff, 0x26, 0xb7, 0xfd, 0xf5, 0x4f,
    0x8b, 0xab, 0xfe, 0xdb, 0xdc, 0xf2, 0xd2, 0x6f, 0x6d, 0xae, 0xfa, 0xb7, 0xfa, 0x9e, 0xdb, 0xfe,
    0xfa, 0xa7, 0xdf, 0x9b, 0xab, 0xfe, 0xb7, 0x42, 0x5c, 0xf5, 0xdf, 0xea, 0x96, 0x97, 0x7e, 0x6b,
    0xf3, 0xff, 0xd8, 0x6d, 0x7f, 0xfd, 0xd3, 0xe2, 0xbf, 0xd1, 0x2d, 0x2f, 0xfd, 0xd6, 0xe6, 0xaa,
    0xab, 0xfe, 0x9b, 0xdc, 0xf6, 0xd7, 0x3f, 0x2d, 0xae, 0xfa, 0x6f, 0x73, 0xcb, 0x4b, 0xbf, 0xb5,
    0xb9, 0xea, 0xdf, 0x44, 0x70, 0xeb, 0x33, 0xfe, 0xfa, 0xa7, 0x1f, 0xc2, 0x55, 0xff, 0x5b, 0x21,
    0xae, 0xfa, 0x6f, 0x75, 0xcb, 0x4b, 0xbf, 0xb5, 0xf9, 0x7f, 0xec, 0xb6, 0xbf, 0xfe, 0x69, 0xf1,
    0xdf, 0xe8, 0x96, 0x97, 0x7e, 0x6b, 0x73, 0xd5, 0x55, 0xff, 0x4d, 0x6e, 0xfb, 0xeb, 0x9f, 0x16,
    0x57, 0xfd, 0xb7, 0xb9, 0xe5, 0xa5, 0xdf, 0xda, 0x5c, 0xf5, 0x6f, 0x16, 0xf0, 0x90, 0x5b, 0xff,
    0xfa, 0xa7, 0x6f, 0xe5, 0xaa, 0xff, 0x8d, 0x10, 0x57, 0xfd, 0xb7, 0xba, 0xe5, 0xa5, 0xdf, 0xda,
    0xfc, 0x3f, 0x76, 0xdb, 0x5f, 0xff, 0xb4, 0xf8, 0x6f, 0x74, 0xcb, 0x4b, 0xbf, 0xb5, 0xb9, 0xea,
    0xaa, 0xff, 0x26, 0xb7, 0xfd, 0xf5, 0x4f, 0x8b, 0xab, 0xfe, 0xdb, 0xdc, 0xf2, 0xd2, 0x6f, 0x6d,
    0xae, 0xfa, 0x37, 0x0b, 0x78, 0x9f, 0x5b, 0xff, 0xfa, 0xa7, 0xbf, 0x9b, 0xab, 0xfe, 0x37, 0x42,
    0x5c, 0xf5, 0xdf, 0xea, 0x41, 0x2f, 0xfd, 0xd6, 0xb7, 0x1a, 0x1e, 0xc4, 0xff, 0x43, 0x82, 0x67,
    0x3c, 0xe3, 0xaf, 0x7f, 0xfa, 0xc1, 0xfc, 0x37, 0xba, 0xe5, 0xa5, 0xdf, 0xda, 0x5c, 0x75, 0xd5,
    0x7f, 0x93, 0xdb, 0xfe, 0xfa, 0xa7, 0xc5, 0x55, 0xff, 0x6d, 0x6e, 0x79, 0xe9, 0xb7, 0x36, 0x57,
    0xfd, 0x7b, 0x7c, 0xcf, 0x6d, 0x7f, 0xfd, 0xd3, 0xef, 0xcd, 0x55, 0xff, 0x1b, 0x21, 0xae, 0xfa,
    0x6f, 0xf5, 0xa0, 0x97, 0x7e, 0xeb, 0xdf, 0x36, 0xbc, 0x16, 0xff, 0x0f, 0x09, 0x7e, 0xe7, 0x19,
    0x7f, 0xfd, 0xd3, 0xaf, 0xcd, 0x7f, 0xa3, 0x5b, 0x5e, 0xfa, 0xad, 0xcd, 0x55, 0x57, 0xfd, 0x37,
    0xb9, 0xed, 0xaf, 0x7f, 0x5a, 0x5c, 0xf5, 0xdf, 0xe6, 0x96, 0x97, 0x7e, 0x6b, 0x73, 0xd5, 0xbf,
    0x99, 0xe0, 0xd6, 0x67, 0xfc, 0xf5, 0x4f, 0x3f, 0x84, 0xab, 0xfe, 0x37, 0x42, 0x5c, 0xf5, 0xdf,
    0xea, 0x96, 0x97, 0x7e, 0xeb, 0x9f, 0x06, 0xde, 0x8a, 0xff, 0x9f, 0x7e, 0xe6, 0xb6, 0xbf, 0xfe,
    0xe9, 0xb7, 0xe6, 0xbf, 0xd1, 0x2d, 0x2f, 0xfd, 0xd6, 0xe6, 0xaa, 0xab, 0xfe, 0x9b, 0xdc, 0xf6,
    0xd7, 0x3f, 0x2d, 0xae, 0xfa, 0x6f, 0x73, 0xcb, 0x4b, 0xbf, 0xb5, 0xb9, 0xea, 0xdf, 0x25, 0xe0,
    0x21, 0xb7, 0xfe, 0xf5, 0x4f, 0xdf, 0xca, 0x55, 0xff, 0xdb, 0x20, 0xae, 0xfa, 0x6f, 0x75, 0xcb,
    0x4b, 0xbf, 0xf5, 0x67, 0x03, 0x9f, 0xc5, 0xff, 0x4f, 0x9f, 0x73, 0xdb, 0x5f, 0xff, 0xf4, 0x67,
    0xf3, 0xdf, 0xe8, 0x96, 0x97, 0x7e, 0x6b, 0x73, 0xd5, 0x55, 0xff, 0x4d, 0x6e, 0xfb, 0xeb, 0x9f,
    0x16, 0x57, 0xfd, 0xb7, 0xb9, 0xe5, 0xa5, 0xdf, 0xda, 0x5c, 0xf5, 0xef, 0x12, 0xf0, 0x3e, 0xb7,
    0xfe, 0xf5, 0x4f, 0x7f, 0x37, 0x57, 0xfd, 0x6f, 0x83, 0xb8, 0xea, 0xbf, 0xd5, 0x83, 0x5f, 0xfa,
    0xad, 0xdf, 0x3a, 0xe1, 0xa7, 0xf8, 0x7f, 0x28, 0xe0, 0x6d, 0x6e, 0xfd, 0xeb, 0x9f, 0xfe, 0x69,
    0xfe, 0x1b, 0xdd, 0xf2, 0xd2, 0x6f, 0x6d, 0xae, 0xba, 0xea, 0xbf, 0xc9, 0x6d, 0x7f, 0xfd, 0xd3,
    0xe2, 0xaa, 0xff, 0x36, 0xb7, 0xbc, 0xf4, 0x5b, 0x9b, 0xab, 0xfe, 0xbd, 0xbe, 0xe7, 0xb6, 0xbf,
    0xfe, 0xe9, 0xf7, 0xe6, 0xaa, 0xff, 0x6d, 0x10, 0x57, 0xfd, 0xb7, 0x7a, 0xf0, 0x4b, 0xbf, 0xf5,
    0xf1, 0x84, 0x8b, 0xfc, 0x3f, 0x14, 0x70, 0xe2, 0xd6, 0xbf, 0xfe, 0xe9, 0x5d, 0xfe, 0x1b, 0xdd,
    0xf2, 0xd2, 0x6f, 0x6d, 0xae, 0xba, 0xea, 0xbf, 0xc9, 0x6d, 0x7f, 0xfd, 0xd3, 0xe2, 0xaa, 0xff,
    0x36, 0xb7, 0xbc, 0xf4, 0x5b, 0x9b, 0xab, 0xfe, 0x5d, 0x04, 0xb7, 0x3e, 0xe3, 0xaf, 0x7f, 0xfa,
    0x21, 0x5c, 0xf5, 0xbf, 0x0d, 0xe2, 0xaa, 0xff, 0x76, 0x0f, 0x7a, 0xe9, 0xb7, 0xfe, 0x6b, 0xc3,
    0x4b, 0xf1, 0xff, 0x88, 0xe0, 0x6f, 0x9e, 0xf1, 0xd7, 0x3f, 0xfd, 0xd2, 0xfc, 0x37, 0xbb, 0xe5,
    0xa5, 0xdf, 0xda, 0x5c, 0x75, 0xd5, 0x7f, 0x93, 0xdb, 0xfe, 0xfa, 0xa7, 0xc5, 0x55, 0xff, 0x6d,
    0x6e, 0x79, 0xe9, 0xb7, 0x36, 0x57, 0xfd, 0xbb, 0x05, 0x3c, 0xe4, 0xd6, 0xbf, 0xfe, 0xe9, 0x5b,
    0xb9, 0xea, 0x7f, 0x13, 0xc4, 0x55, 0xff, 0xed, 0x6e, 0x79, 0xe9, 0xb7, 0xfe, 0x6a, 0xe0, 0xa3,
    0xf8, 0xff, 0xe5, 0x6b, 0x6e, 0xfb, 0xeb, 0x9f, 0xfe, 0x68, 0xfe, 0x9b, 0xdd, 0xf2, 0xd2, 0x6f,
    0x6d, 0xae, 0xba, 0xea, 0xbf, 0xc9, 0x6d, 0x7f, 0xfd, 0xd3, 0xe2, 0xaa, 0xff, 0x36, 0xb7, 0xbc,
    0xf4, 0x5b, 0x9b, 0xab, 0xfe, 0xdd, 0x02, 0xde, 0xe7, 0xd6, 0xbf, 0xfe, 0xe9, 0xef, 0xe6, 0xaa,
    0xff, 0x4d, 0x10, 0x57, 0xfd, 0xb7, 0x7b, 0xf0, 0x4b, 0xbf, 0xf5, 0x4b, 0x27, 0xfc, 0x15, 0xff,
    0x8f, 0x04, 0xbc, 0xcc, 0xad, 0x7f, 0xfd, 0xd3, 0x7f, 0xcd, 0x7f, 0xb3, 0x5b, 0x5e, 0xfa, 0xad,
    0xcd, 0x55, 0x57, 0xfd, 0x37, 0xb9, 0xed, 0xaf, 0x7f, 0x5a, 0x5c, 0xf5, 0xdf, 0xe6, 0x96, 0x97,
    0x7e, 0x6b, 0x73, 0xd5, 0x7f, 0x84, 0xef, 0xb9, 0xed, 0xaf, 0x7f, 0xfa, 0xbd, 0xb9, 0xea, 0x7f,
    0x13, 0xc4, 0x55, 0xff, 0x23, 0x3c, 0xe8, 0xa5, 0xdf, 0xfa, 0x56, 0xc3, 0x83, 0xf8, 0x7f, 0x40,
    0xf0, 0x8c, 0x67, 0xfc, 0xf5, 0x4f, 0x3f, 0x98, 0xff, 0x01, 0x6e, 0x79, 0xe9, 0xb7, 0x36, 0x57,
    0x5d, 0xf5, 0xdf, 0xe4, 0xb6, 0xbf, 0xfe, 0x69, 0x71, 0xd5, 0x7f, 0x9b, 0x5b, 0x5e, 0xfa, 0xad,
    0xcd, 0x55, 0xff, 0x6e, 0x82, 0x5b, 0x9f, 0xf1, 0xd7, 0x3f, 0xfd, 0x10, 0xae, 0xfa, 0xdf, 0x04,
    0x71, 0xd5, 0xff, 0x08, 0x0f, 0x7e, 0xe9, 0xb7, 0xfe, 0xe8, 0x84, 0xaf, 0xe2, 0xff, 0x81, 0x80,
    0x8f, 0xb9, 0xf5, 0xaf, 0x7f, 0xfa, 0xab, 0xf9, 0x1f, 0xe0, 0x96, 0x97, 0x7e, 0x6b, 0x73, 0xd5,
    0x55, 0xff, 0x4d, 0x6e, 0xfb, 0xeb, 0x9f, 0x16, 0x57, 0xfd, 0xb7, 0xb9, 0xe5, 0xa5, 0xdf, 0xda,
    0x5c, 0xf5, 0x1f, 0x22, 0xe0, 0x21, 0xb7, 0xfe, 0xf5, 0x4f, 0xdf, 0xca, 0x55, 0xff, 0x5b, 0x20,
    0xae, 0xfa, 0x1f, 0xe1, 0xc1, 0x2f, 0xfd, 0xd6, 0xc7, 0x0d, 0xb7, 0x1a, 0x8e, 0xf1, 0x7f, 0x98,
    0xe0, 0x92, 0xe0, 0xc1, 0xb7, 0xfe, 0xf5, 0x4f, 0xef, 0xf2, 0x3f, 0xc0, 0x2d, 0x2f, 0xfd, 0xd6,
    0xe6, 0xaa, 0xab, 0xfe, 0x9b, 0xdc, 0xf6, 0xd7, 0x3f, 0x2d, 0xae, 0xfa, 0x6f, 0x73, 0xcb, 0x4b,
    0xbf, 0xb5, 0xb9, 0xea, 0x3f, 0x44, 0xc0, 0xfb, 0xdc, 0xfa, 0xd7, 0x3f, 0xfd, 0xdd, 0x5c, 0xf5,
    0xbf, 0x05, 0xe2, 0xaa, 0xff, 0x31, 0x6e, 0x79, 0xe9, 0xb7, 0xfe, 0x6c, 0xe0, 0xb3, 0xf8, 0xbf,
    0xed, 0x73, 0x6e, 0xfb, 0xeb, 0x9f, 0xfe, 0x6c, 0xfe, 0x87, 0xb8, 0xe5, 0xa5, 0xdf, 0xda, 0x5c,
    0x75, 0xd5, 0x7f, 0x93, 0xdb, 0xfe, 0xfa, 0xa7, 0xc5, 0x55, 0xff, 0x6d, 0x6e, 0x79, 0xe9, 0xb7,
    0x36, 0x57, 0xfd, 0x47, 0xf9, 0x9e, 0xdb, 0xfe, 0xfa, 0xa7, 0xdf, 0x9b, 0xab, 0xfe, 0xb7, 0x40,
    0x5c, 0xf5, 0x3f, 0xc6, 0x83, 0x5f, 0xfa, 0xad, 0x8f, 0x1b, 0x6e, 0x35, 0x1c, 0xe3, 0xff, 0x20,
    0xc1, 0x25, 0xc1, 0x83, 0x6f, 0xfd, 0xeb, 0x9f, 0xde, 0xe5, 0x7f, 0x88, 0x5b, 0x5e, 0xfa, 0xad,
    0xcd, 0x55, 0x57, 0xfd, 0x37, 0xb9, 0xed, 0xaf, 0x7f, 0x5a, 0x5c, 0xf5, 0xdf, 0xe6, 0x96, 0x97,
    0x7e, 0x6b, 0x73, 0xd5, 0x7f, 0x08, 0xc1, 0xad, 0xcf, 0xf8, 0xeb, 0x9f, 0x7e, 0x08, 0x57, 0xfd,
    0x6f, 0x81, 0xb8, 0xea, 0x7f, 0x94, 0x07, 0xbf, 0xf4, 0x5b, 0xbf, 0x77, 0xc2, 0x77, 0xf1, 0x7f,
    0x50, 0xc0, 0xfb, 0xdc, 0xfa, 0xd7, 0x3f, 0xfd, 0xdd, 0xfc, 0x0f, 0x72, 0xcb, 0x4b, 0xbf, 0xb5,
    0xb9, 0xea, 0xaa, 0xff, 0x26, 0xb7, 0xfd, 0xf5, 0x4f, 0x8b, 0xab, 0xfe, 0xdb, 0xdc, 0xf2, 0xd2,
    0x6f, 0x6d, 0xae, 0xfa, 0x0f, 0x13, 0xf0, 0x90, 0x5b, 0xff, 0xfa, 0xa7, 0x6f, 0xe5, 0xaa, 0xff,
    0x0d, 0x10, 0x57, 0xfd, 0x8f, 0xf3, 0xa0, 0x97, 0x7e, 0xeb, 0xdf, 0x36, 0xbc, 0x16, 0xff, 0x87,
    0x08, 0x7e, 0xe7, 0x19, 0x7f, 0xfd, 0xd3, 0xaf, 0xcd, 0xff, 0x30, 0xb7, 0xbc, 0xf4, 0x5b, 0x9b,
    0xab, 0xae, 0xfa, 0x6f, 0x72, 0xdb, 0x5f, 0xff, 0xb4, 0xb8, 0xea, 0xbf, 0xcd, 0x2d, 0x2f, 0xfd,
    0xd6, 0xe6, 0xaa, 0xff, 0x30, 0x01, 0xef, 0x73, 0xeb, 0x5f, 0xff, 0xf4, 0x77, 0x73, 0xd5, 0xff,
    0x06, 0x88, 0xab, 0xfe, 0xc7, 0x79, 0xf0, 0x4b, 0xbf, 0xf5, 0x4b, 0x1b, 0x7e, 0xdb, 0x70, 0x8c,
    0xff, 0x03, 0x04, 0x97, 0x04, 0x2f, 0x7d, 0xeb, 0x5f, 0xff, 0xf4, 0xad, 0xfc, 0x0f, 0x73, 0xcb,
    0x4b, 0xbf, 0xb5, 0xb9, 0xea, 0xaa, 0xff, 0x26, 0xb7, 0xfd, 0xf5, 0x4f, 0x8b, 0xab, 0xfe, 0xdb,
    0xdc, 0xf2, 0xd2, 0x6f, 0x6d, 0xae, 0xfa, 0x8f, 0xf4, 0x3d, 0xb7, 0xfd, 0xf5, 0x4f, 0xbf, 0x37,
    0x57, 0xfd, 0x6f, 0x80, 0xb8, 0xea, 0x7f, 0xa4, 0x07, 0xbf, 0xf4, 0x5b, 0xbf, 0x77, 0xc2, 0x77,
    0xf1, 0x7f, 0x40, 0xc0, 0xdb, 0xdc, 0xfa, 0xd7, 0x3f, 0xfd, 0xd3, 0xfc, 0x0f, 0x74, 0xcb, 0x4b,
    0xbf, 0xb5, 0xb9, 0xea, 0xaa, 0xff, 0x26, 0xb7, 0xfd, 0xf5, 0x4f, 0x8b, 0xab, 0xfe, 0xdb, 0xdc,
    0xf2, 0xd2, 0x6f, 0x6d, 0xae, 0xfa, 0x0f, 0x23, 0xb8, 0xf5, 0x19, 0x7f, 0xfd, 0xd3, 0x0f, 0xe1,
    0xaa, 0xff, 0x0d, 0x10, 0x57, 0xfd, 0x8f, 0x75, 0xcb, 0x4b, 0xbf, 0xf5, 0x77, 0x03, 0xef, 0xc5,
    0xff, 0x6e, 0xdf, 0x73, 0xdb, 0x5f, 0xff, 0xf4, 0x7b, 0xf3, 0x3f, 0xd4, 0x2d, 0x2f, 0xfd, 0xd6,
    0xe6, 0xaa, 0xab, 0xfe, 0x9b, 0xdc, 0xf6, 0xd7, 0x3f, 0x2d, 0xae, 0xfa, 0x6f, 0x73, 0xcb, 0x4b,
    0xbf, 0xb5, 0xb9, 0xea, 0x3f, 0x54, 0xc0, 0x43, 0x6e, 0xfd, 0xeb, 0x9f, 0xbe, 0x95, 0xab, 0xfe,
    0xa7, 0x43, 0x5c, 0xf5, 0x3f, 0xda, 0x2d, 0x2f, 0xfd, 0xd6, 0xdf, 0x0d, 0xbc, 0x17, 0xff, 0x3b,
    0x7d, 0xcf, 0x6d, 0x7f, 0xfd, 0xd3, 0xef, 0xcd, 0xff, 0x60, 0xb7, 0xbc, 0xf4, 0x5b, 0x9b, 0xab,
    0xae, 0xfa, 0x6f, 0x72, 0xdb, 0x5f, 0xff, 0xb4, 0xb8, 0xea, 0xbf, 0xcd, 0x2d, 0x2f, 0xfd, 0xd6,
    0xe6, 0xaa, 0xff, 0x50, 0x01, 0xef, 0x73, 0xeb, 0x5f, 0xff, 0xf4, 0x77, 0x73, 0xd5, 0xff, 0x74,
    0x88, 0xab, 0xfe, 0xc7, 0x7b, 0xd0, 0x4b, 0xbf, 0xf5, 0x5f, 0x1b, 0x5e, 0x8a, 0xff, 0x5d, 0x7e,
    0xe6, 0xb6, 0xbf, 0xfe, 0xe9, 0xb7, 0xe6, 0x7f, 0xb8, 0x5b, 0x5e, 0xfa, 0xad, 0xcd, 0x55, 0x57,
    0xfd, 0x37, 0xb9, 0xed, 0xaf, 0x7f, 0x5a, 0x5c, 0xf5, 0xdf, 0xe6, 0x96, 0x97, 0x7e, 0x6b, 0x73,
    0xd5, 0x7f, 0xb4, 0xef, 0xb9, 0xed, 0xaf, 0x7f, 0xfa, 0xbd, 0xb9, 0xea, 0x7f, 0x3a, 0xc4, 0x55,
    0xff, 0x2b, 0xdc, 0xf2, 0xd2, 0x6f, 0xfd, 0xdd, 0xc0, 0x7b, 0xf1, 0xbf, 0xc3, 0xf7, 0xdc, 0xf6,
    0xd7, 0x3f, 0xfd, 0xde, 0xfc, 0x2f, 0x70, 0xcb, 0x4b, 0xbf, 0xb5, 0xb9, 0xea, 0xaa, 0xff, 0x26,
    0xb7, 0xfd, 0xf5, 0x4f, 0x8b, 0xab, 0xfe, 0xdb, 0xdc, 0xf2, 0xd2, 0x6f, 0x6d, 0xae, 0xfa, 0x0f,
    0x25, 0xb8, 0xf5, 0x19, 0x7f, 0xfd, 0xd3, 0x0f, 0xe1, 0xaa, 0xff, 0xe9, 0x10, 0x57, 0xfd, 0xaf,
    0x71, 0xcb, 0x4b, 0xbf, 0xf5, 0x77, 0x03, 0xef, 0xc5, 0xff, 0x6c, 0xdf, 0x73, 0xdb, 0x5f, 0xff,
    0xf4, 0x7b, 0xf3, 0xbf, 0xc4, 0x2d, 0x2f, 0xfd, 0xd6, 0xe6, 0xaa, 0xab, 0xfe, 0x9b, 0xdc, 0xf6,
    0xd7, 0x3f, 0x2d, 0xae, 0xfa, 0x6f, 0x73, 0xcb, 0x4b, 0xbf, 0xb5, 0xb9, 0xea, 0x3f, 0x5c, 0xc0,
    0x43, 0x6e, 0xfd, 0xeb, 0x9f, 0xbe, 0x95, 0xab, 0xfe, 0x27, 0x43, 0x5c, 0xf5, 0xbf, 0xca, 0x83,
    0x5f, 0xfa, 0xad, 0xdf, 0xdb, 0xf0, 0xd5, 0x86, 0x63, 0xfc, 0x0f, 0x22, 0xb8, 0x24, 0x78, 0xef,
    0x5b, 0xff, 0xfa, 0xa7, 0x7f, 0x9a, 0xff, 0x45, 0x6e, 0x79, 0xe9, 0xb7, 0x36, 0x57, 0x5d, 0xf5,
    0xdf, 0xe4, 0xb6, 0xbf, 0xfe, 0x69, 0x71, 0xd5, 0x7f, 0x9b, 0x5b, 0x5e, 0xfa, 0xad, 0xcd, 0x55,
    0xff, 0xe1, 0x02, 0xde, 0xe7, 0xd6, 0xbf, 0xfe, 0xe9, 0xef, 0xe6, 0xaa, 0xff, 0xc9, 0x10, 0x57,
    0xfd, 0xaf, 0xf3, 0xe0, 0x97, 0x7e, 0xeb, 0x97, 0x36, 0x7c, 0xb5, 0xe1, 0xb5, 0xf8, 0x1f, 0x40,
    0xf0, 0x3b, 0x82, 0xf7, 0xbe, 0xf5, 0xaf, 0x7f, 0xfa, 0x56, 0xfe, 0x97, 0xb9, 0xe5, 0xa5, 0xdf,
    0xda, 0x5c, 0x75, 0xd5, 0x7f, 0x93, 0xdb, 0xfe, 0xfa, 0xa7, 0xc5, 0x55, 0xff, 0x6d, 0x6e, 0x79,
    0xe9, 0xb7, 0x36, 0x57, 0xfd, 0x67, 0xf8, 0x9e, 0xdb, 0xfe, 0xfa, 0xa7, 0xdf, 0x9b, 0xab, 0xfe,
    0x27, 0x43, 0x5c, 0xf5, 0xbf, 0xd6, 0x83, 0x5f, 0xfa, 0xad, 0xdf, 0xdb, 0xf0, 0xd5, 0x86, 0x63,
    0xfc, 0x37, 0x10, 0x5c, 0x12, 0x7c, 0xf4, 0xad, 0x7f, 0xfd, 0xd3, 0xdf, 0xcd, 0xff, 0x52, 0xb7,
    0xbc, 0xf4, 0x5b, 0x9b, 0xab, 0xae, 0xfa, 0x6f, 0x72, 0xdb, 0x5f, 0xff, 0xb4, 0xb8, 0xea, 0xbf,
    0xcd, 0x2d, 0x2f, 0xfd, 0xd6, 0xe6, 0xaa, 0xff, 0x70, 0x82, 0x5b, 0x9f, 0xf1, 0xd7, 0x3f, 0xfd,
    0x10, 0xae, 0xfa, 0x9f, 0x0c, 0x71, 0xd5, 0xff, 0x6a, 0x0f, 0x7e, 0xe9, 0xb7, 0x3e, 0x9e, 0xf0,
    0xd1, 0x82, 0x8f, 0x36, 0x1c, 0xe3, 0xbf, 0x80, 0xe0, 0x92, 0xe1, 0xab, 0x03, 0xbe, 0xfa, 0xd6,
    0xbf, 0xfe, 0xe9, 0x5d, 0xfe, 0x17, 0xbb, 0xe5, 0xa5, 0xdf, 0xda, 0x5c, 0x75, 0xd5, 0x7f, 0x93,
    0xdb, 0xfe, 0xfa, 0xa7, 0xc5, 0x55, 0xff, 0x6d, 0x6e, 0x79, 0xe9, 0xb7, 0x36, 0x57, 0xfd, 0xa7,
    0x08, 0x78, 0xc8, 0xad, 0x7f, 0xfd, 0xd3, 0xb7, 0x72, 0xd5, 0xff, 0x54, 0x88, 0xab, 0xfe, 0x4f,
    0x78, 0xf0, 0x4b, 0xbf, 0xf5, 0x71, 0xe0, 0xbd, 0x0d, 0x1f, 0x6d, 0x78, 0x10, 0xff, 0x09, 0x04,
    0xcf, 0x10, 0x7c, 0x35, 0xf0, 0xdd, 0xb7, 0xfe, 0xf5, 0x4f, 0xef, 0xf2, 0x7f, 0xc0, 0x2d, 0x2f,
    0xfd, 0xd6, 0xe6, 0xaa, 0xab, 0xfe, 0x9b, 0xdc, 0xf6, 0xd7, 0x3f, 0x2d, 0xae, 0xfa, 0x6f, 0x73,
    0xcb, 0x4b, 0xbf, 0xb5, 0xb9, 0xea, 0x3f, 0x45, 0xc0, 0xfb, 0xdc, 0xfa, 0xd7, 0x3f, 0xfd, 0xdd,
    0x5c, 0xf5, 0x3f, 0x15, 0xe2, 0xaa, 0xff, 0x73, 0x1e, 0xfc, 0xd2, 0x6f, 0xfd, 0xd2, 0x09, 0xef,
    0x2d, 0x78, 0x6d, 0xc3, 0x4b, 0xf1, 0xef, 0x20, 0xf8, 0x1b, 0xc3, 0x6f, 0x07, 0x7c, 0xf7, 0xad,
    0x7f, 0xfd, 0xd3, 0x7f, 0xcd, 0xff, 0x31, 0xb7, 0xbc, 0xf4, 0x5b, 0x9b, 0xab, 0xae, 0xfa, 0x6f,
    0x72, 0xdb, 0x5f, 0xff, 0xb4, 0xb8, 0xea, 0xbf, 0xcd, 0x2d, 0x2f, 0xfd, 0xd6, 0xe6, 0xaa, 0xff,
    0x2c, 0xdf, 0x73, 0xdb, 0x5f, 0xff, 0xf4, 0x7b, 0x73, 0xd5, 0xff, 0x54, 0x88, 0xab, 0xfe, 0x4f,
    0x7b, 0xf0, 0x4b, 0xbf, 0xf5, 0x71, 0xe0, 0xb5, 0x13, 0x5e, 0x1a, 0x78, 0x69, 0xc1, 0x71, 0xe0,
    0xc1, 0x86, 0x07, 0xf1, 0x00, 0x82, 0x67, 0x00, 0xb7, 0x1a, 0x76, 0x81, 0xbf, 0x0e, 0xf8, 0x6b,
    0xe0, 0xb7, 0x6f, 0xfd, 0xeb, 0x9f, 0xde, 0xe5, 0xff, 0xb0, 0x5b, 0x5e, 0xfa, 0xad, 0xcd, 0x55,
    0x57, 0xfd, 0x37, 0xb9, 0xed, 0xaf, 0x7f, 0x5a, 0x5c, 0xf5, 0xdf, 0xe6, 0x96, 0x97, 0x7e, 0x6b,
    0x73, 0xd5, 0x7f, 0x0a, 0xc1, 0xad, 0xcf, 0xf8, 0xeb, 0x9f, 0x7e, 0x08, 0x57, 0xfd, 0x4f, 0x85,
    0xb8, 0xea, 0xaa, 0xff, 0xc7, 0x6e, 0x79, 0xe9, 0xb7, 0x36, 0x57, 0x5d, 0xf5, 0xdf, 0xe4, 0xb6,
    0xbf, 0xfe, 0x69, 0x71, 0xd5, 0x7f, 0x9b, 0x5b, 0x5e, 0xfa, 0xad, 0xcd, 0x55, 0xff, 0x69, 0x02,
    0x1e, 0x72, 0xeb, 0x5f, 0xff, 0xf4, 0xad, 0x5c, 0xf5, 0x3f, 0x11, 0xe2, 0xaa, 0xab, 0xfe, 0x1f,
    0xbb, 0xe5, 0xa5, 0xdf, 0xda, 0x5c, 0x75, 0xd5, 0x7f, 0x93, 0xdb, 0xfe, 0xfa, 0xa7, 0xc5, 0x55,
    0xff, 0x6d, 0x6e, 0x79, 0xe9, 0xb7, 0x36, 0x57, 0xfd, 0xa7, 0x09, 0x78, 0x9f, 0x5b, 0xff, 0xfa,
    0xa7, 0xbf, 0x9b, 0xab, 0xfe, 0x27, 0x42, 0x5c, 0x75, 0xd5, 0xff, 0x63, 0xb7, 0xbc, 0xf4, 0x5b,
    0x9b, 0xab, 0xae, 0xfa, 0x6f, 0x72, 0xdb, 0x5f, 0xff, 0xb4, 0xb8, 0xea, 0xbf, 0xcd, 0x2d, 0x2f,
    0xfd, 0xd6, 0xe6, 0xaa, 0xff, 0x4c, 0xdf, 0x73, 0xdb, 0x5f, 0xff, 0xf4, 0x7b, 0x73, 0xd5, 0xff,
    0x44, 0x88, 0xab, 0xae, 0xfa, 0x7f, 0xec, 0x96, 0x97, 0x7e, 0x6b, 0x73, 0xd5, 0x55, 0xff, 0x4d,
    0x6e, 0xfb, 0xeb, 0x9f, 0x16, 0x57, 0xfd, 0xb7, 0xb9, 0xe5, 0xa5, 0xdf, 0xda, 0x5c, 0xf5, 0x9f,
    0x46, 0x70, 0xeb, 0x33, 0xfe, 0xfa, 0xa7, 0x1f, 0xc2, 0x55, 0xff, 0x13, 0x21, 0xae, 0xba, 0xea,
    0xff, 0xb1, 0x5b, 0x5e, 0xfa, 0xad, 0xcd, 0x55, 0x57, 0xfd, 0x37, 0xb9, 0xed, 0xaf, 0x7f, 0x5a,
    0x5c, 0xf5, 0xdf, 0xe6, 0x96, 0x97, 0x7e, 0x6b, 0x73, 0xd5, 0x7f, 0xaa, 0x80, 0x87, 0xdc, 0xfa,
    0xd7, 0x3f, 0x7d, 0x2b, 0x57, 0xfd, 0x4f, 0x83, 0xb8, 0xea, 0xaa, 0xff, 0xc7, 0x6e, 0x79, 0xe9,
    0xb7, 0x36, 0x57, 0x5d, 0xf5, 0xdf, 0xe4, 0xb6, 0xbf, 0xfe, 0x69, 0x71, 0xd5, 0x7f, 0x9b, 0x5b,
    0x5e, 0xfa, 0xad, 0xcd, 0x55, 0xff, 0xa9, 0x02, 0xde, 0xe7, 0xd6, 0xbf, 0xfe, 0xe9, 0xef, 0xe6,
    0xaa, 0xff, 0x69, 0x10, 0x57, 0x5d, 0xf5, 0xff, 0xd8, 0x2d, 0x2f, 0xfd, 0xd6, 0xe6, 0xaa, 0xab,
    0xfe, 0x9b, 0xdc, 0xf6, 0xd7, 0x3f, 0x2d, 0xae, 0xfa, 0x6f, 0x73, 0xcb, 0x4b, 0xbf, 0xb5, 0xb9,
    0xea, 0x3f, 0xdb, 0xf7, 0xdc, 0xf6, 0xd7, 0x3f, 0xfd, 0xde, 0x5c, 0xf5, 0x3f, 0x0d, 0xe2, 0xaa,
    0xab, 0xfe, 0x1f, 0xbb, 0xe5, 0xa5, 0xdf, 0xda, 0x5c, 0x75, 0xd5, 0x7f, 0x93, 0xdb, 0xfe, 0xfa,
    0xa7, 0xc5, 0x55, 0xff, 0x6d, 0x6e, 0x79, 0xe9, 0xb7, 0x36, 0x57, 0xfd, 0xa7, 0x12, 0xdc, 0xfa,
    0x8c, 0xbf, 0xfe, 0xe9, 0x87, 0x70, 0xd5, 0xff, 0x34, 0x88, 0xab, 0xae, 0xfa, 0x7f, 0xec, 0x96,
    0x97, 0x7e, 0x6b, 0x73, 0xd5, 0x55, 0xff, 0x4d, 0x6e, 0xfb, 0xeb, 0x9f, 0x16, 0x57, 0xfd, 0xb7,
    0xb9, 0xe5, 0xa5, 0xdf, 0xda, 0x5c, 0xf5, 0x9f, 0x2e, 0xe0, 0x21, 0xb7, 0xfe, 0xf5, 0x4f, 0xdf,
    0xca, 0x55, 0xff, 0x93, 0x20, 0xae, 0xba, 0xea, 0xff, 0xb1, 0x5b, 0x5e, 0xfa, 0xad, 0xcd, 0x55,
    0x57, 0xfd, 0x37, 0xb9, 0xed, 0xaf, 0x7f, 0x5a, 0x5c, 0xf5, 0xdf, 0xe6, 0x96, 0x97, 0x7e, 0x6b,
    0x73, 0xd5, 0x7f, 0xba, 0x80, 0xf7, 0xb9, 0xf5, 0xaf, 0x7f, 0xfa, 0xbb, 0xb9, 0xea, 0x7f, 0x12,
    0xc4, 0x55, 0x57, 0xfd, 0x3f, 0x76, 0xcb, 0x4b, 0xbf, 0xb5, 0xb9, 0xea, 0xaa, 0xff, 0x26, 0xb7,
    0xfd, 0xf5, 0x4f, 0x8b, 0xab, 0xfe, 0xdb, 0xdc, 0xf2, 0xd2, 0x6f, 0x6d, 0xae, 0xfa, 0xaf, 0xf0,
    0x3d, 0xb7, 0xfd, 0xf5, 0x4f, 0xbf, 0x37, 0x57, 0xfd, 0x4f, 0x82, 0xb8, 0xea, 0xaa, 0xff, 0xc7,
    0x6e, 0x79, 0xe9, 0xb7, 0x36, 0x57, 0x5d, 0xf5, 0xdf, 0xe4, 0xb6, 0xbf, 0xfe, 0x69, 0x71, 0xd5,
    0x7f, 0x9b, 0x5b, 0x5e, 0xfa, 0xad, 0xcd, 0x55, 0xff, 0xe9, 0x04, 0xb7, 0x3e, 0xe3, 0xaf, 0x7f,
    0xfa, 0x21, 0x5c, 0xf5, 0x3f, 0x09, 0xe2, 0xaa, 0xab, 0xfe, 0x1f, 0xbb, 0xe5, 0xa5, 0xdf, 0xda,
    0x5c, 0x75, 0xd5, 0x7f, 0x93, 0xdb, 0xfe, 0xfa, 0xa7, 0xc5, 0x55, 0xff, 0x6d, 0x6e, 0x79, 0xe9,
    0xb7, 0x36, 0x57, 0xfd, 0x97, 0x08, 0x38, 0x71, 0xeb, 0x5f, 0xff, 0xf4, 0x2e, 0x57, 0xfd, 0x4f,
    0x81, 0xb8, 0xea, 0xaa, 0xff, 0xc7, 0x6e, 0x79, 0xe9, 0xb7, 0x36, 0x57, 0x5d, 0xf5, 0xdf, 0xe4,
    0xb6, 0xbf, 0xfe, 0x69, 0x71, 0xd5, 0x7f, 0x9b, 0x5b, 0x5e, 0xfa, 0xad, 0xcd, 0x55, 0xff, 0x25,
    0x02, 0x5e, 0xe7, 0xd6, 0xbf, 0xfe, 0xe9, 0xdf, 0xe6, 0xaa, 0xff, 0x29, 0x10, 0x57, 0x5d, 0xf5,
    0xff, 0xd8, 0x2d, 0x2f, 0xfd, 0xd6, 0xe6, 0xaa, 0xab, 0xfe, 0x9b, 0xdc, 0xf6, 0xd7, 0x3f, 0x2d,
    0xae, 0xfa, 0x6f, 0x73, 0xcb, 0x4b, 0xbf, 0xb5, 0xb9, 0xea, 0xbf, 0x44, 0xc0, 0xc7, 0xdc, 0xfa,
    0xd7, 0x3f, 0xfd, 0xd5, 0x5c, 0xf5, 0x3f, 0x05, 0xe2, 0xaa, 0xab, 0xfe, 0x1f, 0xbb, 0xe5, 0xa5,
    0xdf, 0xda, 0x5c, 0x75, 0xd5, 0x7f, 0x93, 0xdb, 0xfe, 0xfa, 0xa7, 0xc5, 0x55, 0xff, 0x6d, 0x6e,
    0x79, 0xe9, 0xb7, 0x36, 0x57, 0xfd, 0x57, 0xf9, 0x9c, 0xdb, 0xfe, 0xfa, 0xa7, 0x3f, 0x9b, 0xab,
    0xfe, 0xa7, 0x40, 0x5c, 0x75, 0xd5, 0xff, 0x63, 0xb7, 0xbc, 0xf4, 0x5b, 0x9b, 0xab, 0xae, 0xfa,
    0x6f, 0x72, 0xdb, 0x5f, 0xff, 0xb4, 0xb8, 0xea, 0xbf, 0xcd, 0x2d, 0x2f, 0xfd, 0xd6, 0xe6, 0xaa,
    0xff, 0x2a, 0x9f, 0x73, 0xdb, 0x5f, 0xff, 0xf4, 0x67, 0x73, 0xd5, 0xff, 0x14, 0x88, 0xab, 0xae,
    0xfa, 0x7f, 0xec, 0x96, 0x97, 0x7e, 0x6b, 0x73, 0xd5, 0x55, 0xff, 0x4d, 0x6e, 0xfb, 0xeb, 0x9f,
    0x16, 0x57, 0xfd, 0xb7, 0x79, 0xd0, 0x4b, 0xbf, 0xf5, 0x5f, 0x1b, 0x5e, 0x8a, 0xab, 0xfe, 0xd3,
    0x05, 0x7c, 0xcc, 0xad, 0x7f, 0xfd, 0xd3, 0x5f, 0xcd, 0x55, 0xff, 0x53, 0x20, 0xae, 0xba, 0xea,
    0xff, 0xb1, 0x5b, 0x5e, 0xfa, 0xad, 0xcd, 0x55, 0x57, 0xfd, 0x37, 0xb9, 0xed, 0xaf, 0x7f, 0x5a,
    0x5c, 0xf5, 0xdf, 0xe6, 0x41, 0x2f, 0xfd, 0xd6, 0xbf, 0x6d, 0x78, 0x2d, 0xae, 0xfa, 0x4f, 0x17,
    0xf0, 0x3a, 0xb7, 0xfe, 0xf5, 0x4f, 0xff, 0x36, 0x57, 0xfd, 0x4f, 0x81, 0xb8, 0xea, 0xaa, 0xff,
    0xc7, 0x6e, 0x79, 0xe9, 0xb7, 0x36, 0x57, 0x5d, 0xf5, 0xdf, 0xe4, 0xb6, 0xbf, 0xfe, 0x69, 0x71,
    0xd5, 0x7f, 0x9b, 0x5b, 0x5e, 0xfa, 0xad, 0xbf, 0x1a, 0xf8, 0x28, 0xae, 0xfa, 0x4f, 0x17, 0x70,
    0xe2, 0xd6, 0xbf, 0xfe, 0xe9, 0x5d, 0xae, 0xfa, 0x9f, 0x02, 0x71, 0xd5, 0x55, 0xff, 0x8f, 0xdd,
    0xf2, 0xd2, 0x6f, 0x6d, 0xae, 0xba, 0xea, 0xbf, 0xc9, 0x6d, 0x7f, 0xfd, 0xd3, 0xe2, 0xaa, 0xff,
    0x36, 0x0f, 0x7e, 0xe9, 0xb7, 0x7e, 0xeb, 0x84, 0x9f, 0xe2, 0xaa, 0xff, 0x54, 0x82, 0xbf, 0x79,
    0xc6, 0x5f, 0xff, 0xf4, 0x4b, 0x73, 0xd5, 0xff, 0x24, 0x88, 0xab, 0xae, 0xfa, 0x7f, 0xec, 0x96,
    0x97, 0x7e, 0x6b, 0x73, 0xd5, 0x55, 0xff, 0x4d, 0x6e, 0xfb, 0xeb, 0x9f, 0x16, 0x57, 0xfd, 0xb7,
    0x7a, 0xd0, 0x4b, 0xbf, 0xf5, 0xae, 0xe1, 0x18, 0x57, 0xfd, 0xa7, 0x09, 0xf8, 0x98, 0x5b, 0xff,
    0xfa, 0xa7, 0xbf, 0x9a, 0xab, 0xfe, 0x27, 0x41, 0x5c, 0x75, 0xd5, 0xff, 0x63, 0xb7, 0xbc, 0xf4,
    0x5b, 0x9b, 0xab, 0xae, 0xfa, 0x6f, 0x72, 0xdb, 0x5f, 0xff, 0xb4, 0xb8, 0xea, 0xbf, 0xd5, 0x2d,
    0x2f, 0xfd, 0xd6, 0xdf, 0x0d, 0xbc, 0x17, 0x57, 0xfd, 0xa7, 0x09, 0x38, 0x71, 0xeb, 0x5f, 0xff,
    0xf4, 0x2e, 0x57, 0xfd, 0x4f, 0x82, 0xb8, 0xea, 0xaa, 0xff, 0xc7, 0x6e, 0x79, 0xe9, 0xb7, 0x36,
    0x57, 0x5d, 0xf5, 0xdf, 0xe4, 0xb6, 0xbf, 0xfe, 0x69, 0x71, 0xd5, 0x7f, 0xab, 0x07, 0xbf, 0xf4,
    0x5b, 0x1f, 0x37, 0xdc, 0x6a, 0x38, 0xc6, 0x55, 0xff, 0x19, 0xbe, 0xe6, 0xb6, 0xbf, 0xfe, 0xe9,
    0x8f, 0xe6, 0xaa, 0xff, 0x69, 0x10, 0x57, 0x5d, 0xf5, 0xff, 0xd8, 0x2d, 0x2f, 0xfd, 0xd6, 0xe6,
    0xaa, 0xab, 0xfe, 0x9b, 0xdc, 0xf6, 0xd7, 0x3f, 0x2d, 0xae, 0xfa, 0x6f, 0x77, 0xcb, 0x4b, 0xbf,
    0xf5, 0x67, 0x03, 0x9f, 0xc5, 0x55, 0xff, 0xa1, 0x04, 0x97, 0x04, 0x0f, 0xbe, 0xf5, 0xaf, 0x7f,
    0x7a, 0x97, 0xab, 0xfe, 0xa7, 0x41, 0x5c, 0x75, 0xd5, 0xff, 0x63, 0xb7, 0xbc, 0xf4, 0x5b, 0x9b,
    0xab, 0xae, 0xfa, 0x6f, 0x72, 0xdb, 0x5f, 0xff, 0xb4, 0xb8, 0xea, 0x7f, 0x84, 0x07, 0xbd, 0xf4,
    0x5b, 0xff, 0xb5, 0xe1, 0xa5, 0xb8, 0xea, 0x3f, 0x4c, 0xc0, 0xdb, 0xdc, 0xfa, 0xd7, 0x3f, 0xfd,
    0xd3, 0x5c, 0xf5, 0x3f, 0x11, 0xe2, 0xaa, 0xab, 0xfe, 0x1f, 0xbb, 0xe5, 0xa5, 0xdf, 0xda, 0x5c,
    0x75, 0xd5, 0x7f, 0x93, 0xdb, 0xfe, 0xfa, 0xa7, 0xc5, 0x55, 0xff, 0x23, 0x3c, 0xf8, 0xa5, 0xdf,
    0xfa, 0xb8, 0xe1, 0xaf, 0x0d, 0x0f, 0xe2, 0xaa, 0xff, 0x08, 0x9f, 0x73, 0xdb, 0x5f, 0xff, 0xf4,
    0x67, 0x73, 0xd5, 0xff, 0x54, 0x88, 0xab, 0xae, 0xfa, 0x7f, 0xec, 0x96, 0x97, 0x7e, 0x6b, 0x73,
    0xd5, 0x55, 0xff, 0x4d, 0x6e, 0xfb, 0xeb, 0x9f, 0x16, 0x57, 0xfd, 0x8f, 0xf1, 0xe0, 0x97, 0x7e,
    0xeb, 0x97, 0x36, 0xfc, 0xb4, 0xe1, 0x41, 0x5c, 0xf5, 0xef, 0xf1, 0x3d, 0xb7, 0xfd, 0xf5, 0x4f,
    0xbf, 0x37, 0x57, 0xfd, 0x4f, 0x86, 0xb8, 0xea, 0xaa, 0xff, 0xc7, 0x6e, 0x79, 0xe9, 0xb7, 0x36,
    0x57, 0x5d, 0xf5, 0xdf, 0xe4, 0xb6, 0xbf, 0xfe, 0x69, 0x71, 0xd5, 0xff, 0x28, 0x0f, 0x7e, 0xe9,
    0xb7, 0x3e, 0x6e, 0xf8, 0x6d, 0xc3, 0x4b, 0x71, 0xd5, 0xbf, 0x5a, 0xc0, 0xc7, 0xdc, 0xfa, 0xd7,
    0x3f, 0xfd, 0xd5, 0x5c, 0xf5, 0x3f, 0x1d, 0xe2, 0xaa, 0xab, 0xfe, 0x1f, 0xbb, 0xe5, 0xa5, 0xdf,
    0xda, 0x5c, 0x75, 0xd5, 0x7f, 0x93, 0xdb, 0xfe, 0xfa, 0xa7, 0xc5, 0x55, 0xff, 0x23, 0xdd, 0xf2,
    0xd2, 0x6f, 0xfd, 0xd9, 0x82, 0x8f, 0x36, 0x1c, 0xe3, 0xaa, 0x7f, 0x91, 0xe0, 0x6f, 0x04, 0xef,
    0x7d, 0xeb, 0x5f, 0xff, 0xf4, 0x5f, 0x73, 0xd5, 0xff, 0x06, 0x88, 0xab, 0xae, 0xfa, 0x7f, 0xec,
    0x96, 0x97, 0x7e, 0x6b, 0x73, 0xd5, 0x55, 0xff, 0x4d, 0x6e, 0xfb, 0xeb, 0x9f, 0x16, 0x57, 0xfd,
    0x8f, 0xf5, 0xe0, 0x97, 0x7e, 0xeb, 0xe3, 0x09, 0x5f, 0x2d, 0x78, 0x6b, 0xc3, 0x31, 0xae, 0x7a,
    0x1e, 0x82, 0xbf, 0x11, 0x7c, 0xf5, 0xad, 0x7f, 0xfd, 0xd3, 0xdf, 0xcd, 0x55, 0xff, 0x9b, 0x20,
    0xae, 0xba, 0xea, 0xff, 0xb1, 0x5b, 0x5e, 0xfa, 0xad, 0xcd, 0x55, 0x57, 0xfd, 0x37, 0xb9, 0xed,
    0xaf, 0x7f, 0x5a, 0x5c, 0xf5, 0xbf, 0xc2, 0x83, 0x5f, 0xfa, 0xad, 0xdf, 0x3a, 0xe1, 0xb5, 0x05,
    0x2f, 0x0d, 0x1c, 0x37, 0xbc, 0x14, 0xff, 0x0f, 0x09, 0x9e, 0x01, 0xdc, 0x2a, 0xf8, 0x69, 0xe0,
    0xb7, 0x6f, 0xfd, 0xeb, 0x9f, 0xfe, 0x6b, 0xae, 0xfa, 0xdf, 0x08, 0x71, 0xd5, 0x55, 0x57, 0x5d,
    0x75, 0xd5, 0x55, 0x57, 0x5d, 0x75, 0xd5, 0xff, 0x27, 0x88, 0xab, 0xae, 0xba, 0xea, 0xaa, 0xab,
    0xae, 0xba, 0xea, 0xaa, 0xab, 0xfe, 0x3f, 0x41, 0x5c, 0x75, 0xd5, 0x55, 0x57, 0x5d, 0x75, 0xd5,
    0x55, 0x57, 0x5d, 0xf5, 0xff, 0x09, 0xe2, 0xaa, 0xab, 0xae, 0xba, 0xea, 0xaa, 0xab, 0xae, 0xba,
    0xea, 0xaa, 0xff, 0x4f, 0x10, 0x57, 0x5d, 0x75, 0xd5, 0x55, 0x57, 0x5d, 0x75, 0xd5, 0x55, 0x57,
    0xfd, 0x7f, 0x82, 0xb8, 0xea, 0xaa, 0xab, 0xae, 0xba, 0xea, 0xaa, 0xab, 0xae, 0xba, 0xea, 0xff,
    0x13, 0xc4, 0x55, 0x57, 0x5d, 0x75, 0xd5, 0x55, 0x57, 0x5d, 0x75, 0xd5, 0x55, 0xff, 0x9f, 0x20,
    0xae, 0xba, 0xea, 0xaa, 0xab, 0xae, 0xba, 0xea, 0xaa, 0xab, 0xae, 0xfa, 0xff, 0x04, 0x71, 0xd5,
    0x55, 0x57, 0x5d, 0x75, 0xd5, 0x55, 0x57, 0x5d, 0x75, 0xd5, 0xff, 0x27, 0x88, 0xab, 0xae, 0xba,
    0xea, 0xaa, 0xab, 0xae, 0xba, 0xea, 0xaa, 0xab, 0xfe, 0x3f, 0x41, 0x5c, 0x75, 0xd5, 0x55, 0x57,
    0x5d, 0x75, 0xd5, 0x55, 0x57, 0x5d, 0xf5, 0xff, 0x09, 0xe2, 0xaa, 0xab, 0xae, 0xba, 0xea, 0xaa,
    0xab, 0xae, 0xba, 0xea, 0xaa, 0xff, 0x4f, 0x10, 0x57, 0x5d, 0x75, 0xd5, 0x55, 0x57, 0x5d, 0x75,
    0xd5, 0x55, 0x57, 0xfd, 0x7f, 0x82, 0xb8, 0xea, 0xaa, 0xab, 0xae, 0xba, 0xea, 0xaa, 0xab, 0xae,
    0xba, 0xea, 0xff, 0x13, 0xc4, 0x55, 0x57, 0x5d, 0x75, 0xd5, 0x55, 0x57, 0x5d, 0x75, 0xd5, 0x55,
    0xff, 0x9f, 0x20, 0xae, 0xba, 0xea, 0xaa, 0xab, 0xae, 0xba, 0xea, 0xaa, 0xab, 0xae, 0xfa, 0xff,
    0x04, 0x71, 0xd5, 0x55, 0x57, 0x5d, 0x75, 0xd5, 0x55, 0x57, 0x5d, 0x75, 0xd5, 0xff, 0x27, 0x88,
    0xab, 0xae, 0xba, 0xea, 0xaa, 0xab, 0xae, 0xba, 0xea, 0xaa, 0xab, 0xfe, 0x3f, 0x41, 0x5c, 0x75,
    0xd5, 0x55, 0x57, 0x5d, 0x75, 0xd5, 0x55, 0x57, 0x5d, 0xf5, 0xff, 0x09, 0xe2, 0xaa, 0xab, 0xae,
    0xba, 0xea, 0xaa, 0xab, 0xae, 0xba, 0xea, 0xaa, 0xff, 0x4f, 0x10, 0x57, 0x5d, 0x75, 0xd5, 0x55,
    0x57, 0x5d, 0x75, 0xd5, 0x55, 0x57, 0xfd, 0x7f, 0x82, 0xb8, 0xea, 0xaa, 0xab, 0xae, 0xba, 0xea,
    0xaa, 0xab, 0xae, 0xba, 0xea, 0xff, 0x13, 0xc4, 0x55, 0x57, 0x5d, 0x75, 0xd5, 0x55, 0x57, 0x5d,
    0x75, 0xd5, 0x55, 0xff, 0x9f, 0x20, 0xae, 0xba, 0xea, 0xaa, 0xab, 0xae, 0xba, 0xea, 0xaa, 0xab,
    0xae, 0xfa, 0xff, 0x04, 0x71, 0xd5, 0x55, 0x57, 0x5d, 0x75, 0xd5, 0x55, 0x57, 0x5d, 0x75, 0xd5,
    0xff, 0x27, 0x88, 0xab, 0xae, 0xba, 0xea, 0xaa, 0xab, 0xae, 0xba, 0xea, 0xaa, 0xab, 0xfe, 0x3f,
    0x41, 0x5c, 0x75, 0xd5, 0x55, 0x57, 0x5d, 0x75, 0xd5, 0x55, 0x57, 0x5d, 0xf5, 0xff, 0x09, 0xe2,
    0xaa, 0xab, 0xae, 0xba, 0xea, 0xaa, 0xab, 0xae, 0xba, 0xea, 0xaa, 0xff, 0x4f, 0x10, 0x57, 0x5d,
    0x75, 0xd5, 0x55, 0x57, 0x5d, 0x75, 0xd5, 0x55, 0x57, 0xfd, 0x7f, 0x82, 0xb8, 0xea, 0xaa, 0xab,
    0xae, 0xba, 0xea, 0xaa, 0xab, 0xae, 0xba, 0xea, 0xff, 0x13, 0xc4, 0x55, 0x57, 0x5d, 0x75, 0xd5,
    0x55, 0x57, 0x5d, 0x75, 0xd5, 0x55, 0xff, 0x9f, 0x20, 0xae, 0xba, 0xea, 0xaa, 0xab, 0xae, 0xba,
    0xea, 0xaa, 0xab, 0xae, 0xfa, 0xff, 0x04, 0x71, 0xd5, 0x55, 0x57, 0x5d, 0x75, 0xd5, 0x55, 0x57,
    0x5d, 0x75, 0xd5, 0xff, 0x27, 0x88, 0xab, 0xae, 0xba, 0xea, 0xaa, 0xab, 0xae, 0xba, 0xea, 0xaa,
    0xab, 0xfe, 0x3f, 0x41, 0x5c, 0x75, 0xd5, 0x55, 0x57, 0x5d, 0x75, 0xd5, 0x55, 0x57, 0x5d, 0xf5,
    0xff, 0x09, 0xe2, 0xaa, 0xab, 0xae, 0xba, 0xea, 0xaa, 0xab, 0xae, 0xba, 0xea, 0xaa, 0xff, 0x4f,
    0x10, 0x57, 0x5d, 0x75, 0xd5, 0x55, 0x57, 0x5d, 0x75, 0xd5, 0x55, 0x57, 0xfd, 0x7f, 0x82, 0xb8,
    0xea, 0xaa, 0xab, 0xae, 0xba, 0xea, 0xaa, 0xab, 0xae, 0xba, 0xea, 0xff, 0x13, 0xc4, 0x55, 0x57,
    0x5d, 0x75, 0xd5, 0x55, 0x57, 0x5d, 0x75, 0xd5, 0x55, 0xff, 0x9f, 0x20, 0xae, 0xba, 0xea, 0xaa,
    0xab, 0xae, 0xba, 0xea, 0xaa, 0xab, 0xae, 0xfa, 0xff, 0x04, 0x71, 0xd5, 0x55, 0x57, 0x5d, 0x75,
    0xd5, 0x55, 0x57, 0x5d, 0x75, 0xd5, 0xff, 0x27, 0x88, 0xab, 0xae, 0xba, 0xea, 0xaa, 0xab, 0xae,
    0xba, 0xea, 0xaa, 0xab, 0xfe, 0x3f, 0x41, 0x5c, 0x75, 0xd5, 0x55, 0x57, 0x5d, 0x75, 0xd5, 0x55,
    0x57, 0x5d, 0xf5, 0xff, 0x09, 0xe2, 0xaa, 0xab, 0xae, 0xba, 0xea, 0xaa, 0xab, 0xae, 0xba, 0xea,
    0xaa, 0xff, 0x4f, 0x10, 0x57, 0x5d, 0x75, 0xd5, 0x55, 0x57, 0x5d, 0x75, 0xd5, 0x55, 0x57, 0xfd,
    0x7f, 0x82, 0xb8, 0xea, 0xaa, 0xab, 0xae, 0xba, 0xea, 0xaa, 0xab, 0xae, 0xba, 0xea, 0xff, 0x13,
    0xc4, 0x55, 0x57, 0x5d, 0x75, 0xd5, 0x55, 0x57, 0x5d, 0x75, 0xd5, 0x55, 0xff, 0x9f, 0x20, 0xae,
    0xba, 0xea, 0xaa, 0xab, 0xae, 0xba, 0xea, 0xaa, 0xab, 0xae, 0xfa, 0xff, 0x04, 0x71, 0xd5, 0x55,
    0x57, 0x5d, 0x75, 0xd5, 0x55, 0x57, 0x5d, 0x75, 0xd5, 0xff, 0x27, 0x88, 0xab, 0xae, 0xba, 0xea,
    0xaa, 0xab, 0xae, 0xba, 0xea, 0xaa, 0xab, 0xfe, 0x3f, 0x41, 0x5c, 0x75, 0xd5, 0x55, 0x57, 0x5d,
    0x75, 0xd5, 0x55, 0x57, 0x5d, 0xf5, 0xff, 0x09, 0xe2, 0xaa, 0xab, 0xae, 0xba, 0xea, 0xaa, 0xab,
    0xae, 0xba, 0xea, 0xaa, 0xff, 0x4f, 0x10, 0x57, 0x5d, 0x75, 0xd5, 0x55, 0x57, 0x5d, 0x75, 0xd5,
    0x55, 0x57, 0xfd, 0x7f, 0x82, 0xb8, 0xea, 0xaa, 0xab, 0xae, 0xba, 0xea, 0xaa, 0xab, 0xae, 0xba,
    0xea, 0xff, 0x13, 0xc4, 0x55, 0x57, 0x5d, 0x75, 0xd5, 0x55, 0x57, 0x5d, 0x75, 0xd5, 0x55, 0xff,
    0x9f, 0x20, 0xae, 0xba, 0xea, 0xaa, 0xab, 0xae, 0xba, 0xea, 0xaa, 0xab, 0xae, 0xfa, 0xff, 0x04,
    0x71, 0xd5, 0x55, 0x57, 0x5d, 0x75, 0xd5, 0x55, 0x57, 0x5d, 0x75, 0xd5, 0xff, 0x27, 0x88, 0xab,
    0xae, 0xba, 0xea, 0xaa, 0xab, 0xae, 0xba, 0xea, 0xaa, 0xab, 0xfe, 0x3f, 0x41, 0x5c, 0x75, 0xd5,
    0x55, 0x57, 0x5d, 0x75, 0xd5, 0x55, 0x57, 0x5d, 0xf5, 0xff, 0x09, 0xe2, 0xaa, 0xab, 0xae, 0xba,
    0xea, 0xaa, 0xab, 0xae, 0xba, 0xea, 0xaa, 0xff, 0x4f, 0x10, 0x57, 0x5d, 0x75, 0xd5, 0x55, 0x57,
    0x5d, 0x75, 0xd5, 0x55, 0x57, 0xfd, 0x7f, 0x82, 0xb8, 0xea, 0xaa, 0xab, 0xae, 0xba, 0xea, 0xaa,
    0xab, 0xae, 0xba, 0xea, 0xff, 0x13, 0xc4, 0x55, 0x57, 0x5d, 0x75, 0xd5, 0x55, 0x57, 0x5d, 0x75,
    0xd5, 0x55, 0xff, 0x9f, 0x20, 0xae, 0xba, 0xea, 0xaa, 0xab, 0xae, 0xba, 0xea, 0xaa, 0xab, 0xae,
    0xfa, 0xff, 0x84, 0x7f, 0x04, 0x15, 0xdf, 0x0d, 0xe9, 0x87, 0x31, 0xcb, 0xb8, 0x00, 0x00, 0x00,
    0x00, 0x49, 0x45, 0x4e, 0x44, 0xae, 0x42, 0x60, 0x82
};
const unsigned int Icons::Data::PlayersSize = 28937u;

const unsigned char Icons::Data::Map[] = {
    0x89, 0x50, 0x4e, 0x47, 0x0d, 0x0a, 0x1a, 0x0a, 0x00, 0x00, 0x00, 0x0d, 0x49, 0x48, 0x44, 0x52,
    0x00, 0x00, 0x02, 0x80, 0x00, 0x00, 0x02, 0x80, 0x08, 0x06, 0x00, 0x00, 0x00, 0x0c, 0xcd, 0xc9,
    0x23, 0x00, 0x00, 0x5f, 0xd7, 0x49, 0x44, 0x41, 0x54, 0x78, 0x01, 0xed, 0xc0, 0x03, 0xa0, 0x24,
    0x59, 0x96, 0xc6, 0xf1, 0xff, 0x77, 0xee, 0x8d, 0xc8, 0xcc, 0xa7, 0x72, 0x4b, 0x63, 0xae, 0x6d,
    0xdb, 0xb6, 0x6d, 0xdb, 0xb6, 0x6d, 0xdb, 0xb6, 0x6d, 0x69, 0x8c, 0x9e, 0x96, 0x4a, 0xaf, 0x9e,
    0x32, 0x33, 0x22, 0xee, 0xf9, 0x76, 0xb7, 0x6a, 0x7a, 0xa6, 0x87, 0x3b, 0x6b, 0xd5, 0x4f, 0x5c,
    0x75, 0xd5, 0x55, 0x57, 0x5d, 0x75, 0xd5, 0x55, 0x57, 0x5d, 0xf5, 0xff, 0x09, 0xe2, 0xaa, 0xab,
    0xae, 0xba, 0xea, 0xaa, 0xab, 0xae, 0xba, 0xea, 0xaa, 0xff, 0x4f, 0x10, 0x57, 0x5d, 0x75, 0xd5,
    0x55, 0x57, 0x5d, 0x75, 0xd5, 0x55, 0x57, 0xfd, 0x7f, 0x82, 0xb8, 0xea, 0xaa, 0xab, 0xae, 0xba,
    0xea, 0xaa, 0xab, 0xae, 0xba, 0xea, 0xff, 0x13, 0xc4, 0x55, 0x57, 0x5d, 0x75, 0xd5, 0x55, 0x57,
    0x5d, 0x75, 0xd5, 0x55, 0xff, 0x9f, 0x20, 0xae, 0xba, 0xea, 0xaa, 0xab, 0xae, 0xba, 0xea, 0xaa,
    0xab, 0xae, 0xfa, 0xff, 0x04, 0x71, 0xd5, 0x55, 0x57, 0x5d, 0x75, 0xd5, 0x55, 0x57, 0x5d, 0x75,
    0xd5, 0xff, 0x27, 0x88, 0xab, 0xae, 0xba, 0xea, 0xaa, 0xab, 0xae, 0xba, 0xea, 0xaa, 0xab, 0xfe,
    0x3f, 0x41, 0x5c, 0x75, 0xd5, 0x55, 0x57, 0x5d, 0x75, 0xd5, 0x55, 0x57, 0x5d, 0xf5, 0xff, 0x09,
    0xe2, 0xaa, 0xab, 0xae, 0xba, 0xea, 0xaa, 0xab, 0xae, 0xba, 0xea, 0xaa, 0xff, 0x4f, 0x10, 0x57,
    0x5d, 0x75, 0xd5, 0x55, 0x57, 0x5d, 0x75, 0xd5, 0x55, 0x57, 0xfd, 0x7f, 0x82, 0xb8, 0xea, 0xaa,
    0xab, 0xae, 0xba, 0xea, 0xaa, 0xab, 0xae, 0xba, 0xea, 0xff, 0x13, 0xc4, 0x55, 0x57, 0x5d, 0x75,
    0xd5, 0x55, 0x57, 0x5d, 0x75, 0xd5, 0x55, 0xff, 0x9f, 0x20, 0xae, 0xba, 0xea, 0xaa, 0xab, 0xae,
    0xba, 0xea, 0xaa, 0xab, 0xae, 0xfa, 0xff, 0x04, 0x71, 0xd5, 0x55, 0x57, 0x5d, 0x75, 0xd5, 0x55,
    0x57, 0x5d, 0x75, 0xd5, 0xff, 0x27, 0x88, 0xab, 0xae, 0xba, 0xea, 0xaa, 0xab, 0xae, 0xba, 0xea,
    0xaa, 0xab, 0xfe, 0x3f, 0x41, 0x5c, 0x75, 0xd5, 0x55, 0x57, 0x5d, 0x75, 0xd5, 0x55, 0x57, 0x5d,
    0xf5, 0xff, 0x09, 0xe2, 0xaa, 0xab, 0xae, 0xba, 0xea, 0xaa, 0xab, 0xae, 0xba, 0xea, 0xaa, 0xff,
    0x4f, 0x10, 0x57, 0x5d, 0x75, 0xd5, 0x55, 0x57, 0x5d, 0x75, 0xd5, 0x55, 0x57, 0xfd, 0x7f, 0x82,
    0xb8, 0xea, 0xaa, 0xab, 0xae, 0xba, 0xea, 0xaa, 0xab, 0xae, 0xba, 0xea, 0xff, 0x13, 0xc4, 0x55,
    0x57, 0x5d, 0x75, 0xd5, 0x55, 0x57, 0x5d, 0x75, 0xd5, 0x55, 0xff, 0x9f, 0x20, 0xae, 0xba, 0xea,
    0xaa, 0xab, 0xae, 0xba, 0xea, 0xaa, 0xab, 0xae, 0xfa, 0xff, 0x04, 0x71, 0xd5, 0x55, 0x57, 0x5d,
    0x75, 0xd5, 0x55, 0x57, 0x5d, 0x75, 0xd5, 0xff, 0x27, 0x88, 0xab, 0xae, 0xba, 0xea, 0xaa, 0xab,
    0xae, 0xba, 0xea, 0xaa, 0xab, 0xfe, 0x3f, 0x41, 0x5c, 0x75, 0xd5, 0x55, 0x57, 0x5d, 0x75, 0xd5,
    0x55, 0x57, 0x5d, 0xf5, 0xff, 0x09, 0xe2, 0xaa, 0xab, 0xae, 0xba, 0xea, 0xaa, 0xab, 0xae, 0xba,
    0xea, 0xaa, 0xff, 0x4f, 0x10, 0x57, 0x5d, 0x75, 0xd5, 0x55, 0x57, 0x5d, 0x75, 0xd5, 0x55, 0x57,
    0xfd, 0x7f, 0x82, 0xb8, 0xea, 0xaa, 0xab, 0xae, 0xba, 0xea, 0xaa, 0xab, 0xae, 0xba, 0xea, 0xff,
    0x13, 0xc4, 0x55, 0x57, 0x5d, 0x75, 0xd5, 0x55, 0x57, 0x5d, 0x75, 0xd5, 0x55, 0xff, 0x9f, 0x20,
    0xae, 0xba, 0xea, 0xaa, 0xab, 0xae, 0xba, 0xea, 0xaa, 0xab, 0xae, 0xfa, 0xff, 0x04, 0x71, 0xd5,
    0x55, 0x57, 0x5d, 0x75, 0xd5, 0x55, 0x57, 0x5d, 0x75, 0xd5, 0xff, 0x27, 0x88, 0xab, 0xae, 0xba,
    0xea, 0xaa, 0xab, 0xae, 0xba, 0xea, 0xaa, 0xab, 0xfe, 0x3f, 0x41, 0x5c, 0x75, 0xd5, 0x55, 0x57,
    0x5d, 0x75, 0xd5, 0x55, 0x57, 0x5d, 0xf5, 0xff, 0x09, 0xe2, 0xaa, 0xab, 0xae, 0xba, 0xea, 0xaa,
    0xab, 0xae, 0xba, 0xea, 0xaa, 0xff, 0x4f, 0x10, 0x57, 0x5d, 0x75, 0xd5, 0x55, 0x57, 0x5d, 0x75,
    0xd5, 0x55, 0x57, 0xfd, 0x7f, 0x82, 0xb8, 0xea, 0xaa, 0xab, 0xae, 0xba, 0xea, 0xaa, 0xab, 0xae,
    0xba, 0xea, 0xff, 0x13, 0xc4, 0x55, 0x57, 0x5d, 0x75, 0xd5, 0x55, 0x57, 0x5d, 0x75, 0xd5, 0x55,
    0xff, 0x9f, 0x20, 0xae, 0xba, 0xea, 0xaa, 0xab, 0xae, 0xba, 0xea, 0xaa, 0xab, 0xae, 0xfa, 0xff,
    0x04, 0x71, 0xd5, 0x55, 0x57, 0x5d, 0x75, 0xd5, 0x55, 0x57, 0x5d, 0x75, 0xd5, 0xff, 0x27, 0x88,
    0xab, 0xae, 0xba, 0xea, 0xaa, 0xab, 0xae, 0xba, 0xea, 0xaa, 0xab, 0xfe, 0x3f, 0x41, 0x5c, 0x75,
    0xd5, 0x55, 0x57, 0x5d, 0x75, 0xd5, 0x55, 0x57, 0x5d, 0xf5, 0xff, 0x09, 0xe2, 0xaa, 0xab, 0xae,
    0xba, 0xea, 0xaa, 0xab, 0xae, 0xba, 0xea, 0xaa, 0xff, 0x4f, 0x10, 0x57, 0x5d, 0x75, 0xd5, 0x55,
    0x57, 0x5d, 0x75, 0xd5, 0x55, 0x57, 0xfd, 0x7f, 0x82, 0xb8, 0xea, 0xaa, 0xab, 0xae, 0xba, 0xea,
    0xaa, 0xab, 0xae, 0xba, 0xea, 0xff, 0x13, 0xc4, 0x55, 0x57, 0x5d, 0x75, 0xd5, 0x55, 0x57, 0x5d,
    0x75, 0xd5, 0x55, 0xff, 0x9f, 0x20, 0xae, 0xba, 0xea, 0xaa, 0xab, 0xae, 0xba, 0xea, 0xaa, 0xab,
    0xae, 0xfa, 0xff, 0x04, 0x71, 0xd5, 0x55, 0x57, 0x5d, 0x75, 0xd5, 0x55, 0x57, 0x5d, 0x75, 0xd5,
    0xff, 0x27, 0x88, 0xab, 0xae, 0xba, 0xea, 0xaa, 0xab, 0xae, 0xba, 0xea, 0xaa, 0xab, 0xfe, 0x3f,
    0x41, 0x5c, 0x75, 0xd5, 0x55, 0x57, 0x5d, 0x75, 0xd5, 0x55, 0x57, 0x5d, 0xf5, 0xff, 0x09, 0xe2,
    0xaa, 0xab, 0xae, 0xba, 0xea, 0xaa, 0xab, 0xae, 0xba, 0xea, 0xaa, 0xff, 0x4f, 0x10, 0x57, 0x5d,
    0x75, 0xd5, 0x55, 0x57, 0x5d, 0x75, 0xd5, 0x55, 0x57, 0xfd, 0x7f, 0x82, 0xb8, 0xea, 0xaa, 0xab,
    0xae, 0xba, 0xea, 0xaa, 0xab, 0xae, 0xba, 0xea, 0xff, 0x13, 0xc4, 0x55, 0x57, 0x5d, 0x75, 0xd5,
    0x55, 0x57, 0x5d, 0x75, 0xd5, 0x55, 0xff, 0x9f, 0x20, 0xae, 0xba, 0xea, 0xaa, 0xab, 0xae, 0xba,
    0xea, 0xaa, 0xab, 0xae, 0xfa, 0xff, 0x04, 0x71, 0xd5, 0x55, 0x57, 0x5d, 0x75, 0xd5, 0x55, 0x57,
    0x5d, 0x75, 0xd5, 0xff, 0x27, 0x88, 0xab, 0xae, 0xba, 0xea, 0xaa, 0xab, 0xae, 0xba, 0xea, 0xaa,
    0xab, 0xfe, 0x3f, 0x41, 0x5c, 0x75, 0xd5, 0x55, 0x57, 0x5d, 0x75, 0xd5, 0x55, 0x57, 0x5d, 0xf5,
    0xff, 0x09, 0xe2, 0xaa, 0xab, 0xae, 0xba, 0xea, 0xaa, 0xab, 0xae, 0xba, 0xea, 0xaa, 0xff, 0x4f,
    0x10, 0x57, 0x5d, 0x75, 0xd5, 0x55, 0x57, 0x5d, 0x75, 0xd5, 0x55, 0x57, 0xfd, 0x7f, 0x82, 0xb8,
    0xea, 0xaa, 0xab, 0xae, 0xba, 0xea, 0xaa, 0xab, 0xae, 0xba, 0xea, 0xff, 0x13, 0xc4, 0x55, 0x57,
    0x5d, 0x75, 0xd5, 0x55, 0x57, 0x5d, 0x75, 0xd5, 0x55, 0xff, 0x9f, 0x20, 0xae, 0xba, 0xea, 0xaa,
    0xab, 0xae, 0xba, 0xea, 0xaa, 0xab, 0xae, 0xfa, 0xff, 0x04, 0x71, 0xd5, 0x55, 0x57, 0x5d, 0x75,
    0xd5, 0x55, 0x57, 0x5d, 0x75, 0xd5, 0xff, 0x27, 0x88, 0xab, 0xae, 0xba, 0xea, 0xaa, 0xab, 0xae,
    0xba, 0xea, 0xaa, 0xab, 0xfe, 0x3f, 0x41, 0x5c, 0x75, 0xd5, 0x55, 0x57, 0x5d, 0x75, 0xd5, 0x55,
    0x57, 0x5d, 0xf5, 0xff, 0x09, 0xe2, 0xaa, 0xab, 0xae, 0xba, 0xea, 0xaa, 0xab, 0xae, 0xba, 0xea,
    0xaa, 0xff, 0x4f, 0x10, 0x57, 0x5d, 0x75, 0xd5, 0x55, 0x57, 0x5d, 0x75, 0xd5, 0x55, 0x57, 0xfd,
    0x7f, 0x82, 0xb8, 0xea, 0xaa, 0xab, 0xae, 0xba, 0xea, 0xaa, 0xab, 0xae, 0xba, 0xea, 0xff, 0x13,
    0xc4, 0x55, 0x57, 0x5d, 0x75, 0xd5, 0x55, 0x57, 0x5d, 0x75, 0xd5, 0x55, 0xff, 0x9f, 0x20, 0xae,
    0xba, 0xea, 0xaa, 0xab, 0xae, 0xba, 0xea, 0xaa, 0xab, 0xae, 0xfa, 0xff, 0x04, 0x71, 0xd5, 0x55,
    0x57, 0x5d, 0x75, 0xd5, 0x55, 0x57, 0x5d, 0x75, 0xd5, 0xff, 0x27, 0x88, 0xab, 0xae, 0xba, 0xea,
    0xaa, 0xab, 0xae, 0xba, 0xea, 0xaa, 0xab, 0xfe, 0x3f, 0x41, 0x5c, 0x75, 0xd5, 0x55, 0x57, 0x5d,
    0x75, 0xd5, 0x55, 0x57, 0x5d, 0xf5, 0xff, 0x09, 0xe2, 0xaa, 0xab, 0xae, 0xba, 0xea, 0xaa, 0xab,
    0xae, 0xba, 0xea, 0xaa, 0xff, 0x4f, 0x10, 0x57, 0x5d, 0x75, 0xd5, 0x55, 0x57, 0x5d, 0x75, 0xd5,
    0x55, 0x57, 0xfd, 0x7f, 0x82, 0xb8, 0xea, 0xaa, 0xab, 0xae, 0xba, 0xea, 0xaa, 0xab, 0xae, 0xba,
    0xea, 0xff, 0x13, 0xc4, 0x55, 0x57, 0x5d, 0x75, 0xd5, 0x55, 0x57, 0x5d, 0x75, 0xd5, 0x55, 0xff,
    0x9f, 0x20, 0xae, 0xba, 0xea, 0xaa, 0xab, 0xae, 0xba, 0xea, 0xaa, 0xab, 0xae, 0xfa, 0xff, 0x04,
    0x71, 0xd5, 0x55, 0x57, 0x5d, 0x75, 0xd5, 0x55, 0x57, 0x5d, 0x75, 0xd5, 0xff, 0x27, 0x88, 0xab,
    0xae, 0xba, 0xea, 0xaa, 0xab, 0xae, 0xba, 0xea, 0xaa, 0xab, 0xfe, 0x3f, 0x41, 0x5c, 0x75, 0xd5,
    0x55, 0xff, 0x69, 0x1e, 0xfc, 0xd2, 0x6f, 0xfd, 0xd2, 0xa0, 0x97, 0x4a, 0xfc, 0x60, 0xc1, 0x6b,
    0x03, 0x0f, 0x36, 0x3c, 0x98, 0xe7, 0x43, 0xf0, 0xd7, 0xc0, 0xae, 0xe1, 0xaf, 0x03, 0xfd, 0x35,
    0xf8, 0x77, 0x6e, 0xfd, 0xeb, 0x9f, 0xbe, 0x95, 0xab, 0xae, 0xba, 0xea, 0xaa, 0xff, 0x85, 0x1e,
    0xfc, 0xd2, 0x6f, 0xfd, 0x60, 0xa4, 0x07, 0xa5, 0xfd, 0xda, 0xc0, 0x83, 0x05, 0x0f, 0x06, 0x30,
    0xbc, 0x36, 0xcf, 0x24, 0xb8, 0x15, 0xb8, 0x15, 0xc0, 0x70, 0x6b, 0xc0, 0x5f, 0x23, 0xfd, 0xf5,
    0xad, 0x7f, 0xf5, 0x53, 0xbf, 0xc3, 0x55, 0xff, 0x99, 0x10, 0x57, 0x5d, 0x75, 0xd5, 0x7f, 0xa8,
    0x07, 0xbf, 0xf4, 0xdb, 0xbc, 0x55, 0xe2, 0xd7, 0x16, 0xbc, 0xb5, 0xe1, 0xc1, 0xfc, 0x3b, 0x08,
    0x6e, 0x35, 0xfc, 0x74, 0xa0, 0xdf, 0xbe, 0xf5, 0xaf, 0x7f, 0xea, 0x67, 0xb8, 0xea, 0xaa, 0xab,
    0xae, 0xfa, 0x1f, 0xec, 0xc1, 0x2f, 0xfd, 0xd6, 0x2f, 0x9d, 0xf0, 0x56, 0x82, 0xb7, 0x36, 0xbc,
    0x34, 0xff, 0x0e, 0x82, 0xbf, 0x16, 0x7c, 0x37, 0xf0, 0x33, 0xb7, 0xfe, 0xf5, 0x4f, 0xdf, 0xca,
    0x55, 0xff, 0x91, 0x10, 0x57, 0x5d, 0x75, 0xd5, 0xbf, 0xdb, 0x83, 0x5f, 0xfa, 0xad, 0x8f, 0x27,
    0x7c, 0x94, 0xe0, 0xbd, 0x0d, 0x0f, 0xe6, 0x3f, 0x81, 0x60, 0xd7, 0xf0, 0xd3, 0x81, 0x7e, 0xfa,
    0xd6, 0xbf, 0xfe, 0xa9, 0x9f, 0xe1, 0xaa, 0xab, 0xae, 0xba, 0xea, 0x7f, 0x88, 0x07, 0xbf, 0xf4,
    0xdb, 0xbc, 0x97, 0xf1, 0x47, 0x1b, 0x5e, 0x9a, 0xff, 0x04, 0x82, 0xdf, 0x16, 0xfa, 0xee, 0x5b,
    0xff, 0xfa, 0xa7, 0xbe, 0x87, 0xab, 0xfe, 0x23, 0x20, 0xae, 0xba, 0xea, 0xaa, 0x7f, 0xb3, 0x07,
    0xbf, 0xf4, 0x5b, 0x3f, 0x38, 0xe1, 0xb3, 0x80, 0xf7, 0xe6, 0xbf, 0x90, 0x60, 0xd7, 0xf0, 0xd3,
    0x81, 0x7e, 0xfa, 0xd6, 0xbf, 0xfe, 0xa9, 0x9f, 0xe1, 0xaa, 0xab, 0xae, 0xba, 0xea, 0xbf, 0xd8,
    0x83, 0x5f, 0xfa, 0xad, 0x8f, 0x27, 0x7c, 0x94, 0xe0, 0xa3, 0x0d, 0xc7, 0xf9, 0x2f, 0x20, 0xb8,
    0x55, 0xe8, 0xb3, 0x6f, 0xfd, 0xeb, 0x9f, 0xfa, 0x1e, 0xae, 0xfa, 0xf7, 0x40, 0x5c, 0x75, 0xd5,
    0x55, 0xff, 0x6a, 0x0f, 0x7e, 0xe9, 0xb7, 0x7e, 0x70, 0xc2, 0x67, 0x01, 0xef, 0xcd, 0x7f, 0x33,
    0xc1, 0xae, 0xe1, 0xa7, 0x03, 0xfd, 0xf4, 0xad, 0x7f, 0xfd, 0x53, 0x3f, 0xc3, 0x55, 0x57, 0x5d,
    0x75, 0xd5, 0x7f, 0xa2, 0x07, 0xbf, 0xf4, 0x5b, 0x1f, 0x4f, 0xf8, 0x28, 0xc1, 0x47, 0x1b, 0x8e,
    0xf3, 0xdf, 0x40, 0x70, 0xab, 0xd0, 0x67, 0xdf, 0xfa, 0xd7, 0x3f, 0xf5, 0x3d, 0x5c, 0xf5, 0x6f,
    0x81, 0xb8, 0xea, 0xaa, 0xab, 0x5e, 0x64, 0x0f, 0x7e, 0xe9, 0xb7, 0x7e, 0x70, 0xc2, 0x67, 0x01,
    0xef, 0xcd, 0xff, 0x40, 0x82, 0x5d, 0xc3, 0x4f, 0x07, 0xfa, 0xe9, 0x5b, 0xff, 0xfa, 0xa7, 0x7e,
    0x86, 0xab, 0xae, 0xba, 0xea, 0xaa, 0xff, 0x20, 0x0f, 0x7e, 0xe9, 0xb7, 0x3e, 0x9e, 0xf0, 0x51,
    0x82, 0x8f, 0x36, 0x1c, 0xe7, 0x7f, 0x00, 0xc1, 0x4f, 0x0b, 0xde, 0xe7, 0xd6, 0xbf, 0xfe, 0xe9,
    0x5d, 0xae, 0xfa, 0xd7, 0x40, 0x5c, 0x75, 0xd5, 0x55, 0xff, 0xa2, 0x07, 0xbf, 0xf4, 0x5b, 0x3f,
    0x38, 0xe1, 0xb3, 0x80, 0xf7, 0xe6, 0x7f, 0x09, 0xc1, 0xae, 0xe1, 0xa7, 0x03, 0xfd, 0xf4, 0xad,
    0x7f, 0xfd, 0x53, 0x3f, 0xc3, 0x55, 0x57, 0x5d, 0x75, 0xd5, 0xbf, 0xc1, 0x83, 0x5f, 0xfa, 0xad,
    0x8f, 0x27, 0x7c, 0x94, 0xe0, 0xa3, 0x0d, 0xc7, 0xf9, 0x1f, 0x46, 0xb0, 0x2b, 0x78, 0x9f, 0x5b,
    0xff, 0xfa, 0xa7, 0x7f, 0x9a, 0xab, 0x5e, 0x54, 0x88, 0xab, 0xae, 0xba, 0xea, 0x05, 0x7a, 0xf0,
    0x4b, 0xbf, 0xf5, 0x83, 0x13, 0x3e, 0x0b, 0x78, 0x6f, 0xfe, 0x17, 0x13, 0xec, 0x1a, 0x7e, 0x3a,
    0xd0, 0x4f, 0xdf, 0xfa, 0xd7, 0x3f, 0xf5, 0x33, 0x5c, 0x75, 0xd5, 0x55, 0x57, 0xfd, 0x0b, 0x1e,
    0xfc, 0xd2, 0x6f, 0x7d, 0x3c, 0xe1, 0xa3, 0x04, 0x1f, 0x6d, 0x38, 0xce, 0xff, 0x7c, 0x5f, 0x7d,
    0xdb, 0x5f, 0xff, 0xf4, 0xc7, 0x70, 0xd5, 0x8b, 0x02, 0x71, 0xd5, 0x55, 0x57, 0x3d, 0x8f, 0x07,
    0xbf, 0xf4, 0x5b, 0x3f, 0x38, 0xe1, 0xb3, 0x80, 0xf7, 0xe6, 0xff, 0x18, 0xc1, 0xae, 0xe1, 0xa7,
    0x03, 0xfd, 0xf4, 0xad, 0x7f, 0xfd, 0x53, 0x3f, 0xc3, 0x55, 0x57, 0x5d, 0x75, 0xd5, 0x03, 0x3c,
    0xf8, 0xa5, 0xdf, 0xfa, 0x78, 0xc2, 0x47, 0x09, 0x3e, 0xda, 0x70, 0x9c, 0xff, 0x5d, 0xbe, 0xfb,
    0xb6, 0xbf, 0xfe, 0xe9, 0xf7, 0xe1, 0xaa, 0x7f, 0x09, 0xe2, 0xaa, 0xab, 0xae, 0x7a, 0x96, 0x07,
    0xbf, 0xf4, 0x5b, 0x3f, 0x38, 0xe1, 0xb3, 0x80, 0xf7, 0xe6, 0xff, 0x01, 0xc1, 0xae, 0xe1, 0xa7,
    0x03, 0xfd, 0xf4, 0xad, 0x7f, 0xfd, 0x53, 0x3f, 0xc3, 0x55, 0x57, 0x5d, 0xf5, 0xff, 0xd6, 0x83,
    0x5f, 0xfa, 0xad, 0x8f, 0x27, 0x7c, 0x94, 0xe0, 0xa3, 0x0d, 0xc7, 0xf9, 0xdf, 0xeb, 0xbb, 0x6f,
    0xfb, 0xeb, 0x9f, 0x7e, 0x1f, 0xae, 0x7a, 0x61, 0x10, 0x57, 0x5d, 0x75, 0x15, 0x0f, 0x7e, 0xe9,
    0xb7, 0x7e, 0x70, 0xc2, 0x67, 0x01, 0xef, 0xcd, 0xff, 0x53, 0x82, 0x5d, 0xc3, 0x4f, 0x07, 0xfa,
    0xe9, 0x5b, 0xff, 0xfa, 0xa7, 0x7e, 0x86, 0xab, 0xae, 0xba, 0xea, 0xff, 0x85, 0x07, 0xbf, 0xf4,
    0x5b, 0x1f, 0x4f, 0xf8, 0x28, 0xc1, 0x47, 0x1b, 0x8e, 0xf3, 0x7f, 0xc3, 0x77, 0xdf, 0xf6, 0xd7,
    0x3f, 0xfd, 0x3e, 0x5c, 0xf5, 0x82, 0x20, 0xae, 0xba, 0xea, 0xff, 0xb1, 0x07, 0xbf, 0xf4, 0x5b,
    0x3f, 0x38, 0xe1, 0xb3, 0x80, 0xf7, 0xe6, 0xaa, 0x67, 0x11, 0xec, 0x1a, 0x7e, 0x3a, 0xe0, 0x6b,
    0x6e, 0xfd, 0xeb, 0x9f, 0xfe, 0x6b, 0xae, 0xba, 0xea, 0xaa, 0xff, 0x73, 0x1e, 0xfc, 0xd2, 0x6f,
    0x7d, 0x3c, 0xe1, 0xa3, 0x04, 0x1f, 0x6d, 0x38, 0xce, 0xff, 0x3d, 0x9f, 0x73, 0xdb, 0x5f, 0xff,
    0xf4, 0x67, 0x73, 0xd5, 0xf3, 0x83, 0xb8, 0xea, 0xaa, 0xff, 0x87, 0x1e, 0xfc, 0xd2, 0x6f, 0xfd,
    0xe0, 0x84, 0xcf, 0x02, 0xde, 0x9b, 0xab, 0x5e, 0x28, 0xc1, 0xad, 0x86, 0x9f, 0x0e, 0xf8, 0x9e,
    0x5b, 0xff, 0xfa, 0xa7, 0xff, 0x9a, 0xab, 0xae, 0xba, 0xea, 0x7f, 0xb5, 0x07, 0xbf, 0xf4, 0x5b,
    0x1f, 0x4f, 0xf8, 0x28, 0xc1, 0x47, 0x1b, 0x8e, 0xf3, 0x7f, 0x58, 0xc0, 0xfb, 0xdc, 0xfa, 0xd7,
    0x3f, 0xfd, 0xdd, 0x5c, 0xf5, 0xdc, 0x10, 0x57, 0x5d, 0xf5, 0xff, 0xc8, 0x83, 0x5f, 0xfa, 0xad,
    0x1f, 0x9c, 0xf0, 0x59, 0xc0, 0x7b, 0x73, 0xd5, 0xbf, 0x9a, 0xe0, 0x56, 0xc3, 0x4f, 0x07, 0x7c,
    0xcf, 0xad, 0x7f, 0xfd, 0xd3, 0x7f, 0xcd, 0x55, 0x57, 0x5d, 0xf5, 0xbf, 0xc6, 0x83, 0x5f, 0xfa,
    0xad, 0x8f, 0x27, 0x7c, 0x94, 0xe0, 0xa3, 0x0d, 0xc7, 0xf9, 0x7f, 0x40, 0xb0, 0x2b, 0x78, 0x99,
    0x5b, 0xff, 0xfa, 0xa7, 0x6f, 0xe5, 0xaa, 0x07, 0x42, 0x5c, 0x75, 0xd5, 0xff, 0x03, 0x0f, 0x7e,
    0xe9, 0xb7, 0x7e, 0x70, 0xc2, 0x67, 0x01, 0xef, 0xcd, 0x55, 0xff, 0x21, 0x04, 0xb7, 0x1a, 0x7e,
    0x3a, 0xe0, 0x7b, 0x6e, 0xfd, 0xeb, 0x9f, 0xfe, 0x6b, 0xae, 0xba, 0xea, 0xaa, 0xff, 0x91, 0x1e,
    0xfc, 0xd2, 0x6f, 0x7d, 0x3c, 0xe1, 0xa3, 0x04, 0x1f, 0x6d, 0x38, 0xce, 0xff, 0x33, 0x82, 0xdf,
    0x7e, 0xc6, 0x5f, 0xff, 0xf4, 0xeb, 0x70, 0xd5, 0x03, 0x21, 0xae, 0xba, 0xea, 0xff, 0xb0, 0x07,
    0xbf, 0xf4, 0x5b, 0x3f, 0x38, 0xe1, 0xb3, 0x80, 0xf7, 0xe6, 0xaa, 0xff, 0x34, 0x82, 0x5b, 0x0d,
    0x3f, 0x1d, 0xf0, 0x3d, 0xb7, 0xfe, 0xf5, 0x4f, 0xff, 0x35, 0x57, 0x5d, 0x75, 0xd5, 0x7f, 0xbb,
    0x07, 0xbf, 0xf4, 0x5b, 0x1f, 0x4f, 0xf8, 0x28, 0xc1, 0x47, 0x1b, 0x8e, 0xf3, 0xff, 0x58, 0xc0,
    0xfb, 0xdc, 0xfa, 0xd7, 0x3f, 0xfd, 0xdd, 0x5c, 0x75, 0x3f, 0xc4, 0x55, 0x57, 0xfd, 0x1f, 0xf4,
    0xe0, 0x97, 0x7e, 0xeb, 0x07, 0x27, 0x7c, 0x16, 0xf0, 0xde, 0x5c, 0xf5, 0x5f, 0x4a, 0x70, 0xab,
    0xe1, 0xa7, 0x03, 0xbe, 0xe7, 0xd6, 0xbf, 0xfe, 0xe9, 0xbf, 0xe6, 0xaa, 0xab, 0xae, 0xfa, 0x2f,
    0xf5, 0xe0, 0x97, 0x7e, 0xeb, 0xe3, 0x09, 0x1f, 0x25, 0xf8, 0x68, 0xc3, 0x71, 0xae, 0x42, 0xb0,
    0x2b, 0x78, 0xc8, 0xad, 0x7f, 0xfd, 0xd3, 0xbb, 0x5c, 0x05, 0x80, 0xb8, 0xea, 0xaa, 0xff, 0x43,
    0x1e, 0xfc, 0xd2, 0x6f, 0xfd, 0xe0, 0x84, 0xcf, 0x02, 0xde, 0x9b, 0xab, 0xfe, 0xdb, 0x09, 0x6e,
    0x35, 0xfc, 0x74, 0xc0, 0xf7, 0xdc, 0xfa, 0xd7, 0x3f, 0xfd, 0xd7, 0x5c, 0x75, 0xd5, 0x55, 0xff,
    0x69, 0x1e, 0xfc, 0xd2, 0x6f, 0x7d, 0x3c, 0xe1, 0xa3, 0x04, 0x1f, 0x6d, 0x38, 0xce, 0x55, 0xcf,
    0xed, 0x73, 0x6e, 0xfb, 0xeb, 0x9f, 0xfe, 0x6c, 0xae, 0x02, 0x40, 0x5c, 0x75, 0xd5, 0xff, 0x01,
    0x0f, 0x7e, 0xe9, 0xb7, 0x7e, 0x70, 0xc2, 0x67, 0x01, 0xef, 0xcd, 0x55, 0xff, 0x23, 0x09, 0x6e,
    0x35, 0xfc, 0x74, 0xc0, 0xf7, 0xdc, 0xfa, 0xd7, 0x3f, 0xfd, 0xd7, 0x5c, 0x75, 0xd5, 0x55, 0xff,
    0x21, 0x1e, 0xfc, 0xd2, 0x6f, 0x7d, 0x3c, 0xe1, 0xa3, 0x04, 0x1f, 0x6d, 0x38, 0xce, 0x55, 0xcf,
    0x97, 0x60, 0x57, 0xf0, 0x90, 0x5b, 0xff, 0xfa, 0xa7, 0x77, 0xb9, 0x0a, 0x71, 0xd5, 0x55, 0xff,
    0x8b, 0x3d, 0xf8, 0xa5, 0xdf, 0xfa, 0xc1, 0x09, 0x9f, 0x05, 0xbc, 0x37, 0x57, 0xfd, 0xaf, 0x21,
    0xb8, 0xd5, 0xf0, 0xd3, 0x01, 0xdf, 0x73, 0xeb, 0x5f, 0xff, 0xf4, 0x5f, 0x73, 0xd5, 0x55, 0x57,
    0xfd, 0xab, 0x3d, 0xf8, 0xa5, 0xdf, 0xfa, 0x78, 0xc2, 0x47, 0x09, 0x3e, 0xda, 0x70, 0x9c, 0xab,
    0xfe, 0x45, 0x01, 0xef, 0x73, 0xeb, 0x5f, 0xff, 0xf4, 0x77, 0x73, 0x15, 0xe2, 0xaa, 0xab, 0xfe,
    0x17, 0x7a, 0xf0, 0x4b, 0xbf, 0xf5, 0x83, 0x13, 0x3e, 0x0b, 0x78, 0x6f, 0xae, 0xfa, 0x5f, 0x4d,
    0x70, 0xab, 0xe1, 0xa7, 0x03, 0xbe, 0xe7, 0xd6, 0xbf, 0xfe, 0xe9, 0xbf, 0xe6, 0xaa, 0xab, 0xae,
    0x7a, 0xa1, 0x1e, 0xfc, 0xd2, 0x6f, 0x7d, 0x3c, 0xe1, 0xa3, 0x04, 0x1f, 0x6d, 0x38, 0xce, 0x55,
    0x2f, 0x32, 0xc1, 0xad, 0xcf, 0xf8, 0xeb, 0x9f, 0x7e, 0x08, 0x57, 0x21, 0xae, 0xba, 0xea, 0x7f,
    0x91, 0x07, 0xbf, 0xf4, 0x5b, 0x3f, 0x38, 0xe1, 0xb3, 0x80, 0xf7, 0xe6, 0xaa, 0xff, 0x73, 0x04,
    0xb7, 0x1a, 0x7e, 0x3a, 0xe0, 0x7b, 0x6e, 0xfd, 0xeb, 0x9f, 0xfe, 0x6b, 0xae, 0xba, 0xea, 0xaa,
    0x67, 0x79, 0xf0, 0x4b, 0xbf, 0xf5, 0xf1, 0x84, 0x8f, 0x12, 0x7c, 0xb4, 0xe1, 0x38, 0x57, 0xfd,
    0x9b, 0x04, 0xbc, 0xcc, 0xad, 0x7f, 0xfd, 0xd3, 0x7f, 0xcd, 0xff, 0x6f, 0x88, 0xab, 0xae, 0xfa,
    0x5f, 0xe0, 0xc1, 0x2f, 0xfd, 0xd6, 0x0f, 0x4e, 0xf8, 0x2c, 0xe0, 0xbd, 0xb9, 0xea, 0xff, 0x05,
    0xc1, 0xad, 0x86, 0x9f, 0x0e, 0xf8, 0x9e, 0x5b, 0xff, 0xfa, 0xa7, 0xff, 0x9a, 0xab, 0xae, 0xfa,
    0x7f, 0xea, 0xc1, 0x2f, 0xfd, 0xd6, 0xc7, 0x13, 0x3e, 0x4a, 0xf0, 0xd1, 0x86, 0xe3, 0x5c, 0xf5,
    0xef, 0x12, 0xf0, 0x31, 0xb7, 0xfe, 0xf5, 0x4f, 0x7f, 0x35, 0xff, 0xbf, 0x21, 0xae, 0xba, 0xea,
    0x7f, 0xb0, 0x07, 0xbf, 0xf4, 0x5b, 0x3f, 0x38, 0xe1, 0xb3, 0x80, 0xf7, 0xe6, 0xaa, 0xff, 0xb7,
    0x04, 0xb7, 0x1a, 0x7e, 0x3a, 0xe0, 0x7b, 0x6e, 0xfd, 0xeb, 0x9f, 0xfe, 0x6b, 0xae, 0xba, 0xea,
    0xff, 0x81, 0x07, 0xbf, 0xf4, 0x5b, 0x1f, 0x4f, 0xf8, 0x28, 0xc1, 0x47, 0x1b, 0x8e, 0x73, 0xd5,
    0x7f, 0x08, 0xc1, 0x5f, 0x3f, 0xe3, 0xaf, 0x7f, 0xfa, 0x65, 0xf8, 0xff, 0x0d, 0x71, 0xd5, 0x55,
    0xff, 0x03, 0x3d, 0xf8, 0xa5, 0xdf, 0xfa, 0xc1, 0x09, 0x9f, 0x05, 0xbc, 0x37, 0x57, 0x5d, 0xf5,
    0x00, 0x82, 0x5b, 0x0d, 0x3f, 0x1d, 0xf0, 0x3d, 0xb7, 0xfe, 0xf5, 0x4f, 0xff, 0x35, 0x57, 0x5d,
    0xf5, 0x7f, 0xcc, 0x83, 0x5f, 0xfa, 0xad, 0x8f, 0x27, 0x7c, 0x94, 0xe0, 0xa3, 0x0d, 0xc7, 0xb9,
    0xea, 0x3f, 0x5c, 0xc0, 0x89, 0x5b, 0xff, 0xfa, 0xa7, 0x77, 0xf9, 0xff, 0x0b, 0x71, 0xd5, 0x55,
    0xff, 0x83, 0x3c, 0xf8, 0xa5, 0xdf, 0xfa, 0xc1, 0x09, 0x9f, 0x05, 0xbc, 0x37, 0x57, 0x5d, 0xf5,
    0x2f, 0x10, 0xdc, 0x6a, 0xf8, 0xe9, 0x80, 0xef, 0xb9, 0xf5, 0xaf, 0x7f, 0xfa, 0xaf, 0xb9, 0xea,
    0xaa, 0xff, 0xc5, 0x1e, 0xfc, 0xd2, 0x6f, 0x7d, 0x3c, 0xe1, 0xa3, 0x04, 0x1f, 0x6d, 0x38, 0xce,
    0x55, 0xff, 0x69, 0x02, 0x5e, 0xe7, 0xd6, 0xbf, 0xfe, 0xe9, 0xdf, 0xe6, 0xff, 0x2f, 0xc4, 0x55,
    0x57, 0xfd, 0x0f, 0xf0, 0xe0, 0x97, 0x7e, 0xeb, 0x07, 0x27, 0x7c, 0x16, 0xf0, 0xde, 0x5c, 0x75,
    0xd5, 0xbf, 0x81, 0xe0, 0x56, 0xc3, 0x4f, 0x07, 0x7c, 0xcf, 0xad, 0x7f, 0xfd, 0xd3, 0x7f, 0xcd,
    0x55, 0x57, 0xfd, 0x2f, 0xf1, 0xe0, 0x97, 0x7e, 0xeb, 0xe3, 0x09, 0x1f, 0x25, 0xf8, 0x68, 0xc3,
    0x71, 0xae, 0xfa, 0xaf, 0xf0, 0x39, 0xb7, 0xfd, 0xf5, 0x4f, 0x7f, 0x36, 0xff, 0x7f, 0x21, 0xae,
    0xba, 0xea, 0xbf, 0xd1, 0x83, 0x5f, 0xfa, 0xad, 0x1f, 0x9c, 0xf0, 0x59, 0xc0, 0x7b, 0x73, 0xd5,
    0x55, 0xff, 0x41, 0x04, 0xb7, 0x1a, 0x7e, 0x3a, 0xe0, 0x7b, 0x6e, 0xfd, 0xeb, 0x9f, 0xfe, 0x6b,
    0xae, 0xba, 0xea, 0x7f, 0xa0, 0x07, 0xbf, 0xf4, 0x5b, 0x1f, 0x4f, 0xf8, 0x28, 0xc1, 0x47, 0x1b,
    0x8e, 0x73, 0xd5, 0x7f, 0xa5, 0x9f, 0xb9, 0xed, 0xaf, 0x7f, 0xfa, 0xad, 0xf9, 0xff, 0x0b, 0x71,
    0xd5, 0x55, 0xff, 0x0d, 0x1e, 0xfc, 0xd2, 0x6f, 0xfd, 0xe0, 0x84, 0xcf, 0x02, 0xde, 0x9b, 0xab,
    0xae, 0xfa, 0x4f, 0x24, 0xb8, 0xd5, 0xf0, 0xd3, 0x01, 0xdf, 0x73, 0xeb, 0x5f, 0xff, 0xf4, 0x5f,
    0x73, 0xd5, 0x55, 0xff, 0xcd, 0x1e, 0xfc, 0xd2, 0x6f, 0x7d, 0x3c, 0xe1, 0xa3, 0x04, 0x1f, 0x6d,
    0x38, 0xce, 0x55, 0xff, 0xe5, 0x04, 0xbf, 0xf3, 0x8c, 0xbf, 0xfe, 0xe9, 0xd7, 0xe6, 0xff, 0x2f,
    0xc4, 0x55, 0x57, 0xfd, 0x17, 0x7a, 0xf0, 0x4b, 0xbf, 0xf5, 0x83, 0x13, 0x3e, 0x0b, 0x78, 0x6f,
    0xae, 0xba, 0xea, 0xbf, 0x98, 0xe0, 0x56, 0xc3, 0x4f, 0x07, 0x7c, 0xcf, 0xad, 0x7f, 0xfd, 0xd3,
    0x7f, 0xcd, 0x55, 0x57, 0xfd, 0x17, 0x7a, 0xf0, 0x4b, 0xbf, 0xf5, 0xf1, 0x84, 0x8f, 0x12, 0x7c,
    0xb4, 0xe1, 0x38, 0x57, 0xfd, 0xb7, 0x11, 0xfc, 0xce, 0x33, 0xfe, 0xfa, 0xa7, 0x5f, 0x9b, 0xff,
    0xbf, 0x10, 0x57, 0x5d, 0xf5, 0x5f, 0xe0, 0xc1, 0x2f, 0xfd, 0xd6, 0x0f, 0x4e, 0xf8, 0x2c, 0xe0,
    0xbd, 0xb9, 0xea, 0xaa, 0xff, 0x01, 0x04, 0xb7, 0x1a, 0x7e, 0x3a, 0xe0, 0x7b, 0x6e, 0xfd, 0xeb,
    0x9f, 0xfe, 0x6b, 0xae, 0xba, 0xea, 0x3f, 0xc9, 0x83, 0x5f, 0xfa, 0xad, 0x8f, 0x27, 0x7c, 0x94,
    0xe0, 0xa3, 0x0d, 0xc7, 0xb9, 0xea, 0x7f, 0x84, 0xdb, 0xfe, 0xfa, 0xa7, 0xc5, 0xff, 0x5f, 0x88,
    0xab, 0xae, 0xfa, 0x4f, 0xf4, 0xe0, 0x97, 0x7e, 0xeb, 0x07, 0x27, 0x7c, 0x16, 0xf0, 0xde, 0x5c,
    0x75, 0xd5, 0xff, 0x50, 0x82, 0x5b, 0x0d, 0x3f, 0x1d, 0xf0, 0x3d, 0xb7, 0xfe, 0xf5, 0x4f, 0xff,
    0x35, 0x57, 0x5d, 0xf5, 0x1f, 0xe0, 0xc1, 0x2f, 0xfd, 0xd6, 0xc7, 0x13, 0x3e, 0x4a, 0xf0, 0xd1,
    0x86, 0xe3, 0x5c, 0xf5, 0x3f, 0xca, 0x6d, 0x7f, 0xfd, 0xd3, 0xe2, 0xff, 0x2f, 0xc4, 0x55, 0x57,
    0xfd, 0x27, 0x78, 0xf0, 0x4b, 0xbf, 0xf5, 0x83, 0x13, 0x3e, 0x0b, 0x78, 0x6f, 0xae, 0xba, 0xea,
    0x7f, 0x11, 0xc1, 0xad, 0x86, 0x9f, 0x0e, 0xf8, 0x9e, 0x5b, 0xff, 0xfa, 0xa7, 0xff, 0x9a, 0xab,
    0xae, 0xfa, 0x57, 0x7a, 0xf0, 0x4b, 0xbf, 0xf5, 0xf1, 0x84, 0x8f, 0x12, 0x7c, 0xb4, 0xe1, 0x38,
    0x57, 0xfd, 0x8f, 0x74, 0xdb, 0x5f, 0xff, 0xb4, 0xf8, 0xff, 0x0b, 0x71, 0xd5, 0x55, 0xff, 0x81,
    0x1e, 0xfc, 0xd2, 0x6f, 0xfd, 0xe0, 0x84, 0xcf, 0x02, 0xde, 0x9b, 0xab, 0xae, 0xfa, 0x5f, 0x4e,
    0x70, 0xab, 0xe1, 0xa7, 0x03, 0xbe, 0xe7, 0xd6, 0xbf, 0xfe, 0xe9, 0xbf, 0xe6, 0xaa, 0xab, 0x5e,
    0x88, 0x07, 0xbf, 0xf4, 0x5b, 0x1f, 0x4f, 0xf8, 0x28, 0xc1, 0x47, 0x1b, 0x8e, 0x73, 0xd5, 0xff,
    0x68, 0xb7, 0xfd, 0xf5, 0x4f, 0x8b, 0xff, 0xbf, 0x10, 0x57, 0x5d, 0xf5, 0x1f, 0xe0, 0xc1, 0x2f,
    0xfd, 0xd6, 0x0f, 0x4e, 0xf8, 0x2c, 0xe0, 0xbd, 0xb9, 0xea, 0xaa, 0xff, 0x83, 0x04, 0xb7, 0x1a,
    0x7e, 0x3a, 0xe0, 0x7b, 0x6e, 0xfd, 0xeb, 0x9f, 0xfe, 0x6b, 0xae, 0xba, 0xea, 0x99, 0x1e, 0xfc,
    0xd2, 0x6f, 0x7d, 0x3c, 0xe1, 0xa3, 0x04, 0x1f, 0x6d, 0x38, 0xce, 0x55, 0xff, 0x2b, 0xdc, 0xf6,
    0xd7, 0x3f, 0x2d, 0xfe, 0xff, 0x42, 0x5c, 0x75, 0xd5, 0xbf, 0xc3, 0x83, 0x5f, 0xfa, 0xad, 0x1f,
    0x9c, 0xf0, 0x59, 0xc0, 0x7b, 0x73, 0xd5, 0x55, 0xff, 0x4f, 0x08, 0x6e, 0x35, 0xfc, 0x74, 0xc0,
    0xf7, 0xdc, 0xfa, 0xd7, 0x3f, 0xfd, 0xd7, 0x5c, 0xf5, 0xff, 0xd2, 0x83, 0x5f, 0xfa, 0xad, 0x8f,
    0x27, 0x7c, 0x94, 0xe0, 0xa3, 0x0d, 0xc7, 0xb9, 0xea, 0x7f, 0x95, 0xdb, 0xfe, 0xfa, 0xa7, 0xc5,
    0xff, 0x5f, 0x88, 0xab, 0xae, 0xfa, 0x37, 0x78, 0xf0, 0x4b, 0xbf, 0xf5, 0x83, 0x13, 0x3e, 0x0b,
    0x78, 0x6f, 0xae, 0xba, 0xea, 0xff, 0x31, 0xc1, 0xad, 0x86, 0x9f, 0x0e, 0xf8, 0x9e, 0x5b, 0xff,
    0xfa, 0xa7, 0xff, 0x9a, 0xab, 0xfe, 0xcf, 0x7b, 0xf0, 0x4b, 0xbf, 0xf5, 0xf1, 0x84, 0x8f, 0x12,
    0x7c, 0xb4, 0xe1, 0x38, 0x57, 0xfd, 0xaf, 0x74, 0xdb, 0x5f, 0xff, 0xb4, 0xf8, 0xff, 0x0b, 0x71,
    0xd5, 0x55, 0xff, 0x0a, 0x0f, 0x7e, 0xe9, 0xb7, 0x7e, 0x70, 0xc2, 0x67, 0x01, 0xef, 0xcd, 0x55,
    0x57, 0x5d, 0xf5, 0x1c, 0x04, 0xb7, 0x1a, 0x7e, 0x3a, 0xe0, 0x7b, 0x6e, 0xfd, 0xeb, 0x9f, 0xfe,
    0x6b, 0xae, 0xfa, 0x3f, 0xe5, 0xc1, 0x2f, 0xfd, 0xd6, 0xc7, 0x13, 0x3e, 0x4a, 0xf0, 0xd1, 0x86,
    0xe3, 0x5c, 0xf5, 0xbf, 0xda, 0x6d, 0x7f, 0xfd, 0xd3, 0xe2, 0xff, 0x2f, 0xc4, 0x55, 0x57, 0xbd,
    0x08, 0x1e, 0xfc, 0xd2, 0x6f, 0xfd, 0xe0, 0x84, 0xcf, 0x02, 0xde, 0x9b, 0xab, 0xae, 0xba, 0xea,
    0x5f, 0x24, 0xb8, 0xd5, 0xf0, 0xd3, 0x01, 0xdf, 0x73, 0xeb, 0x5f, 0xff, 0xf4, 0x5f, 0x73, 0xd5,
    0xff, 0x5a, 0x0f, 0x7e, 0xe9, 0xb7, 0x3e, 0x9e, 0xf0, 0x51, 0x82, 0x8f, 0x36, 0x1c, 0xe7, 0xaa,
    0xff, 0x13, 0x6e, 0xfb, 0xeb, 0x9f, 0x16, 0xff, 0x7f, 0x21, 0xae, 0xba, 0xea, 0x85, 0x78, 0xf0,
    0x4b, 0xbf, 0xf5, 0x83, 0x13, 0x3e, 0x0b, 0x78, 0x6f, 0xae, 0xba, 0xea, 0xaa, 0x7f, 0x13, 0xc1,
    0xad, 0x86, 0x9f, 0x0e, 0xf8, 0x9e, 0x5b, 0xff, 0xfa, 0xa7, 0xff, 0x9a, 0xab, 0xfe, 0x57, 0x78,
    0xf0, 0x4b, 0xbf, 0xf5, 0xf1, 0x84, 0x8f, 0x12, 0x7c, 0xb4, 0xe1, 0x38, 0x57, 0xfd, 0x9f, 0x72,
    0xdb, 0x5f, 0xff, 0xb4, 0xf8, 0xff, 0x0b, 0x71, 0xd5, 0x55, 0xcf, 0xc7, 0x83, 0x5f, 0xfa, 0xad,
    0x1f, 0x9c, 0xf0, 0x59, 0xc0, 0x7b, 0x73, 0xd5, 0x55, 0x57, 0xfd, 0x87, 0x11, 0xdc, 0x6a, 0xf8,
    0xe9, 0x80, 0xef, 0xb9, 0xf5, 0xaf, 0x7f, 0xfa, 0xaf, 0xb9, 0xea, 0x7f, 0x9c, 0x07, 0xbf, 0xf4,
    0x5b, 0x1f, 0x4f, 0xf8, 0x28, 0xc1, 0x47, 0x1b, 0x8e, 0x73, 0xd5, 0xff, 0x49, 0xb7, 0xfd, 0xf5,
    0x4f, 0x8b, 0xff, 0xbf, 0x10, 0x57, 0x5d, 0xf5, 0x00, 0x0f, 0x7e, 0xe9, 0xb7, 0x7e, 0x70, 0xc2,
    0x67, 0x01, 0xef, 0xcd, 0x55, 0x57, 0x5d, 0xf5, 0x9f, 0x4a, 0x70, 0xab, 0xe1, 0xa7, 0x03, 0xbe,
    0xe7, 0xd6, 0xbf, 0xfe, 0xe9, 0xbf, 0xe6, 0xaa, 0xff, 0x56, 0x0f, 0x7e, 0xe9, 0xb7, 0x3e, 0x9e,
    0xf0, 0x51, 0x82, 0x8f, 0x36, 0x1c, 0xe7, 0xaa, 0xff, 0xd3, 0x6e, 0xfb, 0xeb, 0x9f, 0x16, 0xff,
    0x7f, 0x21, 0xae, 0xba, 0x0a, 0x78, 0xf0, 0x4b, 0xbf, 0xf5, 0x83, 0x13, 0x3e, 0x0b, 0x78, 0x6f,
    0xae, 0xba, 0xea, 0xaa, 0xff, 0x72, 0x82, 0x5b, 0x0d, 0x3f, 0x1d, 0xf0, 0x3d, 0xb7, 0xfe, 0xf5,
    0x4f, 0xff, 0x35, 0x57, 0xfd, 0x97, 0x79, 0xf0, 0x4b, 0xbf, 0xf5, 0xf1, 0x84, 0x8f, 0x12, 0x7c,
    0xb4, 0xe1, 0x38, 0x57, 0xfd, 0xbf, 0x70, 0xdb, 0x5f, 0xff, 0xb4, 0xf8, 0xff, 0x0b, 0x71, 0xd5,
    0xff, 0x6b, 0x0f, 0x7e, 0xe9, 0xb7, 0x7e, 0x70, 0xc2, 0x67, 0x01, 0xef, 0xcd, 0x55, 0x57, 0x5d,
    0xf5, 0x3f, 0x82, 0xe0, 0x56, 0xc3, 0x4f, 0x07, 0x7c, 0xcf, 0xad, 0x7f, 0xfd, 0xd3, 0x7f, 0xcd,
    0x55, 0xff, 0x29, 0x1e, 0xfc, 0xd2, 0x6f, 0x7d, 0x3c, 0xe1, 0xa3, 0x04, 0x1f, 0x6d, 0x38, 0xce,
    0x55, 0xff, 0xaf, 0xdc, 0xf6, 0xd7, 0x3f, 0x2d, 0xfe, 0xff, 0x42, 0x5c, 0xf5, 0xff, 0xd2, 0x83,
    0x5f, 0xfa, 0xad, 0x1f, 0x9c, 0xf0, 0x59, 0xc0, 0x7b, 0x73, 0xd5, 0x55, 0x57, 0xfd, 0x8f, 0x25,
    0xb8, 0xd5, 0xf0, 0xd3, 0x01, 0xdf, 0x73, 0xeb, 0x5f, 0xff, 0xf4, 0x5f, 0x73, 0xd5, 0xbf, 0xdb,
    0x83, 0x5f, 0xfa, 0xad, 0x8f, 0x27, 0x7c, 0x94, 0xe0, 0xa3, 0x0d, 0xc7, 0xb9, 0xea, 0xff, 0xa5,
    0xdb, 0xfe, 0xfa, 0xa7, 0xc5, 0xff, 0x5f, 0x88, 0xab, 0xfe, 0x5f, 0x79, 0xf0, 0x4b, 0xbf, 0xf5,
    0x83, 0x13, 0x3e, 0x0b, 0x78, 0x6f, 0xae, 0xba, 0xea, 0xaa, 0xff, 0x55, 0x04, 0xb7, 0x1a, 0x7e,
    0x3a, 0xe0, 0x7b, 0x6e, 0xfd, 0xeb, 0x9f, 0xfe, 0x6b, 0xae, 0xfa, 0x57, 0x79, 0xf0, 0x4b, 0xbf,
    0xf5, 0xf1, 0x84, 0x8f, 0x12, 0x7c, 0xb4, 0xe1, 0x38, 0x57, 0xfd, 0xbf, 0x76, 0xdb, 0x5f, 0xff,
    0xb4, 0xf8, 0xff, 0x0b, 0x71, 0xd5, 0xff, 0x0b, 0x0f, 0x7e, 0xe9, 0xb7, 0x7e, 0x70, 0xc2, 0x67,
    0x01, 0xef, 0xcd, 0x55, 0x57, 0x5d, 0xf5, 0xbf, 0x9e, 0xe0, 0x56, 0xc3, 0x4f, 0x07, 0x7c, 0xcf,
    0xad, 0x7f, 0xfd, 0xd3, 0x7f, 0xcd, 0x55, 0x2f, 0xd0, 0x83, 0x5f, 0xfa, 0xad, 0x8f, 0x27, 0x7c,
    0x94, 0xe0, 0xa3, 0x0d, 0xc7, 0xb9, 0xea, 0x2a, 0xe0, 0xb6, 0xbf, 0xfe, 0x69, 0xf1, 0xff, 0x17,
    0xe2, 0xaa, 0xff, 0xd3, 0x1e, 0xfc, 0xd2, 0x6f, 0xfd, 0xe0, 0x84, 0xcf, 0x02, 0xde, 0x9b, 0xab,
    0xae, 0xba, 0xea, 0xff, 0x24, 0xc1, 0xad, 0x86, 0x9f, 0x0e, 0xf8, 0x9e, 0x5b, 0xff, 0xfa, 0xa7,
    0xff, 0x9a, 0xab, 0x2e, 0x7b, 0xf0, 0x4b, 0xbf, 0xf5, 0xf1, 0x84, 0x8f, 0x12, 0x7c, 0xb4, 0xe1,
    0x38, 0x57, 0x5d, 0xf5, 0x00, 0xb7, 0xfd, 0xf5, 0x4f, 0x8b, 0xff, 0xbf, 0x10, 0x57, 0xfd, 0x9f,
    0xf4, 0xe0, 0x97, 0x7e, 0xeb, 0x07, 0x27, 0x7c, 0x16, 0xf0, 0xde, 0x5c, 0x75, 0xd5, 0x55, 0xff,
    0x6f, 0x08, 0x6e, 0x35, 0xfc, 0x74, 0xc0, 0xf7, 0xdc, 0xfa, 0xd7, 0x3f, 0xfd, 0xd7, 0xfc, 0x3f,
    0xf4, 0xe0, 0x97, 0x7e, 0xeb, 0xe3, 0x09, 0x1f, 0x25, 0xf8, 0x68, 0xc3, 0x71, 0xae, 0xba, 0xea,
    0xf9, 0xb8, 0xed, 0xaf, 0x7f, 0x5a, 0xfc, 0xff, 0x85, 0xb8, 0xea, 0xff, 0x94, 0x07, 0xbf, 0xf4,
    0x5b, 0x3f, 0x38, 0xe1, 0xb3, 0x80, 0xf7, 0xe6, 0xaa, 0xab, 0xae, 0xfa, 0x7f, 0x4d, 0x70, 0xab,
    0xe1, 0xa7, 0x03, 0xbe, 0xe7, 0xd6, 0xbf, 0xfe, 0xe9, 0xbf, 0xe6, 0xff, 0xb8, 0x07, 0xbf, 0xf4,
    0x5b, 0x1f, 0x4f, 0xf8, 0x28, 0xc1, 0x47, 0x1b, 0x8e, 0x73, 0xd5, 0x55, 0x2f, 0xc4, 0x6d, 0x7f,
    0xfd, 0xd3, 0xe2, 0xff, 0x2f, 0xc4, 0x55, 0xff, 0x27, 0x3c, 0xf8, 0xa5, 0xdf, 0xfa, 0xc1, 0x09,
    0x9f, 0x05, 0xbc, 0x37, 0x57, 0x5d, 0x75, 0xd5, 0x55, 0xcf, 0x45, 0x70, 0xab, 0xe1, 0xa7, 0x03,
    0xbe, 0xe7, 0xd6, 0xbf, 0xfe, 0xe9, 0xbf, 0xe6, 0xff, 0x90, 0x07, 0xbf, 0xf4, 0x5b, 0x1f, 0x4f,
    0xf8, 0x28, 0xc1, 0x47, 0x1b, 0x8e, 0x73, 0xd5, 0x55, 0x2f, 0x82, 0xdb, 0xfe, 0xfa, 0xa7, 0xc5,
    0xff, 0x5f, 0x88, 0xab, 0xfe, 0x57, 0x7b, 0xf0, 0x4b, 0xbf, 0xf5, 0x83, 0x13, 0x3e, 0x0b, 0x78,
    0x6f, 0xae, 0xba, 0xea, 0xaa, 0xab, 0x5e, 0x04, 0x82, 0x5b, 0x0d, 0x3f, 0x1d, 0xf0, 0x3d, 0xb7,
    0xfe, 0xf5, 0x4f, 0xff, 0x35, 0xff, 0x4b, 0x3d, 0xf8, 0xa5, 0xdf, 0xfa, 0x78, 0xc2, 0x47, 0x09,
    0x3e, 0xda, 0x70, 0x9c, 0xab, 0xae, 0xfa, 0x57, 0xb8, 0xed, 0xaf, 0x7f, 0x5a, 0xfc, 0xff, 0x85,
    0xb8, 0xea, 0x7f, 0xa5, 0x07, 0xbf, 0xf4, 0x5b, 0x3f, 0x38, 0xe1, 0xb3, 0x80, 0xf7, 0xe6, 0xaa,
    0xab, 0xae, 0xba, 0xea, 0xdf, 0x48, 0x70, 0xab, 0xe1, 0xa7, 0x03, 0xbe, 0xe7, 0xd6, 0xbf, 0xfe,
    0xe9, 0xbf, 0xe6, 0x7f, 0x81, 0x07, 0xbf, 0xf4, 0x5b, 0x1f, 0x4f, 0xf8, 0x28, 0xc1, 0x47, 0x1b,
    0x8e, 0x73, 0xd5, 0x55, 0xff, 0x06, 0xb7, 0xfd, 0xf5, 0x4f, 0x8b, 0xff, 0xbf, 0x10, 0x57, 0xfd,
    0xaf, 0xf2, 0xe0, 0x97, 0x7e, 0xeb, 0x07, 0x27, 0x7c, 0x16, 0xf0, 0xde, 0x5c, 0x75, 0xd5, 0x55,
    0x57, 0xfd, 0x07, 0x12, 0xdc, 0x6a, 0xf8, 0xe9, 0x80, 0xef, 0xb9, 0xf5, 0xaf, 0x7f, 0xfa, 0xaf,
    0xf9, 0x1f, 0xe6, 0xc1, 0x2f, 0xfd, 0xd6, 0xc7, 0x13, 0x3e, 0x4a, 0xf0, 0xd1, 0x86, 0xe3, 0x5c,
    0x75, 0xd5, 0xbf, 0xc3, 0x6d, 0x7f, 0xfd, 0xd3, 0xe2, 0xff, 0x2f, 0xc4, 0x55, 0xff, 0x2b, 0x3c,
    0xf8, 0xa5, 0xdf, 0xfa, 0xc1, 0x09, 0x9f, 0x05, 0xbc, 0x37, 0x57, 0x5d, 0x75, 0xd5, 0x55, 0xff,
    0xc9, 0x04, 0xb7, 0x1a, 0x7e, 0x3a, 0xe0, 0x7b, 0x6e, 0xfd, 0xeb, 0x9f, 0xfe, 0x6b, 0xfe, 0x1b,
    0x3d, 0xf8, 0xa5, 0xdf, 0xfa, 0x78, 0xc2, 0x47, 0x09, 0x3e, 0xda, 0x70, 0x9c, 0xab, 0xae, 0xfa,
    0x0f, 0x70, 0xdb, 0x5f, 0xff, 0xb4, 0xf8, 0xff, 0x0b, 0x71, 0xd5, 0xff, 0x68, 0x0f, 0x7e, 0xe9,
    0xb7, 0x7e, 0x70, 0xc2, 0x67, 0x01, 0xef, 0xcd, 0x55, 0x57, 0x5d, 0x75, 0xd5, 0x7f, 0x03, 0xc1,
    0xad, 0x86, 0x9f, 0x0e, 0xf8, 0x9e, 0x5b, 0xff, 0xfa, 0xa7, 0xff, 0x9a, 0xff, 0x22, 0x0f, 0x7e,
    0xe9, 0xb7, 0x3e, 0x9e, 0xf0, 0x51, 0x82, 0x8f, 0x36, 0x1c, 0xe7, 0xaa, 0xab, 0xfe, 0x03, 0xdd,
    0xf6, 0xd7, 0x3f, 0x2d, 0xfe, 0xff, 0x42, 0x5c, 0xf5, 0x3f, 0xd2, 0x83, 0x5f, 0xfa, 0xad, 0x1f,
    0x9c, 0xf0, 0x59, 0xc0, 0x7b, 0x73, 0xd5, 0x55, 0x57, 0x5d, 0xf5, 0x3f, 0x84, 0xe0, 0x56, 0xc3,
    0x4f, 0x07, 0x7c, 0xcf, 0xad, 0x7f, 0xfd, 0xd3, 0x7f, 0xcd, 0x7f, 0x82, 0x07, 0xbf, 0xf4, 0x5b,
    0x1f, 0x4f, 0xf8, 0x28, 0xc1, 0x47, 0x1b, 0x8e, 0x73, 0xd5, 0x55, 0xff, 0x09, 0x6e, 0xfb, 0xeb,
    0x9f, 0x16, 0xff, 0x7f, 0x21, 0xae, 0xfa, 0x1f, 0xe5, 0xc1, 0x2f, 0xfd, 0xd6, 0x0f, 0x4e, 0xf8,
    0x2c, 0xe0, 0xbd, 0xb9, 0xea, 0xaa, 0xab, 0xae, 0xfa, 0x1f, 0x4c, 0x70, 0xab, 0xe1, 0xa7, 0x03,
    0xbe, 0xe7, 0xd6, 0xbf, 0xfe, 0xe9, 0xbf, 0xe6, 0xdf, 0xe9, 0xc1, 0x2f, 0xfd, 0xd6, 0xc7, 0x13,
    0x3e, 0x4a, 0xf0, 0xd1, 0x86, 0xe3, 0x5c, 0x75, 0xd5, 0x7f, 0xa2, 0xdb, 0xfe, 0xfa, 0xa7, 0xc5,
    0xff, 0x5f, 0x88, 0xab, 0xfe, 0x47, 0x78, 0xf0, 0x4b, 0xbf, 0xf5, 0x83, 0x13, 0x3e, 0x0b, 0x78,
    0x6f, 0xae, 0xba, 0xea, 0xaa, 0xab, 0xfe, 0x97, 0x11, 0xdc, 0x6a, 0xf8, 0xe9, 0x80, 0xef, 0xb9,
    0xf5, 0xaf, 0x7f, 0xfa, 0xaf, 0xf9, 0x57, 0x78, 0xf0, 0x4b, 0xbf, 0xf5, 0xf1, 0x84, 0x8f, 0x12,
    0x7c, 0xb4, 0xe1, 0x38, 0x57, 0x5d, 0xf5, 0x5f, 0xe0, 0xb6, 0xbf, 0xfe, 0x69, 0xf1, 0xff, 0x17,
    0xe2, 0xaa, 0xff, 0x56, 0x0f, 0x7e, 0xe9, 0xb7, 0x7e, 0x70, 0xc2, 0x67, 0x01, 0xef, 0xcd, 0x55,
    0x57, 0x5d, 0x75, 0xd5, 0xff, 0x01, 0x82, 0x5b, 0x0d, 0x3f, 0x1d, 0xf0, 0x3d, 0xb7, 0xfe, 0xf5,
    0x4f, 0xff, 0x35, 0x2f, 0xc0, 0x83, 0x5f, 0xfa, 0xad, 0x8f, 0x27, 0x7c, 0x94, 0xe0, 0xa3, 0x0d,
    0xc7, 0xb9, 0xea, 0xaa, 0xff, 0x42, 0xb7, 0xfd, 0xf5, 0x4f, 0x8b, 0xff, 0xbf, 0x10, 0x57, 0xfd,
    0xb7, 0x78, 0xf0, 0x4b, 0xbf, 0xf5, 0x83, 0x13, 0x3e, 0x0b, 0x78, 0x6f, 0xae, 0xba, 0xea, 0xaa,
    0xab, 0xfe, 0x8f, 0x12, 0xdc, 0x6a, 0xf8, 0xe9, 0x80, 0xaf, 0xb9, 0xf5, 0xaf, 0x7f, 0xfa, 0x56,
    0x80, 0x07, 0xbf, 0xf4, 0x5b, 0x1f, 0x4f, 0xf8, 0x28, 0xc1, 0x47, 0x1b, 0x8e, 0x73, 0xd5, 0x55,
    0xff, 0x0d, 0x6e, 0xfb, 0xeb, 0x9f, 0x16, 0xff, 0x7f, 0x21, 0xae, 0xfa, 0x2f, 0xf5, 0xe0, 0x97,
    0x7e, 0xeb, 0x07, 0x27, 0x7c, 0x16, 0xf0, 0xde, 0x5c, 0x75, 0xd5, 0x55, 0x57, 0xfd, 0x3f, 0x22,
    0xf8, 0x6b, 0xc3, 0x6f, 0x0b, 0xde, 0xdb, 0x70, 0x9c, 0xab, 0xae, 0xfa, 0x6f, 0x74, 0xdb, 0x5f,
    0xff, 0xb4, 0xf8, 0xff, 0x0b, 0x71, 0xd5, 0x7f, 0x89, 0x07, 0xbf, 0xf4, 0x5b, 0x3f, 0x38, 0xe1,
    0xb3, 0x80, 0xf7, 0xe6, 0xaa, 0xab, 0xae, 0xba, 0xea, 0xaa, 0xab, 0xae, 0xfa, 0x6f, 0x75, 0xdb,
    0x5f, 0xff, 0xb4, 0xf8, 0xff, 0x0b, 0x71, 0xd5, 0x7f, 0xaa, 0x07, 0xbf, 0xf4, 0x5b, 0x3f, 0x38,
    0xe1, 0xb3, 0x80, 0xf7, 0xe6, 0xaa, 0xab, 0xae, 0xba, 0xea, 0xaa, 0xab, 0xae, 0xfa, 0x1f, 0xe1,
    0xb6, 0xbf, 0xfe, 0x69, 0xf1, 0xff, 0x17, 0xe2, 0xaa, 0xff, 0x14, 0x0f, 0x7e, 0xe9, 0xb7, 0x7e,
    0x70, 0xc2, 0x67, 0x01, 0xef, 0xcd, 0x55, 0x57, 0x5d, 0x75, 0xd5, 0x55, 0x57, 0x5d, 0xf5, 0x3f,
    0xca, 0x6d, 0x7f, 0xfd, 0xd3, 0xe2, 0xff, 0x2f, 0xc4, 0x55, 0xff, 0xa1, 0x1e, 0xfc, 0xd2, 0x6f,
    0xfd, 0xe0, 0x84, 0xcf, 0x02, 0xde, 0x9b, 0xab, 0xae, 0xba, 0xea, 0xaa, 0xab, 0xae, 0xba, 0xea,
    0x7f, 0xa4, 0xdb, 0xfe, 0xfa, 0xa7, 0xc5, 0xff, 0x5f, 0x88, 0xab, 0xfe, 0x43, 0x3c, 0xf8, 0xa5,
    0xdf, 0xfa, 0xc1, 0x09, 0x9f, 0x05, 0xbc, 0x37, 0x57, 0x5d, 0x75, 0xd5, 0x55, 0x57, 0x5d, 0x75,
    0xd5, 0xff, 0x68, 0xb7, 0xfd, 0xf5, 0x4f, 0x8b, 0xff, 0xbf, 0x10, 0x57, 0xfd, 0xbb, 0x3c, 0xf8,
    0xa5, 0xdf, 0xfa, 0x78, 0xc2, 0x67, 0x01, 0x1f, 0xcd, 0x55, 0x57, 0x5d, 0x75, 0xd5, 0x55, 0x57,
    0x5d, 0xf5, 0xbf, 0xc2, 0x6d, 0x7f, 0xfd, 0xd3, 0xe2, 0xff, 0x2f, 0xc4, 0x55, 0xff, 0x66, 0x0f,
    0x7e, 0xe9, 0xb7, 0x79, 0x2f, 0xe3, 0xaf, 0x36, 0x1c, 0xe7, 0xaa, 0xab, 0xae, 0xba, 0xea, 0xaa,
    0xab, 0xae, 0xfa, 0x5f, 0xe3, 0xb6, 0xbf, 0xfe, 0x69, 0xf1, 0xff, 0x17, 0xe2, 0xaa, 0x7f, 0xb5,
    0x07, 0xbf, 0xf4, 0x5b, 0xbf, 0xb4, 0xe1, 0xbb, 0x0c, 0x2f, 0xcd, 0x55, 0x57, 0x5d, 0x75, 0xd5,
    0x55, 0x57, 0x5d, 0xf5, 0xbf, 0xce, 0x6d, 0x7f, 0xfd, 0xd3, 0xe2, 0xff, 0x2f, 0xc4, 0x55, 0xff,
    0x2a, 0x0f, 0x7e, 0xe9, 0xb7, 0x7e, 0x6f, 0xc3, 0x57, 0x19, 0x8e, 0x73, 0xd5, 0x55, 0x57, 0x5d,
    0x75, 0xd5, 0x55, 0x57, 0xfd, 0xaf, 0x74, 0xdb, 0x5f, 0xff, 0xb4, 0xf8, 0xff, 0x0b, 0x71, 0xd5,
    0x8b, 0xec, 0x96, 0x97, 0x7e, 0xeb, 0xaf, 0x02, 0x3e, 0x9a, 0xab, 0xae, 0xba, 0xea, 0xaa, 0xab,
    0xae, 0xba, 0xea, 0x7f, 0xb5, 0xdb, 0xfe, 0xfa, 0xa7, 0xc5, 0xff, 0x5f, 0x88, 0xab, 0x5e, 0x24,
    0x0f, 0x7a, 0xe9, 0xb7, 0xfe, 0x2d, 0xc3, 0x6b, 0x73, 0xd5, 0x55, 0x57, 0x5d, 0x75, 0xd5, 0x55,
    0x57, 0xfd, 0xaf, 0x77, 0xdb, 0x5f, 0xff, 0xb4, 0xf8, 0xff, 0x0b, 0x71, 0xd5, 0xbf, 0xe8, 0x96,
    0x97, 0x7e, 0xeb, 0xef, 0x02, 0xde, 0x9b, 0xab, 0xae, 0xba, 0xea, 0xaa, 0xab, 0xae, 0xba, 0xea,
    0xff, 0x84, 0xdb, 0xfe, 0xfa, 0xa7, 0xc5, 0xff, 0x5f, 0x88, 0xab, 0x5e, 0xa8, 0x5b, 0x5e, 0xfa,
    0xad, 0xbf, 0x0b, 0x78, 0x6f, 0xae, 0xba, 0xea, 0xaa, 0xab, 0xae, 0xba, 0xea, 0xaa, 0xff, 0x33,
    0x6e, 0xfb, 0xeb, 0x9f, 0x16, 0xff, 0x7f, 0x21, 0xae, 0x7a, 0x81, 0x6e, 0x79, 0xe9, 0xb7, 0xfe,
    0x2e, 0xe0, 0xbd, 0xb9, 0xea, 0xaa, 0xab, 0xae, 0xba, 0xea, 0xaa, 0xab, 0xfe, 0x4f, 0xb9, 0xed,
    0xaf, 0x7f, 0x5a, 0xfc, 0xff, 0x85, 0xb8, 0xea, 0xf9, 0x7a, 0xf0, 0x4b, 0xbf, 0xf5, 0x5b, 0x27,
    0xfc, 0x14, 0x57, 0x5d, 0xf5, 0x7f, 0xdb, 0xd7, 0x08, 0xde, 0xda, 0xf0, 0x20, 0xae, 0xba, 0xea,
    0xaa, 0xab, 0xfe, 0x1f, 0xb9, 0xed, 0xaf, 0x7f, 0x5a, 0xfc, 0xff, 0x85, 0xb8, 0xea, 0x79, 0x3c,
    0xf8, 0xa5, 0xdf, 0xfa, 0xc1, 0x86, 0xbf, 0x32, 0x1c, 0xe7, 0xaa, 0xab, 0xfe, 0x0f, 0xbb, 0xed,
    0xaf, 0x7f, 0x5a, 0x00, 0x0f, 0x7e, 0xe9, 0xb7, 0x7e, 0xe9, 0x84, 0xf7, 0x16, 0xbc, 0xb5, 0xe1,
    0x41, 0x5c, 0x75, 0xd5, 0x55, 0x57, 0xfd, 0x1f, 0x77, 0xdb, 0x5f, 0xff, 0xb4, 0xf8, 0xff, 0x0b,
    0x71, 0xd5, 0xf3, 0x78, 0xd0, 0x4b, 0xbf, 0xf5, 0x6f, 0x19, 0x5e, 0x9b, 0xab, 0xae, 0xfa, 0x3f,
    0xee, 0xb6, 0xbf, 0xfe, 0x69, 0xf1, 0x5c, 0x1e, 0xfc, 0xd2, 0x6f, 0xfd, 0xd2, 0x09, 0xef, 0x2d,
    0x78, 0x6b, 0xc3, 0x83, 0xb8, 0xea, 0xaa, 0xab, 0xae, 0xfa, 0x3f, 0xe8, 0xb6, 0xbf, 0xfe, 0x69,
    0xf1, 0xff, 0x17, 0xe2, 0xaa, 0xe7, 0xf0, 0xe0, 0x97, 0x7e, 0xeb, 0xf7, 0x4e, 0xf8, 0x2e, 0xae,
    0xba, 0xea, 0xff, 0x81, 0xdb, 0xfe, 0xfa, 0xa7, 0xc5, 0x0b, 0xf1, 0xe0, 0x97, 0x7e, 0xeb, 0x97,
    0x4e, 0x78, 0x6f, 0xc1, 0x5b, 0x1b, 0x1e, 0xc4, 0x55, 0x57, 0x5d, 0x75, 0xd5, 0xff, 0x11, 0xb7,
    0xfd, 0xf5, 0x4f, 0x8b, 0xff, 0xbf, 0x10, 0x57, 0x3d, 0xcb, 0x83, 0x5f, 0xfa, 0xad, 0x8f, 0x1b,
    0x9e, 0x6e, 0x38, 0xce, 0x55, 0x57, 0xfd, 0x3f, 0x70, 0xdb, 0x5f, 0xff, 0xb4, 0x78, 0x11, 0x3d,
    0xf8, 0xa5, 0xdf, 0xfa, 0xa5, 0x13, 0xde, 0x5b, 0xf0, 0xd6, 0x86, 0x07, 0x71, 0xd5, 0x55, 0x57,
    0x5d, 0xf5, 0xbf, 0xd8, 0x6d, 0x7f, 0xfd, 0xd3, 0xe2, 0xff, 0x2f, 0xc4, 0x55, 0xcf, 0x72, 0xcb,
    0x4b, 0xbf, 0xf5, 0x67, 0x03, 0x9f, 0xc5, 0x55, 0x57, 0xfd, 0x3f, 0x71, 0xdb, 0x5f, 0xff, 0xb4,
    0xf8, 0x37, 0x78, 0xf0, 0x4b, 0xbf, 0xf5, 0x4b, 0x27, 0xbc, 0xb7, 0xe0, 0xad, 0x0d, 0x0f, 0xe2,
    0xaa, 0xab, 0xae, 0xba, 0xea, 0x7f, 0x99, 0xdb, 0xfe, 0xfa, 0xa7, 0xc5, 0xff, 0x5f, 0x88, 0xab,
    0x2e, 0x7b, 0xf0, 0x4b, 0xbf, 0xf5, 0x71, 0xc3, 0xd3, 0x0d, 0xc7, 0xb9, 0xea, 0xaa, 0xff, 0x27,
    0x6e, 0xfb, 0xeb, 0x9f, 0x16, 0xff, 0x4e, 0x0f, 0x7e, 0xe9, 0xb7, 0x7e, 0xe9, 0x84, 0xf7, 0x16,
    0xbc, 0xb5, 0xe1, 0x41, 0x5c, 0x75, 0xd5, 0x55, 0x57, 0xfd, 0x2f, 0x70, 0xdb, 0x5f, 0xff, 0xb4,
    0xf8, 0xff, 0x0b, 0x71, 0xd5, 0x65, 0x0f, 0x7e, 0xe9, 0xb7, 0xfe, 0xe8, 0x84, 0xaf, 0xe2, 0xaa,
    0xab, 0xfe, 0x1f, 0xb9, 0xed, 0xaf, 0x7f, 0x5a, 0xfc, 0x07, 0x7a, 0xf0, 0x4b, 0xbf, 0xf5, 0x4b,
    0x27, 0xbc, 0xb7, 0xe0, 0xad, 0x0d, 0x0f, 0xe2, 0xaa, 0xab, 0xae, 0xba, 0xea, 0x7f, 0xa8, 0xdb,
    0xfe, 0xfa, 0xa7, 0xc5, 0xff, 0x5f, 0x88, 0xab, 0x2e, 0x7b, 0xd0, 0x4b, 0xbf, 0xf5, 0x5f, 0x19,
    0x5e, 0x9a, 0xab, 0xae, 0xfa, 0x7f, 0xe4, 0xb6, 0xbf, 0xfe, 0x69, 0xf1, 0x9f, 0xe4, 0xc1, 0x2f,
    0xfd, 0xd6, 0x2f, 0x9d, 0xf0, 0xde, 0x82, 0xb7, 0x36, 0x3c, 0x88, 0xab, 0xae, 0xba, 0xea, 0xaa,
    0xff, 0x41, 0x6e, 0xfb, 0xeb, 0x9f, 0x16, 0xff, 0x7f, 0x21, 0xae, 0xe2, 0xc1, 0x2f, 0xfd, 0xd6,
    0x0f, 0x4e, 0x78, 0x3a, 0x57, 0x5d, 0xf5, 0xff, 0xcc, 0x6d, 0x7f, 0xfd, 0xd3, 0xe2, 0xbf, 0xc0,
    0x83, 0x5f, 0xfa, 0xad, 0x5f, 0x3a, 0xe1, 0xbd, 0x05, 0x6f, 0x6d, 0x78, 0x10, 0x57, 0x5d, 0x75,
    0xd5, 0x55, 0xff, 0xcd, 0x6e, 0xfb, 0xeb, 0x9f, 0x16, 0xff, 0x7f, 0x21, 0xae, 0xe2, 0x96, 0x97,
    0x7e, 0xeb, 0xaf, 0x06, 0x3e, 0x8a, 0xab, 0xae, 0xfa, 0x7f, 0xe6, 0xb6, 0xbf, 0xfe, 0x69, 0xf1,
    0x5f, 0xec, 0xc1, 0x2f, 0xfd, 0xd6, 0x2f, 0x9d, 0xf0, 0xde, 0x82, 0xb7, 0x36, 0x3c, 0x88, 0xab,
    0xae, 0xba, 0xea, 0xaa, 0xff, 0x06, 0xb7, 0xfd, 0xf5, 0x4f, 0x8b, 0xff, 0xbf, 0x10, 0x57, 0xf1,
    0xa0, 0x97, 0x7e, 0xeb, 0xbf, 0x32, 0xbc, 0x34, 0x57, 0x5d, 0xf5, 0xff, 0xcc, 0x6d, 0x7f, 0xfd,
    0xd3, 0xe2, 0xbf, 0xd1, 0x83, 0x5f, 0xfa, 0xad, 0x5f, 0x3a, 0xe1, 0xbd, 0x05, 0x6f, 0x6d, 0x78,
    0x10, 0x57, 0x5d, 0x75, 0xd5, 0x55, 0xff, 0x45, 0x6e, 0xfb, 0xeb, 0x9f, 0x16, 0xff, 0x7f, 0x21,
    0xfe, 0x9f, 0x7b, 0xf0, 0x4b, 0xbf, 0xf5, 0xf1, 0x84, 0x8b, 0x5c, 0x75, 0xd5, 0xff, 0x43, 0xb7,
    0xfd, 0xf5, 0x4f, 0x8b, 0xff, 0x21, 0x1e, 0xfc, 0xd2, 0x6f, 0xfd, 0xd2, 0x09, 0xef, 0x2d, 0x78,
    0x6b, 0xc3, 0x83, 0xb8, 0xea, 0xaa, 0xab, 0xae, 0xfa, 0x4f, 0x74, 0xdb, 0x5f, 0xff, 0xb4, 0xf8,
    0xff, 0x0b, 0xf1, 0xff, 0xdc, 0x83, 0x5f, 0xfa, 0xad, 0x5f, 0x3b, 0xe1, 0xb7, 0xb8, 0xea, 0xaa,
    0xff, 0x87, 0x6e, 0xfb, 0xeb, 0x9f, 0x16, 0xff, 0x03, 0x3d, 0xf8, 0xa5, 0xdf, 0xfa, 0xa5, 0x13,
    0xde, 0x5b, 0xf0, 0xd6, 0x86, 0x07, 0x71, 0xd5, 0x55, 0x57, 0x5d, 0xf5, 0x1f, 0xec, 0xb6, 0xbf,
    0xfe, 0x69, 0xf1, 0xff, 0x17, 0xe2, 0xff, 0xb9, 0x5b, 0x5e, 0xfa, 0xad, 0x3f, 0x1b, 0xf8, 0x2c,
    0xae, 0xba, 0xea, 0xff, 0xa1, 0xdb, 0xfe, 0xfa, 0xa7, 0xc5, 0xff, 0x70, 0x0f, 0x7e, 0xe9, 0xb7,
    0x7e, 0xe9, 0x84, 0xf7, 0x16, 0xbc, 0xb5, 0xe1, 0x41, 0x5c, 0x75, 0xd5, 0x55, 0x57, 0xfd, 0x07,
    0xb8, 0xed, 0xaf, 0x7f, 0x5a, 0xfc, 0xff, 0x85, 0xf8, 0x7f, 0xee, 0x96, 0x97, 0x7e, 0xeb, 0x9f,
    0x06, 0xde, 0x8a, 0xab, 0xae, 0xfa, 0x7f, 0xe8, 0xb6, 0xbf, 0xfe, 0x69, 0xf1, 0xbf, 0xc8, 0x83,
    0x5f, 0xfa, 0xad, 0x5f, 0x3a, 0xe1, 0xbd, 0x05, 0x6f, 0x6d, 0x78, 0x10, 0x57, 0x5d, 0x75, 0xd5,
    0x55, 0xff, 0x46, 0xb7, 0xfd, 0xf5, 0x4f, 0x8b, 0xff, 0xbf, 0x10, 0xff, 0xcf, 0x3d, 0xe8, 0xa5,
    0xdf, 0xfa, 0xb7, 0x0d, 0xaf, 0xc5, 0x55, 0x57, 0xfd, 0x3f, 0x74, 0xdb, 0x5f, 0xff, 0xb4, 0xf8,
    0x5f, 0xea, 0xc1, 0x2f, 0xfd, 0xd6, 0x2f, 0x9d, 0xf0, 0xde, 0x82, 0xb7, 0x36, 0x3c, 0x88, 0xab,
    0xae, 0xba, 0xea, 0xaa, 0x7f, 0x85, 0xdb, 0xfe, 0xfa, 0xa7, 0xc5, 0xff, 0x5f, 0x88, 0xff, 0xe7,
    0x1e, 0xf4, 0xd2, 0x6f, 0xfd, 0xdb, 0x86, 0xd7, 0xe2, 0xaa, 0xab, 0xfe, 0x1f, 0xba, 0xed, 0xaf,
    0x7f, 0x5a, 0xfc, 0x1f, 0xf0, 0xe0, 0x97, 0x7e, 0xeb, 0x97, 0x4e, 0x78, 0x6f, 0xc1, 0x5b, 0x1b,
    0x1e, 0xc4, 0x55, 0x57, 0x5d, 0x75, 0xd5, 0xbf, 0xe0, 0xb6, 0xbf, 0xfe, 0x69, 0xf1, 0xff, 0x17,
    0xe2, 0xff, 0xb9, 0x07, 0xbd, 0xf4, 0x5b, 0x5f, 0x34, 0x1c, 0xe7, 0xaa, 0xab, 0xfe, 0x1f, 0xba,
    0xed, 0xaf, 0x7f, 0x5a, 0xfc, 0x1f, 0xf3, 0xe0, 0x97, 0x7e, 0xeb, 0x97, 0x4e, 0x78, 0x6f, 0xc1,
    0x5b, 0x1b, 0x1e, 0xc4, 0x55, 0x57, 0x5d, 0x75, 0xd5, 0xf3, 0x71, 0xdb, 0x5f, 0xff, 0xb4, 0xf8,
    0xff, 0x0b, 0xf1, 0xff, 0xdc, 0x2d, 0x2f, 0xfd, 0xd6, 0xe6, 0xaa, 0xab, 0xfe, 0x9f, 0xba, 0xed,
    0xaf, 0x7f, 0x5a, 0xfc, 0x1f, 0xf6, 0xe0, 0x97, 0x7e, 0xeb, 0x97, 0x4e, 0x78, 0x6f, 0xc1, 0x5b,
    0x1b, 0x1e, 0xc4, 0x55, 0x57, 0x5d, 0x75, 0xd5, 0x33, 0xdd, 0xf6, 0xd7, 0x3f, 0x2d, 0xfe, 0xff,
    0x42, 0xfc, 0x3f, 0x77, 0xcb, 0x4b, 0xbf, 0xb5, 0xb9, 0xea, 0xaa, 0xff, 0xa7, 0x6e, 0xfb, 0xeb,
    0x9f, 0x16, 0xff, 0x4f, 0x3c, 0xf8, 0xa5, 0xdf, 0xfa, 0xa5, 0x13, 0xde, 0x5b, 0xf0, 0xd6, 0x86,
    0x07, 0x71, 0xd5, 0x55, 0x57, 0xfd, 0xbf, 0x76, 0xdb, 0x5f, 0xff, 0xb4, 0xf8, 0xff, 0x0b, 0xf1,
    0xff, 0xdc, 0x2d, 0x2f, 0xfd, 0xd6, 0xe6, 0xaa, 0xab, 0xfe, 0x9f, 0xba, 0xed, 0xaf, 0x7f, 0x5a,
    0xfc, 0x3f, 0xf4, 0xe0, 0x97, 0x7e, 0xeb, 0x97, 0x4e, 0x78, 0x6f, 0xc1, 0x5b, 0x1b, 0x1e, 0xc4,
    0x55, 0x57, 0x5d, 0xf5, 0xff, 0xce, 0x6d, 0x7f, 0xfd, 0xd3, 0xe2, 0xff, 0x2f, 0xc4, 0xff, 0x73,
    0xb7, 0xbc, 0xf4, 0x5b, 0x9b, 0xab, 0xae, 0xfa, 0x7f, 0xea, 0xb6, 0xbf, 0xfe, 0x69, 0xf1, 0xff,
    0xdc, 0x83, 0x5f, 0xfa, 0xad, 0x5f, 0x3a, 0xe1, 0xbd, 0x05, 0xef, 0x6d, 0x38, 0xc6, 0x55, 0x57,
    0x5d, 0xf5, 0xff, 0xc2, 0x6d, 0x7f, 0xfd, 0xd3, 0xe2, 0xff, 0x2f, 0xc4, 0xff, 0x73, 0xb7, 0xbc,
    0xf4, 0x5b, 0x9b, 0xab, 0xae, 0xfa, 0x7f, 0xea, 0xb6, 0xbf, 0xfe, 0x69, 0x71, 0xd5, 0xb3, 0x3c,
    0xf8, 0xa5, 0xdf, 0xfa, 0xad, 0x13, 0xde, 0x5a, 0xf0, 0xd6, 0x86, 0x63, 0x5c, 0x75, 0xd5, 0x55,
    0xff, 0x67, 0xdd, 0xf6, 0xd7, 0x3f, 0x2d, 0xfe, 0xff, 0x42, 0xfc, 0x3f, 0x77, 0xcb, 0x4b, 0xbf,
    0xb5, 0xb9, 0xea, 0xaa, 0xff, 0xa7, 0x6e, 0xfb, 0xeb, 0x9f, 0x16, 0x57, 0x3d, 0x5f, 0x0f, 0x7e,
    0xe9, 0xb7, 0x7e, 0xeb, 0x84, 0xb7, 0x16, 0xbc, 0xb5, 0xe1, 0x18, 0x57, 0x5d, 0x75, 0xd5, 0xff,
    0x29, 0xb7, 0xfd, 0xf5, 0x4f, 0x8b, 0xff, 0xbf, 0x10, 0xff, 0xcf, 0xdd, 0xf2, 0xd2, 0x6f, 0x6d,
    0xae, 0xba, 0xea, 0xff, 0xa9, 0xdb, 0xfe, 0xfa, 0xa7, 0xc5, 0x55, 0xff, 0xa2, 0x07, 0xbf, 0xf4,
    0x5b, 0xbf, 0x75, 0xc2, 0x5b, 0x0b, 0xde, 0xda, 0x70, 0x8c, 0xab, 0xae, 0xba, 0xea, 0x7f, 0xbd,
    0xdb, 0xfe, 0xfa, 0xa7, 0xc5, 0xff, 0x5f, 0x88, 0xff, 0xe7, 0x6e, 0x79, 0xe9, 0xb7, 0x36, 0x57,
    0x5d, 0xf5, 0xff, 0xd4, 0x6d, 0x7f, 0xfd, 0xd3, 0xe2, 0xaa, 0x7f, 0x95, 0x07, 0xbf, 0xf4, 0x5b,
    0xbf, 0x75, 0xc2, 0x5b, 0x0b, 0xde, 0xda, 0x70, 0x8c, 0xab, 0xae, 0xba, 0xea, 0x7f, 0xa5, 0xdb,
    0xfe, 0xfa, 0xa7, 0xc5, 0xff, 0x5f, 0x88, 0xff, 0xe7, 0x6e, 0x79, 0xe9, 0xb7, 0x36, 0x57, 0x5d,
    0xf5, 0xff, 0xd4, 0x6d, 0x7f, 0xfd, 0xd3, 0xe2, 0xaa, 0x7f, 0xb3, 0x07, 0xbf, 0xf4, 0x5b, 0xbf,
    0x75, 0xc2, 0x5b, 0x0b, 0xde, 0xda, 0x70, 0x8c, 0xab, 0xae, 0xba, 0xea, 0x7f, 0x8d, 0xdb, 0xfe,
    0xfa, 0xa7, 0xc5, 0xff, 0x5f, 0x88, 0xff, 0xe7, 0x6e, 0x79, 0xe9, 0xb7, 0x36, 0x57, 0x5d, 0xf5,
    0xff, 0xd4, 0x6d, 0x7f, 0xfd, 0xd3, 0xe2, 0xaa, 0xff, 0x10, 0x0f, 0x7e, 0xe9, 0xb7, 0x7e, 0xeb,
    0x84, 0xb7, 0x16, 0xbc, 0xb5, 0xe1, 0x18, 0x57, 0x5d, 0x75, 0xd5, 0xff, 0x68, 0xb7, 0xfd, 0xf5,
    0x4f, 0x8b, 0xff, 0xbf, 0x10, 0xff, 0xcf, 0xdd, 0xf2, 0xd2, 0x6f, 0x6d, 0xae, 0xba, 0xea, 0xff,
    0xa9, 0xdb, 0xfe, 0xfa, 0xa7, 0xc5, 0x55, 0xff, 0xe1, 0x1e, 0xfc, 0xd2, 0x6f, 0xfd, 0xd6, 0x09,
    0x6f, 0x2d, 0x78, 0x6b, 0xc3, 0x31, 0xae, 0xba, 0xea, 0xaa, 0xff, 0x71, 0x6e, 0xfb, 0xeb, 0x9f,
    0x16, 0xff, 0x7f, 0x21, 0xfe, 0x9f, 0xbb, 0xe5, 0xa5, 0xdf, 0xda, 0x5c, 0x75, 0xd5, 0xff, 0x53,
    0xb7, 0xfd, 0xf5, 0x4f, 0x8b, 0xab, 0xfe, 0x53, 0x3d, 0xf8, 0xa5, 0xdf, 0xfa, 0xad, 0x13, 0xde,
    0x5a, 0xf0, 0xd6, 0x86, 0x63, 0x5c, 0x75, 0xd5, 0x55, 0xff, 0x23, 0xdc, 0xf6, 0xd7, 0x3f, 0x2d,
    0xfe, 0xff, 0x42, 0xfc, 0x3f, 0x77, 0xcb, 0x4b, 0xbf, 0xb5, 0xb9, 0xea, 0xaa, 0xff, 0xa7, 0x6e,
    0xfb, 0xeb, 0x9f, 0x16, 0x57, 0xfd, 0x97, 0x79, 0xf0, 0x4b, 0xbf, 0xf5, 0x5b, 0x27, 0xbc, 0xb5,
    0xe0, 0xad, 0x0d, 0xc7, 0xb8, 0xea, 0xaa, 0xab, 0xfe, 0xdb, 0xdc, 0xf6, 0xd7, 0x3f, 0x2d, 0xfe,
    0xff, 0x42, 0xfc, 0x3f, 0x77, 0xcb, 0x4b, 0xbf, 0xb5, 0xb9, 0xea, 0xaa, 0xff, 0xa7, 0x6e, 0xfb,
    0xeb, 0x9f, 0x16, 0x57, 0xfd, 0xb7, 0x78, 0xf0, 0x4b, 0xbf, 0xf5, 0x5b, 0x27, 0xbc, 0xb5, 0xe0,
    0xad, 0x0d, 0xc7, 0xb8, 0xea, 0xaa, 0xab, 0xfe, 0x4b, 0xdd, 0xf6, 0xd7, 0x3f, 0x2d, 0xfe, 0xff,
    0x42, 0xfc, 0x3f, 0x77, 0xcb, 0x4b, 0xbf, 0xb5, 0xb9, 0xea, 0xaa, 0xff, 0xa7, 0x6e, 0xfb, 0xeb,
    0x9f, 0x16, 0x57, 0xfd, 0xb7, 0x7b, 0xf0, 0x4b, 0xbf, 0xf5, 0x5b, 0x27, 0xbc, 0xb5, 0xe0, 0xad,
    0x0d, 0xc7, 0xb8, 0xea, 0xaa, 0xab, 0xfe, 0xd3, 0xdd, 0xf6, 0xd7, 0x3f, 0x2d, 0xfe, 0xff, 0x42,
    0xfc, 0x3f, 0x77, 0xcb, 0x4b, 0xbf, 0xb5, 0xb9, 0xea, 0xaa, 0xff, 0xa7, 0x6e, 0xfb, 0xeb, 0x9f,
    0x16, 0x57, 0xfd, 0x8f, 0xf2, 0xe0, 0x97, 0x7e, 0xeb, 0xb7, 0x4e, 0x78, 0x6b, 0xc1, 0x5b, 0x1b,
    0x8e, 0x71, 0xd5, 0x55, 0x57, 0xfd, 0xa7, 0xb8, 0xed, 0xaf, 0x7f, 0x5a, 0xfc, 0xff, 0x85, 0xf8,
    0x7f, 0xee, 0x96, 0x97, 0x7e, 0x6b, 0x73, 0xd5, 0x55, 0xff, 0x4f, 0xdd, 0xf6, 0xd7, 0x3f, 0x2d,
    0xae, 0xfa, 0x1f, 0xeb, 0xc1, 0x2f, 0xfd, 0xd6, 0x6f, 0x9d, 0xf0, 0xd6, 0x82, 0xb7, 0x36, 0x1c,
    0xe3, 0xaa, 0xab, 0xae, 0xfa, 0x0f, 0x73, 0xdb, 0x5f, 0xff, 0xb4, 0xf8, 0xff, 0x0b, 0xf1, 0xff,
    0xdc, 0x2d, 0x2f, 0xfd, 0xd6, 0xe6, 0xaa, 0xab, 0xfe, 0x9f, 0xba, 0xed, 0xaf, 0x7f, 0x5a, 0x5c,
    0xf5, 0xbf, 0xc2, 0x83, 0x5f, 0xfa, 0xad, 0xdf, 0x3a, 0xe1, 0xad, 0x05, 0x6f, 0x6d, 0x38, 0xc6,
    0x55, 0x57, 0x5d, 0xf5, 0xef, 0x72, 0xdb, 0x5f, 0xff, 0xb4, 0xf8, 0xff, 0x0b, 0xf1, 0xff, 0xdc,
    0x2d, 0x2f, 0xfd, 0xd6, 0xe6, 0xaa, 0xab, 0xfe, 0x9f, 0xba, 0xed, 0xaf, 0x7f, 0x5a, 0x5c, 0xf5,
    0xbf, 0xce, 0x83, 0x5f, 0xfa, 0xad, 0xdf, 0x3a, 0xe1, 0xad, 0x05, 0x6f, 0x6d, 0x38, 0xc6, 0x55,
    0x57, 0x5d, 0xf5, 0xaf, 0x76, 0xdb, 0x5f, 0xff, 0xb4, 0xf8, 0xff, 0x0b, 0xf1, 0xff, 0xdc, 0x2d,
    0x2f, 0xfd, 0xd6, 0xe6, 0xaa, 0xab, 0xfe, 0x9f, 0xba, 0xed, 0xaf, 0x7f, 0x5a, 0x5c, 0xf5, 0xbf,
    0xda, 0x83, 0x5f, 0xfa, 0xad, 0xdf, 0x3a, 0xe1, 0xad, 0x05, 0x6f, 0x6d, 0x38, 0xc6, 0x55, 0x57,
    0x5d, 0xf5, 0x22, 0xb9, 0xed, 0xaf, 0x7f, 0x5a, 0xfc, 0xff, 0x85, 0xf8, 0x7f, 0xee, 0x96, 0x97,
    0x7e, 0x6b, 0x73, 0xd5, 0x55, 0xff, 0x4f, 0xdd, 0xf6, 0xd7, 0x3f, 0x2d, 0xae, 0xfa, 0x3f, 0xe3,
    0xc1, 0x2f, 0xfd, 0xd6, 0x6f, 0x9d, 0xf0, 0xd6, 0x82, 0xb7, 0x36, 0x1c, 0xe3, 0xaa, 0xab, 0xae,
    0x7a, 0x81, 0x6e, 0xfb, 0xeb, 0x9f, 0x16, 0xff, 0x7f, 0x21, 0xfe, 0x9f, 0xbb, 0xe5, 0xa5, 0xdf,
    0xda, 0x5c, 0x75, 0xd5, 0xff, 0x53, 0xb7, 0xfd, 0xf5, 0x4f, 0x8b, 0xab, 0xfe, 0x4f, 0x7a, 0xf0,
    0x4b, 0xbf, 0xf5, 0x5b, 0x27, 0xbc, 0xb5, 0xe0, 0xad, 0x0d, 0xc7, 0xb8, 0xea, 0xaa, 0xab, 0x9e,
    0xc3, 0x6d, 0x7f, 0xfd, 0xd3, 0xe2, 0xff, 0x2f, 0xc4, 0xff, 0x73, 0xb7, 0xbc, 0xf4, 0x5b, 0x9b,
    0xab, 0xae, 0xfa, 0x7f, 0xea, 0xb6, 0xbf, 0xfe, 0x69, 0x71, 0xd5, 0xff, 0x79, 0x0f, 0x7e, 0xe9,
    0xb7, 0x7e, 0xeb, 0x84, 0xb7, 0x16, 0xbc, 0xb5, 0xe1, 0x18, 0x57, 0x5d, 0x75, 0x15, 0xb7, 0xfd,
    0xf5, 0x4f, 0x8b, 0xff, 0xbf, 0x10, 0xff, 0xcf, 0xdd, 0xf2, 0xd2, 0x6f, 0x6d, 0xae, 0xba, 0xea,
    0xff, 0xa9, 0xdb, 0xfe, 0xfa, 0xa7, 0xc5, 0x55, 0xff, 0xaf, 0x3c, 0xf8, 0xa5, 0xdf, 0xfa, 0xad,
    0x13, 0xde, 0x5a, 0xf0, 0xd6, 0x86, 0x63, 0x5c, 0x75, 0xd5, 0xff, 0x53, 0xb7, 0xfd, 0xf5, 0x4f,
    0x8b, 0xff, 0xbf, 0x10, 0xff, 0xcf, 0xdd, 0xf2, 0xd2, 0x6f, 0x6d, 0xae, 0xba, 0xea, 0xff, 0xa9,
    0xdb, 0xfe, 0xfa, 0xa7, 0xc5, 0x55, 0xff, 0x6f, 0xdd, 0xf2, 0xd2, 0x6f, 0x6d, 0xae, 0xba, 0xea,
    0xff, 0xa9, 0xdb, 0xfe, 0xfa, 0xa7, 0xc5, 0xff, 0x5f, 0x88, 0xff, 0xe7, 0x6e, 0x79, 0xe9, 0xb7,
    0x36, 0x57, 0x5d, 0xf5, 0xff, 0xd4, 0x6d, 0x7f, 0xfd, 0xd3, 0xe2, 0xaa, 0xff, 0xb7, 0x6e, 0x79,
    0xe9, 0xb7, 0x36, 0x57, 0x5d, 0xf5, 0xff, 0xd4, 0x6d, 0x7f, 0xfd, 0xd3, 0xe2, 0xff, 0x2f, 0xc4,
    0xff, 0x73, 0xb7, 0xbc, 0xf4, 0x5b, 0x9b, 0xab, 0xae, 0xfa, 0x7f, 0xea, 0xb6, 0xbf, 0xfe, 0x69,
    0x71, 0xd5, 0xff, 0x5b, 0xb7, 0xbc, 0xf4, 0x5b, 0x9b, 0xab, 0xae, 0xfa, 0x7f, 0xea, 0xb6, 0xbf,
    0xfe, 0x69, 0xf1, 0xff, 0x17, 0xe2, 0xff, 0xb9, 0x5b, 0x5e, 0xfa, 0xad, 0xcd, 0x55, 0x57, 0xfd,
    0x3f, 0x75, 0xdb, 0x5f, 0xff, 0xb4, 0xb8, 0xea, 0xff, 0xad, 0x5b, 0x5e, 0xfa, 0xad, 0xcd, 0x55,
    0x57, 0xfd, 0x3f, 0x75, 0xdb, 0x5f, 0xff, 0xb4, 0xf8, 0xff, 0x0b, 0xf1, 0xff, 0xdc, 0x2d, 0x2f,
    0xfd, 0xd6, 0xe6, 0xaa, 0xab, 0xfe, 0x9f, 0xba, 0xed, 0xaf, 0x7f, 0x5a, 0x5c, 0xf5, 0xff, 0xd6,
    0x2d, 0x2f, 0xfd, 0xd6, 0xe6, 0xaa, 0xab, 0xfe, 0x9f, 0xba, 0xed, 0xaf, 0x7f, 0x5a, 0xfc, 0xff,
    0x85, 0xf8, 0x7f, 0xee, 0x96, 0x97, 0x7e, 0x6b, 0x73, 0xd5, 0x55, 0xff, 0x4f, 0xdd, 0xf6, 0xd7,
    0x3f, 0x2d, 0xae, 0xfa, 0x7f, 0xeb, 0x96, 0x97, 0x7e, 0x6b, 0x73, 0xd5, 0x55, 0xff, 0x4f, 0xdd,
    0xf6, 0xd7, 0x3f, 0x2d, 0xfe, 0xff, 0x42, 0xfc, 0x3f, 0x77, 0xcb, 0x4b, 0xbf, 0xb5, 0xb9, 0xea,
    0xaa, 0xff, 0xa7, 0x6e, 0xfb, 0xeb, 0x9f, 0x16, 0x57, 0xfd, 0xbf, 0x75, 0xcb, 0x4b, 0xbf, 0xb5,
    0xb9, 0xea, 0xaa, 0xff, 0xa7, 0x6e, 0xfb, 0xeb, 0x9f, 0x16, 0xff, 0x7f, 0x21, 0xfe, 0x9f, 0xbb,
    0xe5, 0xa5, 0xdf, 0xda, 0x5c, 0x75, 0xd5, 0xff, 0x53, 0xb7, 0xfd, 0xf5, 0x4f, 0x8b, 0xab, 0xfe,
    0xdf, 0xba, 0xe5, 0xa5, 0xdf, 0xda, 0x5c, 0x75, 0xd5, 0xff, 0x53, 0xb7, 0xfd, 0xf5, 0x4f, 0x8b,
    0xff, 0xbf, 0x10, 0xff, 0xcf, 0xdd, 0xf2, 0xd2, 0x6f, 0x6d, 0xae, 0xba, 0xea, 0xff, 0xa9, 0xdb,
    0xfe, 0xfa, 0xa7, 0xc5, 0x55, 0xff, 0x6f, 0xdd, 0xf2, 0xd2, 0x6f, 0x6d, 0xae, 0xba, 0xea, 0xff,
    0xa9, 0xdb, 0xfe, 0xfa, 0xa7, 0xc5, 0xff, 0x5f, 0x88, 0xff, 0xe7, 0x6e, 0x79, 0xe9, 0xb7, 0x36,
    0x57, 0x5d, 0xf5, 0xff, 0xd4, 0x6d, 0x7f, 0xfd, 0xd3, 0xe2, 0xaa, 0xff, 0xb7, 0x6e, 0x79, 0xe9,
    0xb7, 0x36, 0x57, 0x5d, 0xf5, 0xff, 0xd4, 0x6d, 0x7f, 0xfd, 0xd3, 0xe2, 0xff, 0x2f, 0xc4, 0xff,
    0x73, 0xb7, 0xbc, 0xf4, 0x5b, 0x9b, 0xab, 0xae, 0xfa, 0x7f, 0xea, 0xb6, 0xbf, 0xfe, 0x69, 0x71,
    0xd5, 0xff, 0x5b, 0xb7, 0xbc, 0xf4, 0x5b, 0x9b, 0xab, 0xae, 0xfa, 0x7f, 0xea, 0xb6, 0xbf, 0xfe,
    0x69, 0xf1, 0xff, 0x17, 0xe2, 0xff, 0xb9, 0x5b, 0x5e, 0xfa, 0xad, 0xcd, 0x55, 0x57, 0xfd, 0x3f,
    0x75, 0xdb, 0x5f, 0xff, 0xb4, 0xb8, 0xea, 0xff, 0xad, 0x5b, 0x5e, 0xfa, 0xad, 0xcd, 0x55, 0x57,
    0xfd, 0x3f, 0x75, 0xdb, 0x5f, 0xff, 0xb4, 0xf8, 0xff, 0x0b, 0xf1, 0xff, 0xdc, 0x2d, 0x2f, 0xfd,
    0xd6, 0xe6, 0xaa, 0xab, 0xfe, 0x9f, 0xba, 0xed, 0xaf, 0x7f, 0x5a, 0x5c, 0xf5, 0xff, 0xd6, 0x2d,
    0x2f, 0xfd, 0xd6, 0xe6, 0xaa, 0xab, 0xfe, 0x9f, 0xba, 0xed, 0xaf, 0x7f, 0x5a, 0xfc, 0xff, 0x85,
    0xf8, 0x7f, 0xee, 0x96, 0x97, 0x7e, 0x6b, 0x73, 0xd5, 0x55, 0xff, 0x4f, 0xdd, 0xf6, 0xd7, 0x3f,
    0x2d, 0xae, 0xfa, 0x7f, 0xeb, 0x96, 0x97, 0x7e, 0x6b, 0x73, 0xd5, 0x55, 0xff, 0x4f, 0xdd, 0xf6,
    0xd7, 0x3f, 0x2d, 0xfe, 0xff, 0x42, 0xfc, 0x3f, 0x77, 0xcb, 0x4b, 0xbf, 0xb5, 0xb9, 0xea, 0xaa,
    0xff, 0xa7, 0x6e, 0xfb, 0xeb, 0x9f, 0x16, 0x57, 0xfd, 0xbf, 0x75, 0xcb, 0x4b, 0xbf, 0xb5, 0xb9,
    0xea, 0xaa, 0xff, 0xa7, 0x6e, 0xfb, 0xeb, 0x9f, 0x16, 0xff, 0x7f, 0x21, 0xfe, 0x9f, 0xbb, 0xe5,
    0xa5, 0xdf, 0xda, 0x5c, 0x75, 0xd5, 0xff, 0x53, 0xb7, 0xfd, 0xf5, 0x4f, 0x8b, 0xab, 0xfe, 0xdf,
    0xba, 0xe5, 0xa5, 0xdf, 0xda, 0x5c, 0x75, 0xd5, 0xff, 0x53, 0xb7, 0xfd, 0xf5, 0x4f, 0x8b, 0xff,
    0xbf, 0x10, 0xff, 0xcf, 0xdd, 0xf2, 0xd2, 0x6f, 0x6d, 0xae, 0xba, 0xea, 0xff, 0xa9, 0xdb, 0xfe,
    0xfa, 0xa7, 0xc5, 0x55, 0xff, 0x6f, 0xdd, 0xf2, 0xd2, 0x6f, 0x6d, 0xae, 0xba, 0xea, 0xff, 0xa9,
    0xdb, 0xfe, 0xfa, 0xa7, 0xc5, 0xff, 0x5f, 0x88, 0xff, 0xe7, 0x6e, 0x79, 0xe9, 0xb7, 0x36, 0x57,
    0x5d, 0xf5, 0xff, 0xd4, 0x6d, 0x7f, 0xfd, 0xd3, 0xe2, 0xaa, 0xff, 0xb7, 0x6e, 0x79, 0xe9, 0xb7,
    0x36, 0x57, 0x5d, 0xf5, 0xff, 0xd4, 0x6d, 0x7f, 0xfd, 0xd3, 0xe2, 0xff, 0x2f, 0xc4, 0xff, 0x73,
    0xb7, 0xbc, 0xf4, 0x5b, 0x9b, 0xab, 0xae, 0xfa, 0x7f, 0xea, 0xb6, 0xbf, 0xfe, 0x69, 0x71, 0xd5,
    0xff, 0x5b, 0xb7, 0xbc, 0xf4, 0x5b, 0x9b, 0xab, 0xae, 0xfa, 0x7f, 0xea, 0xb6, 0xbf, 0xfe, 0x69,
    0xf1, 0xff, 0x17, 0xe2, 0xff, 0xb9, 0x5b, 0x5e, 0xfa, 0xad, 0xcd, 0x55, 0x57, 0xfd, 0x3f, 0x75,
    0xdb, 0x5f, 0xff, 0xb4, 0xb8, 0xea, 0xff, 0xad, 0x5b, 0x5e, 0xfa, 0xad, 0xcd, 0x55, 0x57, 0xfd,
    0x3f, 0x75, 0xdb, 0x5f, 0xff, 0xb4, 0xf8, 0xff, 0x0b, 0xf1, 0xff, 0xdc, 0x2d, 0x2f, 0xfd, 0xd6,
    0xe6, 0xaa, 0xab, 0xfe, 0x9f, 0xba, 0xed, 0xaf, 0x7f, 0x5a, 0x5c, 0xf5, 0xff, 0xd6, 0x2d, 0x2f,
    0xfd, 0xd6, 0xe6, 0xaa, 0xab, 0xfe, 0x9f, 0xba, 0xed, 0xaf, 0x7f, 0x5a, 0xfc, 0xff, 0x85, 0xf8,
    0x7f, 0xee, 0x96, 0x97, 0x7e, 0x6b, 0x73, 0xd5, 0x55, 0xff, 0x4f, 0xdd, 0xf6, 0xd7, 0x3f, 0x2d,
    0xae, 0xfa, 0x7f, 0xeb, 0x96, 0x97, 0x7e, 0x6b, 0x73, 0xd5, 0x55, 0xff, 0x4f, 0xdd, 0xf6, 0xd7,
    0x3f, 0x2d, 0xfe, 0xff, 0x42, 0xfc, 0x3f, 0x77, 0xcb, 0x4b, 0xbf, 0xb5, 0xb9, 0xea, 0xaa, 0xff,
    0xa7, 0x6e, 0xfb, 0xeb, 0x9f, 0x16, 0x57, 0xfd, 0xbf, 0x75, 0xcb, 0x4b, 0xbf, 0xb5, 0xb9, 0xea,
    0xaa, 0xff, 0xa7, 0x6e, 0xfb, 0xeb, 0x9f, 0x16, 0xff, 0x7f, 0x21, 0xfe, 0x9f, 0xbb, 0xe5, 0xa5,
    0xdf, 0xda, 0x5c, 0x75, 0xd5, 0xff, 0x53, 0xb7, 0xfd, 0xf5, 0x4f, 0x8b, 0xab, 0xfe, 0xdf, 0xba,
    0xe5, 0xa5, 0xdf, 0xda, 0x5c, 0x75, 0xd5, 0xff, 0x53, 0xb7, 0xfd, 0xf5, 0x4f, 0x8b, 0xff, 0xbf,
    0x10, 0xff, 0xcf, 0xdd, 0xf2, 0xd2, 0x6f, 0x6d, 0xae, 0xba, 0xea, 0xff, 0xa9, 0xdb, 0xfe, 0xfa,
    0xa7, 0xc5, 0x55, 0xff, 0x6f, 0xdd, 0xf2, 0xd2, 0x6f, 0x6d, 0xae, 0xba, 0xea, 0xff, 0xa9, 0xdb,
    0xfe, 0xfa, 0xa7, 0xc5, 0xff, 0x5f, 0x88, 0xff, 0xe7, 0x6e, 0x79, 0xe9, 0xb7, 0x36, 0x57, 0x5d,
    0xf5, 0xff, 0xd4, 0x6d, 0x7f, 0xfd, 0xd3, 0xe2, 0xaa, 0xff, 0xb7, 0x6e, 0x79, 0xe9, 0xb7, 0x36,
    0x57, 0x5d, 0xf5, 0xff, 0xd4, 0x6d, 0x7f, 0xfd, 0xd3, 0xe2, 0xff, 0x2f, 0xc4, 0xff, 0x73, 0xb7,
    0xbc, 0xf4, 0x5b, 0x9b, 0xab, 0xae, 0xfa, 0x7f, 0xea, 0xb6, 0xbf, 0xfe, 0x69, 0x71, 0xd5, 0xff,
    0x5b, 0xb7, 0xbc, 0xf4, 0x5b, 0x9b, 0xab, 0xae, 0xfa, 0x7f, 0xea, 0xb6, 0xbf, 0xfe, 0x69, 0xf1,
    0xff, 0x17, 0xe2, 0xff, 0xb9, 0x5b, 0x5e, 0xfa, 0xad, 0xcd, 0x55, 0x57, 0xfd, 0x3f, 0x75, 0xdb,
    0x5f, 0xff, 0xb4, 0xb8, 0xea, 0xff, 0xad, 0x5b, 0x5e, 0xfa, 0xad, 0xcd, 0x55, 0x57, 0xfd, 0x3f,
    0x75, 0xdb, 0x5f, 0xff, 0xb4, 0xf8, 0xff, 0x0b, 0xf1, 0xff, 0xdc, 0x2d, 0x2f, 0xfd, 0xd6, 0xe6,
    0xaa, 0xab, 0xfe, 0x9f, 0xba, 0xed, 0xaf, 0x7f, 0x5a, 0x5c, 0xf5, 0xff, 0xd6, 0x2d, 0x2f, 0xfd,
    0xd6, 0xe6, 0xaa, 0xab, 0xfe, 0x9f, 0xba, 0xed, 0xaf, 0x7f, 0x5a, 0xfc, 0xff, 0x85, 0xf8, 0x7f,
    0xee, 0x96, 0x97, 0x7e, 0x6b, 0x73, 0xd5, 0x55, 0xff, 0x4f, 0xdd, 0xf6, 0xd7, 0x3f, 0x2d, 0xae,
    0xfa, 0x7f, 0xeb, 0x96, 0x97, 0x7e, 0x6b, 0x73, 0xd5, 0x55, 0xff, 0x4f, 0xdd, 0xf6, 0xd7, 0x3f,
    0x2d, 0xfe, 0xff, 0x42, 0xfc, 0x3f, 0x77, 0xcb, 0x4b, 0xbf, 0xb5, 0xb9, 0xea, 0xaa, 0xff, 0xa7,
    0x6e, 0xfb, 0xeb, 0x9f, 0x16, 0x57, 0xfd, 0xbf, 0x75, 0xcb, 0x4b, 0xbf, 0xb5, 0xb9, 0xea, 0xaa,
    0xff, 0xa7, 0x6e, 0xfb, 0xeb, 0x9f, 0x16, 0xff, 0x7f, 0x21, 0xfe, 0x9f, 0xbb, 0xe5, 0xa5, 0xdf,
    0xda, 0x5c, 0x75, 0xd5, 0xff, 0x53, 0xb7, 0xfd, 0xf5, 0x4f, 0x8b, 0xab, 0xfe, 0xdf, 0xba, 0xe5,
    0xa5, 0xdf, 0xda, 0x5c, 0x75, 0xd5, 0xff, 0x53, 0xb7, 0xfd, 0xf5, 0x4f, 0x8b, 0xff, 0xbf, 0x10,
    0xff, 0xcf, 0xdd, 0xf2, 0xd2, 0x6f, 0x6d, 0xae, 0xba, 0xea, 0xff, 0xa9, 0xdb, 0xfe, 0xfa, 0xa7,
    0xc5, 0x55, 0xff, 0x6f, 0xdd, 0xf2, 0xd2, 0x6f, 0x6d, 0xae, 0xba, 0xea, 0xff, 0xa9, 0xdb, 0xfe,
    0xfa, 0xa7, 0xc5, 0xff, 0x5f, 0x88, 0xff, 0xe7, 0x6e, 0x79, 0xe9, 0xb7, 0x36, 0x57, 0x5d, 0xf5,
    0xff, 0xd4, 0x6d, 0x7f, 0xfd, 0xd3, 0xe2, 0xaa, 0xff, 0xb7, 0x6e, 0x79, 0xe9, 0xb7, 0x36, 0x57,
    0x5d, 0xf5, 0xff, 0xd4, 0x6d, 0x7f, 0xfd, 0xd3, 0xe2, 0xff, 0x2f, 0xc4, 0xff, 0x73, 0xb7, 0xbc,
    0xf4, 0x5b, 0x9b, 0xab, 0xae, 0xfa, 0x7f, 0xea, 0xb6, 0xbf, 0xfe, 0x69, 0x71, 0xd5, 0xff, 0x5b,
    0xb7, 0xbc, 0xf4, 0x5b, 0x9b, 0xab, 0xae, 0xfa, 0x7f, 0xea, 0xb6, 0xbf, 0xfe, 0x69, 0xf1, 0xff,
    0x17, 0xe2, 0xff, 0xb9, 0x5b, 0x5e, 0xfa, 0xad, 0xcd, 0x55, 0x57, 0xfd, 0x3f, 0x75, 0xdb, 0x5f,
    0xff, 0xb4, 0xb8, 0xea, 0xff, 0xad, 0x5b, 0x5e, 0xfa, 0xad, 0xcd, 0x55, 0x57, 0xfd, 0x3f, 0x75,
    0xdb, 0x5f, 0xff, 0xb4, 0xf8, 0xff, 0x0b, 0xf1, 0xff, 0xdc, 0x2d, 0x2f, 0xfd, 0xd6, 0xe6, 0xaa,
    0xab, 0xfe, 0x9f, 0xba, 0xed, 0xaf, 0x7f, 0x5a, 0x5c, 0xf5, 0xff, 0xd6, 0x2d, 0x2f, 0xfd, 0xd6,
    0xe6, 0xaa, 0xab, 0xfe, 0x9f, 0xba, 0xed, 0xaf, 0x7f, 0x5a, 0xfc, 0xff, 0x85, 0xf8, 0x7f, 0xee,
    0x96, 0x97, 0x7e, 0x6b, 0x73, 0xd5, 0x55, 0xff, 0x4f, 0xdd, 0xf6, 0xd7, 0x3f, 0x2d, 0xae, 0xfa,
    0x7f, 0xeb, 0x96, 0x97, 0x7e, 0x6b, 0x73, 0xd5, 0x55, 0xff, 0x4f, 0xdd, 0xf6, 0xd7, 0x3f, 0x2d,
    0xfe, 0xff, 0x42, 0xfc, 0x3f, 0x77, 0xcb, 0x4b, 0xbf, 0xb5, 0xb9, 0xea, 0xaa, 0xff, 0xa7, 0x6e,
    0xfb, 0xeb, 0x9f, 0x16, 0x57, 0xfd, 0xbf, 0x75, 0xcb, 0x4b, 0xbf, 0xb5, 0xb9, 0xea, 0xaa, 0xff,
    0xa7, 0x6e, 0xfb, 0xeb, 0x9f, 0x16, 0xff, 0x7f, 0x21, 0xfe, 0x9f, 0xbb, 0xe5, 0xa5, 0xdf, 0xda,
    0x5c, 0x75, 0xd5, 0xff, 0x53, 0xb7, 0xfd, 0xf5, 0x4f, 0x8b, 0xab, 0xfe, 0xdf, 0xba, 0xe5, 0xa5,
    0xdf, 0xda, 0x5c, 0x75, 0xd5, 0xff, 0x53, 0xb7, 0xfd, 0xf5, 0x4f, 0x8b, 0xff, 0xbf, 0x10, 0xff,
    0xcf, 0xdd, 0xf2, 0xd2, 0x6f, 0x6d, 0xae, 0xba, 0xea, 0xff, 0xa9, 0xdb, 0xfe, 0xfa, 0xa7, 0xc5,
    0x55, 0xff, 0x6f, 0xdd, 0xf2, 0xd2, 0x6f, 0x6d, 0xae, 0xba, 0xea, 0xff, 0xa9, 0xdb, 0xfe, 0xfa,
    0xa7, 0xc5, 0xff, 0x5f, 0x88, 0xff, 0xe7, 0x6e, 0x79, 0xe9, 0xb7, 0x36, 0x57, 0x5d, 0xf5, 0xff,
    0xd4, 0x6d, 0x7f, 0xfd, 0xd3, 0xe2, 0xaa, 0xff, 0xb7, 0x6e, 0x79, 0xe9, 0xb7, 0x36, 0x57, 0x5d,
    0xf5, 0xff, 0xd4, 0x6d, 0x7f, 0xfd, 0xd3, 0xe2, 0xff, 0x2f, 0xc4, 0xff, 0x73, 0xb7, 0xbc, 0xf4,
    0x5b, 0x9b, 0xab, 0xae, 0xfa, 0x7f, 0xea, 0xb6, 0xbf, 0xfe, 0x69, 0x71, 0xd5, 0xff, 0x5b, 0xb7,
    0xbc, 0xf4, 0x5b, 0x9b, 0xab, 0xae, 0xfa, 0x7f, 0xea, 0xb6, 0xbf, 0xfe, 0x69, 0xf1, 0xff, 0x17,
    0xe2, 0xff, 0xb9, 0x5b, 0x5e, 0xfa, 0xad, 0xcd, 0x55, 0x57, 0xfd, 0x3f, 0x75, 0xdb, 0x5f, 0xff,
    0xb4, 0xb8, 0xea, 0xff, 0xad, 0x5b, 0x5e, 0xfa, 0xad, 0xcd, 0x55, 0x57, 0xfd, 0x3f, 0x75, 0xdb,
    0x5f, 0xff, 0xb4, 0xf8, 0xff, 0x0b, 0xf1, 0xff, 0xdc, 0x2d, 0x2f, 0xfd, 0xd6, 0xe6, 0xaa, 0xab,
    0xfe, 0x9f, 0xba, 0xed, 0xaf, 0x7f, 0x5a, 0x5c, 0xf5, 0xff, 0xd6, 0x2d, 0x2f, 0xfd, 0xd6, 0xe6,
    0xaa, 0xab, 0xfe, 0x9f, 0xba, 0xed, 0xaf, 0x7f, 0x5a, 0xfc, 0xff, 0x85, 0xf8, 0x7f, 0xee, 0x96,
    0x97, 0x7e, 0x6b, 0x73, 0xd5, 0x55, 0xff, 0x4f, 0xdd, 0xf6, 0xd7, 0x3f, 0x2d, 0xae, 0xfa, 0x7f,
    0xeb, 0x96, 0x97, 0x7e, 0x6b, 0x73, 0xd5, 0x55, 0xff, 0x4f, 0xdd, 0xf6, 0xd7, 0x3f, 0x2d, 0xfe,
    0xff, 0x42, 0xfc, 0x3f, 0x77, 0xcb, 0x4b, 0xbf, 0xb5, 0xb9, 0xea, 0xaa, 0xff, 0xa7, 0x6e, 0xfb,
    0xeb, 0x9f, 0x16, 0x57, 0xfd, 0xbf, 0x75, 0xcb, 0x4b, 0xbf, 0xb5, 0xb9, 0xea, 0xaa, 0xff, 0xa7,
    0x6e, 0xfb, 0xeb, 0x9f, 0x16, 0xff, 0x7f, 0x21, 0xfe, 0x9f, 0xbb, 0xe5, 0xa5, 0xdf, 0xda, 0x5c,
    0x75, 0xd5, 0xff, 0x53, 0xb7, 0xfd, 0xf5, 0x4f, 0x8b, 0xab, 0xfe, 0xdf, 0xba, 0xe5, 0xa5, 0xdf,
    0xda, 0x5c, 0x75, 0xd5, 0xff, 0x53, 0xb7, 0xfd, 0xf5, 0x4f, 0x8b, 0xff, 0xbf, 0x10, 0xff, 0xcf,
    0xdd, 0xf2, 0xd2, 0x6f, 0x6d, 0xae, 0xba, 0xea, 0xff, 0xa9, 0xdb, 0xfe, 0xfa, 0xa7, 0xc5, 0x55,
    0xff, 0x6f, 0xdd, 0xf2, 0xd2, 0x6f, 0x6d, 0xae, 0xba, 0xea, 0xff, 0xa9, 0xdb, 0xfe, 0xfa, 0xa7,
    0xc5, 0xff, 0x5f, 0x88, 0xff, 0xe7, 0x6e, 0x79, 0xe9, 0xb7, 0x36, 0x57, 0x5d, 0xf5, 0xff, 0xd4,
    0x6d, 0x7f, 0xfd, 0xd3, 0xe2, 0xaa, 0xff, 0xb7, 0x6e, 0x79, 0xe9, 0xb7, 0x36, 0x57, 0x5d, 0xf5,
    0xff, 0xd4, 0x6d, 0x7f, 0xfd, 0xd3, 0xe2, 0xff, 0x2f, 0xc4, 0xff, 0x73, 0xb7, 0xbc, 0xf4, 0x5b,
    0x9b, 0xab, 0xae, 0xfa, 0x7f, 0xea, 0xb6, 0xbf, 0xfe, 0x69, 0x71, 0xd5, 0xff, 0x5b, 0xb7, 0xbc,
    0xf4, 0x5b, 0x9b, 0xab, 0xae, 0xfa, 0x7f, 0xea, 0xb6, 0xbf, 0xfe, 0x69, 0xf1, 0xff, 0x17, 0xe2,
    0xff, 0xb9, 0x5b, 0x5e, 0xfa, 0xad, 0xcd, 0x55, 0x57, 0xfd, 0x3f, 0x75, 0xdb, 0x5f, 0xff, 0xb4,
    0xb8, 0xea, 0xff, 0xad, 0x5b, 0x5e, 0xfa, 0xad, 0xcd, 0x55, 0x57, 0xfd, 0x3f, 0x75, 0xdb, 0x5f,
    0xff, 0xb4, 0xf8, 0xff, 0x0b, 0xf1, 0xff, 0xdc, 0x2d, 0x2f, 0xfd, 0xd6, 0xe6, 0xaa, 0xab, 0xfe,
    0x9f, 0xba, 0xed, 0xaf, 0x7f, 0x5a, 0x5c, 0xf5, 0xff, 0xd6, 0x2d, 0x2f, 0xfd, 0xd6, 0xe6, 0xaa,
    0xab, 0xfe, 0x9f, 0xba, 0xed, 0xaf, 0x7f, 0x5a, 0xfc, 0xff, 0x85, 0xf8, 0x7f, 0xee, 0x96, 0x97,
    0x7e, 0x6b, 0x73, 0xd5, 0x55, 0xff, 0x4f, 0xdd, 0xf6, 0xd7, 0x3f, 0x2d, 0xae, 0xfa, 0x7f, 0xeb,
    0x96, 0x97, 0x7e, 0x6b, 0x73, 0xd5, 0x55, 0xff, 0x4f, 0xdd, 0xf6, 0xd7, 0x3f, 0x2d, 0xfe, 0xff,
    0x42, 0xfc, 0x3f, 0x77, 0xcb, 0x4b, 0xbf, 0xb5, 0xb9, 0xea, 0xaa, 0xff, 0xa7, 0x6e, 0xfb, 0xeb,
    0x9f, 0x16, 0x57, 0xfd, 0xbf, 0x75, 0xcb, 0x4b, 0xbf, 0xb5, 0xb9, 0xea, 0xaa, 0xff, 0xa7, 0x6e,
    0xfb, 0xeb, 0x9f, 0x16, 0xff, 0x7f, 0x21, 0xfe, 0x9f, 0xbb, 0xe5, 0xa5, 0xdf, 0xda, 0x5c, 0x75,
    0xd5, 0xff, 0x53, 0xb7, 0xfd, 0xf5, 0x4f, 0x8b, 0xab, 0xfe, 0xdf, 0xba, 0xe5, 0xa5, 0xdf, 0xda,
    0x5c, 0x75, 0xd5, 0xff, 0x53, 0xb7, 0xfd, 0xf5, 0x4f, 0x8b, 0xff, 0xbf, 0x10, 0xff, 0xcf, 0xdd,
    0xf2, 0xd2, 0x6f, 0x6d, 0xae, 0xba, 0xea, 0xff, 0xa9, 0xdb, 0xfe, 0xfa, 0xa7, 0xc5, 0x55, 0xff,
    0x6f, 0xdd, 0xf2, 0xd2, 0x6f, 0x6d, 0xae, 0xba, 0xea, 0xff, 0xa9, 0xdb, 0xfe, 0xfa, 0xa7, 0xc5,
    0xff, 0x5f, 0x88, 0xff, 0xe7, 0x6e, 0x79, 0xe9, 0xb7, 0x36, 0x57, 0x5d, 0xf5, 0xff, 0xd4, 0x6d,
    0x7f, 0xfd, 0xd3, 0xe2, 0xaa, 0xff, 0xb7, 0x6e, 0x79, 0xe9, 0xb7, 0x36, 0x57, 0x5d, 0xf5, 0xff,
    0xd4, 0x6d, 0x7f, 0xfd, 0xd3, 0xe2, 0xff, 0x2f, 0xc4, 0xff, 0x73, 0xb7, 0xbc, 0xf4, 0x5b, 0x9b,
    0xab, 0xae, 0xfa, 0x7f, 0xea, 0xb6, 0xbf, 0xfe, 0x69, 0x71, 0xd5, 0xff, 0x5b, 0xb7, 0xbc, 0xf4,
    0x5b, 0x9b, 0xab, 0xae, 0xfa, 0x7f, 0xea, 0xb6, 0xbf, 0xfe, 0x69, 0xf1, 0xff, 0x17, 0xe2, 0xff,
    0xb9, 0x5b, 0x5e, 0xfa, 0xad, 0xcd, 0x55, 0x57, 0xfd, 0x3f, 0x75, 0xdb, 0x5f, 0xff, 0xb4, 0xb8,
    0xea, 0xff, 0xad, 0x5b, 0x5e, 0xfa, 0xad, 0xcd, 0x55, 0x57, 0xfd, 0x3f, 0x75, 0xdb, 0x5f, 0xff,
    0xb4, 0xf8, 0xff, 0x0b, 0xf1, 0xff, 0xdc, 0x2d, 0x2f, 0xfd, 0xd6, 0xe6, 0xaa, 0xab, 0xfe, 0x9f,
    0xba, 0xed, 0xaf, 0x7f, 0x5a, 0x5c, 0xf5, 0xff, 0xd6, 0x2d, 0x2f, 0xfd, 0xd6, 0xe6, 0xaa, 0xab,
    0xfe, 0x9f, 0xba, 0xed, 0xaf, 0x7f, 0x5a, 0xfc, 0xff, 0x85, 0xf8, 0x7f, 0xee, 0x96, 0x97, 0x7e,
    0x6b, 0x73, 0xd5, 0x55, 0xff, 0x4f, 0xdd, 0xf6, 0xd7, 0x3f, 0x2d, 0xae, 0xfa, 0x7f, 0xeb, 0x96,
    0x97, 0x7e, 0x6b, 0x73, 0xd5, 0x55, 0xff, 0x4f, 0xdd, 0xf6, 0xd7, 0x3f, 0x2d, 0xfe, 0xff, 0x42,
    0xfc, 0x3f, 0x77, 0xcb, 0x4b, 0xbf, 0xb5, 0xb9, 0xea, 0xaa, 0xff, 0xa7, 0x6e, 0xfb, 0xeb, 0x9f,
    0x16, 0x57, 0xfd, 0xbf, 0x75, 0xcb, 0x4b, 0xbf, 0xb5, 0xb9, 0xea, 0xaa, 0xff, 0xa7, 0x6e, 0xfb,
    0xeb, 0x9f, 0x16, 0xff, 0x7f, 0x21, 0xfe, 0x9f, 0xbb, 0xe5, 0xa5, 0xdf, 0xda, 0x5c, 0x75, 0xd5,
    0xff, 0x53, 0xb7, 0xfd, 0xf5, 0x4f, 0x8b, 0xab, 0xfe, 0xdf, 0xba, 0xe5, 0xa5, 0xdf, 0xda, 0x5c,
    0x75, 0xd5, 0xff, 0x53, 0xb7, 0xfd, 0xf5, 0x4f, 0x8b, 0xff, 0xbf, 0x10, 0xff, 0xcf, 0xdd, 0xf2,
    0xd2, 0x6f, 0x6d, 0xae, 0xba, 0xea, 0xff, 0xa9, 0xdb, 0xfe, 0xfa, 0xa7, 0xc5, 0x55, 0xff, 0x6f,
    0xdd, 0xf2, 0xd2, 0x6f, 0x6d, 0xae, 0xba, 0xea, 0xff, 0xa9, 0xdb, 0xfe, 0xfa, 0xa7, 0xc5, 0xff,
    0x5f, 0x88, 0xff, 0xe7, 0x6e, 0x79, 0xe9, 0xb7, 0x36, 0x57, 0x5d, 0xf5, 0xff, 0xd4, 0x6d, 0x7f,
    0xfd, 0xd3, 0xe2, 0xaa, 0xff, 0xb7, 0x6e, 0x79, 0xe9, 0xb7, 0x36, 0x57, 0x5d, 0xf5, 0xff, 0xd4,
    0x6d, 0x7f, 0xfd, 0xd3, 0xe2, 0xff, 0x2f, 0xc4, 0xff, 0x73, 0xb7, 0xbc, 0xf4, 0x5b, 0x9b, 0xab,
    0xae, 0xfa, 0x7f, 0xea, 0xb6, 0xbf, 0xfe, 0x69, 0x71, 0xd5, 0xff, 0x5b, 0xb7, 0xbc, 0xf4, 0x5b,
    0x9b, 0xab, 0xae, 0xfa, 0x7f, 0xea, 0xb6, 0xbf, 0xfe, 0x69, 0xf1, 0xff, 0x17, 0xe2, 0xff, 0xb9,
    0x5b, 0x5e, 0xfa, 0xad, 0xcd, 0x55, 0x57, 0xfd, 0x3f, 0x75, 0xdb, 0x5f, 0xff, 0xb4, 0xb8, 0xea,
    0xff, 0xad, 0x5b, 0x5e, 0xfa, 0xad, 0xcd, 0x55, 0x57, 0xfd, 0x3f, 0x75, 0xdb, 0x5f, 0xff, 0xb4,
    0xf8, 0xff, 0x0b, 0xf1, 0xff, 0xdc, 0x2d, 0x2f, 0xfd, 0xd6, 0xe6, 0xaa, 0xab, 0xfe, 0x9f, 0xba,
    0xed, 0xaf, 0x7f, 0x5a, 0x5c, 0xf5, 0xff, 0xd6, 0x2d, 0x2f, 0xfd, 0xd6, 0xe6, 0xaa, 0xab, 0xfe,
    0x9f, 0xba, 0xed, 0xaf, 0x7f, 0x5a, 0xfc, 0xff, 0x85, 0xf8, 0x7f, 0xee, 0x96, 0x97, 0x7e, 0x6b,
    0x73, 0xd5, 0x55, 0xff, 0x4f, 0xdd, 0xf6, 0xd7, 0x3f, 0x2d, 0xae, 0xfa, 0x7f, 0xeb, 0x96, 0x97,
    0x7e, 0x6b, 0x73, 0xd5, 0x55, 0xff, 0x4f, 0xdd, 0xf6, 0xd7, 0x3f, 0x2d, 0xfe, 0xff, 0x42, 0xfc,
    0x3f, 0x77, 0xcb, 0x4b, 0xbf, 0xb5, 0xb9, 0xea, 0xaa, 0xff, 0xa7, 0x6e, 0xfb, 0xeb, 0x9f, 0x16,
    0x57, 0xfd, 0xbf, 0x75, 0xcb, 0x4b, 0xbf, 0xb5, 0xb9, 0xea, 0xaa, 0xff, 0xa7, 0x6e, 0xfb, 0xeb,
    0x9f, 0x16, 0xff, 0x7f, 0x21, 0xfe, 0x9f, 0xbb, 0xe5, 0xa5, 0xdf, 0xda, 0x5c, 0x75, 0xd5, 0xff,
    0x53, 0xb7, 0xfd, 0xf5, 0x4f, 0x8b, 0xab, 0xfe, 0xdf, 0xba, 0xe5, 0xa5, 0xdf, 0xda, 0x5c, 0x75,
    0xd5, 0xff, 0x53, 0xb7, 0xfd, 0xf5, 0x4f, 0x8b, 0xff, 0xbf, 0x10, 0xff, 0xcf, 0xdd, 0xf2, 0xd2,
    0x6f, 0x6d, 0xae, 0xba, 0xea, 0xff, 0xa9, 0xdb, 0xfe, 0xfa, 0xa7, 0xc5, 0x55, 0xff, 0x6f, 0xdd,
    0xf2, 0xd2, 0x6f, 0x6d, 0xae, 0xba, 0xea, 0xff, 0xa9, 0xdb, 0xfe, 0xfa, 0xa7, 0xc5, 0xff, 0x5f,
    0x88, 0xff, 0xe7, 0x6e, 0x79, 0xe9, 0xb7, 0x36, 0x57, 0x5d, 0xf5, 0xff, 0xd4, 0x6d, 0x7f, 0xfd,
    0xd3, 0xe2, 0xaa, 0xff, 0xb7, 0x6e, 0x79, 0xe9, 0xb7, 0x36, 0x57, 0x5d, 0xf5, 0xff, 0xd4, 0x6d,
    0x7f, 0xfd, 0xd3, 0xe2, 0xff, 0x2f, 0xc4, 0xff, 0x73, 0xb7, 0xbc, 0xf4, 0x5b, 0x9b, 0xab, 0xae,
    0xfa, 0x7f, 0xea, 0xb6, 0xbf, 0xfe, 0x69, 0x71, 0xd5, 0xff, 0x5b, 0xb7, 0xbc, 0xf4, 0x5b, 0x9b,
    0xab, 0xae, 0xfa, 0x7f, 0xea, 0xb6, 0xbf, 0xfe, 0x69, 0xf1, 0xff, 0x17, 0xe2, 0xff, 0xb9, 0x5b,
    0x5e, 0xfa, 0xad, 0xcd, 0x55, 0x57, 0xfd, 0x3f, 0x75, 0xdb, 0x5f, 0xff, 0xb4, 0xb8, 0xea, 0xff,
    0xad, 0x5b, 0x5e, 0xfa, 0xad, 0xcd, 0x55, 0x57, 0xfd, 0x3f, 0x75, 0xdb, 0x5f, 0xff, 0xb4, 0xf8,
    0xff, 0x0b, 0xf1, 0xff, 0xdc, 0x2d, 0x2f, 0xfd, 0xd6, 0xe6, 0xaa, 0xab, 0xfe, 0x9f, 0xba, 0xed,
    0xaf, 0x7f, 0x5a, 0x5c, 0xf5, 0xff, 0xd6, 0x2d, 0x2f, 0xfd, 0xd6, 0xe6, 0xaa, 0xab, 0xfe, 0x9f,
    0xba, 0xed, 0xaf, 0x7f, 0x5a, 0xfc, 0xff, 0x85, 0xf8, 0x7f, 0xee, 0x96, 0x97, 0x7e, 0x6b, 0x73,
    0xd5, 0x55, 0xff, 0x4f, 0xdd, 0xf6, 0xd7, 0x3f, 0x2d, 0xae, 0xfa, 0x7f, 0xeb, 0x96, 0x97, 0x7e,
    0x6b, 0x73, 0xd5, 0x55, 0xff, 0x4f, 0xdd, 0xf6, 0xd7, 0x3f, 0x2d, 0xfe, 0xff, 0x42, 0xfc, 0x3f,
    0x77, 0xcb, 0x4b, 0xbf, 0xb5, 0xb9, 0xea, 0xaa, 0xff, 0xa7, 0x6e, 0xfb, 0xeb, 0x9f, 0x16, 0x57,
    0xfd, 0xbf, 0x75, 0xcb, 0x4b, 0xbf, 0xb5, 0xb9, 0xea, 0xaa, 0xff, 0xa7, 0x6e, 0xfb, 0xeb, 0x9f,
    0x16, 0xff, 0x7f, 0x21, 0xfe, 0x9f, 0xbb, 0xe5, 0xa5, 0xdf, 0xda, 0x5c, 0x75, 0xd5, 0xff, 0x53,
    0xb7, 0xfd, 0xf5, 0x4f, 0x8b, 0xab, 0xfe, 0xdf, 0xba, 0xe5, 0xa5, 0xdf, 0xda, 0x5c, 0x75, 0xd5,
    0xff, 0x53, 0xb7, 0xfd, 0xf5, 0x4f, 0x8b, 0xff, 0xbf, 0x10, 0xff, 0xcf, 0xdd, 0xf2, 0xd2, 0x6f,
    0x6d, 0xae, 0xba, 0xea, 0xff, 0xa9, 0xdb, 0xfe, 0xfa, 0xa7, 0xc5, 0x55, 0xff, 0x6f, 0xdd, 0xf2,
    0xd2, 0x6f, 0x6d, 0xae, 0xba, 0xea, 0xff, 0xa9, 0xdb, 0xfe, 0xfa, 0xa7, 0xc5, 0xff, 0x5f, 0x88,
    0xff, 0xe7, 0x6e, 0x79, 0xe9, 0xb7, 0x36, 0x57, 0x5d, 0xf5, 0xff, 0xd4, 0x6d, 0x7f, 0xfd, 0xd3,
    0xe2, 0xaa, 0xff, 0xb7, 0x6e, 0x79, 0xe9, 0xb7, 0x36, 0x57, 0x5d, 0xf5, 0xff, 0xd4, 0x6d, 0x7f,
    0xfd, 0xd3, 0xe2, 0xff, 0x2f, 0xc4, 0xff, 0x73, 0xb7, 0xbc, 0xf4, 0x5b, 0x9b, 0xab, 0xae, 0xfa,
    0x7f, 0xea, 0xb6, 0xbf, 0xfe, 0x69, 0x71, 0xd5, 0xff, 0x5b, 0xb7, 0xbc, 0xf4, 0x5b, 0x9b, 0xab,
    0xae, 0xfa, 0x7f, 0xea, 0xb6, 0xbf, 0xfe, 0x69, 0xf1, 0xff, 0x17, 0xe2, 0xff, 0xb9, 0x5b, 0x5e,
    0xfa, 0xad, 0xcd, 0x55, 0x57, 0xfd, 0x3f, 0x75, 0xdb, 0x5f, 0xff, 0xb4, 0xb8, 0xea, 0xff, 0xad,
    0x5b, 0x5e, 0xfa, 0xad, 0xcd, 0x55, 0x57, 0xfd, 0x3f, 0x75, 0xdb, 0x5f, 0xff, 0xb4, 0xf8, 0xff,
    0x0b, 0xf1, 0xff, 0xdc, 0x2d, 0x2f, 0xfd, 0xd6, 0xe6, 0xaa, 0xab, 0xfe, 0x9f, 0xba, 0xed, 0xaf,
    0x7f, 0x5a, 0x5c, 0xf5, 0xff, 0xd6, 0x2d, 0x2f, 0xfd, 0xd6, 0xe6, 0xaa, 0xab, 0xfe, 0x9f, 0xba,
    0xed, 0xaf, 0x7f, 0x5a, 0xfc, 0xff, 0x85, 0xf8, 0x7f, 0xee, 0x96, 0x97, 0x7e, 0x6b, 0x73, 0xd5,
    0x55, 0xff, 0x4f, 0xdd, 0xf6, 0xd7, 0x3f, 0x2d, 0xae, 0xfa, 0x7f, 0xeb, 0x96, 0x97, 0x7e, 0x6b,
    0x73, 0xd5, 0x55, 0xff, 0x4f, 0xdd, 0xf6, 0xd7, 0x3f, 0x2d, 0xfe, 0xff, 0x42, 0xfc, 0x3f, 0x77,
    0xcb, 0x4b, 0xbf, 0xb5, 0xb9, 0xea, 0xaa, 0xff, 0xa7, 0x6e, 0xfb, 0xeb, 0x9f, 0x16, 0x57, 0xfd,
    0xbf, 0x75, 0xcb, 0x4b, 0xbf, 0xb5, 0xb9, 0xea, 0xaa, 0xff, 0xa7, 0x6e, 0xfb, 0xeb, 0x9f, 0x16,
    0xff, 0x7f, 0x21, 0xfe, 0x9f, 0xbb, 0xe5, 0xa5, 0xdf, 0xda, 0x5c, 0x75, 0xd5, 0xff, 0x53, 0xb7,
    0xfd, 0xf5, 0x4f, 0x8b, 0xab, 0xfe, 0xdf, 0xba, 0xe5, 0xa5, 0xdf, 0xda, 0x5c, 0x75, 0xd5, 0xff,
    0x53, 0xb7, 0xfd, 0xf5, 0x4f, 0x8b, 0xff, 0xbf, 0x10, 0xff, 0xcf, 0xdd, 0xf2, 0xd2, 0x6f, 0x6d,
    0xae, 0xba, 0xea, 0xff, 0xa9, 0xdb, 0xfe, 0xfa, 0xa7, 0xc5, 0x55, 0xff, 0x6f, 0xdd, 0xf2, 0xd2,
    0x6f, 0x6d, 0xae, 0xba, 0xea, 0xff, 0xa9, 0xdb, 0xfe, 0xfa, 0xa7, 0xc5, 0xff, 0x5f, 0x88, 0xff,
    0xe7, 0x6e, 0x79, 0xe9, 0xb7, 0x36, 0x57, 0x5d, 0xf5, 0xff, 0xd4, 0x6d, 0x7f, 0xfd, 0xd3, 0xe2,
    0xaa, 0xff, 0xb7, 0x6e, 0x79, 0xe9, 0xb7, 0x36, 0x57, 0x5d, 0xf5, 0xff, 0xd4, 0x6d, 0x7f, 0xfd,
    0xd3, 0xe2, 0xff, 0x2f, 0xc4, 0xff, 0x73, 0xb7, 0xbc, 0xf4, 0x5b, 0x9b, 0xab, 0xae, 0xfa, 0x7f,
    0xea, 0xb6, 0xbf, 0xfe, 0x69, 0x71, 0xd5, 0xff, 0x5b, 0xb7, 0xbc, 0xf4, 0x5b, 0x9b, 0xab, 0xae,
    0xfa, 0x7f, 0xea, 0xb6, 0xbf, 0xfe, 0x69, 0xf1, 0xff, 0x17, 0xe2, 0xff, 0xb9, 0x5b, 0x5e, 0xfa,
    0xad, 0xcd, 0x55, 0x57, 0xfd, 0x3f, 0x75, 0xdb, 0x5f, 0xff, 0xb4, 0xb8, 0xea, 0xff, 0xad, 0x5b,
    0x5e, 0xfa, 0xad, 0xcd, 0x55, 0x57, 0xfd, 0x3f, 0x75, 0xdb, 0x5f, 0xff, 0xb4, 0xf8, 0xff, 0x0b,
    0xf1, 0xff, 0xdc, 0x2d, 0x2f, 0xfd, 0xd6, 0xe6, 0xaa, 0xab, 0xfe, 0x9f, 0xba, 0xed, 0xaf, 0x7f,
    0x5a, 0x5c, 0xf5, 0xff, 0xd6, 0x2d, 0x2f, 0xfd, 0xd6, 0xe6, 0xaa, 0xab, 0xfe, 0x9f, 0xba, 0xed,
    0xaf, 0x7f, 0x5a, 0xfc, 0xff, 0x85, 0xf8, 0x7f, 0xee, 0x96, 0x97, 0x7e, 0x6b, 0x73, 0xd5, 0x55,
    0xff, 0x4f, 0xdd, 0xf6, 0xd7, 0x3f, 0x2d, 0xae, 0xfa, 0x7f, 0xeb, 0x96, 0x97, 0x7e, 0x6b, 0x73,
    0xd5, 0x55, 0xff, 0x4f, 0xdd, 0xf6, 0xd7, 0x3f, 0x2d, 0xfe, 0xff, 0x42, 0xfc, 0x3f, 0x77, 0xcb,
    0x4b, 0xbf, 0xb5, 0xb9, 0xea, 0xaa, 0xff, 0xa7, 0x6e, 0xfb, 0xeb, 0x9f, 0x16, 0x57, 0xfd, 0xbf,
    0x75, 0xcb, 0x4b, 0xbf, 0xb5, 0xb9, 0xea, 0xaa, 0xff, 0xa7, 0x6e, 0xfb, 0xeb, 0x9f, 0x16, 0xff,
    0x7f, 0x21, 0xfe, 0x9f, 0xbb, 0xe5, 0xa5, 0xdf, 0xda, 0x5c, 0x75, 0xd5, 0xff, 0x53, 0xb7, 0xfd,
    0xf5, 0x4f, 0x8b, 0xab, 0xfe, 0xdf, 0xba, 0xe5, 0xa5, 0xdf, 0xda, 0x5c, 0x75, 0xd5, 0xff, 0x53,
    0xb7, 0xfd, 0xf5, 0x4f, 0x8b, 0xff, 0xbf, 0x10, 0xff, 0xcf, 0xdd, 0xf2, 0xd2, 0x6f, 0x6d, 0xae,
    0xba, 0xea, 0xff, 0xa9, 0xdb, 0xfe, 0xfa, 0xa7, 0xc5, 0x55, 0xff, 0x6f, 0xdd, 0xf2, 0xd2, 0x6f,
    0x6d, 0xae, 0xba, 0xea, 0xff, 0xa9, 0xdb, 0xfe, 0xfa, 0xa7, 0xc5, 0xff, 0x5f, 0x88, 0xff, 0xe7,
    0x6e, 0x79, 0xe9, 0xb7, 0x36, 0x57, 0x5d, 0xf5, 0xff, 0xd4, 0x6d, 0x7f, 0xfd, 0xd3, 0xe2, 0xaa,
    0xff, 0xb7, 0x6e, 0x79, 0xe9, 0xb7, 0x36, 0x57, 0x5d, 0xf5, 0xff, 0xd4, 0x6d, 0x7f, 0xfd, 0xd3,
    0xe2, 0xff, 0x2f, 0xc4, 0xff, 0x73, 0xb7, 0xbc, 0xf4, 0x5b, 0x9b, 0xab, 0xae, 0xfa, 0x7f, 0xea,
    0xb6, 0xbf, 0xfe, 0x69, 0x71, 0xd5, 0xff, 0x5b, 0xb7, 0xbc, 0xf4, 0x5b, 0x9b, 0xab, 0xae, 0xfa,
    0x7f, 0xea, 0xb6, 0xbf, 0xfe, 0x69, 0xf1, 0xff, 0x17, 0xe2, 0xff, 0xb9, 0x5b, 0x5e, 0xfa, 0xad,
    0xcd, 0x55, 0x57, 0xfd, 0x3f, 0x75, 0xdb, 0x5f, 0xff, 0xb4, 0xb8, 0xea, 0xff, 0xad, 0x5b, 0x5e,
    0xfa, 0xad, 0xcd, 0x55, 0x57, 0xfd, 0x3f, 0x75, 0xdb, 0x5f, 0xff, 0xb4, 0xf8, 0xff, 0x0b, 0xf1,
    0xff, 0xdc, 0x2d, 0x2f, 0xfd, 0xd6, 0xe6, 0xaa, 0xab, 0xfe, 0x9f, 0xba, 0xed, 0xaf, 0x7f, 0x5a,
    0x5c, 0xf5, 0xff, 0xd6, 0x2d, 0x2f, 0xfd, 0xd6, 0xe6, 0xaa, 0xab, 0xfe, 0x9f, 0xba, 0xed, 0xaf,
    0x7f, 0x5a, 0xfc, 0xff, 0x85, 0xf8, 0x7f, 0xee, 0x96, 0x97, 0x7e, 0x6b, 0x73, 0xd5, 0x55, 0xff,
    0x4f, 0xdd, 0xf6, 0xd7, 0x3f, 0x2d, 0xae, 0xfa, 0x7f, 0xeb, 0x96, 0x97, 0x7e, 0x6b, 0x73, 0xd5,
    0x55, 0xff, 0x4f, 0xdd, 0xf6, 0xd7, 0x3f, 0x2d, 0xfe, 0xff, 0x42, 0xfc, 0x3f, 0x77, 0xcb, 0x4b,
    0xbf, 0xb5, 0xb9, 0xea, 0xaa, 0xff, 0xa7, 0x6e, 0xfb, 0xeb, 0x9f, 0x16, 0x57, 0xfd, 0xbf, 0x75,
    0xcb, 0x4b, 0xbf, 0xb5, 0xb9, 0xea, 0xaa, 0xff, 0xa7, 0x6e, 0xfb, 0xeb, 0x9f, 0x16, 0xff, 0x7f,
    0x21, 0xfe, 0x9f, 0xbb, 0xe5, 0xa5, 0xdf, 0xda, 0x5c, 0x75, 0xd5, 0xff, 0x53, 0xb7, 0xfd, 0xf5,
    0x4f, 0x8b, 0xab, 0xfe, 0xdf, 0xba, 0xe5, 0xa5, 0xdf, 0xda, 0x5c, 0x75, 0xd5, 0xff, 0x53, 0xb7,
    0xfd, 0xf5, 0x4f, 0x8b, 0xff, 0xbf, 0x10, 0xff, 0xcf, 0xdd, 0xf2, 0xd2, 0x6f, 0x6d, 0xae, 0xba,
    0xea, 0xff, 0xa9, 0xdb, 0xfe, 0xfa, 0xa7, 0xc5, 0x55, 0xff, 0x6f, 0xdd, 0xf2, 0xd2, 0x6f, 0x6d,
    0xae, 0xba, 0xea, 0xff, 0xa9, 0xdb, 0xfe, 0xfa, 0xa7, 0xc5, 0xff, 0x5f, 0x88, 0xff, 0xe7, 0x6e,
    0x79, 0xe9, 0xb7, 0x36, 0x57, 0x5d, 0xf5, 0xff, 0xd4, 0x6d, 0x7f, 0xfd, 0xd3, 0xe2, 0xaa, 0xff,
    0xb7, 0x6e, 0x79, 0xe9, 0xb7, 0x36, 0x57, 0x5d, 0xf5, 0xff, 0xd4, 0x6d, 0x7f, 0xfd, 0xd3, 0xe2,
    0xff, 0x2f, 0xc4, 0xff, 0x73, 0xb7, 0xbc, 0xf4, 0x5b, 0x9b, 0xab, 0xae, 0xfa, 0x7f, 0xea, 0xb6,
    0xbf, 0xfe, 0x69, 0x71, 0xd5, 0xff, 0x5b, 0xb7, 0xbc, 0xf4, 0x5b, 0x9b, 0xab, 0xae, 0xfa, 0x7f,
    0xea, 0xb6, 0xbf, 0xfe, 0x69, 0xf1, 0xff, 0x17, 0xe2, 0xff, 0xb9, 0x5b, 0x5e, 0xfa, 0xad, 0xcd,
    0x55, 0x57, 0xfd, 0x3f, 0x75, 0xdb, 0x5f, 0xff, 0xb4, 0xb8, 0xea, 0xff, 0xad, 0x5b, 0x5e, 0xfa,
    0xad, 0xcd, 0x55, 0x57, 0xfd, 0x3f, 0x75, 0xdb, 0x5f, 0xff, 0xb4, 0xf8, 0xff, 0x0b, 0xf1, 0xff,
    0xdc, 0x2d, 0x2f, 0xfd, 0xd6, 0xe6, 0xaa, 0xab, 0xfe, 0x9f, 0xba, 0xed, 0xaf, 0x7f, 0x5a, 0x5c,
    0xf5, 0xff, 0xd6, 0x2d, 0x2f, 0xfd, 0xd6, 0xe6, 0xaa, 0xab, 0xfe, 0x9f, 0xba, 0xed, 0xaf, 0x7f,
    0x5a, 0xfc, 0xff, 0x85, 0xf8, 0x7f, 0xee, 0x96, 0x97, 0x7e, 0x6b, 0x73, 0xd5, 0x55, 0xff, 0x4f,
    0xdd, 0xf6, 0xd7, 0x3f, 0x2d, 0xae, 0xfa, 0x7f, 0xeb, 0x96, 0x97, 0x7e, 0x6b, 0x73, 0xd5, 0x55,
    0xff, 0x4f, 0xdd, 0xf6, 0xd7, 0x3f, 0x2d, 0xfe, 0xff, 0x42, 0xfc, 0x3f, 0x77, 0xcb, 0x4b, 0xbf,
    0xb5, 0xb9, 0xea, 0xaa, 0xff, 0xa7, 0x6e, 0xfb, 0xeb, 0x9f, 0x16, 0x57, 0xfd, 0xbf, 0x75, 0xcb,
    0x4b, 0xbf, 0xb5, 0xb9, 0xea, 0xaa, 0xff, 0xa7, 0x6e, 0xfb, 0xeb, 0x9f, 0x16, 0xff, 0x7f, 0x21,
    0xfe, 0x9f, 0xbb, 0xe5, 0xa5, 0xdf, 0xda, 0x5c, 0x75, 0xd5, 0xff, 0x53, 0xb7, 0xfd, 0xf5, 0x4f,
    0x8b, 0xab, 0xfe, 0xdf, 0xba, 0xe5, 0xa5, 0xdf, 0xda, 0x5c, 0x75, 0xd5, 0xff, 0x53, 0xb7, 0xfd,
    0xf5, 0x4f, 0x8b, 0xff, 0xbf, 0x10, 0xff, 0xcf, 0xdd, 0xf2, 0xd2, 0x6f, 0x6d, 0xae, 0xba, 0xea,
    0xff, 0xa9, 0xdb, 0xfe, 0xfa, 0xa7, 0xc5, 0x55, 0xff, 0x6f, 0xdd, 0xf2, 0xd2, 0x6f, 0x6d, 0xae,
    0xba, 0xea, 0xff, 0xa9, 0xdb, 0xfe, 0xfa, 0xa7, 0xc5, 0xff, 0x5f, 0x88, 0xff, 0xe7, 0x6e, 0x79,
    0xe9, 0xb7, 0x36, 0x57, 0x5d, 0xf5, 0xff, 0xd4, 0x6d, 0x7f, 0xfd, 0xd3, 0xe2, 0xaa, 0xff, 0xb7,
    0x6e, 0x79, 0xe9, 0xb7, 0x36, 0x57, 0x5d, 0xf5, 0xff, 0xd4, 0x6d, 0x7f, 0xfd, 0xd3, 0xe2, 0xff,
    0x2f, 0xc4, 0xff, 0x73, 0xb7, 0xbc, 0xf4, 0x5b, 0x9b, 0xab, 0xae, 0xfa, 0x7f, 0xea, 0xb6, 0xbf,
    0xfe, 0x69, 0x71, 0xd5, 0xff, 0x5b, 0xb7, 0xbc, 0xf4, 0x5b, 0x9b, 0xab, 0xae, 0xfa, 0x7f, 0xea,
    0xb6, 0xbf, 0xfe, 0x69, 0xf1, 0xff, 0x17, 0xe2, 0xff, 0xb9, 0x5b, 0x5e, 0xfa, 0xad, 0xcd, 0x55,
    0x57, 0xfd, 0x3f, 0x75, 0xdb, 0x5f, 0xff, 0xb4, 0xb8, 0xea, 0xff, 0xad, 0x5b, 0x5e, 0xfa, 0xad,
    0xcd, 0x55, 0x57, 0xfd, 0x3f, 0x75, 0xdb, 0x5f, 0xff, 0xb4, 0xf8, 0xff, 0x0b, 0xf1, 0xff, 0xdc,
    0x2d, 0x2f, 0xfd, 0xd6, 0xe6, 0xaa, 0xab, 0xfe, 0x9f, 0xba, 0xed, 0xaf, 0x7f, 0x5a, 0x5c, 0xf5,
    0xff, 0xd6, 0x2d, 0x2f, 0xfd, 0xd6, 0xe6, 0xaa, 0xab, 0xfe, 0x9f, 0xba, 0xed, 0xaf, 0x7f, 0x5a,
    0xfc, 0xff, 0x85, 0xf8, 0x7f, 0xee, 0x96, 0x97, 0x7e, 0x6b, 0x73, 0xd5, 0x55, 0xff, 0x4f, 0xdd,
    0xf6, 0xd7, 0x3f, 0x2d, 0xae, 0xfa, 0x7f, 0xeb, 0x96, 0x97, 0x7e, 0x6b, 0x73, 0xd5, 0x55, 0xff,
    0x4f, 0xdd, 0xf6, 0xd7, 0x3f, 0x2d, 0xfe, 0xff, 0x42, 0xfc, 0x3f, 0x77, 0xcb, 0x4b, 0xbf, 0xb5,
    0xb9, 0xea, 0xaa, 0xff, 0xa7, 0x6e, 0xfb, 0xeb, 0x9f, 0x16, 0x57, 0xfd, 0xbf, 0x75, 0xcb, 0x4b,
    0xbf, 0xb5, 0xb9, 0xea, 0xaa, 0xff, 0xa7, 0x6e, 0xfb, 0xeb, 0x9f, 0x16, 0xff, 0x7f, 0x21, 0xfe,
    0x9f, 0xbb, 0xe5, 0xa5, 0xdf, 0xda, 0x5c, 0x75, 0xd5, 0xff, 0x53, 0xb7, 0xfd, 0xf5, 0x4f, 0x8b,
    0xab, 0xfe, 0xdf, 0xba, 0xe5, 0xa5, 0xdf, 0xda, 0x5c, 0x75, 0xd5, 0xff, 0x53, 0xb7, 0xfd, 0xf5,
    0x4f, 0x8b, 0xff, 0xbf, 0x10, 0xff, 0xcf, 0xdd, 0xf2, 0xd2, 0x6f, 0x6d, 0xae, 0xba, 0xea, 0xff,
    0xa9, 0xdb, 0xfe, 0xfa, 0xa7, 0xc5, 0x55, 0xff, 0x6f, 0xdd, 0xf2, 0xd2, 0x6f, 0x6d, 0xae, 0xba,
    0xea, 0xff, 0xa9, 0xdb, 0xfe, 0xfa, 0xa7, 0xc5, 0xff, 0x5f, 0x88, 0xff, 0xe7, 0x6e, 0x79, 0xe9,
    0xb7, 0x36, 0x57, 0x5d, 0xf5, 0xff, 0xd4, 0x6d, 0x7f, 0xfd, 0xd3, 0xe2, 0xaa, 0xff, 0xb7, 0x6e,
    0x79, 0xe9, 0xb7, 0x36, 0x57, 0x5d, 0xf5, 0xff, 0xd4, 0x6d, 0x7f, 0xfd, 0xd3, 0xe2, 0xff, 0x2f,
    0xc4, 0xff, 0x73, 0xb7, 0xbc, 0xf4, 0x5b, 0x9b, 0xab, 0xae, 0xfa, 0x7f, 0xea, 0xb6, 0xbf, 0xfe,
    0x69, 0x71, 0xd5, 0xff, 0x5b, 0xb7, 0xbc, 0xf4, 0x5b, 0x9b, 0xab, 0xae, 0xfa, 0x7f, 0xea, 0xb6,
    0xbf, 0xfe, 0x69, 0xf1, 0xff, 0x17, 0xe2, 0xff, 0xb9, 0x5b, 0x5e, 0xfa, 0xad, 0xcd, 0x55, 0x57,
    0xfd, 0x3f, 0x75, 0xdb, 0x5f, 0xff, 0xb4, 0xb8, 0xea, 0xff, 0xad, 0x5b, 0x5e, 0xfa, 0xad, 0xcd,
    0x55, 0x57, 0xfd, 0x3f, 0x75, 0xdb, 0x5f, 0xff, 0xb4, 0xf8, 0xff, 0x0b, 0xf1, 0xff, 0xdc, 0x2d,
    0x2f, 0xfd, 0xd6, 0xe6, 0xaa, 0xab, 0xfe, 0x9f, 0xba, 0xed, 0xaf, 0x7f, 0x5a, 0x5c, 0xf5, 0xff,
    0xd6, 0x2d, 0x2f, 0xfd, 0xd6, 0xe6, 0xaa, 0xab, 0xfe, 0x9f, 0xba, 0xed, 0xaf, 0x7f, 0x5a, 0xfc,
    0xff, 0x85, 0xf8, 0x7f, 0xee, 0x96, 0x97, 0x7e, 0x6b, 0x73, 0xd5, 0x55, 0xff, 0x4f, 0xdd, 0xf6,
    0xd7, 0x3f, 0x2d, 0xae, 0xfa, 0x7f, 0xeb, 0x96, 0x97, 0x7e, 0x6b, 0x73, 0xd5, 0x55, 0xff, 0x4f,
    0xdd, 0xf6, 0xd7, 0x3f, 0x2d, 0xfe, 0xff, 0x42, 0xfc, 0x3f, 0x77, 0xcb, 0x4b, 0xbf, 0xb5, 0xb9,
    0xea, 0xaa, 0xff, 0xa7, 0x6e, 0xfb, 0xeb, 0x9f, 0x16, 0x57, 0xfd, 0xbf, 0x75, 0xcb, 0x4b, 0xbf,
    0xb5, 0xb9, 0xea, 0xaa, 0xff, 0xa7, 0x6e, 0xfb, 0xeb, 0x9f, 0x16, 0xff, 0x7f, 0x21, 0xfe, 0x9f,
    0xbb, 0xe5, 0xa5, 0xdf, 0xda, 0x5c, 0x75, 0xd5, 0xff, 0x53, 0xb7, 0xfd, 0xf5, 0x4f, 0x8b, 0xab,
    0xfe, 0xdf, 0xba, 0xe5, 0xa5, 0xdf, 0xda, 0x5c, 0x75, 0xd5, 0xff, 0x53, 0xb7, 0xfd, 0xf5, 0x4f,
    0x8b, 0xff, 0xbf, 0x10, 0xff, 0xcf, 0xdd, 0xf2, 0xd2, 0x6f, 0x6d, 0xae, 0xba, 0xea, 0xff, 0xa9,
    0xdb, 0xfe, 0xfa, 0xa7, 0xc5, 0x55, 0xff, 0x6f, 0xdd, 0xf2, 0xd2, 0x6f, 0x6d, 0xae, 0xba, 0xea,
    0xff, 0xa9, 0xdb, 0xfe, 0xfa, 0xa7, 0xc5, 0xff, 0x5f, 0x88, 0xff, 0xe7, 0x6e, 0x79, 0xe9, 0xb7,
    0x36, 0x57, 0x5d, 0xf5, 0xff, 0xd4, 0x6d, 0x7f, 0xfd, 0xd3, 0xe2, 0xaa, 0xff, 0xb7, 0x6e, 0x79,
    0xe9, 0xb7, 0x36, 0x57, 0x5d, 0xf5, 0xff, 0xd4, 0x6d, 0x7f, 0xfd, 0xd3, 0xe2, 0xff, 0x2f, 0xc4,
    0xff, 0x73, 0xb7, 0xbc, 0xf4, 0x5b, 0x9b, 0xab, 0xae, 0xfa, 0x7f, 0xea, 0xb6, 0xbf, 0xfe, 0x69,
    0x71, 0xd5, 0xff, 0x5b, 0xb7, 0xbc, 0xf4, 0x5b, 0x9b, 0xab, 0xae, 0xfa, 0x7f, 0xea, 0xb6, 0xbf,
    0xfe, 0x69, 0xf1, 0xff, 0x17, 0xe2, 0xff, 0xb9, 0x5b, 0x5e, 0xfa, 0xad, 0xcd, 0x55, 0x57, 0xfd,
    0x3f, 0x75, 0xdb, 0x5f, 0xff, 0xb4, 0xb8, 0xea, 0xff, 0xad, 0x5b, 0x5e, 0xfa, 0xad, 0xcd, 0x55,
    0x57, 0xfd, 0x3f, 0x75, 0xdb, 0x5f, 0xff, 0xb4, 0xf8, 0xff, 0x0b, 0xf1, 0xff, 0xdc, 0x2d, 0x2f,
    0xfd, 0xd6, 0xe6, 0xaa, 0xab, 0xfe, 0x9f, 0xba, 0xed, 0xaf, 0x7f, 0x5a, 0x5c, 0xf5, 0xff, 0xd6,
    0x2d, 0x2f, 0xfd, 0xd6, 0xe6, 0xaa, 0xab, 0xfe, 0x9f, 0xba, 0xed, 0xaf, 0x7f, 0x5a, 0xfc, 0xff,
    0x85, 0xf8, 0x7f, 0xee, 0x96, 0x97, 0x7e, 0x6b, 0x73, 0xd5, 0x55, 0xff, 0x4f, 0xdd, 0xf6, 0xd7,
    0x3f, 0x2d, 0xae, 0xfa, 0x7f, 0xeb, 0x96, 0x97, 0x7e, 0x6b, 0x73, 0xd5, 0x55, 0xff, 0x4f, 0xdd,
    0xf6, 0xd7, 0x3f, 0x2d, 0xfe, 0xff, 0x42, 0xfc, 0x3f, 0x77, 0xcb, 0x4b, 0xbf, 0xb5, 0xb9, 0xea,
    0xaa, 0xff, 0xa7, 0x6e, 0xfb, 0xeb, 0x9f, 0x16, 0x57, 0xfd, 0xbf, 0x75, 0xcb, 0x4b, 0xbf, 0xb5,
    0xb9, 0xea, 0xaa, 0xff, 0xa7, 0x6e, 0xfb, 0xeb, 0x9f, 0x16, 0xff, 0x7f, 0x21, 0xfe, 0x9f, 0xbb,
    0xe5, 0xa5, 0xdf, 0xda, 0x5c, 0x75, 0xd5, 0xff, 0x53, 0xb7, 0xfd, 0xf5, 0x4f, 0x8b, 0xab, 0xfe,
    0xdf, 0xba, 0xe5, 0xa5, 0xdf, 0xda, 0x5c, 0x75, 0xd5, 0xff, 0x53, 0xb7, 0xfd, 0xf5, 0x4f, 0x8b,
    0xff, 0xbf, 0x10, 0xff, 0xcf, 0xdd, 0xf2, 0xd2, 0x6f, 0x6d, 0xae, 0xba, 0xea, 0xff, 0xa9, 0xdb,
    0xfe, 0xfa, 0xa7, 0xc5, 0x55, 0xff, 0x6f, 0xdd, 0xf2, 0xd2, 0x6f, 0x6d, 0xae, 0xba, 0xea, 0xff,
    0xa9, 0xdb, 0xfe, 0xfa, 0xa7, 0xc5, 0xff, 0x5f, 0x88, 0xff, 0xe7, 0x6e, 0x79, 0xe9, 0xb7, 0x36,
    0x57, 0x5d, 0xf5, 0xff, 0xd4, 0x6d, 0x7f, 0xfd, 0xd3, 0xe2, 0xaa, 0xff, 0xb7, 0x6e, 0x79, 0xe9,
    0xb7, 0x36, 0x57, 0x5d, 0xf5, 0xff, 0xd4, 0x6d, 0x7f, 0xfd, 0xd3, 0xe2, 0xff, 0x2f, 0xc4, 0xff,
    0x73, 0xb7, 0xbc, 0xf4, 0x5b, 0x9b, 0xab, 0xae, 0xfa, 0x7f, 0xea, 0xb6, 0xbf, 0xfe, 0x69, 0x71,
    0xd5, 0xff, 0x5b, 0xb7, 0xbc, 0xf4, 0x5b, 0x9b, 0xab, 0xae, 0xfa, 0x7f, 0xea, 0xb6, 0xbf, 0xfe,
    0x69, 0xf1, 0xff, 0x17, 0xe2, 0xff, 0xb9, 0x5b, 0x5e, 0xfa, 0xad, 0xcd, 0x55, 0x57, 0xfd, 0x3f,
    0x75, 0xdb, 0x5f, 0xff, 0xb4, 0xb8, 0xea, 0xff, 0xad, 0x5b, 0x5e, 0xfa, 0xad, 0xcd, 0x55, 0x57,
    0xfd, 0x3f, 0x75, 0xdb, 0x5f, 0xff, 0xb4, 0xf8, 0xff, 0x0b, 0xf1, 0xff, 0xdc, 0x2d, 0x2f, 0xfd,
    0xd6, 0xe6, 0xaa, 0xab, 0xfe, 0x9f, 0xba, 0xed, 0xaf, 0x7f, 0x5a, 0x5c, 0xf5, 0xff, 0xd6, 0x2d,
    0x2f, 0xfd, 0xd6, 0xe6, 0xaa, 0xab, 0xfe, 0x9f, 0xba, 0xed, 0xaf, 0x7f, 0x5a, 0xfc, 0xff, 0x85,
    0xf8, 0x7f, 0xee, 0x96, 0x97, 0x7e, 0x6b, 0x73, 0xd5, 0x55, 0xff, 0x4f, 0xdd, 0xf6, 0xd7, 0x3f,
    0x2d, 0xae, 0xfa, 0x7f, 0xeb, 0x96, 0x97, 0x7e, 0x6b, 0x73, 0xd5, 0x55, 0xff, 0x4f, 0xdd, 0xf6,
    0xd7, 0x3f, 0x2d, 0xfe, 0xff, 0x42, 0xfc, 0x3f, 0x77, 0xcb, 0x4b, 0xbf, 0xb5, 0xb9, 0xea, 0xaa,
    0xff, 0xa7, 0x6e, 0xfb, 0xeb, 0x9f, 0x16, 0x57, 0xfd, 0xbf, 0x75, 0xcb, 0x4b, 0xbf, 0xb5, 0xb9,
    0xea, 0xaa, 0xff, 0xa7, 0x6e, 0xfb, 0xeb, 0x9f, 0x16, 0xff, 0x7f, 0x21, 0xfe, 0x9f, 0xbb, 0xe5,
    0xa5, 0xdf, 0xda, 0x5c, 0x75, 0xd5, 0xff, 0x53, 0xb7, 0xfd, 0xf5, 0x4f, 0x8b, 0xab, 0xfe, 0xdf,
    0xba, 0xe5, 0xa5, 0xdf, 0xda, 0x5c, 0x75, 0xd5, 0xff, 0x53, 0xb7, 0xfd, 0xf5, 0x4f, 0x8b, 0xff,
    0xbf, 0x10, 0xff, 0xcf, 0xdd, 0xf2, 0xd2, 0x6f, 0x6d, 0xae, 0xba, 0xea, 0xff, 0xa9, 0xdb, 0xfe,
    0xfa, 0xa7, 0xc5, 0x55, 0xff, 0x6f, 0xdd, 0xf2, 0xd2, 0x6f, 0x6d, 0xae, 0xba, 0xea, 0xff, 0xa9,
    0xdb, 0xfe, 0xfa, 0xa7, 0xc5, 0xff, 0x5f, 0x88, 0xff, 0xe7, 0x6e, 0x79, 0xe9, 0xb7, 0x36, 0x57,
    0x5d, 0xf5, 0xff, 0xd4, 0x6d, 0x7f, 0xfd, 0xd3, 0xe2, 0xaa, 0xff, 0xb7, 0x6e, 0x79, 0xe9, 0xb7,
    0x36, 0x57, 0x5d, 0xf5, 0xff, 0xd4, 0x6d, 0x7f, 0xfd, 0xd3, 0xe2, 0xff, 0x2f, 0xc4, 0xff, 0x73,
    0xb7, 0xbc, 0xf4, 0x5b, 0x9b, 0xab, 0xae, 0xfa, 0x7f, 0xea, 0xb6, 0xbf, 0xfe, 0x69, 0x71, 0xd5,
    0xff, 0x5b, 0xb7, 0xbc, 0xf4, 0x5b, 0x9b, 0xab, 0xae, 0xfa, 0x7f, 0xea, 0xb6, 0xbf, 0xfe, 0x69,
    0xf1, 0xff, 0x17, 0xe2, 0xff, 0xb9, 0x5b, 0x5e, 0xfa, 0xad, 0xcd, 0x55, 0x57, 0xfd, 0x3f, 0x75,
    0xdb, 0x5f, 0xff, 0xb4, 0xb8, 0xea, 0xff, 0xad, 0x5b, 0x5e, 0xfa, 0xad, 0xcd, 0x55, 0x57, 0xfd,
    0x3f, 0x75, 0xdb, 0x5f, 0xff, 0xb4, 0xf8, 0xff, 0x0b, 0xf1, 0xff, 0xdc, 0x2d, 0x2f, 0xfd, 0xd6,
    0xe6, 0xaa, 0xab, 0xfe, 0x9f, 0xba, 0xed, 0xaf, 0x7f, 0x5a, 0x5c, 0xf5, 0xff, 0xd6, 0x2d, 0x2f,
    0xfd, 0xd6, 0xe6, 0xaa, 0xab, 0xfe, 0x9f, 0xba, 0xed, 0xaf, 0x7f, 0x5a, 0xfc, 0xff, 0x85, 0xf8,
    0x7f, 0xee, 0x96, 0x97, 0x7e, 0x6b, 0x73, 0xd5, 0x55, 0xff, 0x4f, 0xdd, 0xf6, 0xd7, 0x3f, 0x2d,
    0xae, 0xfa, 0x7f, 0xeb, 0x96, 0x97, 0x7e, 0x6b, 0x73, 0xd5, 0x55, 0xff, 0x4f, 0xdd, 0xf6, 0xd7,
    0x3f, 0x2d, 0xfe, 0xff, 0x42, 0xfc, 0x3f, 0x77, 0xcb, 0x4b, 0xbf, 0xb5, 0xb9, 0xea, 0xaa, 0xff,
    0xa7, 0x6e, 0xfb, 0xeb, 0x9f, 0x16, 0x57, 0xfd, 0xbf, 0x75, 0xcb, 0x4b, 0xbf, 0xb5, 0xb9, 0xea,
    0xaa, 0xff, 0xa7, 0x6e, 0xfb, 0xeb, 0x9f, 0x16, 0xff, 0x7f, 0x21, 0xfe, 0x9f, 0xbb, 0xe5, 0xa5,
    0xdf, 0xda, 0x5c, 0x75, 0xd5, 0xff, 0x53, 0xb7, 0xfd, 0xf5, 0x4f, 0x8b, 0xab, 0xfe, 0xdf, 0xba,
    0xe5, 0xa5, 0xdf, 0xda, 0x5c, 0x75, 0xd5, 0xff, 0x53, 0xb7, 0xfd, 0xf5, 0x4f, 0x8b, 0xff, 0xbf,
    0x10, 0xff, 0xcf, 0xdd, 0xf2, 0xd2, 0x6f, 0x6d, 0xae, 0xba, 0xea, 0xff, 0xa9, 0xdb, 0xfe, 0xfa,
    0xa7, 0xc5, 0x55, 0xff, 0x6f, 0xdd, 0xf2, 0xd2, 0x6f, 0x6d, 0xae, 0xba, 0xea, 0xff, 0xa9, 0xdb,
    0xfe, 0xfa, 0xa7, 0xc5, 0xff, 0x5f, 0x88, 0xff, 0xe7, 0x6e, 0x79, 0xe9, 0xb7, 0x36, 0x57, 0x5d,
    0xf5, 0xff, 0xd4, 0x6d, 0x7f, 0xfd, 0xd3, 0xe2, 0xaa, 0xff, 0xb7, 0x6e, 0x79, 0xe9, 0xb7, 0x36,
    0x57, 0x5d, 0xf5, 0xff, 0xd4, 0x6d, 0x7f, 0xfd, 0xd3, 0xe2, 0xff, 0x2f, 0xc4, 0xff, 0x73, 0xb7,
    0xbc, 0xf4, 0x5b, 0x9b, 0xab, 0xae, 0xfa, 0x7f, 0xea, 0xb6, 0xbf, 0xfe, 0x69, 0x71, 0xd5, 0xff,
    0x5b, 0xb7, 0xbc, 0xf4, 0x5b, 0x9b, 0xab, 0xae, 0xfa, 0x7f, 0xea, 0xb6, 0xbf, 0xfe, 0x69, 0xf1,
    0xff, 0x17, 0xe2, 0xff, 0xb9, 0x5b, 0x5e, 0xfa, 0xad, 0xcd, 0x55, 0x57, 0xfd, 0x3f, 0x75, 0xdb,
    0x5f, 0xff, 0xb4, 0xb8, 0xea, 0xff, 0xad, 0x5b, 0x5e, 0xfa, 0xad, 0xcd, 0x55, 0x57, 0xfd, 0x3f,
    0x75, 0xdb, 0x5f, 0xff, 0xb4, 0xf8, 0xff, 0x0b, 0xf1, 0xff, 0xdc, 0x2d, 0x2f, 0xfd, 0xd6, 0xe6,
    0xaa, 0xab, 0xfe, 0x9f, 0xba, 0xed, 0xaf, 0x7f, 0x5a, 0x5c, 0xf5, 0xff, 0xd6, 0x2d, 0x2f, 0xfd,
    0xd6, 0xe6, 0xaa, 0xab, 0xfe, 0x9f, 0xba, 0xed, 0xaf, 0x7f, 0x5a, 0xfc, 0xff, 0x85, 0xf8, 0x7f,
    0xee, 0x96, 0x97, 0x7e, 0x6b, 0x73, 0xd5, 0x55, 0xff, 0x4f, 0xdd, 0xf6, 0xd7, 0x3f, 0x2d, 0xae,
    0xfa, 0x7f, 0xeb, 0x96, 0x97, 0x7e, 0x6b, 0x73, 0xd5, 0x55, 0xff, 0x4f, 0xdd, 0xf6, 0xd7, 0x3f,
    0x2d, 0xfe, 0xff, 0x42, 0xfc, 0x3f, 0x77, 0xcb, 0x4b, 0xbf, 0xb5, 0xb9, 0xea, 0xaa, 0xff, 0xa7,
    0x6e, 0xfb, 0xeb, 0x9f, 0x16, 0x57, 0xfd, 0xbf, 0x75, 0xcb, 0x4b, 0xbf, 0xb5, 0xb9, 0xea, 0xaa,
    0xff, 0xa7, 0x6e, 0xfb, 0xeb, 0x9f, 0x16, 0xff, 0x7f, 0x21, 0xfe, 0x9f, 0xbb, 0xe5, 0xa5, 0xdf,
    0xda, 0x5c, 0x75, 0xd5, 0xff, 0x53, 0xb7, 0xfd, 0xf5, 0x4f, 0x8b, 0xab, 0xfe, 0xdf, 0xba, 0xe5,
    0xa5, 0xdf, 0xda, 0x5c, 0x75, 0xd5, 0xff, 0x53, 0xb7, 0xfd, 0xf5, 0x4f, 0x8b, 0xff, 0xbf, 0x10,
    0xff, 0xcf, 0xdd, 0xf2, 0xd2, 0x6f, 0x6d, 0xae, 0xba, 0xea, 0xff, 0xa9, 0xdb, 0xfe, 0xfa, 0xa7,
    0xc5, 0x55, 0xff, 0x6f, 0xdd, 0xf2, 0xd2, 0x6f, 0x6d, 0xae, 0xba, 0xea, 0xff, 0xa9, 0xdb, 0xfe,
    0xfa, 0xa7, 0xc5, 0xff, 0x5f, 0x88, 0xff, 0xe7, 0x6e, 0x79, 0xe9, 0xb7, 0x36, 0x57, 0x5d, 0xf5,
    0xff, 0xd4, 0x6d, 0x7f, 0xfd, 0xd3, 0xe2, 0xaa, 0xff, 0xb7, 0x6e, 0x79, 0xe9, 0xb7, 0x36, 0x57,
    0x5d, 0xf5, 0xff, 0xd4, 0x6d, 0x7f, 0xfd, 0xd3, 0xe2, 0xff, 0x2f, 0xc4, 0xff, 0x73, 0xb7, 0xbc,
    0xf4, 0x5b, 0x9b, 0xab, 0xae, 0xfa, 0x7f, 0xea, 0xb6, 0xbf, 0xfe, 0x69, 0x71, 0xd5, 0xff, 0x5b,
    0xb7, 0xbc, 0xf4, 0x5b, 0x9b, 0xab, 0xae, 0xfa, 0x7f, 0xea, 0xb6, 0xbf, 0xfe, 0x69, 0xf1, 0xff,
    0x17, 0xe2, 0xff, 0xb9, 0x5b, 0x5e, 0xfa, 0xad, 0xcd, 0x55, 0x57, 0xfd, 0x3f, 0x75, 0xdb, 0x5f,
    0xff, 0xb4, 0xb8, 0xea, 0xff, 0xad, 0x5b, 0x5e, 0xfa, 0xad, 0xcd, 0x55, 0x57, 0xfd, 0x3f, 0x75,
    0xdb, 0x5f, 0xff, 0xb4, 0xf8, 0xff, 0x0b, 0xf1, 0xff, 0xdc, 0x2d, 0x2f, 0xfd, 0xd6, 0xe6, 0xaa,
    0xab, 0xfe, 0x9f, 0xba, 0xed, 0xaf, 0x7f, 0x5a, 0x5c, 0xf5, 0xff, 0xd6, 0x2d, 0x2f, 0xfd, 0xd6,
    0xe6, 0xaa, 0xab, 0xfe, 0x9f, 0xba, 0xed, 0xaf, 0x7f, 0x5a, 0xfc, 0xff, 0x85, 0xf8, 0x7f, 0xee,
    0x96, 0x97, 0x7e, 0x6b, 0x73, 0xd5, 0x55, 0xff, 0x4f, 0xdd, 0xf6, 0xd7, 0x3f, 0x2d, 0xae, 0xfa,
    0x7f, 0xeb, 0x96, 0x97, 0x7e, 0x6b, 0x73, 0xd5, 0x55, 0xff, 0x4f, 0xdd, 0xf6, 0xd7, 0x3f, 0x2d,
    0xfe, 0xff, 0x42, 0xfc, 0x3f, 0x77, 0xcb, 0x4b, 0xbf, 0xb5, 0xb9, 0xea, 0xaa, 0xff, 0xa7, 0x6e,
    0xfb, 0xeb, 0x9f, 0x16, 0x57, 0xfd, 0xbf, 0x75, 0xcb, 0x4b, 0xbf, 0xb5, 0xb9, 0xea, 0xaa, 0xff,
    0xa7, 0x6e, 0xfb, 0xeb, 0x9f, 0x16, 0xff, 0x7f, 0x21, 0xfe, 0x9f, 0xbb, 0xe5, 0xa5, 0xdf, 0xda,
    0x5c, 0x75, 0xd5, 0xff, 0x53, 0xb7, 0xfd, 0xf5, 0x4f, 0x8b, 0xab, 0xfe, 0xdf, 0xba, 0xe5, 0xa5,
    0xdf, 0xda, 0x5c, 0x75, 0xd5, 0xff, 0x53, 0xb7, 0xfd, 0xf5, 0x4f, 0x8b, 0xff, 0xbf, 0x10, 0xff,
    0xcf, 0xdd, 0xf2, 0xd2, 0x6f, 0x6d, 0xae, 0xba, 0xea, 0xff, 0xa9, 0xdb, 0xfe, 0xfa, 0xa7, 0xc5,
    0x55, 0xff, 0x6f, 0xdd, 0xf2, 0xd2, 0x6f, 0x6d, 0xae, 0xba, 0xea, 0xff, 0xa9, 0xdb, 0xfe, 0xfa,
    0xa7, 0xc5, 0xff, 0x5f, 0x88, 0xff, 0xe7, 0x6e, 0x79, 0xe9, 0xb7, 0x36, 0x57, 0x5d, 0xf5, 0xff,
    0xd4, 0x6d, 0x7f, 0xfd, 0xd3, 0xe2, 0xaa, 0xff, 0xb7, 0x6e, 0x79, 0xe9, 0xb7, 0x36, 0x57, 0x5d,
    0xf5, 0xff, 0xd4, 0x6d, 0x7f, 0xfd, 0xd3, 0xe2, 0xff, 0x2f, 0xc4, 0xff, 0x73, 0xb7, 0xbc, 0xf4,
    0x5b, 0x9b, 0xab, 0xae, 0xfa, 0x7f, 0xea, 0xb6, 0xbf, 0xfe, 0x69, 0x71, 0xd5, 0xff, 0x5b, 0xb7,
    0xbc, 0xf4, 0x5b, 0x9b, 0xab, 0xae, 0xfa, 0x7f, 0xea, 0xb6, 0xbf, 0xfe, 0x69, 0xf1, 0xff, 0x17,
    0xe2, 0xff, 0xb9, 0x5b, 0x5e, 0xfa, 0xad, 0xcd, 0x55, 0x57, 0xfd, 0x3f, 0x75, 0xdb, 0x5f, 0xff,
    0xb4, 0xb8, 0xea, 0xff, 0xad, 0x5b, 0x5e, 0xfa, 0xad, 0xcd, 0x55, 0x57, 0xfd, 0x3f, 0x75, 0xdb,
    0x5f, 0xff, 0xb4, 0xf8, 0xff, 0x0b, 0xf1, 0xff, 0xdc, 0x2d, 0x2f, 0xfd, 0xd6, 0xe6, 0xaa, 0xab,
    0xfe, 0x9f, 0xba, 0xed, 0xaf, 0x7f, 0x5a, 0x5c, 0xf5, 0xff, 0xd6, 0x2d, 0x2f, 0xfd, 0xd6, 0xe6,
    0xaa, 0xab, 0xfe, 0x9f, 0xba, 0xed, 0xaf, 0x7f, 0x5a, 0xfc, 0xff, 0x85, 0xf8, 0x7f, 0xee, 0x96,
    0x97, 0x7e, 0x6b, 0x73, 0xd5, 0x55, 0xff, 0x4f, 0xdd, 0xf6, 0xd7, 0x3f, 0x2d, 0xae, 0xfa, 0x7f,
    0xeb, 0x96, 0x97, 0x7e, 0x6b, 0x73, 0xd5, 0x55, 0xff, 0x4f, 0xdd, 0xf6, 0xd7, 0x3f, 0x2d, 0xfe,
    0xff, 0x42, 0xfc, 0x3f, 0x77, 0xcb, 0x4b, 0xbf, 0xb5, 0xb9, 0xea, 0xaa, 0xff, 0xa7, 0x6e, 0xfb,
    0xeb, 0x9f, 0x16, 0x57, 0xfd, 0xbf, 0x75, 0xcb, 0x4b, 0xbf, 0xb5, 0xb9, 0xea, 0xaa, 0xff, 0xa7,
    0x6e, 0xfb, 0xeb, 0x9f, 0x16, 0xff, 0x7f, 0x21, 0xfe, 0x9f, 0xbb, 0xe5, 0xa5, 0xdf, 0xda, 0x5c,
    0x75, 0xd5, 0xff, 0x53, 0xb7, 0xfd, 0xf5, 0x4f, 0x8b, 0xab, 0xfe, 0xdf, 0xba, 0xe5, 0xa5, 0xdf,
    0xda, 0x5c, 0x75, 0xd5, 0xff, 0x53, 0xb7, 0xfd, 0xf5, 0x4f, 0x8b, 0xff, 0xbf, 0x10, 0xff, 0xcf,
    0xdd, 0xf2, 0xd2, 0x6f, 0x6d, 0xae, 0xba, 0xea, 0xff, 0xa9, 0xdb, 0xfe, 0xfa, 0xa7, 0xc5, 0x55,
    0xff, 0x6f, 0xdd, 0xf2, 0xd2, 0x6f, 0x6d, 0xae, 0xba, 0xea, 0xff, 0xa9, 0xdb, 0xfe, 0xfa, 0xa7,
    0xc5, 0xff, 0x5f, 0x88, 0xff, 0xe7, 0x6e, 0x79, 0xe9, 0xb7, 0x36, 0x57, 0x5d, 0xf5, 0xff, 0xd4,
    0x6d, 0x7f, 0xfd, 0xd3, 0xe2, 0xaa, 0xff, 0xb7, 0x6e, 0x79, 0xe9, 0xb7, 0x36, 0x57, 0x5d, 0xf5,
    0xff, 0xd4, 0x6d, 0x7f, 0xfd, 0xd3, 0xe2, 0xff, 0x2f, 0xc4, 0xff, 0x73, 0xb7, 0xbc, 0xf4, 0x5b,
    0x9b, 0xab, 0xae, 0xfa, 0x7f, 0xea, 0xb6, 0xbf, 0xfe, 0x69, 0x71, 0xd5, 0xff, 0x5b, 0xb7, 0xbc,
    0xf4, 0x5b, 0x9b, 0xab, 0xae, 0xfa, 0x7f, 0xea, 0xb6, 0xbf, 0xfe, 0x69, 0xf1, 0xff, 0x17, 0xe2,
    0xff, 0xb9, 0x5b, 0x5e, 0xfa, 0xad, 0xcd, 0x55, 0x57, 0xfd, 0x3f, 0x75, 0xdb, 0x5f, 0xff, 0xb4,
    0xb8, 0xea, 0xff, 0xad, 0x5b, 0x5e, 0xfa, 0xad, 0xcd, 0x55, 0x57, 0xfd, 0x3f, 0x75, 0xdb, 0x5f,
    0xff, 0xb4, 0xf8, 0xff, 0x0b, 0xf1, 0xff, 0xdc, 0x2d, 0x2f, 0xfd, 0xd6, 0xe6, 0xaa, 0xab, 0xfe,
    0x9f, 0xba, 0xed, 0xaf, 0x7f, 0x5a, 0x5c, 0xf5, 0xff, 0xd6, 0x2d, 0x2f, 0xfd, 0xd6, 0xe6, 0xaa,
    0xab, 0xfe, 0x9f, 0xba, 0xed, 0xaf, 0x7f, 0x5a, 0xfc, 0xff, 0x85, 0xf8, 0x7f, 0xee, 0x96, 0x97,
    0x7e, 0x6b, 0x73, 0xd5, 0x55, 0xff, 0x4f, 0xdd, 0xf6, 0xd7, 0x3f, 0x2d, 0xae, 0xfa, 0x7f, 0xeb,
    0x96, 0x97, 0x7e, 0x6b, 0x73, 0xd5, 0x55, 0xff, 0x4f, 0xdd, 0xf6, 0xd7, 0x3f, 0x2d, 0xfe, 0xff,
    0x42, 0xfc, 0x3f, 0x77, 0xcb, 0x4b, 0xbf, 0xb5, 0xb9, 0xea, 0xaa, 0xff, 0xa7, 0x6e, 0xfb, 0xeb,
    0x9f, 0x16, 0x57, 0xfd, 0xbf, 0x75, 0xcb, 0x4b, 0xbf, 0xb5, 0xb9, 0xea, 0xaa, 0xff, 0xa7, 0x6e,
    0xfb, 0xeb, 0x9f, 0x16, 0xff, 0x7f, 0x21, 0xfe, 0x9f, 0xbb, 0xe5, 0xa5, 0xdf, 0xda, 0x5c, 0x75,
    0xd5, 0xff, 0x53, 0xb7, 0xfd, 0xf5, 0x4f, 0x8b, 0xab, 0xfe, 0xdf, 0xba, 0xe5, 0xa5, 0xdf, 0xda,
    0x5c, 0x75, 0xd5, 0xff, 0x53, 0xb7, 0xfd, 0xf5, 0x4f, 0x8b, 0xff, 0xbf, 0x10, 0xff, 0xcf, 0xdd,
    0xf2, 0xd2, 0x6f, 0x6d, 0xae, 0xba, 0xea, 0xff, 0xa9, 0xdb, 0xfe, 0xfa, 0xa7, 0xc5, 0x55, 0xff,
    0x6f, 0xdd, 0xf2, 0xd2, 0x6f, 0x6d, 0xae, 0xba, 0xea, 0xff, 0xa9, 0xdb, 0xfe, 0xfa, 0xa7, 0xc5,
    0xff, 0x5f, 0x88, 0xff, 0xe7, 0x6e, 0x79, 0xe9, 0xb7, 0x36, 0x57, 0x5d, 0xf5, 0xff, 0xd4, 0x6d,
    0x7f, 0xfd, 0xd3, 0xe2, 0xaa, 0xff, 0xb7, 0x6e, 0x79, 0xe9, 0xb7, 0x36, 0x57, 0x5d, 0xf5, 0xff,
    0xd4, 0x6d, 0x7f, 0xfd, 0xd3, 0xe2, 0xff, 0x2f, 0xc4, 0xff, 0x73, 0xb7, 0xbc, 0xf4, 0x5b, 0x9b,
    0xab, 0xae, 0xfa, 0x7f, 0xea, 0xb6, 0xbf, 0xfe, 0x69, 0x71, 0xd5, 0xff, 0x5b, 0xb7, 0xbc, 0xf4,
    0x5b, 0x9b, 0xab, 0xae, 0xfa, 0x7f, 0xea, 0xb6, 0xbf, 0xfe, 0x69, 0xf1, 0xff, 0x17, 0xe2, 0xff,
    0xb9, 0x5b, 0x5e, 0xfa, 0xad, 0xcd, 0x55, 0x57, 0xfd, 0x3f, 0x75, 0xdb, 0x5f, 0xff, 0xb4, 0xb8,
    0xea, 0xff, 0xad, 0x5b, 0x5e, 0xfa, 0xad, 0xcd, 0x55, 0x57, 0xfd, 0x3f, 0x75, 0xdb, 0x5f, 0xff,
    0xb4, 0xf8, 0xff, 0x0b, 0xf1, 0xff, 0xdc, 0x2d, 0x2f, 0xfd, 0xd6, 0xe6, 0xaa, 0xab, 0xfe, 0x9f,
    0xba, 0xed, 0xaf, 0x7f, 0x5a, 0x5c, 0xf5, 0xff, 0xd6, 0x2d, 0x2f, 0xfd, 0xd6, 0xe6, 0xaa, 0xab,
    0xfe, 0x9f, 0xba, 0xed, 0xaf, 0x7f, 0x5a, 0xfc, 0xff, 0x85, 0xf8, 0x7f, 0xee, 0x96, 0x97, 0x7e,
    0x6b, 0x73, 0xd5, 0x55, 0xff, 0x4f, 0xdd, 0xf6, 0xd7, 0x3f, 0x2d, 0xae, 0xfa, 0x7f, 0xeb, 0x96,
    0x97, 0x7e, 0x6b, 0x73, 0xd5, 0x55, 0xff, 0x4f, 0xdd, 0xf6, 0xd7, 0x3f, 0x2d, 0xfe, 0xff, 0x42,
    0xfc, 0x3f, 0x77, 0xcb, 0x4b, 0xbf, 0xb5, 0xb9, 0xea, 0xaa, 0xff, 0xa7, 0x6e, 0xfb, 0xeb, 0x9f,
    0x16, 0x57, 0xfd, 0xbf, 0x75, 0xcb, 0x4b, 0xbf, 0xb5, 0xb9, 0xea, 0xaa, 0xff, 0xa7, 0x6e, 0xfb,
    0xeb, 0x9f, 0x16, 0xff, 0x7f, 0x21, 0xfe, 0x9f, 0xbb, 0xe5, 0xa5, 0xdf, 0xda, 0x5c, 0x75, 0xd5,
    0xff, 0x53, 0xb7, 0xfd, 0xf5, 0x4f, 0x8b, 0xab, 0xfe, 0xdf, 0xba, 0xe5, 0xa5, 0xdf, 0xda, 0x5c,
    0x75, 0xd5, 0xff, 0x53, 0xb7, 0xfd, 0xf5, 0x4f, 0x8b, 0xff, 0xbf, 0x10, 0xff, 0xcf, 0xdd, 0xf2,
    0xd2, 0x6f, 0x6d, 0xae, 0xba, 0xea, 0xff, 0xa9, 0xdb, 0xfe, 0xfa, 0xa7, 0xc5, 0x55, 0xff, 0x6f,
    0xdd, 0xf2, 0xd2, 0x6f, 0x6d, 0xae, 0xba, 0xea, 0xff, 0xa9, 0xdb, 0xfe, 0xfa, 0xa7, 0xc5, 0xff,
    0x5f, 0x88, 0xff, 0xe7, 0x6e, 0x79, 0xe9, 0xb7, 0x36, 0x57, 0x5d, 0xf5, 0xff, 0xd4, 0x6d, 0x7f,
    0xfd, 0xd3, 0xe2, 0xaa, 0xff, 0xb7, 0x6e, 0x79, 0xe9, 0xb7, 0x36, 0x57, 0x5d, 0xf5, 0xff, 0xd4,
    0x6d, 0x7f, 0xfd, 0xd3, 0xe2, 0xff, 0x2f, 0xc4, 0xff, 0x73, 0xb7, 0xbc, 0xf4, 0x5b, 0x9b, 0xab,
    0xae, 0xfa, 0x7f, 0xea, 0xb6, 0xbf, 0xfe, 0x69, 0x71, 0xd5, 0xff, 0x5b, 0xb7, 0xbc, 0xf4, 0x5b,
    0x9b, 0xab, 0xae, 0xfa, 0x7f, 0xea, 0xb6, 0xbf, 0xfe, 0x69, 0xf1, 0xff, 0x17, 0xe2, 0xff, 0xb9,
    0x5b, 0x5e, 0xfa, 0xad, 0xcd, 0x55, 0x57, 0xfd, 0x3f, 0x75, 0xdb, 0x5f, 0xff, 0xb4, 0xb8, 0xea,
    0xff, 0xad, 0x5b, 0x5e, 0xfa, 0xad, 0xcd, 0x55, 0x57, 0xfd, 0x3f, 0x75, 0xdb, 0x5f, 0xff, 0xb4,
    0xf8, 0xff, 0x0b, 0xf1, 0xff, 0xdc, 0x2d, 0x2f, 0xfd, 0xd6, 0xe6, 0xaa, 0xab, 0xfe, 0x9f, 0xba,
    0xed, 0xaf, 0x7f, 0x5a, 0x5c, 0xf5, 0xff, 0xd6, 0x2d, 0x2f, 0xfd, 0xd6, 0xe6, 0xaa, 0xab, 0xfe,
    0x9f, 0xba, 0xed, 0xaf, 0x7f, 0x5a, 0xfc, 0xff, 0x85, 0xf8, 0x7f, 0xee, 0x96, 0x97, 0x7e, 0x6b,
    0x73, 0xd5, 0x55, 0xff, 0x4f, 0xdd, 0xf6, 0xd7, 0x3f, 0x2d, 0xae, 0xfa, 0x7f, 0xeb, 0x96, 0x97,
    0x7e, 0x6b, 0x73, 0xd5, 0x55, 0xff, 0x4f, 0xdd, 0xf6, 0xd7, 0x3f, 0x2d, 0xfe, 0xff, 0x42, 0xfc,
    0x3f, 0x77, 0xcb, 0x4b, 0xbf, 0xb5, 0xb9, 0xea, 0xaa, 0xff, 0xa7, 0x6e, 0xfb, 0xeb, 0x9f, 0x16,
    0x57, 0xfd, 0xbf, 0x75, 0xcb, 0x4b, 0xbf, 0xb5, 0xb9, 0xea, 0xaa, 0xff, 0xa7, 0x6e, 0xfb, 0xeb,
    0x9f, 0x16, 0xff, 0x7f, 0x21, 0xfe, 0x9f, 0xbb, 0xe5, 0xa5, 0xdf, 0xda, 0x5c, 0x75, 0xd5, 0xff,
    0x53, 0xb7, 0xfd, 0xf5, 0x4f, 0x8b, 0xab, 0xfe, 0xdf, 0xba, 0xe5, 0xa5, 0xdf, 0xda, 0x5c, 0x75,
    0xd5, 0xff, 0x53, 0xb7, 0xfd, 0xf5, 0x4f, 0x8b, 0xff, 0xbf, 0x10, 0xff, 0xcf, 0xdd, 0xf2, 0xd2,
    0x6f, 0x6d, 0xae, 0xba, 0xea, 0xff, 0xa9, 0xdb, 0xfe, 0xfa, 0xa7, 0xc5, 0x55, 0xff, 0x6f, 0xdd,
    0xf2, 0xd2, 0x6f, 0x6d, 0xae, 0xba, 0xea, 0xff, 0xa9, 0xdb, 0xfe, 0xfa, 0xa7, 0xc5, 0xff, 0x5f,
    0x88, 0xff, 0xe7, 0x6e, 0x79, 0xe9, 0xb7, 0x36, 0x57, 0x5d, 0xf5, 0xff, 0xd4, 0x6d, 0x7f, 0xfd,
    0xd3, 0xe2, 0xaa, 0xff, 0xb7, 0x6e, 0x79, 0xe9, 0xb7, 0x36, 0x57, 0x5d, 0xf5, 0xff, 0xd4, 0x6d,
    0x7f, 0xfd, 0xd3, 0xe2, 0xff, 0x2f, 0xc4, 0xff, 0x73, 0xb7, 0xbc, 0xf4, 0x5b, 0x9b, 0xab, 0xae,
    0xfa, 0x7f, 0xea, 0xb6, 0xbf, 0xfe, 0x69, 0x71, 0xd5, 0xff, 0x5b, 0xb7, 0xbc, 0xf4, 0x5b, 0x9b,
    0xab, 0xae, 0xfa, 0x7f, 0xea, 0xb6, 0xbf, 0xfe, 0x69, 0xf1, 0xff, 0x17, 0xe2, 0xff, 0xb9, 0x5b,
    0x5e, 0xfa, 0xad, 0xcd, 0x55, 0x57, 0xfd, 0x3f, 0x75, 0xdb, 0x5f, 0xff, 0xb4, 0xb8, 0xea, 0xff,
    0xad, 0x5b, 0x5e, 0xfa, 0xad, 0xcd, 0x55, 0x57, 0xfd, 0x3f, 0x75, 0xdb, 0x5f, 0xff, 0xb4, 0xf8,
    0xff, 0x0b, 0xf1, 0xff, 0xdc, 0x2d, 0x2f, 0xfd, 0xd6, 0xe6, 0xaa, 0xab, 0xfe, 0x9f, 0xba, 0xed,
    0xaf, 0x7f, 0x5a, 0x5c, 0xf5, 0xff, 0xd6, 0x2d, 0x2f, 0xfd, 0xd6, 0xe6, 0xaa, 0xab, 0xfe, 0x9f,
    0xba, 0xed, 0xaf, 0x7f, 0x5a, 0xfc, 0xff, 0x85, 0xf8, 0x7f, 0xee, 0x96, 0x97, 0x7e, 0x6b, 0x73,
    0xd5, 0x55, 0xff, 0x4f, 0xdd, 0xf6, 0xd7, 0x3f, 0x2d, 0xae, 0xfa, 0x7f, 0xeb, 0x96, 0x97, 0x7e,
    0x6b, 0x73, 0xd5, 0x55, 0xff, 0x4f, 0xdd, 0xf6, 0xd7, 0x3f, 0x2d, 0xfe, 0xff, 0x42, 0xfc, 0x3f,
    0x77, 0xcb, 0x4b, 0xbf, 0xb5, 0xb9, 0xea, 0xaa, 0xff, 0xa7, 0x6e, 0xfb, 0xeb, 0x9f, 0x16, 0x57,
    0xfd, 0xbf, 0x75, 0xcb, 0x4b, 0xbf, 0xb5, 0xb9, 0xea, 0xaa, 0xff, 0xa7, 0x6e, 0xfb, 0xeb, 0x9f,
    0x16, 0xff, 0x7f, 0x21, 0xfe, 0x9f, 0xbb, 0xe5, 0xa5, 0xdf, 0xda, 0x5c, 0x75, 0xd5, 0xff, 0x53,
    0xb7, 0xfd, 0xf5, 0x4f, 0x8b, 0xab, 0xfe, 0xdf, 0xba, 0xe5, 0xa5, 0xdf, 0xda, 0x5c, 0x75, 0xd5,
    0xff, 0x53, 0xb7, 0xfd, 0xf5, 0x4f, 0x8b, 0xff, 0xbf, 0x10, 0xff, 0xcf, 0xdd, 0xf2, 0xd2, 0x6f,
    0x6d, 0xae, 0xba, 0xea, 0xff, 0xa9, 0xdb, 0xfe, 0xfa, 0xa7, 0xc5, 0x55, 0xff, 0x6f, 0xdd, 0xf2,
    0xd2, 0x6f, 0x6d, 0xae, 0xba, 0xea, 0xff, 0xa9, 0xdb, 0xfe, 0xfa, 0xa7, 0xc5, 0xff, 0x5f, 0x88,
    0xff, 0xe7, 0x6e, 0x79, 0xe9, 0xb7, 0x36, 0x57, 0x5d, 0xf5, 0xff, 0xd4, 0x6d, 0x7f, 0xfd, 0xd3,
    0xe2, 0xaa, 0xff, 0xb7, 0x6e, 0x79, 0xe9, 0xb7, 0x36, 0x57, 0x5d, 0xf5, 0xff, 0xd4, 0x6d, 0x7f,
    0xfd, 0xd3, 0xe2, 0xff, 0x2f, 0xc4, 0xff, 0x73, 0xb7, 0xbc, 0xf4, 0x5b, 0x9b, 0xab, 0xae, 0xfa,
    0x7f, 0xea, 0xb6, 0xbf, 0xfe, 0x69, 0x71, 0xd5, 0xff, 0x5b, 0xb7, 0xbc, 0xf4, 0x5b, 0x9b, 0xab,
    0xae, 0xfa, 0x7f, 0xea, 0xb6, 0xbf, 0xfe, 0x69, 0xf1, 0xff, 0x17, 0xe2, 0xff, 0xb9, 0x5b, 0x5e,
    0xfa, 0xad, 0xcd, 0x55, 0x57, 0xfd, 0x3f, 0x75, 0xdb, 0x5f, 0xff, 0xb4, 0xb8, 0xea, 0xff, 0xad,
    0x5b, 0x5e, 0xfa, 0xad, 0xcd, 0x55, 0x57, 0xfd, 0x3f, 0x75, 0xdb, 0x5f, 0xff, 0xb4, 0xf8, 0xff,
    0x0b, 0xf1, 0xff, 0xdc, 0x2d, 0x2f, 0xfd, 0xd6, 0xe6, 0xaa, 0xab, 0xfe, 0x9f, 0xba, 0xed, 0xaf,
    0x7f, 0x5a, 0x5c, 0xf5, 0xff, 0xd6, 0x2d, 0x2f, 0xfd, 0xd6, 0xe6, 0xaa, 0xab, 0xfe, 0x9f, 0xba,
    0xed, 0xaf, 0x7f, 0x5a, 0xfc, 0xff, 0x85, 0xf8, 0x7f, 0xee, 0x96, 0x97, 0x7e, 0x6b, 0x73, 0xd5,
    0x55, 0xff, 0x4f, 0xdd, 0xf6, 0xd7, 0x3f, 0x2d, 0xae, 0xfa, 0x7f, 0xeb, 0x96, 0x97, 0x7e, 0x6b,
    0x73, 0xd5, 0x55, 0xff, 0x4f, 0xdd, 0xf6, 0xd7, 0x3f, 0x2d, 0xfe, 0xff, 0x42, 0xfc, 0x3f, 0x77,
    0xcb, 0x4b, 0xbf, 0xb5, 0xb9, 0xea, 0xaa, 0xff, 0xa7, 0x6e, 0xfb, 0xeb, 0x9f, 0x16, 0x57, 0xfd,
    0xbf, 0x75, 0xcb, 0x4b, 0xbf, 0xb5, 0xb9, 0xea, 0xaa, 0xff, 0xa7, 0x6e, 0xfb, 0xeb, 0x9f, 0x16,
    0xff, 0x7f, 0x21, 0xfe, 0x9f, 0xbb, 0xe5, 0xa5, 0xdf, 0xda, 0x5c, 0x75, 0xd5, 0xff, 0x53, 0xb7,
    0xfd, 0xf5, 0x4f, 0x8b, 0xab, 0xfe, 0xdf, 0xba, 0xe5, 0xa5, 0xdf, 0xda, 0x5c, 0x75, 0xd5, 0xff,
    0x53, 0xb7, 0xfd, 0xf5, 0x4f, 0x8b, 0xff, 0xbf, 0x10, 0xff, 0xcf, 0xdd, 0xf2, 0xd2, 0x6f, 0x6d,
    0xae, 0xba, 0xea, 0xff, 0xa9, 0xdb, 0xfe, 0xfa, 0xa7, 0xc5, 0x55, 0xff, 0x6f, 0xdd, 0xf2, 0xd2,
    0x6f, 0x6d, 0xae, 0xba, 0xea, 0xff, 0xa9, 0xdb, 0xfe, 0xfa, 0xa7, 0xc5, 0xff, 0x5f, 0x88, 0xff,
    0xe7, 0x6e, 0x79, 0xe9, 0xb7, 0x36, 0x57, 0x5d, 0xf5, 0xff, 0xd4, 0x6d, 0x7f, 0xfd, 0xd3, 0xe2,
    0xaa, 0xff, 0xb7, 0x6e, 0x79, 0xe9, 0xb7, 0x36, 0x57, 0x5d, 0xf5, 0xff, 0xd4, 0x6d, 0x7f, 0xfd,
    0xd3, 0xe2, 0xff, 0x2f, 0xc4, 0xff, 0x73, 0xb7, 0xbc, 0xf4, 0x5b, 0x9b, 0xab, 0xae, 0xfa, 0x7f,
    0xea, 0xb6, 0xbf, 0xfe, 0x69, 0x71, 0xd5, 0xff, 0x5b, 0xb7, 0xbc, 0xf4, 0x5b, 0x9b, 0xab, 0xae,
    0xfa, 0x7f, 0xea, 0xb6, 0xbf, 0xfe, 0x69, 0xf1, 0xff, 0x17, 0xe2, 0xff, 0xb9, 0x5b, 0x5e, 0xfa,
    0xad, 0xcd, 0x55, 0x57, 0xfd, 0x3f, 0x75, 0xdb, 0x5f, 0xff, 0xb4, 0xb8, 0xea, 0xff, 0xad, 0x5b,
    0x5e, 0xfa, 0xad, 0xcd, 0x55, 0x57, 0xfd, 0x3f, 0x75, 0xdb, 0x5f, 0xff, 0xb4, 0xf8, 0xff, 0x0b,
    0xf1, 0xff, 0xdc, 0x2d, 0x2f, 0xfd, 0xd6, 0xe6, 0xaa, 0xab, 0xfe, 0x9f, 0xba, 0xed, 0xaf, 0x7f,
    0x5a, 0x5c, 0xf5, 0xff, 0xd6, 0x2d, 0x2f, 0xfd, 0xd6, 0xe6, 0xaa, 0xab, 0xfe, 0x9f, 0xba, 0xed,
    0xaf, 0x7f, 0x5a, 0xfc, 0xff, 0x85, 0xf8, 0x7f, 0xee, 0x96, 0x97, 0x7e, 0x6b, 0x73, 0xd5, 0x55,
    0xff, 0x4f, 0xdd, 0xf6, 0xd7, 0x3f, 0x2d, 0xae, 0xfa, 0x7f, 0xeb, 0x96, 0x97, 0x7e, 0x6b, 0x73,
    0xd5, 0x55, 0xff, 0x4f, 0xdd, 0xf6, 0xd7, 0x3f, 0x2d, 0xfe, 0xff, 0x42, 0xfc, 0x3f, 0x77, 0xcb,
    0x4b, 0xbf, 0xb5, 0xb9, 0xea, 0xaa, 0xff, 0xa7, 0x6e, 0xfb, 0xeb, 0x9f, 0x16, 0x57, 0xfd, 0xbf,
    0x75, 0xcb, 0x4b, 0xbf, 0xb5, 0xb9, 0xea, 0xaa, 0xff, 0xa7, 0x6e, 0xfb, 0xeb, 0x9f, 0x16, 0xff,
    0x7f, 0x21, 0xfe, 0x9f, 0xbb, 0xe5, 0xa5, 0xdf, 0xda, 0x5c, 0x75, 0xd5, 0xff, 0x53, 0xb7, 0xfd,
    0xf5, 0x4f, 0x8b, 0xab, 0xfe, 0xdf, 0xba, 0xe5, 0xa5, 0xdf, 0xda, 0x5c, 0x75, 0xd5, 0xff, 0x53,
    0xb7, 0xfd, 0xf5, 0x4f, 0x8b, 0xff, 0xbf, 0x10, 0xff, 0xcf, 0xdd, 0xf2, 0xd2, 0x6f, 0x6d, 0xae,
    0xba, 0xea, 0xff, 0xa9, 0xdb, 0xfe, 0xfa, 0xa7, 0xc5, 0x55, 0xff, 0x6f, 0xdd, 0xf2, 0xd2, 0x6f,
    0x6d, 0xae, 0xba, 0xea, 0xff, 0xa9, 0xdb, 0xfe, 0xfa, 0xa7, 0xc5, 0xff, 0x5f, 0x88, 0xff, 0xe7,
    0x6e, 0x79, 0xe9, 0xb7, 0x36, 0x57, 0x5d, 0xf5, 0xff, 0xd4, 0x6d, 0x7f, 0xfd, 0xd3, 0xe2, 0xaa,
    0xff, 0xb7, 0x6e, 0x79, 0xe9, 0xb7, 0x36, 0x57, 0x5d, 0xf5, 0xff, 0xd4, 0x6d, 0x7f, 0xfd, 0xd3,
    0xe2, 0xff, 0x2f, 0xc4, 0xff, 0x73, 0xb7, 0xbc, 0xf4, 0x5b, 0x9b, 0xab, 0xae, 0xfa, 0x7f, 0xea,
    0xb6, 0xbf, 0xfe, 0x69, 0x71, 0xd5, 0xff, 0x5b, 0xb7, 0xbc, 0xf4, 0x5b, 0x9b, 0xab, 0xae, 0xfa,
    0x7f, 0xea, 0xb6, 0xbf, 0xfe, 0x69, 0xf1, 0xff, 0x17, 0xe2, 0xff, 0xb9, 0x5b, 0x5e, 0xfa, 0xad,
    0xcd, 0x55, 0x57, 0xfd, 0x3f, 0x75, 0xdb, 0x5f, 0xff, 0xb4, 0xb8, 0xea, 0xff, 0xad, 0x5b, 0x5e,
    0xfa, 0xad, 0xcd, 0x55, 0x57, 0xfd, 0x3f, 0x75, 0xdb, 0x5f, 0xff, 0xb4, 0xf8, 0xff, 0x0b, 0xf1,
    0xff, 0xdc, 0x2d, 0x2f, 0xfd, 0xd6, 0xe6, 0xaa, 0xab, 0xfe, 0x9f, 0xba, 0xed, 0xaf, 0x7f, 0x5a,
    0x5c, 0xf5, 0xff, 0xd6, 0x2d, 0x2f, 0xfd, 0xd6, 0xe6, 0xaa, 0xab, 0xfe, 0x9f, 0xba, 0xed, 0xaf,
    0x7f, 0x5a, 0xfc, 0xff, 0x85, 0xf8, 0x7f, 0xee, 0x96, 0x97, 0x7e, 0x6b, 0x73, 0xd5, 0x55, 0xff,
    0x4f, 0xdd, 0xf6, 0xd7, 0x3f, 0x2d, 0xae, 0xfa, 0x7f, 0xeb, 0x96, 0x97, 0x7e, 0x6b, 0x73, 0xd5,
    0x55, 0xff, 0x4f, 0xdd, 0xf6, 0xd7, 0x3f, 0x2d, 0xfe, 0xff, 0x42, 0xfc, 0x3f, 0x77, 0xcb, 0x4b,
    0xbf, 0xb5, 0xb9, 0xea, 0xaa, 0xff, 0xa7, 0x6e, 0xfb, 0xeb, 0x9f, 0x16, 0x57, 0xfd, 0xbf, 0x75,
    0xcb, 0x4b, 0xbf, 0xb5, 0xb9, 0xea, 0xaa, 0xff, 0xa7, 0x6e, 0xfb, 0xeb, 0x9f, 0x16, 0xff, 0x7f,
    0x21, 0xfe, 0x9f, 0xbb, 0xe5, 0xa5, 0xdf, 0xda, 0x5c, 0x75, 0xd5, 0xff, 0x53, 0xb7, 0xfd, 0xf5,
    0x4f, 0x8b, 0xab, 0xfe, 0xdf, 0xba, 0xe5, 0xa5, 0xdf, 0xda, 0x5c, 0x75, 0xd5, 0xff, 0x53, 0xb7,
    0xfd, 0xf5, 0x4f, 0x8b, 0xff, 0xbf, 0x10, 0xff, 0xcf, 0xdd, 0xf2, 0xd2, 0x6f, 0x6d, 0xae, 0xba,
    0xea, 0xff, 0xa9, 0xdb, 0xfe, 0xfa, 0xa7, 0xc5, 0x55, 0xff, 0x6f, 0xdd, 0xf2, 0xd2, 0x6f, 0x6d,
    0xae, 0xba, 0xea, 0xff, 0xa9, 0xdb, 0xfe, 0xfa, 0xa7, 0xc5, 0xff, 0x5f, 0x88, 0xff, 0xe7, 0x6e,
    0x79, 0xe9, 0xb7, 0x36, 0x57, 0x5d, 0xf5, 0xff, 0xd4, 0x6d, 0x7f, 0xfd, 0xd3, 0xe2, 0xaa, 0xff,
    0xb7, 0x6e, 0x79, 0xe9, 0xb7, 0x36, 0x57, 0x5d, 0xf5, 0xff, 0xd4, 0x6d, 0x7f, 0xfd, 0xd3, 0xe2,
    0xff, 0x2f, 0xc4, 0xff, 0x73, 0xb7, 0xbc, 0xf4, 0x5b, 0x9b, 0xab, 0xae, 0xfa, 0x7f, 0xea, 0xb6,
    0xbf, 0xfe, 0x69, 0x71, 0xd5, 0xff, 0x5b, 0xb7, 0xbc, 0xf4, 0x5b, 0x9b, 0xab, 0xae, 0xfa, 0x7f,
    0xea, 0xb6, 0xbf, 0xfe, 0x69, 0xf1, 0xff, 0x17, 0xe2, 0xff, 0xb9, 0x5b, 0x5e, 0xfa, 0xad, 0xcd,
    0x55, 0x57, 0xfd, 0x3f, 0x75, 0xdb, 0x5f, 0xff, 0xb4, 0xb8, 0xea, 0xff, 0xad, 0x5b, 0x5e, 0xfa,
    0xad, 0xcd, 0x55, 0x57, 0xfd, 0x3f, 0x75, 0xdb, 0x5f, 0xff, 0xb4, 0xf8, 0xff, 0x0b, 0xf1, 0xff,
    0xdc, 0x2d, 0x2f, 0xfd, 0xd6, 0xe6, 0xaa, 0xab, 0xfe, 0x9f, 0xba, 0xed, 0xaf, 0x7f, 0x5a, 0x5c,
    0xf5, 0xff, 0xd6, 0x2d, 0x2f, 0xfd, 0xd6, 0xe6, 0xaa, 0xab, 0xfe, 0x9f, 0xba, 0xed, 0xaf, 0x7f,
    0x5a, 0xfc, 0xff, 0x85, 0xf8, 0x7f, 0xee, 0x96, 0x97, 0x7e, 0x6b, 0x73, 0xd5, 0x55, 0xff, 0x4f,
    0xdd, 0xf6, 0xd7, 0x3f, 0x2d, 0xae, 0xfa, 0x7f, 0xeb, 0x96, 0x97, 0x7e, 0x6b, 0x73, 0xd5, 0x55,
    0xff, 0x4f, 0xdd, 0xf6, 0xd7, 0x3f, 0x2d, 0xfe, 0xff, 0x42, 0xfc, 0x3f, 0x77, 0xcb, 0x4b, 0xbf,
    0xb5, 0xb9, 0xea, 0xaa, 0xff, 0xa7, 0x6e, 0xfb, 0xeb, 0x9f, 0x16, 0x57, 0xfd, 0xbf, 0x75, 0xcb,
    0x4b, 0xbf, 0xb5, 0xb9, 0xea, 0xaa, 0xff, 0xa7, 0x6e, 0xfb, 0xeb, 0x9f, 0x16, 0xff, 0x7f, 0x21,
    0xfe, 0x9f, 0xbb, 0xe5, 0xa5, 0xdf, 0xda, 0x5c, 0x75, 0xd5, 0xff, 0x53, 0xb7, 0xfd, 0xf5, 0x4f,
    0x8b, 0xab, 0xfe, 0xdf, 0xba, 0xe5, 0xa5, 0xdf, 0xda, 0x5c, 0x75, 0xd5, 0xff, 0x53, 0xb7, 0xfd,
    0xf5, 0x4f, 0x8b, 0xff, 0xbf, 0x10, 0xff, 0xcf, 0xdd, 0xf2, 0xd2, 0x6f, 0x6d, 0xae, 0xba, 0xea,
    0xff, 0xa9, 0xdb, 0xfe, 0xfa, 0xa7, 0xc5, 0x55, 0xff, 0x6f, 0xdd, 0xf2, 0xd2, 0x6f, 0x6d, 0xae,
    0xba, 0xea, 0xff, 0xa9, 0xdb, 0xfe, 0xfa, 0xa7, 0xc5, 0xff, 0x5f, 0x88, 0xff, 0xe7, 0x6e, 0x79,
    0xe9, 0xb7, 0x36, 0x57, 0x5d, 0xf5, 0xff, 0xd4, 0x6d, 0x7f, 0xfd, 0xd3, 0xe2, 0xaa, 0xff, 0xb7,
    0x6e, 0x79, 0xe9, 0xb7, 0x36, 0x57, 0x5d, 0xf5, 0xff, 0xd4, 0x6d, 0x7f, 0xfd, 0xd3, 0xe2, 0xff,
    0x2f, 0xc4, 0xff, 0x73, 0xb7, 0xbc, 0xf4, 0x5b, 0x9b, 0xab, 0xae, 0xfa, 0x7f, 0x4a, 0xb0, 0x6b,
    0xf8, 0xe9, 0x40, 0x3f, 0x7d, 0xeb, 0x5f, 0xff, 0xd4, 0xcf, 0x70, 0xd5, 0xff, 0x2b, 0xb7, 0xbc,
    0xf4, 0x5b, 0x9b, 0xab, 0xae, 0xfa, 0x7f, 0xea, 0xb6, 0xbf, 0xfe, 0x69, 0xf1, 0xff, 0x17, 0xe2,
    0xff, 0xb9, 0x5b, 0x5e, 0xfa, 0xad, 0xcd, 0x55, 0x57, 0x5d, 0x85, 0x60, 0xd7, 0xf0, 0xd3, 0x81,
    0x7e, 0xfa, 0xd6, 0xbf, 0xfe, 0xa9, 0x9f, 0xe1, 0xaa, 0xff, 0xf3, 0x6e, 0x79, 0xe9, 0xb7, 0x36,
    0x57, 0x5d, 0xf5, 0xff, 0xd4, 0x6d, 0x7f, 0xfd, 0xd3, 0xe2, 0xff, 0x2f, 0xc4, 0xff, 0x73, 0xb7,
    0xbc, 0xf4, 0x5b, 0x9b, 0xab, 0xae, 0xba, 0xea, 0x39, 0x08, 0x76, 0x0d, 0x3f, 0x1d, 0xe8, 0xa7,
    0x6f, 0xfd, 0xeb, 0x9f, 0xfa, 0x19, 0xae, 0xfa, 0x3f, 0xe9, 0x96, 0x97, 0x7e, 0x6b, 0x73, 0xd5,
    0x55, 0xff, 0x4f, 0xdd, 0xf6, 0xd7, 0x3f, 0x2d, 0xfe, 0xff, 0x42, 0xfc, 0x3f, 0x77, 0xcb, 0x4b,
    0xbf, 0xb5, 0xb9, 0xea, 0xaa, 0xab, 0x5e, 0x20, 0xc1, 0xae, 0xe1, 0xa7, 0x03, 0xfd, 0xf4, 0xad,
    0x7f, 0xfd, 0x53, 0x3f, 0xc3, 0x55, 0xff, 0x67, 0xdc, 0xf2, 0xd2, 0x6f, 0x6d, 0xae, 0xba, 0xea,
    0xff, 0xa9, 0xdb, 0xfe, 0xfa, 0xa7, 0xc5, 0xff, 0x5f, 0x88, 0xff, 0xe7, 0x6e, 0x79, 0xe9, 0xb7,
    0x36, 0x57, 0x5d, 0x75, 0xd5, 0x8b, 0x44, 0xb0, 0x6b, 0xf8, 0xe9, 0x40, 0x3f, 0x7d, 0xeb, 0x5f,
    0xff, 0xd4, 0xcf, 0x70, 0xd5, 0xff, 0x6a, 0xb7, 0xbc, 0xf4, 0x5b, 0x9b, 0xab, 0xae, 0xfa, 0x7f,
    0xea, 0xb6, 0xbf, 0xfe, 0x69, 0xf1, 0xff, 0x17, 0xe2, 0xff, 0xb9, 0x5b, 0x5e, 0xfa, 0xad, 0xcd,
    0x55, 0x57, 0x5d, 0xf5, 0xaf, 0x26, 0xd8, 0x35, 0xfc, 0x74, 0xa0, 0x9f, 0xbe, 0xf5, 0xaf, 0x7f,
    0xea, 0x67, 0xb8, 0xea, 0x7f, 0x9d, 0x5b, 0x5e, 0xfa, 0xad, 0xcd, 0x55, 0x57, 0xfd, 0x3f, 0x75,
    0xdb, 0x5f, 0xff, 0xb4, 0xf8, 0xff, 0x0b, 0xf1, 0xff, 0xdc, 0x2d, 0x2f, 0xfd, 0xd6, 0xe6, 0xaa,
    0xab, 0xae, 0xfa, 0x77, 0x11, 0xec, 0x1a, 0x7e, 0x3a, 0xd0, 0x4f, 0xdf, 0xfa, 0xd7, 0x3f, 0xf5,
    0x33, 0x5c, 0xf5, 0xbf, 0xc2, 0x2d, 0x2f, 0xfd, 0xd6, 0xe6, 0xaa, 0xab, 0xfe, 0x9f, 0xba, 0xed,
    0xaf, 0x7f, 0x5a, 0xfc, 0xff, 0x85, 0xf8, 0x7f, 0xee, 0x96, 0x97, 0x7e, 0x6b, 0x73, 0xd5, 0x55,
    0x57, 0xfd, 0x87, 0x11, 0xec, 0x1a, 0x7e, 0x3a, 0xd0, 0x4f, 0xdf, 0xfa, 0xd7, 0x3f, 0xf5, 0x33,
    0x5c, 0xf5, 0x3f, 0xd6, 0x2d, 0x2f, 0xfd, 0xd6, 0xe6, 0xaa, 0xab, 0xfe, 0x9f, 0xba, 0xed, 0xaf,
    0x7f, 0x5a, 0xfc, 0xff, 0x85, 0xf8, 0x7f, 0xee, 0x96, 0x97, 0x7e, 0x6b, 0x73, 0xd5, 0x55, 0x57,
    0xfd, 0xa7, 0x10, 0xec, 0x1a, 0x7e, 0x3a, 0xd0, 0x4f, 0xdf, 0xfa, 0xd7, 0x3f, 0xf5, 0x33, 0x5c,
    0xf5, 0x3f, 0xca, 0x2d, 0x2f, 0xfd, 0xd6, 0xe6, 0xaa, 0xab, 0xfe, 0x9f, 0xba, 0xed, 0xaf, 0x7f,
    0x5a, 0xfc, 0xff, 0x85, 0xf8, 0x7f, 0xee, 0x96, 0x97, 0x7e, 0x6b, 0x73, 0xd5, 0x55, 0x57, 0xfd,
    0xa7, 0x13, 0xec, 0x1a, 0x7e, 0x3a, 0xd0, 0x4f, 0xdf, 0xfa, 0xd7, 0x3f, 0xf5, 0x33, 0x5c, 0xf5,
    0xdf, 0xee, 0x96, 0x97, 0x7e, 0x6b, 0x73, 0xd5, 0x55, 0xff, 0x4f, 0xdd, 0xf6, 0xd7, 0x3f, 0x2d,
    0xfe, 0xff, 0x42, 0xfc, 0x3f, 0x77, 0xcb, 0x4b, 0xbf, 0xb5, 0xb9, 0xea, 0xaa, 0xab, 0xfe, 0x4b,
    0x09, 0x76, 0x0d, 0x3f, 0x1d, 0xe8, 0xa7, 0x6f, 0xfd, 0xeb, 0x9f, 0xfa, 0x19, 0xae, 0xfa, 0x6f,
    0x71, 0xcb, 0x4b, 0xbf, 0xb5, 0xb9, 0xea, 0xaa, 0xff, 0xa7, 0x6e, 0xfb, 0xeb, 0x9f, 0x16, 0xff,
    0x7f, 0x21, 0xfe, 0x9f, 0xbb, 0xe5, 0xa5, 0xdf, 0xda, 0x5c, 0x75, 0xd5, 0x55, 0xff, 0x6d, 0x04,
    0xbb, 0x86, 0x9f, 0x0e, 0xf4, 0xd3, 0xb7, 0xfe, 0xf5, 0x4f, 0xfd, 0x0c, 0x57, 0xfd, 0x97, 0xb9,
    0xe5, 0xa5, 0xdf, 0xda, 0x5c, 0x75, 0xd5, 0xff, 0x53, 0xb7, 0xfd, 0xf5, 0x4f, 0x8b, 0xff, 0xbf,
    0x10, 0xff, 0xcf, 0xdd, 0xf2, 0xd2, 0x6f, 0x6d, 0xae, 0xba, 0xea, 0xaa, 0xff, 0x11, 0x04, 0xbb,
    0x86, 0x9f, 0x0e, 0xf4, 0xd3, 0xb7, 0xfe, 0xf5, 0x4f, 0xfd, 0x0c, 0x57, 0xfd, 0xa7, 0xba, 0xe5,
    0xa5, 0xdf, 0xda, 0x5c, 0x75, 0xd5, 0xff, 0x53, 0xb7, 0xfd, 0xf5, 0x4f, 0x8b, 0xff, 0xbf, 0x10,
    0xff, 0xcf, 0xdd, 0xf2, 0xd2, 0x6f, 0x6d, 0xae, 0xba, 0xea, 0xaa, 0xff, 0x71, 0x04, 0xbb, 0x86,
    0x9f, 0x0e, 0xf4, 0xd3, 0xb7, 0xfe, 0xf5, 0x4f, 0xfd, 0x0c, 0x57, 0xfd, 0x87, 0xbb, 0xe5, 0xa5,
    0xdf, 0xda, 0x5c, 0x75, 0xd5, 0xff, 0x53, 0xb7, 0xfd, 0xf5, 0x4f, 0x8b, 0xff, 0xbf, 0x10, 0xff,
    0xcf, 0xdd, 0xf2, 0xd2, 0x6f, 0x6d, 0xae, 0xba, 0xea, 0xaa, 0xff, 0xd1, 0x04, 0xbb, 0x86, 0x9f,
    0x0e, 0xf4, 0xd3, 0xb7, 0xfe, 0xf5, 0x4f, 0xfd, 0x0c, 0x57, 0xfd, 0x87, 0xb8, 0xe5, 0xa5, 0xdf,
    0xda, 0x5c, 0x75, 0xd5, 0xff, 0x53, 0xb7, 0xfd, 0xf5, 0x4f, 0x8b, 0xff, 0xbf, 0x10, 0xff, 0xcf,
    0xdd, 0xf2, 0xd2, 0x6f, 0x6d, 0xae, 0xba, 0xea, 0xaa, 0xff, 0x35, 0x04, 0xbb, 0x86, 0x9f, 0x0e,
    0xf4, 0xd3, 0xb7, 0xfe, 0xf5, 0x4f, 0xfd, 0x0c, 0x57, 0xfd, 0x9b, 0xdd, 0xf2, 0xd2, 0x6f, 0x6d,
    0xae, 0xba, 0xea, 0xff, 0xa9, 0xdb, 0xfe, 0xfa, 0xa7, 0xc5, 0xff, 0x5f, 0x88, 0xff, 0xe7, 0x6e,
    0x79, 0xe9, 0xb7, 0x36, 0x57, 0x5d, 0x75, 0xd5, 0xff, 0x4a, 0x82, 0x5d, 0xc3, 0x4f, 0x07, 0xfa,
    0xe9, 0x5b, 0xff, 0xfa, 0xa7, 0x7e, 0x86, 0xab, 0xfe, 0x55, 0x6e, 0x79, 0xe9, 0xb7, 0x36, 0x57,
    0x5d, 0xf5, 0xff, 0xd4, 0x6d, 0x7f, 0xfd, 0xd3, 0xe2, 0xff, 0x2f, 0xc4, 0xff, 0x73, 0xb7, 0xbc,
    0xf4, 0x5b, 0x9b, 0xab, 0xae, 0xba, 0xea, 0x7f, 0x3d, 0xc1, 0xae, 0xe1, 0xa7, 0x03, 0xfd, 0xf4,
    0xad, 0x7f, 0xfd, 0x53, 0x3f, 0xc3, 0x55, 0xff, 0xa2, 0x5b, 0x5e, 0xfa, 0xad, 0xcd, 0x55, 0x57,
    0xfd, 0x3f, 0x75, 0xdb, 0x5f, 0xff, 0xb4, 0xf8, 0xff, 0x0b, 0xf1, 0xff, 0xdc, 0x2d, 0x2f, 0xfd,
    0xd6, 0xe6, 0xaa, 0xab, 0xae, 0xfa, 0x3f, 0x45, 0xb0, 0x6b, 0xf8, 0xe9, 0x40, 0x3f, 0x7d, 0xeb,
    0x5f, 0xff, 0xd4, 0xcf, 0x70, 0xd5, 0xf3, 0x75, 0xcb, 0x4b, 0xbf, 0xb5, 0xb9, 0xea, 0xaa, 0xff,
    0xa7, 0x6e, 0xfb, 0xeb, 0x9f, 0x16, 0xff, 0x7f, 0x21, 0xfe, 0x9f, 0xbb, 0xe5, 0xa5, 0xdf, 0xda,
    0x5c, 0x75, 0xd5, 0x55, 0xff, 0x67, 0x09, 0x76, 0x0d, 0x3f, 0x1d, 0xe8, 0xa7, 0x6f, 0xfd, 0xeb,
    0x9f, 0xfa, 0x19, 0xae, 0x7a, 0x96, 0x5b, 0x5e, 0xfa, 0xad, 0xcd, 0x55, 0x57, 0xfd, 0x3f, 0x75,
    0xdb, 0x5f, 0xff, 0xb4, 0xf8, 0xff, 0x0b, 0xf1, 0xff, 0xdc, 0x2d, 0x2f, 0xfd, 0xd6, 0xe6, 0xaa,
    0xab, 0xae, 0xfa, 0x7f, 0x41, 0xb0, 0x6b, 0xf8, 0xe9, 0x40, 0x3f, 0x7d, 0xeb, 0x5f, 0xff, 0xd4,
    0xcf, 0xf0, 0xff, 0xdc, 0x2d, 0x2f, 0xfd, 0xd6, 0xe6, 0xaa, 0xab, 0xfe, 0x9f, 0xba, 0xed, 0xaf,
    0x7f, 0x5a, 0xfc, 0xff, 0x85, 0xf8, 0x7f, 0xee, 0x96, 0x97, 0x7e, 0x6b, 0x73, 0xd5, 0x55, 0x57,
    0xfd, 0xbf, 0x23, 0xd8, 0x35, 0xfc, 0x74, 0xa0, 0x9f, 0xbe, 0xf5, 0xaf, 0x7f, 0xea, 0x67, 0xf8,
    0x7f, 0xe8, 0x96, 0x97, 0x7e, 0x6b, 0x73, 0xd5, 0x55, 0xff, 0x4f, 0xdd, 0xf6, 0xd7, 0x3f, 0x2d,
    0xfe, 0xff, 0x42, 0xfc, 0x3f, 0x77, 0xcb, 0x4b, 0xbf, 0xb5, 0xb9, 0xea, 0xaa, 0xab, 0xfe, 0x5f,
    0x13, 0xec, 0x1a, 0xbe, 0x3b, 0xe0, 0x7b, 0x6e, 0xfd, 0xeb, 0x9f, 0xfe, 0x6b, 0xfe, 0x9f, 0xb8,
    0xe5, 0xa5, 0xdf, 0xda, 0x5c, 0x75, 0xd5, 0xff, 0x53, 0xb7, 0xfd, 0xf5, 0x4f, 0x8b, 0xff, 0xbf,
    0x10, 0xff, 0xcf, 0xdd, 0xf2, 0xd2, 0x6f, 0x6d, 0xae, 0xba, 0xea, 0xaa, 0xab, 0x9e, 0x49, 0x70,
    0xab, 0xe1, 0xa7, 0x03, 0xbe, 0xe7, 0xd6, 0xbf, 0xfe, 0xe9, 0xbf, 0xe6, 0xff, 0xb0, 0x5b, 0x5e,
    0xfa, 0xad, 0xcd, 0x55, 0x57, 0xfd, 0x3f, 0x24, 0xf8, 0x9b, 0x67, 0xfc, 0xf5, 0x4f, 0xbf, 0x34,
    0xff, 0x7f, 0x21, 0xfe, 0x9f, 0xbb, 0xe5, 0xa5, 0xdf, 0xda, 0x5c, 0x75, 0xd5, 0x55, 0x57, 0x3d,
    0x1f, 0x82, 0x5b, 0x0d, 0x3f, 0x1d, 0xf0, 0x3d, 0xb7, 0xfe, 0xf5, 0x4f, 0xff, 0x35, 0xff, 0xc7,
    0xdc, 0xf2, 0xd2, 0x6f, 0x6d, 0xae, 0xba, 0xea, 0xff, 0x21, 0xc1, 0xef, 0x3c, 0xe3, 0xaf, 0x7f,
    0xfa, 0xb5, 0xf9, 0xff, 0x0b, 0xf1, 0xff, 0xdc, 0x2d, 0x2f, 0xfd, 0xd6, 0xe6, 0xaa, 0xab, 0xae,
    0xba, 0xea, 0x5f, 0x20, 0xb8, 0xd5, 0xf0, 0xd3, 0x01, 0xdf, 0x73, 0xeb, 0x5f, 0xff, 0xf4, 0x5f,
    0xf3, 0x7f, 0xc0, 0x2d, 0x2f, 0xfd, 0xd6, 0xe6, 0xaa, 0xab, 0xfe, 0x1f, 0x12, 0xfc, 0xce, 0x33,
    0xfe, 0xfa, 0xa7, 0x5f, 0x9b, 0xff, 0xbf, 0x10, 0xff, 0xcf, 0xdd, 0xf2, 0xd2, 0x6f, 0x6d, 0xae,
    0xba, 0xea, 0xaa, 0xab, 0xfe, 0x15, 0x04, 0xb7, 0x1a, 0x7e, 0x3a, 0xe0, 0x7b, 0x6e, 0xfd, 0xeb,
    0x9f, 0xfe, 0x6b, 0xfe, 0x97, 0xba, 0xe5, 0xa5, 0xdf, 0xda, 0x5c, 0x75, 0xd5, 0xff, 0x4f, 0x3f,
    0x73, 0xdb, 0x5f, 0xff, 0xf4, 0x5b, 0xf3, 0xff, 0x17, 0xe2, 0xff, 0xb9, 0x5b, 0x5e, 0xfa, 0xad,
    0xcd, 0x55, 0x57, 0x5d, 0x75, 0xd5, 0xbf, 0x91, 0xe0, 0x56, 0xc3, 0x4f, 0x07, 0x7c, 0xcf, 0xad,
    0x7f, 0xfd, 0xd3, 0x7f, 0xcd, 0xff, 0x22, 0xb7, 0xbc, 0xf4, 0x5b, 0x9b, 0xab, 0xae, 0xfa, 0xff,
    0xe9, 0x73, 0x6e, 0xfb, 0xeb, 0x9f, 0xfe, 0x6c, 0xfe, 0xff, 0x42, 0xfc, 0x3f, 0x77, 0xcb, 0x4b,
    0xbf, 0xb5, 0xb9, 0xea, 0xaa, 0xab, 0xae, 0xfa, 0x0f, 0x20, 0xb8, 0xd5, 0xf0, 0xd3, 0x01, 0xdf,
    0x73, 0xeb, 0x5f, 0xff, 0xf4, 0x5f, 0xf3, 0x3f, 0xdc, 0x2d, 0x2f, 0xfd, 0xd6, 0xe6, 0xaa, 0xab,
    0xfe, 0x1f, 0x0a, 0x78, 0x9f, 0x5b, 0xff, 0xfa, 0xa7, 0xbf, 0x9b, 0xff, 0xbf, 0x10, 0xff, 0xcf,
    0xdd, 0xf2, 0xd2, 0x6f, 0x6d, 0xae, 0xba, 0xea, 0xaa, 0xab, 0xfe, 0x83, 0x09, 0x6e, 0x35, 0xfc,
    0x74, 0xc0, 0xf7, 0xdc, 0xfa, 0xd7, 0x3f, 0xfd, 0xd7, 0xfc, 0x0f, 0x74, 0xcb, 0x4b, 0xbf, 0xb5,
    0xb9, 0xea, 0xaa, 0xff, 0x87, 0x02, 0x1e, 0x72, 0xeb, 0x5f, 0xff, 0xf4, 0xad, 0xfc, 0xff, 0x85,
    0xf8, 0x7f, 0xee, 0x96, 0x97, 0x7e, 0x6b, 0x73, 0xd5, 0x55, 0x57, 0x5d, 0xf5, 0x9f, 0x48, 0x70,
    0xab, 0xe1, 0xa7, 0x03, 0xbe, 0xe7, 0xd6, 0xbf, 0xfe, 0xe9, 0xbf, 0xe6, 0x7f, 0x88, 0x5b, 0x5e,
    0xfa, 0xad, 0xcd, 0x55, 0x57, 0xfd, 0x3f, 0x23, 0xb8, 0xf4, 0x8c, 0xbf, 0xfe, 0xe9, 0xe3, 0xfc,
    0xff, 0x86, 0xf8, 0x7f, 0xee, 0x96, 0x97, 0x7e, 0x6b, 0x73, 0xd5, 0x55, 0x57, 0x5d, 0xf5, 0x5f,
    0x44, 0x70, 0xab, 0xe1, 0xa7, 0x03, 0xbe, 0xe7, 0xd6, 0xbf, 0xfe, 0xe9, 0xbf, 0xe6, 0xbf, 0xd1,
    0x2d, 0x2f, 0xfd, 0xd6, 0xe6, 0xaa, 0xab, 0xfe, 0x9f, 0x11, 0xfc, 0xce, 0x33, 0xfe, 0xfa, 0xa7,
    0x5f, 0x9b, 0xff, 0xdf, 0x10, 0xff, 0xcf, 0xdd, 0xf2, 0xd2, 0x6f, 0x6d, 0xae, 0xba, 0xea, 0xaa,
    0xab, 0xfe, 0x1b, 0x08, 0x6e, 0x35, 0xfc, 0x74, 0xc0, 0xf7, 0xdc, 0xfa, 0xd7, 0x3f, 0xfd, 0xd7,
    0xfc, 0x17, 0xbb, 0xe5, 0xa5, 0xdf, 0xda, 0x5c, 0x75, 0xd5, 0xff, 0x33, 0x01, 0xef, 0x73, 0xeb,
    0x5f, 0xff, 0xf4, 0x77, 0xf3, 0xff, 0x1b, 0xe2, 0xff, 0xb9, 0x5b, 0x5e, 0xfa, 0xad, 0xcd, 0x55,
    0x57, 0x5d, 0x75, 0xd5, 0x7f, 0x33, 0xc1, 0xad, 0x86, 0x9f, 0x0e, 0xf8, 0x9e, 0x5b, 0xff, 0xfa,
    0xa7, 0xff, 0x9a, 0xff, 0x02, 0xb7, 0xbc, 0xf4, 0x5b, 0x9b, 0xab, 0xae, 0xfa, 0x7f, 0x26, 0xe0,
    0xc4, 0xad, 0x7f, 0xfd, 0xd3, 0xbb, 0xfc, 0xff, 0x86, 0xf8, 0x7f, 0xee, 0x96, 0x97, 0x7e, 0x6b,
    0x73, 0xd5, 0x55, 0x57, 0x5d, 0xf5, 0x3f, 0x88, 0xe0, 0x56, 0xc3, 0x4f, 0x07, 0x7c, 0xcf, 0xad,
    0x7f, 0xfd, 0xd3, 0x7f, 0xcd, 0x7f, 0x92, 0x5b, 0x5e, 0xfa, 0xad, 0xcd, 0x55, 0x57, 0xfd, 0xff,
    0xf2, 0x3d, 0xb7, 0xfd, 0xf5, 0x4f, 0xbf, 0x37, 0x57, 0x21, 0xfe, 0x9f, 0xbb, 0xe5, 0xa5, 0xdf,
    0xda, 0x5c, 0x75, 0xd5, 0x55, 0x57, 0xfd, 0x0f, 0x25, 0xb8, 0xd5, 0xf0, 0xd3, 0x01, 0xdf, 0x73,
    0xeb, 0x5f, 0xff, 0xf4, 0x5f, 0xf3, 0x1f, 0xe8, 0x96, 0x97, 0x7e, 0x6b, 0x73, 0xd5, 0x55, 0xff,
    0x8f, 0x04, 0xbc, 0xcd, 0xad, 0x7f, 0xfd, 0xd3, 0x3f, 0xcd, 0x55, 0x88, 0xff, 0xe7, 0x6e, 0x79,
    0xe9, 0xb7, 0x36, 0x57, 0x5d, 0x75, 0xd5, 0x55, 0xff, 0x0b, 0x08, 0x6e, 0x35, 0xfc, 0x74, 0xc0,
    0xf7, 0xdc, 0xfa, 0xd7, 0x3f, 0xfd, 0xd7, 0xfc, 0x3b, 0xdd, 0xf2, 0xd2, 0x6f, 0x6d, 0xae, 0xba,
    0xea, 0xff, 0x09, 0xc1, 0x33, 0x9e, 0xf1, 0xd7, 0x3f, 0xfd, 0x60, 0xae, 0x02, 0x40, 0xfc, 0x3f,
    0x77, 0xcb, 0x4b, 0xbf, 0xb5, 0xb9, 0xea, 0xaa, 0xab, 0xae, 0xfa, 0x5f, 0x46, 0x70, 0xab, 0xe1,
    0xa7, 0x03, 0xbe, 0xe7, 0xd6, 0xbf, 0xfe, 0xe9, 0xbf, 0xe6, 0xdf, 0xe0, 0x96, 0x97, 0x7e, 0x6b,
    0x73, 0xd5, 0x55, 0xff, 0x4f, 0x04, 0xbc, 0xcd, 0xad, 0x7f, 0xfd, 0xd3, 0x3f, 0xcd, 0x55, 0x00,
    0x88, 0xff, 0xe7, 0x6e, 0x79, 0xe9, 0xb7, 0x36, 0x57, 0x5d, 0x75, 0xd5, 0x55, 0xff, 0x8b, 0x09,
    0x6e, 0x35, 0xfc, 0x74, 0xc0, 0xf7, 0xdc, 0xfa, 0xd7, 0x3f, 0xfd, 0xd7, 0xbc, 0x88, 0x6e, 0x79,
    0xe9, 0xb7, 0x36, 0x57, 0x5d, 0xf5, 0xff, 0x80, 0xe0, 0x77, 0x9e, 0xf1, 0xd7, 0x3f, 0xfd, 0xda,
    0x5c, 0x75, 0x3f, 0xc4, 0xff, 0x73, 0xb7, 0xbc, 0xf4, 0x5b, 0x9b, 0xab, 0xae, 0xba, 0xea, 0xaa,
    0xff, 0x23, 0x04, 0xb7, 0x1a, 0x7e, 0x3a, 0xe0, 0x7b, 0x6e, 0xfd, 0xeb, 0x9f, 0xfe, 0x6b, 0x5e,
    0x88, 0x5b, 0x5e, 0xfa, 0xad, 0xcd, 0x55, 0x57, 0xfd, 0x3f, 0x10, 0xf0, 0x3a, 0xb7, 0xfe, 0xf5,
    0x4f, 0xff, 0x36, 0x57, 0xdd, 0x0f, 0xf1, 0xff, 0xdc, 0x2d, 0x2f, 0xfd, 0xd6, 0xe6, 0xaa, 0xab,
    0xae, 0xba, 0xea, 0xff, 0x20, 0xc1, 0xad, 0x86, 0x9f, 0x0e, 0xf8, 0x9e, 0x5b, 0xff, 0xfa, 0xa7,
    0xff, 0x9a, 0xe7, 0x72, 0xcb, 0x4b, 0xbf, 0xb5, 0xb9, 0xea, 0xaa, 0xff, 0xfb, 0xbe, 0xe6, 0xb6,
    0xbf, 0xfe, 0xe9, 0x8f, 0xe6, 0xaa, 0x07, 0x42, 0xfc, 0x3f, 0x77, 0xcb, 0x4b, 0xbf, 0xb5, 0xb9,
    0xea, 0xaa, 0xab, 0xae, 0xfa, 0x3f, 0x4e, 0x70, 0xab, 0xe1, 0xa7, 0x03, 0xbe, 0xe7, 0xd6, 0xbf,
    0xfe, 0xe9, 0xbf, 0x06, 0xb8, 0xe5, 0xa5, 0xdf, 0xda, 0x5c, 0x75, 0xd5, 0xff, 0x61, 0x82, 0xbf,
    0x11, 0xbc, 0xf6, 0xad, 0x7f, 0xfd, 0xd3, 0xbb, 0x5c, 0xf5, 0x40, 0x88, 0xff, 0xe7, 0x6e, 0x79,
    0xe9, 0xb7, 0x36, 0x57, 0x5d, 0x75, 0xd5, 0x55, 0xff, 0x8f, 0x08, 0x6e, 0x35, 0xfc, 0x34, 0xf0,
    0xd1, 0x5c, 0x75, 0xd5, 0xff, 0x61, 0x01, 0x2f, 0x73, 0xeb, 0x5f, 0xff, 0xf4, 0x5f, 0x73, 0xd5,
    0x73, 0x43, 0xfc, 0x3f, 0x77, 0xcb, 0x4b, 0xbf, 0xb5, 0xb9, 0xea, 0xaa, 0xab, 0xae, 0xba, 0xea,
    0xaa, 0xab, 0xfe, 0x4f, 0x09, 0x78, 0x9f, 0x5b, 0xff, 0xfa, 0xa7, 0xbf, 0x9b, 0xab, 0x9e, 0x1f,
    0xc4, 0xff, 0x73, 0xb7, 0xbc, 0xf4, 0x5b, 0x9b, 0xab, 0xae, 0xba, 0xea, 0xaa, 0xab, 0xae, 0xba,
    0xea, 0xff, 0x8c, 0x80, 0xf7, 0xb9, 0xf5, 0xaf, 0x7f, 0xfa, 0xbb, 0xb9, 0xea, 0x05, 0x41, 0xfc,
    0x3f, 0x77, 0xcb, 0x4b, 0xbf, 0xb5, 0xb9, 0xea, 0xaa, 0xab, 0xae, 0xba, 0xea, 0xaa, 0xab, 0xfe,
    0xaf, 0xf8, 0x9a, 0xdb, 0xfe, 0xfa, 0xa7, 0x3f, 0x9a, 0xab, 0x5e, 0x18, 0xc4, 0xff, 0x73, 0xb7,
    0xbc, 0xf4, 0x5b, 0x9b, 0xab, 0xae, 0xba, 0xea, 0xaa, 0xab, 0xae, 0xba, 0xea, 0xff, 0x82, 0xaf,
    0xb9, 0xed, 0xaf, 0x7f, 0xfa, 0xa3, 0xb9, 0xea, 0x5f, 0x82, 0xf8, 0x7f, 0xee, 0x96, 0x97, 0x7e,
    0x6b, 0x73, 0xd5, 0x55, 0x57, 0x5d, 0x75, 0xd5, 0x55, 0x57, 0xfd, 0xaf, 0x25, 0xb8, 0x24, 0xf8,
    0xe8, 0x5b, 0xff, 0xfa, 0xa7, 0xbf, 0x9b, 0xab, 0x5e, 0x14, 0x88, 0xff, 0xe7, 0x6e, 0x79, 0xe9,
    0xb7, 0x36, 0x57, 0x5d, 0x75, 0xd5, 0x55, 0x57, 0x5d, 0x75, 0xd5, 0xff, 0x4a, 0x82, 0x67, 0x08,
    0xde, 0xfa, 0xd6, 0xbf, 0xfe, 0xe9, 0xbf, 0xe6, 0xaa, 0x17, 0x15, 0xe2, 0xff, 0xb9, 0x5b, 0x5e,
    0xfa, 0xad, 0xcd, 0x55, 0x57, 0x5d, 0x75, 0xd5, 0x55, 0x57, 0x5d, 0xf5, 0xbf, 0xd1, 0xf7, 0x04,
    0x7c, 0xf4, 0xad, 0x7f, 0xfd, 0xd3, 0xbb, 0x5c, 0xf5, 0xaf, 0x81, 0xf8, 0x7f, 0xee, 0x96, 0x97,
    0x7e, 0x6b, 0x73, 0xd5, 0x55, 0x57, 0x5d, 0x75, 0xd5, 0x55, 0x57, 0xfd, 0xaf, 0x21, 0xf8, 0x1b,
    0xc1, 0x47, 0xdf, 0xfa, 0xd7, 0x3f, 0xfd, 0xdb, 0x5c, 0xf5, 0x6f, 0x81, 0xf8, 0x7f, 0xee, 0x96,
    0x97, 0x7e, 0x6b, 0x73, 0xd5, 0x55, 0x57, 0x5d, 0x75, 0xd5, 0x55, 0x57, 0xfd, 0x8f, 0x27, 0xb8,
    0x24, 0xf8, 0xec, 0x5b, 0xff, 0xfa, 0xa7, 0xbf, 0x9a, 0xab, 0xfe, 0x3d, 0x10, 0xff, 0xcf, 0xdd,
    0xf2, 0xd2, 0x6f, 0x6d, 0xae, 0xba, 0xea, 0xaa, 0xab, 0xae, 0xba, 0xea, 0xaa, 0xff, 0xb1, 0x04,
    0x97, 0x0c, 0x5f, 0x1d, 0xf0, 0xd5, 0xb7, 0xfe, 0xf5, 0x4f, 0xef, 0x72, 0xd5, 0xbf, 0x17, 0xe2,
    0xff, 0xb9, 0x5b, 0x5e, 0xfa, 0xad, 0xcd, 0x55, 0x57, 0x5d, 0x75, 0xd5, 0x55, 0x57, 0x5d, 0xf5,
    0x3f, 0x8e, 0xe0, 0x92, 0xe1, 0xab, 0x03, 0xbe, 0xfa, 0xd6, 0xbf, 0xfe, 0xe9, 0x5d, 0xae, 0xfa,
    0x8f, 0x82, 0xf8, 0x7f, 0xee, 0x96, 0x97, 0x7e, 0x6b, 0x73, 0xd5, 0x55, 0x57, 0x5d, 0x75, 0xd5,
    0x55, 0x57, 0xfd, 0x8f, 0x21, 0xb8, 0x64, 0xf8, 0xea, 0x80, 0xaf, 0xbe, 0xf5, 0xaf, 0x7f, 0x7a,
    0x97, 0xab, 0xfe, 0xa3, 0x21, 0xfe, 0x9f, 0xbb, 0xe5, 0xa5, 0xdf, 0xda, 0x5c, 0x75, 0xd5, 0x55,
    0x57, 0x5d, 0x75, 0xd5, 0x55, 0xff, 0xed, 0x04, 0x97, 0x0c, 0x5f, 0x1d, 0xf0, 0xd5, 0xb7, 0xfe,
    0xf5, 0x4f, 0xef, 0x72, 0xd5, 0x7f, 0x16, 0xc4, 0xff, 0x73, 0xb7, 0xbc, 0xf4, 0x5b, 0x9b, 0xab,
    0xae, 0xba, 0xea, 0xaa, 0xab, 0xae, 0xba, 0xea, 0xbf, 0x8d, 0xe0, 0x92, 0xe1, 0xab, 0x03, 0xbe,
    0xfa, 0xd6, 0xbf, 0xfe, 0xe9, 0x5d, 0xae, 0xfa, 0xcf, 0x86, 0xf8, 0x7f, 0xee, 0x96, 0x97, 0x7e,
    0x6b, 0x73, 0xd5, 0x55, 0xff, 0x8d, 0x04, 0x97, 0x0c, 0x3f, 0x2d, 0x78, 0x6d, 0xc3, 0x83, 0xb8,
    0xea, 0xaa, 0xab, 0xae, 0xfa, 0x7f, 0x42, 0x70, 0xc9, 0xf0, 0xd5, 0x01, 0x5f, 0x7d, 0xeb, 0x5f,
    0xff, 0xf4, 0x2e, 0x57, 0xfd, 0x57, 0x41, 0xfc, 0x3f, 0x77, 0xcb, 0x4b, 0xbf, 0xb5, 0xb9, 0xea,
    0xaa, 0xff, 0x06, 0x82, 0x4b, 0x86, 0xaf, 0x0e, 0xf8, 0xea, 0x5b, 0xff, 0xfa, 0xa7, 0x77, 0x01,
    0x1e, 0xfc, 0xd2, 0x6f, 0xfd, 0xd2, 0x09, 0xef, 0x2d, 0x78, 0x6b, 0xc3, 0x83, 0xb8, 0xea, 0xaa,
    0xab, 0xae, 0xfa, 0x3f, 0x48, 0x70, 0xc9, 0xf0, 0xd5, 0x01, 0x5f, 0x7d, 0xeb, 0x5f, 0xff, 0xf4,
    0x2e, 0x57, 0xfd, 0x57, 0x43, 0xfc, 0x3f, 0x77, 0xcb, 0x4b, 0xbf, 0xb5, 0xb9, 0xea, 0xaa, 0xff,
    0x42, 0x82, 0x4b, 0x86, 0xaf, 0x0e, 0xf8, 0xea, 0x5b, 0xff, 0xfa, 0xa7, 0x77, 0x79, 0x01, 0x1e,
    0xfc, 0xd2, 0x6f, 0xfd, 0xd2, 0x09, 0xef, 0x2d, 0x78, 0x6b, 0xc3, 0x83, 0xb8, 0xea, 0xaa, 0xab,
    0xae, 0xfa, 0x5f, 0x4e, 0x70, 0xc9, 0xf0, 0xd5, 0x01, 0x5f, 0x7d, 0xeb, 0x5f, 0xff, 0xf4, 0x2e,
    0x57, 0xfd, 0x77, 0x41, 0xfc, 0x3f, 0x77, 0xcb, 0x4b, 0xbf, 0xb5, 0xb9, 0xea, 0xaa, 0xff, 0x02,
    0x82, 0x4b, 0x86, 0xaf, 0x0e, 0xf8, 0xea, 0x5b, 0xff, 0xfa, 0xa7, 0x77, 0xf9, 0x57, 0x78, 0xf0,
    0x4b, 0xbf, 0xf5, 0x4b, 0x27, 0xbc, 0xb7, 0xe0, 0xad, 0x0d, 0x0f, 0xe2, 0xaa, 0xab, 0xae, 0xba,
    0xea, 0x7f, 0x11, 0xc1, 0x25, 0xc3, 0x57, 0x07, 0x7c, 0xf5, 0xad, 0x7f, 0xfd, 0xd3, 0xbb, 0x5c,
    0xf5, 0xdf, 0x0d, 0xf1, 0xff, 0xdc, 0x2d, 0x2f, 0xfd, 0xd6, 0xe6, 0xaa, 0xab, 0xfe, 0x13, 0x09,
    0x2e, 0x19, 0xbe, 0x3a, 0xe0, 0xab, 0x6f, 0xfd, 0xeb, 0x9f, 0xde, 0xe5, 0xdf, 0xe9, 0xc1, 0x2f,
    0xfd, 0xd6, 0x2f, 0x9d, 0xf0, 0xde, 0x82, 0xb7, 0x36, 0x3c, 0x88, 0xab, 0xae, 0xba, 0xea, 0xaa,
    0xff, 0xa1, 0x04, 0x97, 0x0c, 0x5f, 0x1d, 0xf0, 0xd5, 0xb7, 0xfe, 0xf5, 0x4f, 0xef, 0x72, 0xd5,
    0xff, 0x14, 0x88, 0xff, 0xe7, 0x6e, 0x79, 0xe9, 0xb7, 0x36, 0x57, 0x5d, 0xf5, 0x9f, 0x40, 0x70,
    0xc9, 0xf0, 0xd5, 0x01, 0x5f, 0x7d, 0xeb, 0x5f, 0xff, 0xf4, 0x2e, 0xff, 0x09, 0x1e, 0xfc, 0xd2,
    0x6f, 0xfd, 0xd2, 0x09, 0xef, 0x2d, 0x78, 0x6b, 0xc3, 0x83, 0xb8, 0xea, 0xaa, 0xab, 0xae, 0xfa,
    0x1f, 0x40, 0x70, 0xc9, 0xf0, 0xd5, 0x01, 0x5f, 0x7d, 0xeb, 0x5f, 0xff, 0xf4, 0x2e, 0x57, 0xfd,
    0x4f, 0x83, 0xf8, 0x7f, 0xee, 0x96, 0x97, 0x7e, 0x6b, 0x73, 0xd5, 0x55, 0xff, 0x81, 0x04, 0x97,
    0x0c, 0x5f, 0x1d, 0xf0, 0xd5, 0xb7, 0xfe, 0xf5, 0x4f, 0xef, 0xf2, 0x5f, 0xe4, 0xc1, 0x2f, 0xfd,
    0xd6, 0x2f, 0x9d, 0xf0, 0xde, 0x82, 0xb7, 0x36, 0x3c, 0x88, 0xab, 0xae, 0xba, 0xea, 0xaa, 0xff,
    0x62, 0x82, 0x4b, 0x86, 0xaf, 0x0e, 0xf8, 0xea, 0x5b, 0xff, 0xfa, 0xa7, 0x77, 0xb9, 0xea, 0x7f,
    0x2a, 0xc4, 0xff, 0x73, 0xb7, 0xbc, 0xf4, 0x5b, 0x9b, 0xab, 0xae, 0xfa, 0x0f, 0x20, 0xb8, 0x64,
    0xf8, 0xea, 0x80, 0xaf, 0xbe, 0xf5, 0xaf, 0x7f, 0x7a, 0x97, 0xff, 0x46, 0x0f, 0x7e, 0xe9, 0xb7,
    0x7e, 0xe9, 0x84, 0xf7, 0x16, 0xbc, 0xb5, 0xe1, 0x41, 0x5c, 0x75, 0xd5, 0x55, 0x57, 0xfd, 0x27,
    0x12, 0x5c, 0x32, 0x7c, 0x75, 0xc0, 0x57, 0xdf, 0xfa, 0xd7, 0x3f, 0xbd, 0xcb, 0x55, 0xff, 0xd3,
    0x21, 0xfe, 0x9f, 0xbb, 0xe5, 0xa5, 0xdf, 0xda, 0x5c, 0x75, 0xd5, 0xbf, 0x83, 0xe0, 0x92, 0xe1,
    0xab, 0x03, 0xbe, 0xfa, 0xd6, 0xbf, 0xfe, 0xe9, 0x5d, 0xfe, 0x87, 0x79, 0xf0, 0x4b, 0xbf, 0xf5,
    0x4b, 0x27, 0xbc, 0xb7, 0xe0, 0xad, 0x0d, 0x0f, 0xe2, 0xaa, 0xab, 0xae, 0xba, 0xea, 0x3f, 0x88,
    0xe0, 0x92, 0xe1, 0xab, 0x03, 0xbe, 0xfa, 0xd6, 0xbf, 0xfe, 0xe9, 0x5d, 0xae, 0xfa, 0xdf, 0x02,
    0xf1, 0xff, 0xdc, 0x2d, 0x2f, 0xfd, 0xd6, 0xe6, 0xaa, 0xab, 0xfe, 0x0d, 0x04, 0x97, 0x0c, 0x5f,
    0x1d, 0xf0, 0xd5, 0xb7, 0xfe, 0xf5, 0x4f, 0xef, 0xf2, 0xbf, 0xc0, 0x83, 0x5f, 0xfa, 0xad, 0x5f,
    0x3a, 0xe1, 0xbd, 0x05, 0x6f, 0x6d, 0x78, 0x10, 0x57, 0x5d, 0x75, 0xd5, 0x55, 0xff, 0x06, 0x82,
    0x4b, 0x86, 0xaf, 0x0e, 0xf8, 0xea, 0x5b, 0xff, 0xfa, 0xa7, 0x77, 0xb9, 0xea, 0x7f, 0x1b, 0xc4,
    0xff, 0x73, 0xb7, 0xbc, 0xf4, 0x5b, 0x9b, 0xab, 0xae, 0xfa, 0x57, 0x10, 0x5c, 0x32, 0x7c, 0x75,
    0xc0, 0x57, 0xdf, 0xfa, 0xd7, 0x3f, 0xbd, 0xcb, 0xff, 0x52, 0x0f, 0x7e, 0xe9, 0xb7, 0x7e, 0xe9,
    0x84, 0xf7, 0x16, 0xbc, 0xb5, 0xe1, 0x41, 0x5c, 0x75, 0xd5, 0x55, 0x57, 0xfd, 0x0b, 0x04, 0x97,
    0x0c, 0x5f, 0x1d, 0xf0, 0xd5, 0xb7, 0xfe, 0xf5, 0x4f, 0xef, 0x72, 0xd5, 0xff, 0x56, 0x88, 0xff,
    0xe7, 0x6e, 0x79, 0xe9, 0xb7, 0x36, 0x57, 0x5d, 0xf5, 0x22, 0x10, 0x5c, 0x32, 0x7c, 0x75, 0xc0,
    0x57, 0xdf, 0xfa, 0xd7, 0x3f, 0xbd, 0xcb, 0xff, 0x21, 0x0f, 0x7e, 0xe9, 0xb7, 0x7e, 0xe9, 0x84,
    0xf7, 0x16, 0xbc, 0xb5, 0xe1, 0x41, 0x5c, 0x75, 0xd5, 0x55, 0x57, 0x3d, 0x80, 0xe0, 0x92, 0xe1,
    0xab, 0x03, 0xbe, 0xfa, 0xd6, 0xbf, 0xfe, 0xe9, 0x5d, 0xae, 0xfa, 0xdf, 0x0e, 0xf1, 0xff, 0xdc,
    0x2d, 0x2f, 0xfd, 0xd6, 0xe6, 0xaa, 0xab, 0x5e, 0x08, 0xc1, 0x25, 0xc3, 0x57, 0x07, 0x7c, 0xf5,
    0xad, 0x7f, 0xfd, 0xd3, 0xbb, 0xfc, 0x1f, 0xf7, 0xe0, 0x97, 0x7e, 0xeb, 0x97, 0x4e, 0x78, 0x6f,
    0xc1, 0x5b, 0x1b, 0x1e, 0xc4, 0x55, 0x57, 0x5d, 0xf5, 0xff, 0x96, 0xe0, 0x92, 0xe1, 0xab, 0x03,
    0xbe, 0xfa, 0xd6, 0xbf, 0xfe, 0xe9, 0x5d, 0xae, 0xfa, 0xbf, 0x02, 0xf1, 0xff, 0xdc, 0x2d, 0x2f,
    0xfd, 0xd6, 0xe6, 0xaa, 0xab, 0x9e, 0x0f, 0xc1, 0x25, 0xc3, 0x57, 0x07, 0x7c, 0xf5, 0xad, 0x7f,
    0xfd, 0xd3, 0xbb, 0xfc, 0x3f, 0xf4, 0xe0, 0x97, 0x7e, 0xeb, 0x97, 0x4e, 0x78, 0x6f, 0xc1, 0x5b,
    0x1b, 0x1e, 0xc4, 0x55, 0x57, 0x5d, 0xf5, 0xff, 0x82, 0xe0, 0x92, 0xe1, 0xab, 0x03, 0xbe, 0xfa,
    0xd6, 0xbf, 0xfe, 0xe9, 0x5d, 0xae, 0xfa, 0xbf, 0x06, 0xf1, 0xff, 0xdc, 0x2d, 0x2f, 0xfd, 0xd6,
    0xe6, 0xaa, 0xab, 0x1e, 0x40, 0x70, 0xc9, 0xf0, 0xd5, 0x01, 0x5f, 0x7d, 0xeb, 0x5f, 0xff, 0xf4,
    0x2e, 0x57, 0x5d, 0xf6, 0xe0, 0x97, 0x7e, 0xeb, 0x97, 0x4e, 0x78, 0x6f, 0xc1, 0x5b, 0x1b, 0x1e,
    0xc4, 0x55, 0x57, 0x5d, 0xf5, 0x7f, 0x8e, 0xe0, 0x92, 0xe1, 0xab, 0x03, 0xbe, 0xfa, 0xd6, 0xbf,
    0xfe, 0xe9, 0x5d, 0xae, 0xfa, 0xbf, 0x0a, 0xf1, 0xff, 0xdc, 0x2d, 0x2f, 0xfd, 0xd6, 0xe6, 0xaa,
    0xab, 0x00, 0xc1, 0x25, 0xc3, 0x57, 0x07, 0x7c, 0xf5, 0xad, 0x7f, 0xfd, 0xd3, 0xbb, 0x5c, 0xf5,
    0x02, 0x3d, 0xf8, 0xa5, 0xdf, 0xfa, 0xa5, 0x13, 0xde, 0x5b, 0xf0, 0xd6, 0x86, 0x07, 0x71, 0xd5,
    0x55, 0x57, 0xfd, 0xaf, 0x26, 0xb8, 0x64, 0xf8, 0xea, 0x80, 0xaf, 0xbe, 0xf5, 0xaf, 0x7f, 0x7a,
    0x97, 0xab, 0xfe, 0xaf, 0x43, 0xfc, 0x3f, 0x77, 0xcb, 0x4b, 0xbf, 0xb5, 0xb9, 0xea, 0xff, 0x35,
    0xc1, 0x25, 0xc3, 0x57, 0x07, 0x7c, 0xf5, 0xad, 0x7f, 0xfd, 0xd3, 0xbb, 0x5c, 0xf5, 0xaf, 0xf2,
    0xe0, 0x97, 0x7e, 0xeb, 0x97, 0x4e, 0x78, 0x6f, 0xc1, 0x5b, 0x1b, 0x1e, 0xc4, 0x55, 0x57, 0x5d,
    0xf5, 0xbf, 0x86, 0xe0, 0x92, 0xe1, 0xab, 0x03, 0xbe, 0xfa, 0xd6, 0xbf, 0xfe, 0xe9, 0x5d, 0xae,
    0xfa, 0xff, 0x02, 0xf1, 0xff, 0xdc, 0x2d, 0x2f, 0xfd, 0xd6, 0xe6, 0xaa, 0xff, 0x97, 0x04, 0x97,
    0x0c, 0x5f, 0x1d, 0xf0, 0xd5, 0xb7, 0xfe, 0xf5, 0x4f, 0xef, 0x72, 0xd5, 0xbf, 0xdb, 0x83, 0x5f,
    0xfa, 0xad, 0x5f, 0x3a, 0xe1, 0xbd, 0x05, 0x6f, 0x6d, 0x78, 0x10, 0x57, 0x5d, 0x75, 0xd5, 0xff,
    0x48, 0x82, 0x4b, 0x86, 0xaf, 0x0e, 0xf8, 0xea, 0x5b, 0xff, 0xfa, 0xa7, 0x77, 0xb9, 0xea, 0xff,
    0x1b, 0xc4, 0xff, 0x73, 0xb7, 0xbc, 0xf4, 0x5b, 0x9b, 0xab, 0xfe, 0x5f, 0x11, 0x5c, 0x32, 0x7c,
    0x75, 0xc0, 0x57, 0xdf, 0xfa, 0xd7, 0x3f, 0xbd, 0xcb, 0x55, 0xff, 0x29, 0x1e, 0xfc, 0xd2, 0x6f,
    0xfd, 0xd2, 0x09, 0xef, 0x2d, 0x78, 0x6b, 0xc3, 0x83, 0xb8, 0xea, 0xaa, 0xab, 0xfe, 0xdb, 0x09,
    0x2e, 0x19, 0xbe, 0x3a, 0xe0, 0xab, 0x6f, 0xfd, 0xeb, 0x9f, 0xde, 0xe5, 0xaa, 0xff, 0xaf, 0x10,
    0xff, 0xcf, 0xdd, 0xf2, 0xd2, 0x6f, 0x6d, 0xae, 0xfa, 0x7f, 0x41, 0x70, 0xc9, 0xf0, 0xd5, 0x01,
    0x5f, 0x7d, 0xeb, 0x5f, 0xff, 0xf4, 0x2e, 0x57, 0xfd, 0x97, 0x79, 0xf0, 0x4b, 0xbf, 0xf5, 0x4b,
    0x27, 0xbc, 0xb7, 0xe0, 0xad, 0x0d, 0x0f, 0xe2, 0xaa, 0xab, 0xae, 0xfa, 0x2f, 0x25, 0xb8, 0x64,
    0xf8, 0xea, 0x80, 0xaf, 0xbe, 0xf5, 0xaf, 0x7f, 0x7a, 0x97, 0xab, 0xfe, 0xbf, 0x43, 0xfc, 0x3f,
    0x77, 0xcb, 0x4b, 0xbf, 0xb5, 0xb9, 0xea, 0xff, 0x34, 0xc1, 0x25, 0xc3, 0x57, 0x07, 0x7c, 0xf5,
    0xad, 0x7f, 0xfd, 0xd3, 0xbb, 0x5c, 0xf5, 0xdf, 0xea, 0xc1, 0x2f, 0xfd, 0xd6, 0x2f, 0x9d, 0xf0,
    0xde, 0x82, 0xb7, 0x36, 0x3c, 0x88, 0xab, 0xae, 0xba, 0xea, 0x3f, 0x8d, 0xe0, 0x92, 0xe1, 0xab,
    0x03, 0xbe, 0xfa, 0xd6, 0xbf, 0xfe, 0xe9, 0x5d, 0xae, 0xba, 0xea, 0x0a, 0xc4, 0xff, 0x73, 0xb7,
    0xbc, 0xf4, 0x5b, 0x9b, 0xab, 0xfe, 0x4f, 0x12, 0x5c, 0x32, 0x7c, 0x75, 0xc0, 0x57, 0xdf, 0xfa,
    0xd7, 0x3f, 0xbd, 0xcb, 0x55, 0xff, 0xe3, 0x3c, 0xf8, 0xa5, 0xdf, 0xfa, 0xa5, 0x13, 0xde, 0x5b,
    0xf0, 0xd6, 0x86, 0x07, 0x71, 0xd5, 0x55, 0x57, 0xfd, 0x87, 0x10, 0x5c, 0x32, 0x7c, 0x75, 0xc0,
    0x57, 0xdf, 0xfa, 0xd7, 0x3f, 0xbd, 0xcb, 0x55, 0x57, 0x3d, 0x27, 0xc4, 0xff, 0x73, 0xb7, 0xbc,
    0xf4, 0x5b, 0x9b, 0xab, 0xfe, 0x4f, 0x11, 0x5c, 0x32, 0x7c, 0x75, 0xc0, 0x57, 0xdf, 0xfa, 0xd7,
    0x3f, 0xbd, 0xcb, 0x55, 0xff, 0x2b, 0x3c, 0xf8, 0xa5, 0xdf, 0xfa, 0xa5, 0x13, 0xde, 0x5b, 0xf0,
    0xd6, 0x86, 0x07, 0x71, 0xd5, 0x55, 0x57, 0xfd, 0xab, 0x09, 0x2e, 0x19, 0xbe, 0x3a, 0xe0, 0xab,
    0x6f, 0xfd, 0xeb, 0x9f, 0xde, 0xe5, 0xaa, 0xab, 0x9e, 0x3f, 0xc4, 0xff, 0x73, 0xb7, 0xbc, 0xf4,
    0x5b, 0x9b, 0xab, 0xfe, 0x4f, 0x10, 0x5c, 0x32, 0x7c, 0x75, 0xc0, 0x57, 0xdf, 0xfa, 0xd7, 0x3f,
    0xbd, 0xcb, 0x55, 0xff, 0x6b, 0x3d, 0xf8, 0xa5, 0xdf, 0xfa, 0xa5, 0x13, 0xde, 0x5b, 0xf0, 0xd6,
    0x86, 0x07, 0x71, 0xd5, 0x55, 0x57, 0xbd, 0x50, 0x82, 0x4b, 0x86, 0xaf, 0x0e, 0xf8, 0xea, 0x5b,
    0xff, 0xfa, 0xa7, 0x77, 0xb9, 0xea, 0xaa, 0x17, 0x0e, 0xf1, 0xff, 0xdc, 0x2d, 0x2f, 0xfd, 0xd6,
    0xe6, 0xaa, 0xff, 0xd5, 0x04, 0x97, 0x0c, 0x5f, 0x1d, 0xf0, 0xd5, 0xb7, 0xfe, 0xf5, 0x4f, 0xef,
    0x72, 0xd5, 0xff, 0x29, 0x0f, 0x7e, 0xe9, 0xb7, 0x7e, 0xe9, 0x84, 0xf7, 0x16, 0xbc, 0xb5, 0xe1,
    0x41, 0x5c, 0x75, 0xd5, 0x55, 0xcf, 0x22, 0xb8, 0x64, 0xf8, 0xea, 0x80, 0xaf, 0xbe, 0xf5, 0xaf,
    0x7f, 0x7a, 0x97, 0xab, 0xae, 0x7a, 0xd1, 0x20, 0xfe, 0x9f, 0xbb, 0xe5, 0xa5, 0xdf, 0xda, 0x5c,
    0xf5, 0xbf, 0x92, 0xe0, 0x92, 0xe1, 0xab, 0x03, 0xbe, 0xfa, 0xd6, 0xbf, 0xfe, 0xe9, 0x5d, 0xae,
    0xfa, 0x3f, 0xef, 0xc1, 0x2f, 0xfd, 0xd6, 0x2f, 0x9d, 0xf0, 0xde, 0x82, 0xb7, 0x36, 0x3c, 0x88,
    0xab, 0xae, 0xfa, 0x7f, 0x4a, 0x70, 0xc9, 0xf0, 0xd5, 0x01, 0x5f, 0x7d, 0xeb, 0x5f, 0xff, 0xf4,
    0x2e, 0x57, 0x5d, 0xf5, 0xaf, 0x83, 0xf8, 0x7f, 0xee, 0x96, 0x97, 0x7e, 0x6b, 0x73, 0xd5, 0xff,
    0x2a, 0x82, 0x4b, 0x86, 0xaf, 0x0e, 0xf8, 0xea, 0x5b, 0xff, 0xfa, 0xa7, 0x77, 0xb9, 0xea, 0xff,
    0xa5, 0x07, 0xbf, 0xf4, 0x5b, 0xbf, 0x74, 0xc2, 0x7b, 0x0b, 0xde, 0xda, 0xf0, 0x20, 0xae, 0xba,
    0xea, 0xff, 0x01, 0xc1, 0x25, 0xc3, 0x57, 0x07, 0x7c, 0xf5, 0xad, 0x7f, 0xfd, 0xd3, 0xbb, 0x5c,
    0x75, 0xd5, 0xbf, 0x0d, 0xe2, 0xff, 0xb9, 0x5b, 0x5e, 0xfa, 0xad, 0xcd, 0x55, 0xff, 0x2b, 0x08,
    0x2e, 0x19, 0xbe, 0x3a, 0xe0, 0xab, 0x6f, 0xfd, 0xeb, 0x9f, 0xde, 0xe5, 0xaa, 0xab, 0x9e, 0xe9,
    0xc1, 0x2f, 0xfd, 0xd6, 0x2f, 0x9d, 0xf0, 0xde, 0x82, 0xb7, 0x36, 0x3c, 0x88, 0xab, 0xae, 0xfa,
    0x3f, 0x46, 0x70, 0xc9, 0xf0, 0xd5, 0x01, 0x5f, 0x7d, 0xeb, 0x5f, 0xff, 0xf4, 0x2e, 0x57, 0x5d,
    0xf5, 0xef, 0x83, 0xf8, 0x7f, 0xee, 0x96, 0x97, 0x7e, 0x6b, 0x73, 0xd5, 0xff, 0x68, 0x82, 0x4b,
    0x86, 0xaf, 0x0e, 0xf8, 0xea, 0x5b, 0xff, 0xfa, 0xa7, 0x77, 0xb9, 0xea, 0xaa, 0x17, 0xe2, 0xc1,
    0x2f, 0xfd, 0xd6, 0x2f, 0x9d, 0xf0, 0xde, 0x82, 0xb7, 0x36, 0x3c, 0x88, 0xab, 0xae, 0xfa, 0x5f,
    0x4c, 0x70, 0xc9, 0xf0, 0xd5, 0x01, 0x5f, 0x7d, 0xeb, 0x5f, 0xff, 0xf4, 0x2e, 0x57, 0x5d, 0xf5,
    0x1f, 0x03, 0xf1, 0xff, 0xdc, 0x2d, 0x2f, 0xfd, 0xd6, 0xe6, 0xaa, 0xff, 0x91, 0x04, 0x97, 0x0c,
    0x5f, 0x1d, 0xf0, 0xd5, 0xb7, 0xfe, 0xf5, 0x4f, 0xef, 0x72, 0xd5, 0x55, 0xff, 0x4a, 0x0f, 0x7e,
    0xe9, 0xb7, 0x7e, 0xe9, 0x84, 0xf7, 0x16, 0xbc, 0xb5, 0xe1, 0x41, 0x5c, 0x75, 0xd5, 0xff, 0x12,
    0x82, 0x4b, 0x86, 0xaf, 0x0e, 0xf8, 0xea, 0x5b, 0xff, 0xfa, 0xa7, 0x77, 0xb9, 0xea, 0xaa, 0xff,
    0x58, 0x88, 0xff, 0xe7, 0x6e, 0x79, 0xe9, 0xb7, 0x36, 0x57, 0xfd, 0x8f, 0x22, 0xb8, 0x64, 0xf8,
    0xea, 0x80, 0xaf, 0xbe, 0xf5, 0xaf, 0x7f, 0x7a, 0x97, 0xab, 0xae, 0xfa, 0x0f, 0xf0, 0xe0, 0x97,
    0x7e, 0xeb, 0x97, 0x4e, 0x78, 0x6f, 0xc1, 0x5b, 0x1b, 0x1e, 0xc4, 0x55, 0x57, 0xfd, 0x0f, 0x24,
    0xb8, 0x64, 0xf8, 0xea, 0x80, 0xaf, 0xbe, 0xf5, 0xaf, 0x7f, 0x7a, 0x97, 0xab, 0xae, 0xfa, 0xcf,
    0x81, 0xf8, 0x7f, 0xee, 0x96, 0x97, 0x7e, 0x6b, 0x73, 0xd5, 0xff, 0x08, 0x82, 0x4b, 0x86, 0xaf,
    0x0e, 0xf8, 0xea, 0x5b, 0xff, 0xfa, 0xa7, 0x77, 0xb9, 0xea, 0xaa, 0xff, 0x24, 0x0f, 0x7e, 0xe9,
    0xb7, 0x7e, 0xe9, 0x84, 0xf7, 0x16, 0xbc, 0xb5, 0xe1, 0x41, 0x5c, 0x75, 0xd5, 0x7f, 0x33, 0xc1,
    0x25, 0xc3, 0x57, 0x07, 0x7c, 0xf5, 0xad, 0x7f, 0xfd, 0xd3, 0xbb, 0x5c, 0x75, 0xd5, 0x7f, 0x2e,
    0xc4, 0xff, 0x73, 0x0f, 0x7a, 0xe9, 0xb7, 0xfe, 0x6d, 0xc3, 0x6b, 0x71, 0xd5, 0x7f, 0x1b, 0xc1,
    0x25, 0xc3, 0x57, 0x07, 0x7c, 0xf5, 0xad, 0x7f, 0xfd, 0xd3, 0xbb, 0x5c, 0x75, 0xd5, 0x7f, 0xa1,
    0x07, 0xbf, 0xf4, 0x5b, 0xbf, 0x74, 0xc2, 0x7b, 0x0b, 0xde, 0xda, 0xf0, 0x20, 0xae, 0xba, 0xea,
    0xbf, 0x90, 0xe0, 0x92, 0xe1, 0xab, 0x03, 0xbe, 0xfa, 0xd6, 0xbf, 0xfe, 0xe9, 0x5d, 0xae, 0xba,
    0xea, 0xbf, 0x06, 0xe2, 0xff, 0xb9, 0x07, 0xbd, 0xf4, 0x5b, 0xff, 0xb6, 0xe1, 0xb5, 0xb8, 0xea,
    0xbf, 0x9c, 0xe0, 0x92, 0xe1, 0xab, 0x03, 0xbe, 0xfa, 0xd6, 0xbf, 0xfe, 0xe9, 0x5d, 0xae, 0xba,
    0xea, 0xbf, 0xd9, 0x83, 0x5f, 0xfa, 0xad, 0x5f, 0x3a, 0xe1, 0xbd, 0x05, 0x6f, 0x6d, 0x78, 0x10,
    0x57, 0x5d, 0xf5, 0x9f, 0x44, 0x70, 0xc9, 0xf0, 0xd5, 0x01, 0x5f, 0x7d, 0xeb, 0x5f, 0xff, 0xf4,
    0x2e, 0x57, 0x5d, 0xf5, 0x5f, 0x0b, 0xf1, 0xff, 0xdc, 0x2d, 0x2f, 0xfd, 0xd6, 0x3f, 0x0d, 0xbc,
    0x15, 0x57, 0xfd, 0x97, 0x11, 0x5c, 0x32, 0x7c, 0x75, 0xc0, 0x57, 0xdf, 0xfa, 0xd7, 0x3f, 0xbd,
    0xcb, 0x55, 0x57, 0xfd, 0x0f, 0xf4, 0xe0, 0x97, 0x7e, 0xeb, 0x97, 0x4e, 0x78, 0x6f, 0xc1, 0x5b,
    0x1b, 0x1e, 0xc4, 0x55, 0x57, 0xfd, 0x07, 0x10, 0x5c, 0x32, 0x7c, 0x75, 0xc0, 0x57, 0xdf, 0xfa,
    0xd7, 0x3f, 0xbd, 0xcb, 0x55, 0x57, 0xfd, 0xf7, 0x40, 0xfc, 0x3f, 0x77, 0xcb, 0x4b, 0xbf, 0xf5,
    0x67, 0x03, 0x9f, 0xc5, 0x55, 0xff, 0xe9, 0x04, 0x97, 0x0c, 0x5f, 0x1d, 0xf0, 0xd5, 0xb7, 0xfe,
    0xf5, 0x4f, 0xef, 0x72, 0xd5, 0x55, 0xff, 0x4b, 0x3c, 0xf8, 0xa5, 0xdf, 0xfa, 0xa5, 0x13, 0xde,
    0x5b, 0xf0, 0xd6, 0x86, 0x07, 0x71, 0xd5, 0x55, 0xff, 0x4a, 0x82, 0x4b, 0x86, 0xaf, 0x0e, 0xf8,
    0xea, 0x5b, 0xff, 0xfa, 0xa7, 0x77, 0xb9, 0xea, 0xaa, 0xff, 0x5e, 0x88, 0xff, 0xe7, 0x1e, 0xfc,
    0xd2, 0x6f, 0xfd, 0xda, 0x09, 0xbf, 0xc5, 0x55, 0xff, 0x69, 0x04, 0x97, 0x0c, 0x5f, 0x1d, 0xf0,
    0xd5, 0xb7, 0xfe, 0xf5, 0x4f, 0xef, 0x72, 0xd5, 0x55, 0xff, 0x8b, 0x3d, 0xf8, 0xa5, 0xdf, 0xfa,
    0xa5, 0x13, 0xde, 0x5b, 0xf0, 0xd6, 0x86, 0x07, 0x71, 0xd5, 0x55, 0x2f, 0x84, 0xe0, 0x92, 0xe1,
    0xab, 0x03, 0xbe, 0xfa, 0xd6, 0xbf, 0xfe, 0xe9, 0x5d, 0xae, 0xba, 0xea, 0x7f, 0x06, 0xc4, 0xff,
    0x73, 0x0f, 0x7e, 0xe9, 0xb7, 0x3e, 0x9e, 0x70, 0x91, 0xab, 0xfe, 0xc3, 0x09, 0x2e, 0x19, 0xbe,
    0x3a, 0xe0, 0xab, 0x6f, 0xfd, 0xeb, 0x9f, 0xde, 0xe5, 0xaa, 0xab, 0xfe, 0x8f, 0x79, 0xf0, 0x4b,
    0xbf, 0xf5, 0x4b, 0x27, 0xbc, 0xb7, 0xe0, 0xad, 0x0d, 0x0f, 0xe2, 0xaa, 0xab, 0x9e, 0x49, 0x70,
    0xc9, 0xf0, 0xd5, 0x01, 0x5f, 0x7d, 0xeb, 0x5f, 0xff, 0xf4, 0x2e, 0x57, 0x5d, 0xf5, 0x3f, 0x0b,
    0xe2, 0x2a, 0x1e, 0xf4, 0xd2, 0x6f, 0x7d, 0xab, 0xe1, 0x41, 0x5c, 0xf5, 0x1f, 0x42, 0x70, 0xc9,
    0xf0, 0xd5, 0x01, 0x5f, 0x7d, 0xeb, 0x5f, 0xff, 0xf4, 0x2e, 0x57, 0x5d, 0xf5, 0xff, 0xc0, 0x83,
    0x5f, 0xfa, 0xad, 0x5f, 0x3a, 0xe1, 0xbd, 0x05, 0x6f, 0x6d, 0x78, 0x10, 0x57, 0xfd, 0xbf, 0x24,
    0xb8, 0x64, 0xf8, 0xea, 0x80, 0xaf, 0xbe, 0xf5, 0xaf, 0x7f, 0x7a, 0x97, 0xab, 0xae, 0xfa, 0x9f,
    0x09, 0x71, 0x15, 0xb7, 0xbc, 0xf4, 0x5b, 0x7f, 0x35, 0xf0, 0x51, 0x5c, 0xf5, 0xef, 0x22, 0xb8,
    0x64, 0xf8, 0xea, 0x80, 0xaf, 0xbe, 0xf5, 0xaf, 0x7f, 0x7a, 0x97, 0xab, 0xae, 0xfa, 0x7f, 0xea,
    0xc1, 0x2f, 0xfd, 0xd6, 0x2f, 0x9d, 0xf0, 0xde, 0x82, 0xb7, 0x36, 0x3c, 0x88, 0xab, 0xfe, 0xcf,
    0x13, 0x5c, 0x32, 0x7c, 0x75, 0xc0, 0x57, 0xdf, 0xfa, 0xd7, 0x3f, 0xbd, 0xcb, 0x55, 0x57, 0xfd,
    0xcf, 0x86, 0xb8, 0x8a, 0x07, 0xbf, 0xf4, 0x5b, 0xbf, 0x74, 0xc2, 0x5f, 0x71, 0xd5, 0xbf, 0x89,
    0xe0, 0x92, 0xe1, 0xab, 0x03, 0xbe, 0xfa, 0xd6, 0xbf, 0xfe, 0xe9, 0x5d, 0xae, 0xba, 0xea, 0xaa,
    0x67, 0x79, 0xf0, 0x4b, 0xbf, 0xf5, 0x4b, 0x27, 0xbc, 0xb7, 0xe0, 0xad, 0x0d, 0x0f, 0xe2, 0xaa,
    0xff, 0x53, 0x04, 0x97, 0x0c, 0x5f, 0x1d, 0xf0, 0xd5, 0xb7, 0xfe, 0xf5, 0x4f, 0xef, 0x72, 0xd5,
    0x55, 0xff, 0x3b, 0x20, 0xae, 0xba, 0xec, 0x41, 0x2f, 0xfd, 0xd6, 0xb7, 0x1a, 0x1e, 0xc4, 0x55,
    0x2f, 0x32, 0xc1, 0x25, 0xc3, 0x57, 0x07, 0x7c, 0xf5, 0xad, 0x7f, 0xfd, 0xd3, 0xbb, 0x5c, 0x75,
    0xd5, 0x55, 0x2f, 0xd4, 0x83, 0x5f, 0xfa, 0xad, 0x5f, 0x3a, 0xe1, 0xbd, 0x05, 0x6f, 0x6d, 0x78,
    0x10, 0x57, 0xfd, 0xaf, 0x25, 0xb8, 0x64, 0xf8, 0xea, 0x80, 0xaf, 0xbe, 0xf5, 0xaf, 0x7f, 0x7a,
    0x97, 0xab, 0xae, 0xfa, 0xdf, 0x05, 0x71, 0xd5, 0x65, 0x0f, 0x7e, 0xe9, 0xb7, 0xfe, 0xe8, 0x84,
    0xaf, 0xe2, 0xaa, 0x7f, 0x91, 0xe0, 0x92, 0xe1, 0xab, 0x03, 0xbe, 0xfa, 0xd6, 0xbf, 0xfe, 0xe9,
    0x5d, 0xae, 0xba, 0xea, 0xaa, 0x7f, 0xb5, 0x07, 0xbf, 0xf4, 0x5b, 0xbf, 0x74, 0xc2, 0x7b, 0x0b,
    0xde, 0xda, 0xf0, 0x20, 0xae, 0xfa, 0x5f, 0x41, 0x70, 0xc9, 0xf0, 0xd5, 0x01, 0x5f, 0x7d, 0xeb,
    0x5f, 0xff, 0xf4, 0x2e, 0x57, 0x5d, 0xf5, 0xbf, 0x13, 0xe2, 0xaa, 0xcb, 0x1e, 0xfc, 0xd2, 0x6f,
    0x7d, 0xdc, 0x70, 0xab, 0xe1, 0x18, 0x57, 0x3d, 0x5f, 0x82, 0x4b, 0x86, 0xaf, 0x0e, 0xf8, 0xea,
    0x5b, 0xff, 0xfa, 0xa7, 0x77, 0xb9, 0xea, 0xaa, 0xab, 0xfe, 0x43, 0x3c, 0xf8, 0xa5, 0xdf, 0xfa,
    0xa5, 0x13, 0xde, 0x5b, 0xf0, 0xd6, 0x86, 0x07, 0x71, 0xd5, 0xff, 0x38, 0x82, 0x4b, 0x86, 0xaf,
    0x0e, 0xf8, 0xea, 0x5b, 0xff, 0xfa, 0xa7, 0x77, 0xb9, 0xea, 0xaa, 0xff, 0xdd, 0x10, 0x57, 0x3d,
    0xcb, 0x2d, 0x2f, 0xfd, 0xd6, 0x9f, 0x0d, 0x7c, 0x16, 0x57, 0x3d, 0x07, 0xc1, 0x25, 0xc3, 0x57,
    0x07, 0x7c, 0xf5, 0xad, 0x7f, 0xfd, 0xd3, 0xbb, 0x5c, 0x75, 0xd5, 0x55, 0xff, 0x69, 0x1e, 0xfc,
    0xd2, 0x6f, 0xfd, 0xd2, 0x09, 0xef, 0x2d, 0x78, 0x6b, 0xc3, 0x83, 0xb8, 0xea, 0xbf, 0x95, 0xe0,
    0x92, 0xe1, 0xab, 0x03, 0xbe, 0xfa, 0xd6, 0xbf, 0xfe, 0xe9, 0x5d, 0xae, 0xba, 0xea, 0xff, 0x06,
    0xc4, 0x55, 0xcf, 0xf2, 0xe0, 0x97, 0x7e, 0xeb, 0xe3, 0x86, 0x5b, 0x0d, 0xc7, 0xb8, 0x0a, 0xc1,
    0x25, 0xc3, 0x57, 0x07, 0x7c, 0xf5, 0xad, 0x7f, 0xfd, 0xd3, 0xbb, 0x5c, 0x75, 0xd5, 0x55, 0xff,
    0xa5, 0x1e, 0xfc, 0xd2, 0x6f, 0xfd, 0xd2, 0x09, 0xef, 0x2d, 0x78, 0x6b, 0xc3, 0x83, 0xb8, 0xea,
    0xbf, 0x8c, 0xe0, 0x92, 0xe1, 0xab, 0x03, 0xbe, 0xfa, 0xd6, 0xbf, 0xfe, 0xe9, 0x5d, 0xae, 0xba,
    0xea, 0xff, 0x16, 0xc4, 0x55, 0xcf, 0xe1, 0xc1, 0x2f, 0xfd, 0xd6, 0xef, 0x9d, 0xf0, 0x5d, 0xfc,
    0x3f, 0x26, 0xb8, 0x64, 0xf8, 0xea, 0x80, 0xaf, 0xbe, 0xf5, 0xaf, 0x7f, 0x7a, 0x97, 0xab, 0xae,
    0xba, 0xea, 0xbf, 0xdd, 0x83, 0x5f, 0xfa, 0xad, 0x5f, 0x3a, 0xe1, 0xbd, 0x05, 0x6f, 0x6d, 0x78,
    0x10, 0x57, 0xfd, 0xa7, 0x10, 0x5c, 0x32, 0x7c, 0x75, 0xc0, 0x57, 0xdf, 0xfa, 0xd7, 0x3f, 0xbd,
    0xcb, 0x55, 0x57, 0xfd, 0xdf, 0x84, 0xb8, 0xea, 0x79, 0x3c, 0xe8, 0xa5, 0xdf, 0xfa, 0xb7, 0x0d,
    0xaf, 0xc5, 0xff, 0x33, 0x82, 0x4b, 0x86, 0xaf, 0x0e, 0xf8, 0xea, 0x5b, 0xff, 0xfa, 0xa7, 0x77,
    0xb9, 0xea, 0xaa, 0xab, 0xfe, 0x47, 0x7a, 0xf0, 0x4b, 0xbf, 0xf5, 0x4b, 0x27, 0xbc, 0xb7, 0xe0,
    0xad, 0x0d, 0x0f, 0xe2, 0xaa, 0x7f, 0x37, 0xc1, 0x25, 0xc3, 0x57, 0x07, 0x7c, 0xf5, 0xad, 0x7f,
    0xfd, 0xd3, 0xbb, 0x5c, 0x75, 0xd5, 0xff, 0x6d, 0x88, 0xab, 0x9e, 0xc7, 0x83, 0x5f, 0xfa, 0xad,
    0x1f, 0x6c, 0xf8, 0x6b, 0xc3, 0x31, 0xfe, 0x1f, 0x10, 0x5c, 0x32, 0x7c, 0x75, 0xc0, 0x57, 0xdf,
    0xfa, 0xd7, 0x3f, 0xbd, 0xcb, 0x55, 0x57, 0x5d, 0xf5, 0xbf, 0xc6, 0x83, 0x5f, 0xfa, 0xad, 0x5f,
    0x3a, 0xe1, 0xbd, 0x05, 0x6f, 0x6d, 0x78, 0x10, 0x57, 0xfd, 0xab, 0x08, 0x2e, 0x19, 0xbe, 0x3a,
    0xe0, 0xab, 0x6f, 0xfd, 0xeb, 0x9f, 0xde, 0xe5, 0xaa, 0xab, 0xfe, 0x7f, 0x40, 0x5c, 0xf5, 0x7c,
    0x3d, 0xf8, 0xa5, 0xdf, 0xfa, 0xbd, 0x13, 0xbe, 0x8b, 0xff, 0xc3, 0x04, 0x97, 0x0c, 0x5f, 0x1d,
    0xf0, 0xd5, 0xb7, 0xfe, 0xf5, 0x4f, 0xef, 0x72, 0xd5, 0x55, 0x57, 0xfd, 0xaf, 0xf6, 0xe0, 0x97,
    0x7e, 0xeb, 0x97, 0x4e, 0x78, 0x6f, 0xc1, 0x5b, 0x1b, 0x1e, 0xc4, 0x55, 0x2f, 0x90, 0xe0, 0x92,
    0xe1, 0xab, 0x03, 0xbe, 0xfa, 0xd6, 0xbf, 0xfe, 0xe9, 0x5d, 0xae, 0xba, 0xea, 0xff, 0x17, 0xc4,
    0x55, 0x2f, 0xd0, 0x2d, 0x2f, 0xfd, 0xd6, 0x9f, 0x0d, 0x7c, 0x16, 0xff, 0xc7, 0x08, 0x2e, 0x19,
    0xbe, 0x3a, 0xe0, 0xab, 0x6f, 0xfd, 0xeb, 0x9f, 0xde, 0xe5, 0xaa, 0xab, 0xae, 0xfa, 0x3f, 0xe7,
    0xc1, 0x2f, 0xfd, 0xd6, 0x2f, 0x9d, 0xf0, 0xde, 0x82, 0xb7, 0x36, 0x3c, 0x88, 0xab, 0x2e, 0x13,
    0x5c, 0x32, 0x7c, 0x75, 0xc0, 0x57, 0xdf, 0xfa, 0xd7, 0x3f, 0xbd, 0xcb, 0x55, 0x57, 0xfd, 0xff,
    0x84, 0xb8, 0xea, 0x85, 0xba, 0xe5, 0xa5, 0xdf, 0xfa, 0xbb, 0x81, 0xf7, 0xe2, 0xff, 0x00, 0xc1,
    0x25, 0xc3, 0x57, 0x07, 0x7c, 0xf5, 0xad, 0x7f, 0xfd, 0xd3, 0xbb, 0x5c, 0x75, 0xd5, 0x55, 0xff,
    0x2f, 0x3c, 0xf8, 0xa5, 0xdf, 0xfa, 0xa5, 0x13, 0xde, 0x5b, 0xf0, 0xd6, 0x86, 0x07, 0xf1, 0xff,
    0x90, 0xe0, 0x92, 0xe1, 0xab, 0x03, 0xbe, 0xfa, 0xd6, 0xbf, 0xfe, 0xe9, 0x5d, 0xae, 0xba, 0xea,
    0xff, 0x37, 0xc4, 0x55, 0xff, 0xa2, 0x5b, 0x5e, 0xfa, 0xad, 0xbf, 0x1b, 0x78, 0x2f, 0xfe, 0x97,
    0x12, 0x5c, 0x32, 0x7c, 0x75, 0xc0, 0x57, 0xdf, 0xfa, 0xd7, 0x3f, 0xbd, 0xcb, 0x55, 0x57, 0x5d,
    0xf5, 0xff, 0xd6, 0x83, 0x5f, 0xfa, 0xad, 0x5f, 0x3a, 0xe1, 0xbd, 0x05, 0x6f, 0x6d, 0x78, 0x10,
    0xff, 0xc7, 0x09, 0x2e, 0x19, 0xbe, 0x3a, 0xe0, 0xab, 0x6f, 0xfd, 0xeb, 0x9f, 0xde, 0xe5, 0xaa,
    0xab, 0xae, 0x02, 0x40, 0x5c, 0xf5, 0x22, 0xb9, 0xe5, 0xa5, 0xdf, 0xfa, 0xbb, 0x81, 0xf7, 0xe2,
    0x7f, 0x11, 0xc1, 0x25, 0xc3, 0x57, 0x07, 0x7c, 0xf5, 0xad, 0x7f, 0xfd, 0xd3, 0xbb, 0x5c, 0x75,
    0xd5, 0x55, 0x57, 0x3d, 0xc0, 0x83, 0x5f, 0xfa, 0xad, 0x5f, 0x3a, 0xe1, 0xbd, 0x05, 0x6f, 0x6d,
    0x78, 0x10, 0xff, 0x87, 0x08, 0x2e, 0x19, 0xbe, 0x3a, 0xe0, 0xab, 0x6f, 0xfd, 0xeb, 0x9f, 0xde,
    0xe5, 0xaa, 0xab, 0xae, 0x7a, 0x20, 0xc4, 0x55, 0x2f, 0xb2, 0x5b, 0x5e, 0xfa, 0xad, 0xbf, 0x1a,
    0xf8, 0x28, 0xfe, 0x87, 0x13, 0x5c, 0x32, 0x7c, 0x75, 0xc0, 0x57, 0xdf, 0xfa, 0xd7, 0x3f, 0xbd,
    0xcb, 0x55, 0x57, 0x5d, 0x75, 0xd5, 0xbf, 0xe0, 0xc1, 0x2f, 0xfd, 0xd6, 0x2f, 0x9d, 0xf0, 0xde,
    0x82, 0xb7, 0x36, 0x3c, 0x88, 0xff, 0xa5, 0x04, 0x97, 0x0c, 0x5f, 0x1d, 0xf0, 0xd5, 0xb7, 0xfe,
    0xf5, 0x4f, 0xef, 0x72, 0xd5, 0x55, 0x57, 0x3d, 0x3f, 0x88, 0xab, 0xfe, 0x55, 0x1e, 0xfc, 0xd2,
    0x6f, 0xfd, 0xd6, 0x86, 0xef, 0x36, 0x1c, 0xe3, 0x7f, 0x18, 0xc1, 0x25, 0xc3, 0x57, 0x07, 0x7c,
    0xf5, 0xad, 0x7f, 0xfd, 0xd3, 0xbb, 0x5c, 0x75, 0xd5, 0x55, 0x57, 0xfd, 0x1b, 0x3c, 0xf8, 0xa5,
    0xdf, 0xfa, 0xa5, 0x13, 0xde, 0x5b, 0xf0, 0xd6, 0x86, 0x07, 0xf1, 0xbf, 0x80, 0xe0, 0x92, 0xe1,
    0xab, 0x03, 0xbe, 0xfa, 0xd6, 0xbf, 0xfe, 0xe9, 0x5d, 0xae, 0xba, 0xea, 0xaa, 0x17, 0x06, 0x71,
    0xd5, 0xbf, 0xda, 0x83, 0x5f, 0xfa, 0xad, 0x8f, 0x27, 0x7c, 0x37, 0xf0, 0x56, 0xfc, 0x0f, 0x20,
    0xb8, 0x64, 0xf8, 0xea, 0x80, 0xaf, 0xbe, 0xf5, 0xaf, 0x7f, 0x7a, 0x97, 0xab, 0xae, 0xba, 0xea,
    0xaa, 0xff, 0x20, 0x0f, 0x7e, 0xe9, 0xb7, 0x7e, 0xe9, 0x84, 0xf7, 0x16, 0xbc, 0xb5, 0xe1, 0x41,
    0xfc, 0x0f, 0x23, 0xb8, 0x64, 0xf8, 0xea, 0x80, 0xaf, 0xbe, 0xf5, 0xaf, 0x7f, 0x7a, 0x97, 0xab,
    0xae, 0xba, 0xea, 0x45, 0x81, 0xb8, 0xea, 0xdf, 0xec, 0xc1, 0x2f, 0xfd, 0xd6, 0xef, 0x6d, 0xf8,
    0x6c, 0xc3, 0x83, 0xf8, 0x6f, 0x20, 0xb8, 0x64, 0xf8, 0xea, 0x80, 0xaf, 0xbe, 0xf5, 0xaf, 0x7f,
    0x7a, 0x97, 0xab, 0xae, 0xba, 0xea, 0xaa, 0xff, 0x44, 0x0f, 0x7e, 0xe9, 0xb7, 0x7e, 0xe9, 0x84,
    0xf7, 0x16, 0xbc, 0xb5, 0xe1, 0x41, 0xfc, 0x37, 0x12, 0x5c, 0x32, 0x7c, 0x75, 0xc0, 0x57, 0xdf,
    0xfa, 0xd7, 0x3f, 0xbd, 0xcb, 0x55, 0x57, 0x5d, 0xf5, 0xaf, 0x81, 0xb8, 0xea, 0xdf, 0xed, 0xc1,
    0x2f, 0xfd, 0xd6, 0xef, 0x6d, 0xf8, 0x6c, 0xc3, 0x83, 0xf8, 0x2f, 0x20, 0xb8, 0x64, 0xf8, 0xea,
    0x80, 0xaf, 0xbe, 0xf5, 0xaf, 0x7f, 0x7a, 0x97, 0xab, 0xae, 0xba, 0xea, 0xaa, 0xff, 0x62, 0x0f,
    0x7e, 0xe9, 0xb7, 0x7e, 0xe9, 0x84, 0xf7, 0x16, 0xbc, 0xb5, 0xe1, 0x41, 0xfc, 0x17, 0x11, 0x3c,
    0xc3, 0xf0, 0xdd, 0x01, 0x5f, 0x7d, 0xeb, 0x5f, 0xff, 0xf4, 0x2e, 0x57, 0x5d, 0x75, 0xd5, 0xbf,
    0x05, 0xe2, 0xaa, 0xff, 0x30, 0x0f, 0x7e, 0xe9, 0xb7, 0x7e, 0x6f, 0xc3, 0x7b, 0x1b, 0x5e, 0x8b,
    0xff, 0x04, 0x82, 0xbf, 0x11, 0x7c, 0xf5, 0xad, 0x7f, 0xfd, 0xd3, 0xdf, 0xcd, 0x55, 0x57, 0x5d,
    0x75, 0xd5, 0xff, 0x10, 0x0f, 0x7e, 0xe9, 0xb7, 0x7e, 0xe9, 0x84, 0xf7, 0x16, 0xbc, 0xb5, 0xe1,
    0x41, 0xfc, 0x27, 0x10, 0xfc, 0x8e, 0xe0, 0xbb, 0x6f, 0xfd, 0xeb, 0x9f, 0xfe, 0x6e, 0xae, 0xba,
    0xea, 0xaa, 0x7f, 0x2f, 0xc4, 0x55, 0xff, 0xe1, 0x1e, 0xfc, 0xd2, 0x6f, 0xfd, 0x60, 0xe0, 0xad,
    0x0d, 0xef, 0x6d, 0x78, 0x29, 0xfe, 0x1d, 0x04, 0x7f, 0x63, 0xf8, 0xe9, 0x80, 0x9f, 0xbe, 0xf5,
    0xaf, 0x7f, 0xfa, 0xaf, 0xb9, 0xea, 0xaa, 0xab, 0xae, 0xfa, 0x1f, 0xec, 0xc1, 0x2f, 0xfd, 0xd6,
    0x2f, 0x9d, 0xf0, 0xd6, 0x82, 0xb7, 0x36, 0xbc, 0x14, 0xff, 0x0e, 0x82, 0xdf, 0x11, 0xfc, 0x34,
    0xf0, 0xd3, 0xb7, 0xfe, 0xf5, 0x4f, 0xdf, 0xca, 0x55, 0x57, 0x5d, 0xf5, 0x1f, 0x05, 0x71, 0xd5,
    0x7f, 0xba, 0x07, 0xbf, 0xf4, 0x5b, 0xbf, 0x36, 0xf0, 0xd2, 0x09, 0x2f, 0x2d, 0x78, 0x30, 0x57,
    0x3c, 0xd8, 0xf0, 0x20, 0x9e, 0x49, 0xf0, 0x3b, 0x00, 0x86, 0x5b, 0x81, 0x5b, 0x03, 0x7e, 0x1b,
    0xb8, 0xf5, 0xd6, 0xbf, 0xfe, 0xe9, 0x5b, 0xb9, 0xea, 0xaa, 0xab, 0xae, 0xfa, 0x5f, 0xe8, 0xc1,
    0x2f, 0xfd, 0xd6, 0xc7, 0x81, 0x97, 0x4e, 0x78, 0x6d, 0xe0, 0xc1, 0x82, 0x07, 0x03, 0x18, 0x5e,
    0x8b, 0x67, 0x12, 0x3c, 0x03, 0xb8, 0x15, 0xc0, 0xf0, 0xd7, 0x01, 0xb7, 0x02, 0x7f, 0x0d, 0xfc,
    0xf5, 0xad, 0x7f, 0xfd, 0xd3, 0xbb, 0x5c, 0x75, 0xd5, 0x55, 0xff, 0x19, 0x10, 0x57, 0x5d, 0x75,
    0xd5, 0x55, 0x57, 0x5d, 0x75, 0xd5, 0x55, 0x57, 0xfd, 0x7f, 0x82, 0xb8, 0xea, 0xaa, 0xab, 0xae,
    0xba, 0xea, 0xaa, 0xab, 0xae, 0xba, 0xea, 0xff, 0x13, 0xc4, 0x55, 0x57, 0x5d, 0x75, 0xd5, 0x55,
    0x57, 0x5d, 0x75, 0xd5, 0x55, 0xff, 0x9f, 0x20, 0xae, 0xba, 0xea, 0xaa, 0xab, 0xae, 0xba, 0xea,
    0xaa, 0xab, 0xae, 0xfa, 0xff, 0x04, 0x71, 0xd5, 0x55, 0x57, 0x5d, 0x75, 0xd5, 0x55, 0x57, 0x5d,
    0x75, 0xd5, 0xff, 0x27, 0x88, 0xab, 0xae, 0xba, 0xea, 0xaa, 0xab, 0xae, 0xba, 0xea, 0xaa, 0xab,
    0xfe, 0x3f, 0x41, 0x5c, 0x75, 0xd5, 0x55, 0x57, 0x5d, 0x75, 0xd5, 0x55, 0x57, 0x5d, 0xf5, 0xff,
    0x09, 0xe2, 0xaa, 0xab, 0xae, 0xba, 0xea, 0xaa, 0xab, 0xae, 0xba, 0xea, 0xaa, 0xff, 0x4f, 0x10,
    0x57, 0x5d, 0x75, 0xd5, 0x55, 0x57, 0x5d, 0x75, 0xd5, 0x55, 0x57, 0xfd, 0x7f, 0x82, 0xb8, 0xea,
    0xaa, 0xab, 0xae, 0xba, 0xea, 0xaa, 0xab, 0xae, 0xba, 0xea, 0xff, 0x13, 0xc4, 0x55, 0x57, 0x5d,
    0x75, 0xd5, 0x55, 0x57, 0x5d, 0x75, 0xd5, 0x55, 0xff, 0x9f, 0x20, 0xae, 0xba, 0xea, 0xaa, 0xab,
    0xae, 0xba, 0xea, 0xaa, 0xab, 0xae, 0xfa, 0xff, 0x04, 0x71, 0xd5, 0x55, 0x57, 0x5d, 0x75, 0xd5,
    0x55, 0x57, 0x5d, 0x75, 0xd5, 0xff, 0x27, 0x88, 0xab, 0xae, 0xba, 0xea, 0xaa, 0xab, 0xae, 0xba,
    0xea, 0xaa, 0xab, 0xfe, 0x3f, 0x41, 0x5c, 0x75, 0xd5, 0x55, 0x57, 0x5d, 0x75, 0xd5, 0x55, 0x57,
    0x5d, 0xf5, 0xff, 0x09, 0xe2, 0xaa, 0xab, 0xae, 0xba, 0xea, 0xaa, 0xab, 0xae, 0xba, 0xea, 0xaa,
    0xff, 0x4f, 0x10, 0x57, 0x5d, 0x75, 0xd5, 0x55, 0x57, 0x5d, 0x75, 0xd5, 0x55, 0x57, 0xfd, 0x7f,
    0x82, 0xb8, 0xea, 0xaa, 0xab, 0xae, 0xba, 0xea, 0xaa, 0xab, 0xae, 0xba, 0xea, 0xff, 0x13, 0xc4,
    0x55, 0x57, 0x5d, 0x75, 0xd5, 0x55, 0x57, 0x5d, 0x75, 0xd5, 0x55, 0xff, 0x9f, 0x20, 0xae, 0xba,
    0xea, 0xaa, 0xab, 0xae, 0xba, 0xea, 0xaa, 0xab, 0xae, 0xfa, 0xff, 0x04, 0x71, 0xd5, 0x55, 0x57,
    0x5d, 0x75, 0xd5, 0x55, 0x57, 0x5d, 0x75, 0xd5, 0xff, 0x27, 0x88, 0xab, 0xae, 0xba, 0xea, 0xaa,
    0xab, 0xae, 0xba, 0xea, 0xaa, 0xab, 0xfe, 0x3f, 0x41, 0x5c, 0x75, 0xd5, 0x55, 0x57, 0x5d, 0x75,
    0xd5, 0x55, 0x57, 0x5d, 0xf5, 0xff, 0x09, 0xe2, 0xaa, 0xab, 0xae, 0xba, 0xea, 0xaa, 0xab, 0xae,
    0xba, 0xea, 0xaa, 0xff, 0x4f, 0x10, 0x57, 0x5d, 0x75, 0xd5, 0x55, 0x57, 0x5d, 0x75, 0xd5, 0x55,
    0x57, 0xfd, 0x7f, 0x82, 0xb8, 0xea, 0xaa, 0xab, 0xae, 0xba, 0xea, 0xaa, 0xab, 0xae, 0xba, 0xea,
    0xff, 0x13, 0xc4, 0x55, 0x57, 0x5d, 0x75, 0xd5, 0x55, 0x57, 0x5d, 0x75, 0xd5, 0x55, 0xff, 0x9f,
    0x20, 0xae, 0xba, 0xea, 0xaa, 0xab, 0xae, 0xba, 0xea, 0xaa, 0xab, 0xae, 0xfa, 0xff, 0x04, 0x71,
    0xd5, 0x55, 0x57, 0x5d, 0x75, 0xd5, 0x55, 0x57, 0x5d, 0x75, 0xd5, 0xff, 0x27, 0x88, 0xab, 0xae,
    0xba, 0xea, 0xaa, 0xab, 0xae, 0xba, 0xea, 0xaa, 0xab, 0xfe, 0x3f, 0x41, 0x5c, 0x75, 0xd5, 0x55,
    0x57, 0x5d, 0x75, 0xd5, 0x55, 0x57, 0x5d, 0xf5, 0xff, 0x09, 0xe2, 0xaa, 0xab, 0xae, 0xba, 0xea,
    0xaa, 0xab, 0xae, 0xba, 0xea, 0xaa, 0xff, 0x4f, 0x10, 0x57, 0x5d, 0x75, 0xd5, 0x55, 0x57, 0x5d,
    0x75, 0xd5, 0x55, 0x57, 0xfd, 0x7f, 0x82, 0xb8, 0xea, 0xaa, 0xab, 0xae, 0xba, 0xea, 0xaa, 0xab,
    0xae, 0xba, 0xea, 0xff, 0x13, 0xc4, 0x55, 0x57, 0x5d, 0x75, 0xd5, 0x55, 0x57, 0x5d, 0x75, 0xd5,
    0x55, 0xff, 0x9f, 0x20, 0xae, 0xba, 0xea, 0xaa, 0xab, 0xae, 0xba, 0xea, 0xaa, 0xab, 0xae, 0xfa,
    0xff, 0x04, 0x71, 0xd5, 0x55, 0x57, 0x5d, 0x75, 0xd5, 0x55, 0x57, 0x5d, 0x75, 0xd5, 0xff, 0x27,
    0x88, 0xab, 0xae, 0xba, 0xea, 0xaa, 0xab, 0xae, 0xba, 0xea, 0xaa, 0xab, 0xfe, 0x3f, 0x41, 0x5c,
    0x75, 0xd5, 0x55, 0x57, 0x5d, 0x75, 0xd5, 0x55, 0x57, 0x5d, 0xf5, 0xff, 0x09, 0xe2, 0xaa, 0xab,
    0xae, 0xba, 0xea, 0xaa, 0xab, 0xae, 0xba, 0xea, 0xaa, 0xff, 0x4f, 0x10, 0x57, 0x5d, 0x75, 0xd5,
    0x55, 0x57, 0x5d, 0x75, 0xd5, 0x55, 0x57, 0xfd, 0x7f, 0x82, 0xb8, 0xea, 0xaa, 0xab, 0xae, 0xba,
    0xea, 0xaa, 0xab, 0xae, 0xba, 0xea, 0xff, 0x13, 0xc4, 0x55, 0x57, 0x5d, 0x75, 0xd5, 0x55, 0x57,
    0x5d, 0x75, 0xd5, 0x55, 0xff, 0x9f, 0x20, 0xae, 0xba, 0xea, 0xaa, 0xab, 0xae, 0xba, 0xea, 0xaa,
    0xab, 0xae, 0xfa, 0xff, 0x04, 0x71, 0xd5, 0x55, 0x57, 0x5d, 0x75, 0xd5, 0x55, 0x57, 0x5d, 0x75,
    0xd5, 0xff, 0x27, 0x88, 0xab, 0xae, 0xba, 0xea, 0xaa, 0xab, 0xae, 0xba, 0xea, 0xaa, 0xab, 0xfe,
    0x3f, 0x41, 0x5c, 0x75, 0xd5, 0x55, 0x57, 0x5d, 0x75, 0xd5, 0x55, 0x57, 0x5d, 0xf5, 0xff, 0x09,
    0xe2, 0xaa, 0xab, 0xae, 0xba, 0xea, 0xaa, 0xab, 0xae, 0xba, 0xea, 0xaa, 0xff, 0x4f, 0x10, 0x57,
    0x5d, 0x75, 0xd5, 0x55, 0x57, 0x5d, 0x75, 0xd5, 0x55, 0x57, 0xfd, 0x7f, 0x82, 0xb8, 0xea, 0xaa,
    0xab, 0xae, 0xba, 0xea, 0xaa, 0xab, 0xae, 0xba, 0xea, 0xff, 0x13, 0xc4, 0x55, 0x57, 0x5d, 0x75,
    0xd5, 0x55, 0x57, 0x5d, 0x75, 0xd5, 0x55, 0xff, 0x9f, 0x20, 0xae, 0xba, 0xea, 0xaa, 0xab, 0xae,
    0xba, 0xea, 0xaa, 0xab, 0xae, 0xfa, 0xff, 0x04, 0x71, 0xd5, 0x55, 0x57, 0x5d, 0x75, 0xd5, 0x55,
    0x57, 0x5d, 0x75, 0xd5, 0xff, 0x27, 0x88, 0xab, 0xae, 0xba, 0xea, 0xaa, 0xab, 0xae, 0xba, 0xea,
    0xaa, 0xab, 0xfe, 0x3f, 0x41, 0x5c, 0x75, 0xd5, 0x55, 0x57, 0x5d, 0x75, 0xd5, 0x55, 0x57, 0x5d,
    0xf5, 0xff, 0x09, 0xe2, 0xaa, 0xab, 0xae, 0xba, 0xea, 0xaa, 0xab, 0xae, 0xba, 0xea, 0xaa, 0xff,
    0x4f, 0x10, 0x57, 0x5d, 0x75, 0xd5, 0x55, 0x57, 0x5d, 0x75, 0xd5, 0x55, 0x57, 0xfd, 0x7f, 0x82,
    0xb8, 0xea, 0xaa, 0xab, 0xae, 0xba, 0xea, 0xaa, 0xab, 0xae, 0xba, 0xea, 0xff, 0x13, 0xc4, 0x55,
    0x57, 0x5d, 0x75, 0xd5, 0x55, 0x57, 0x5d, 0x75, 0xd5, 0x55, 0xff, 0x9f, 0x20, 0xae, 0xba, 0xea,
    0xaa, 0xab, 0xae, 0xba, 0xea, 0xaa, 0xab, 0xae, 0xfa, 0xff, 0x04, 0x71, 0xd5, 0x55, 0x57, 0x5d,
    0x75, 0xd5, 0x55, 0x57, 0x5d, 0x75, 0xd5, 0xff, 0x27, 0x88, 0xab, 0xae, 0xba, 0xea, 0xaa, 0xab,
    0xae, 0xba, 0xea, 0xaa, 0xab, 0xfe, 0x3f, 0x41, 0x5c, 0x75, 0xd5, 0x55, 0x57, 0x5d, 0x75, 0xd5,
    0x55, 0x57, 0x5d, 0xf5, 0xff, 0x09, 0xe2, 0xaa, 0xab, 0xae, 0xba, 0xea, 0xaa, 0xab, 0xae, 0xba,
    0xea, 0xaa, 0xff, 0x4f, 0x10, 0x57, 0x5d, 0x75, 0xd5, 0x55, 0x57, 0x5d, 0x75, 0xd5, 0x55, 0x57,
    0xfd, 0x7f, 0x82, 0xb8, 0xea, 0xaa, 0xab, 0xae, 0xba, 0xea, 0xaa, 0xab, 0xae, 0xba, 0xea, 0xff,
    0x13, 0xc4, 0x55, 0x57, 0x5d, 0x75, 0xd5, 0x55, 0x57, 0x5d, 0x75, 0xd5, 0x55, 0xff, 0x9f, 0x20,
    0xae, 0xba, 0xea, 0xaa, 0xab, 0xae, 0xba, 0xea, 0xaa, 0xab, 0xae, 0xfa, 0xff, 0x04, 0x71, 0xd5,
    0x55, 0x57, 0x5d, 0x75, 0xd5, 0x55, 0x57, 0x5d, 0x75, 0xd5, 0xff, 0x27, 0x88, 0xab, 0xae, 0xba,
    0xea, 0xaa, 0xab, 0xae, 0xba, 0xea, 0xaa, 0xab, 0xfe, 0x3f, 0x41, 0x5c, 0x75, 0xd5, 0x55, 0x57,
    0x5d, 0x75, 0xd5, 0x55, 0x57, 0x5d, 0xf5, 0xff, 0x09, 0xe2, 0xaa, 0xab, 0xae, 0xba, 0xea, 0xaa,
    0xab, 0xae, 0xba, 0xea, 0xaa, 0xff, 0x4f, 0x10, 0x57, 0x5d, 0x75, 0xd5, 0x55, 0x57, 0x5d, 0x75,
    0xd5, 0x55, 0x57, 0xfd, 0x7f, 0x82, 0xb8, 0xea, 0xaa, 0xab, 0xae, 0xba, 0xea, 0xaa, 0xab, 0xae,
    0xba, 0xea, 0xff, 0x13, 0xc4, 0x55, 0x57, 0x5d, 0x75, 0xd5, 0x55, 0x57, 0x5d, 0x75, 0xd5, 0x55,
    0xff, 0x9f, 0x20, 0xae, 0xba, 0xea, 0xaa, 0xab, 0xae, 0xba, 0xea, 0xaa, 0xab, 0xae, 0xfa, 0xff,
    0x04, 0x71, 0xd5, 0x55, 0x57, 0x5d, 0x75, 0xd5, 0x55, 0x57, 0x5d, 0x75, 0xd5, 0xff, 0x27, 0x88,
    0xab, 0xae, 0xba, 0xea, 0xaa, 0xab, 0xae, 0xba, 0xea, 0xaa, 0xab, 0xfe, 0x3f, 0x41, 0x5c, 0x75,
    0xd5, 0x55, 0x57, 0x5d, 0x75, 0xd5, 0x55, 0x57, 0x5d, 0xf5, 0xff, 0x09, 0xe2, 0xaa, 0xab, 0xae,
    0xba, 0xea, 0xaa, 0xab, 0xae, 0xba, 0xea, 0xaa, 0xff, 0x4f, 0xf8, 0x47, 0x43, 0xf4, 0x4b, 0xad,
    0x8d, 0xde, 0xd8, 0xae, 0x00, 0x00, 0x00, 0x00, 0x49, 0x45, 0x4e, 0x44, 0xae, 0x42, 0x60, 0x82
};
const unsigned int Icons::Data::MapSize = 24592u;

const unsigned char Icons::Data::Settings[] = {
    0x89, 0x50, 0x4e, 0x47, 0x0d, 0x0a, 0x1a, 0x0a, 0x00, 0x00, 0x00, 0x0d, 0x49, 0x48, 0x44, 0x52,
    0x00, 0x00, 0x02, 0x80, 0x00, 0x00, 0x02, 0x80, 0x08, 0x06, 0x00, 0x00, 0x00, 0x0c, 0xcd, 0xc9,
    0x23, 0x00, 0x00, 0x65, 0xf7, 0x49, 0x44, 0x41, 0x54, 0x78, 0x01, 0xed, 0xc0, 0x03, 0xa0, 0x24,
    0x59, 0x96, 0xc6, 0xf1, 0xff, 0x77, 0xee, 0x8d, 0xc8, 0xcc, 0xa7, 0x72, 0x4b, 0x63, 0xae, 0x6d,
    0xdb, 0xb6, 0x6d, 0xdb, 0xb6, 0x6d, 0xdb, 0xb6, 0x6d, 0x69, 0x8c, 0x9e, 0x96, 0x4a, 0xaf, 0x9e,
    0x32, 0x33, 0x22, 0xee, 0xf9, 0x76, 0xb7, 0x6a, 0x7a, 0xa6, 0x87, 0x3b, 0x6b, 0xd5, 0x4f, 0x5c,
    0x75, 0xd5, 0x55, 0x57, 0x5d, 0x75, 0xd5, 0x55, 0x57, 0x5d, 0xf5, 0xff, 0x09, 0xe2, 0xaa, 0xab,
    0xae, 0xba, 0xea, 0xaa, 0xab, 0xae, 0xba, 0xea, 0xaa, 0xff, 0x4f, 0x10, 0x57, 0x5d, 0x75, 0xd5,
    0x55, 0x57, 0x5d, 0x75, 0xd5, 0x55, 0x57, 0xfd, 0x7f, 0x82, 0xb8, 0xea, 0xaa, 0xab, 0xae, 0xba,
    0xea, 0xaa, 0xab, 0xae, 0xba, 0xea, 0xff, 0x13, 0xc4, 0x55, 0x57, 0x5d, 0x75, 0xd5, 0x55, 0x57,
    0x5d, 0x75, 0xd5, 0x55, 0xff, 0x9f, 0x20, 0xae, 0xba, 0xea, 0xaa, 0xab, 0xae, 0xba, 0xea, 0xaa,
    0xab, 0xae, 0xfa, 0xff, 0x04, 0x71, 0xd5, 0x55, 0x57, 0x5d, 0x75, 0xd5, 0x55, 0x57, 0x5d, 0x75,
    0xd5, 0xff, 0x27, 0x88, 0xab, 0xae, 0xba, 0xea, 0xaa, 0xab, 0xae, 0xba, 0xea, 0xaa, 0xab, 0xfe,
    0x3f, 0x41, 0x5c, 0x75, 0xd5, 0x55, 0x57, 0x5d, 0x75, 0xd5, 0x55, 0x57, 0x5d, 0xf5, 0xff, 0x09,
    0xe2, 0xaa, 0xab, 0xae, 0xba, 0xea, 0xaa, 0xab, 0xae, 0xba, 0xea, 0xaa, 0xff, 0x4f, 0x10, 0x57,
    0x5d, 0x75, 0xd5, 0x55, 0x57, 0x5d, 0x75, 0xd5, 0x55, 0x57, 0xfd, 0x7f, 0x82, 0xb8, 0xea, 0xaa,
    0xab, 0xae, 0xba, 0xea, 0xaa, 0xab, 0xae, 0xba, 0xea, 0xff, 0x13, 0xc4, 0x55, 0x57, 0x5d, 0x75,
    0xd5, 0x55, 0x57, 0x5d, 0x75, 0xd5, 0x55, 0xff, 0x9f, 0x20, 0xae, 0xba, 0xea, 0xaa, 0xab, 0xae,
    0xba, 0xea, 0xaa, 0xab, 0xae, 0xfa, 0xff, 0x04, 0x71, 0xd5, 0x55, 0x57, 0x5d, 0x75, 0xd5, 0x55,
    0x57, 0x5d, 0x75, 0xd5, 0xff, 0x27, 0x88, 0xab, 0xae, 0xba, 0xea, 0xaa, 0xab, 0xae, 0xba, 0xea,
    0xaa, 0xab, 0xfe, 0x3f, 0x41, 0x5c, 0x75, 0xd5, 0x55, 0x57, 0x5d, 0x75, 0xd5, 0x55, 0x57, 0x5d,
    0xf5, 0xff, 0x09, 0xe2, 0xaa, 0xab, 0xae, 0xba, 0xea, 0xaa, 0xab, 0xae, 0xba, 0xea, 0xaa, 0xff,
    0x4f, 0x10, 0x57, 0x5d, 0x75, 0xd5, 0x55, 0x57, 0x5d, 0x75, 0xd5, 0x55, 0x57, 0xfd, 0x7f, 0x82,
    0xb8, 0xea, 0xaa, 0xab, 0xae, 0xba, 0xea, 0xaa, 0xab, 0xae, 0xba, 0xea, 0xff, 0x13, 0xc4, 0x55,
    0x57, 0x5d, 0x75, 0xd5, 0x55, 0x57, 0x5d, 0x75, 0xd5, 0x55, 0xff, 0x9f, 0x20, 0xae, 0xba, 0xea,
    0xaa, 0xab, 0xae, 0xba, 0xea, 0xaa, 0xab, 0xae, 0xfa, 0xff, 0x04, 0x71, 0xd5, 0x55, 0x57, 0x5d,
    0x75, 0xd5, 0x55, 0x57, 0x5d, 0x75, 0xd5, 0xff, 0x27, 0x88, 0xab, 0xae, 0xba, 0xea, 0xaa, 0xab,
    0xae, 0xba, 0xea, 0xaa, 0xab, 0xfe, 0x3f, 0x41, 0x5c, 0x75, 0xd5, 0x55, 0x57, 0x5d, 0x75, 0xd5,
    0x55, 0x57, 0x5d, 0xf5, 0xff, 0x09, 0xe2, 0xaa, 0xab, 0xae, 0xba, 0xea, 0xaa, 0xab, 0xae, 0xba,
    0xea, 0xaa, 0xff, 0x4f, 0x10, 0x57, 0x5d, 0x75, 0xd5, 0x55, 0x57, 0x5d, 0x75, 0xd5, 0x55, 0x57,
    0xfd, 0x7f, 0x82, 0xb8, 0xea, 0xaa, 0xab, 0xae, 0xba, 0xea, 0xaa, 0xab, 0xae, 0xba, 0xea, 0xff,
    0x13, 0xc4, 0x55, 0x57, 0x5d, 0x75, 0xd5, 0x55, 0x57, 0x5d, 0x75, 0xd5, 0x55, 0xff, 0x9f, 0x20,
    0xae, 0xba, 0xea, 0xaa, 0xab, 0xae, 0xba, 0xea, 0xaa, 0xab, 0xae, 0xfa, 0xff, 0x04, 0x71, 0xd5,
    0x55, 0x57, 0x5d, 0x75, 0xd5, 0x55, 0x57, 0x5d, 0x75, 0xd5, 0xff, 0x27, 0x88, 0xab, 0xae, 0xba,
    0xea, 0xaa, 0xab, 0xae, 0xba, 0xea, 0xaa, 0xab, 0xfe, 0x3f, 0x41, 0x5c, 0x75, 0xd5, 0x55, 0x57,
    0x5d, 0x75, 0xd5, 0x55, 0x57, 0x5d, 0xf5, 0xff, 0x09, 0xe2, 0xaa, 0xab, 0xae, 0xba, 0xea, 0xaa,
    0xab, 0xae, 0xba, 0xea, 0xaa, 0xff, 0x4f, 0x10, 0x57, 0x5d, 0x75, 0xd5, 0x55, 0x57, 0x5d, 0x75,
    0xd5, 0x55, 0x57, 0xfd, 0x7f, 0x82, 0xb8, 0xea, 0xaa, 0xab, 0xae, 0xba, 0xea, 0xaa, 0xab, 0xae,
    0xba, 0xea, 0xff, 0x13, 0xc4, 0x55, 0x57, 0x5d, 0x75, 0xd5, 0x55, 0x57, 0x5d, 0x75, 0xd5, 0x55,
    0xff, 0x9f, 0x20, 0xae, 0xba, 0xea, 0xaa, 0xab, 0xae, 0xba, 0xea, 0xaa, 0xab, 0xae, 0xfa, 0xff,
    0x04, 0x71, 0xd5, 0x55, 0x57, 0x5d, 0x75, 0xd5, 0x55, 0x57, 0x5d, 0x75, 0xd5, 0xff, 0x27, 0x88,
    0xab, 0xae, 0xba, 0xea, 0xaa, 0xab, 0xae, 0xba, 0xea, 0xaa, 0xab, 0xfe, 0x3f, 0x41, 0x5c, 0x75,
    0xd5, 0x55, 0x57, 0x5d, 0x75, 0xd5, 0x55, 0x57, 0x5d, 0xf5, 0xff, 0x09, 0xe2, 0xaa, 0xab, 0xae,
    0xba, 0xea, 0xaa, 0xab, 0xae, 0xba, 0xea, 0xaa, 0xff, 0x4f, 0x10, 0x57, 0x5d, 0x75, 0xd5, 0x55,
    0x57, 0x5d, 0x75, 0xd5, 0x55, 0x57, 0xfd, 0x7f, 0x82, 0xb8, 0xea, 0xaa, 0xab, 0xae, 0xba, 0xea,
    0xaa, 0xab, 0xae, 0xba, 0xea, 0xff, 0x13, 0xc4, 0x55, 0x57, 0x5d, 0x75, 0xd5, 0x55, 0x57, 0x5d,
    0x75, 0xd5, 0x55, 0xff, 0x9f, 0x20, 0xae, 0xba, 0xea, 0xaa, 0xab, 0xae, 0xba, 0xea, 0xaa, 0xab,
    0xae, 0xfa, 0xff, 0x04, 0x71, 0xd5, 0x55, 0x57, 0x5d, 0x75, 0xd5, 0x55, 0x57, 0x5d, 0x75, 0xd5,
    0xff, 0x27, 0x88, 0xab, 0xae, 0xba, 0xea, 0xaa, 0xab, 0xae, 0xba, 0xea, 0xaa, 0xab, 0xfe, 0x3f,
    0x41, 0x5c, 0x75, 0xd5, 0x55, 0x57, 0xfd, 0x17, 0x78, 0xf0, 0xcb, 0xbc, 0xcd, 0x6b, 0x61, 0xbf,
    0x74, 0xc2, 0x83, 0x05, 0x2f, 0x0d, 0x3c, 0xd8, 0xf0, 0x60, 0xfe, 0x9f, 0x13, 0xfc, 0x36, 0x80,
    0xe1, 0xb7, 0x03, 0xdd, 0x0a, 0xfe, 0x9d, 0x5b, 0xff, 0xfa, 0xa7, 0x6f, 0xe5, 0xaa, 0xab, 0xae,
    0xba, 0xea, 0x3f, 0x0f, 0xe2, 0xaa, 0xab, 0xae, 0xba, 0xea, 0x3f, 0xc1, 0x83, 0x5f, 0xfa, 0xad,
    0x1f, 0x0c, 0x7a, 0x2d, 0xe3, 0xb7, 0x36, 0xbc, 0x35, 0x57, 0xbd, 0xc8, 0x04, 0xb7, 0x1a, 0x7e,
    0x3b, 0xd0, 0x4f, 0xdf, 0xfa, 0xd7, 0x3f, 0xf5, 0x33, 0x5c, 0x75, 0xd5, 0x55, 0x57, 0xfd, 0xc7,
    0x42, 0x5c, 0x75, 0xd5, 0x55, 0x57, 0xfd, 0x07, 0x7a, 0xf0, 0x4b, 0xbf, 0xf5, 0x6b, 0x1b, 0x3e,
    0xca, 0xf0, 0xd6, 0x5c, 0xf5, 0xef, 0x26, 0xb8, 0xd5, 0xf0, 0xdd, 0x01, 0xdf, 0x73, 0xeb, 0x5f,
    0xff, 0xf4, 0xad, 0x5c, 0x75, 0xd5, 0x55, 0x57, 0xfd, 0xfb, 0x21, 0xae, 0xba, 0xea, 0xaa, 0xab,
    0xfe, 0x03, 0x3c, 0xf8, 0xa5, 0xdf, 0xfa, 0xb5, 0x0d, 0x9f, 0x65, 0x78, 0x6d, 0xae, 0xfa, 0xcf,
    0xf2, 0xdd, 0x01, 0x9f, 0x73, 0xeb, 0x5f, 0xff, 0xf4, 0xad, 0x5c, 0x75, 0xd5, 0x55, 0x57, 0xfd,
    0xdb, 0x21, 0xae, 0xba, 0xea, 0xaa, 0xab, 0xfe, 0x1d, 0x1e, 0xfc, 0xd2, 0x6f, 0xfd, 0xd2, 0x86,
    0xaf, 0x32, 0xbc, 0x36, 0x57, 0xfd, 0x57, 0xf9, 0xec, 0xdb, 0xfe, 0xfa, 0xa7, 0x3f, 0x87, 0xab,
    0xae, 0xba, 0xea, 0xaa, 0x7f, 0x1b, 0xc4, 0x55, 0x57, 0x5d, 0x75, 0xd5, 0xbf, 0xd1, 0x2d, 0x2f,
    0xfd, 0xd6, 0x9f, 0x05, 0x7c, 0x36, 0x57, 0xfd, 0x97, 0x13, 0xdc, 0x2a, 0x78, 0x9f, 0x5b, 0xff,
    0xfa, 0xa7, 0x7f, 0x9b, 0xab, 0xae, 0xba, 0xea, 0xaa, 0x7f, 0x1d, 0xc4, 0x55, 0x57, 0x5d, 0x75,
    0xd5, 0xbf, 0xd2, 0x83, 0x5f, 0xfa, 0xad, 0x1f, 0x6c, 0xf8, 0x29, 0xc3, 0x4b, 0x73, 0xd5, 0x7f,
    0xb7, 0xcf, 0xbe, 0xed, 0xaf, 0x7f, 0xfa, 0x73, 0xb8, 0xea, 0xaa, 0xab, 0xae, 0x7a, 0xd1, 0x21,
    0xae, 0xba, 0xea, 0xaa, 0xab, 0xfe, 0x15, 0x1e, 0xfc, 0xd2, 0x6f, 0xfd, 0xd2, 0x86, 0xdf, 0x32,
    0x1c, 0xe7, 0xaa, 0xff, 0x11, 0x04, 0x3f, 0x2d, 0x78, 0x9f, 0x5b, 0xff, 0xfa, 0xa7, 0x77, 0xb9,
    0xea, 0xaa, 0xab, 0xae, 0xfa, 0x97, 0x21, 0xae, 0xba, 0xea, 0xaa, 0xab, 0x5e, 0x44, 0x0f, 0x7e,
    0xe9, 0xb7, 0x7e, 0x6f, 0xc3, 0x57, 0x19, 0x8e, 0x73, 0xd5, 0xff, 0x28, 0x82, 0xbf, 0x16, 0xbc,
    0xce, 0xad, 0x7f, 0xfd, 0xd3, 0xbb, 0x5c, 0x75, 0xd5, 0x55, 0x57, 0xbd, 0x70, 0x88, 0xab, 0xae,
    0xba, 0xea, 0xaa, 0x17, 0xc1, 0x83, 0x5f, 0xfa, 0xad, 0xdf, 0x3b, 0xe1, 0xbb, 0xb8, 0xea, 0x7f,
    0x2c, 0xc1, 0x5f, 0x0b, 0x5e, 0xe7, 0xd6, 0xbf, 0xfe, 0xe9, 0x5d, 0xae, 0xba, 0xea, 0xaa, 0xab,
    0x5e, 0x30, 0xc4, 0x55, 0x57, 0x5d, 0x75, 0xd5, 0xbf, 0xe0, 0xc1, 0x2f, 0xfd, 0xd6, 0xef, 0x9d,
    0xf0, 0x5d, 0x5c, 0xf5, 0x3f, 0x9e, 0xe0, 0xaf, 0x05, 0xaf, 0x73, 0xeb, 0x5f, 0xff, 0xf4, 0x2e,
    0x57, 0x5d, 0x75, 0xd5, 0x55, 0xcf, 0x1f, 0xe2, 0xaa, 0xab, 0xae, 0xba, 0xea, 0x85, 0x78, 0xf0,
    0x4b, 0xbf, 0xf5, 0x4b, 0x1b, 0x7e, 0xcb, 0x70, 0x9c, 0xab, 0xfe, 0x57, 0x10, 0xfc, 0xf6, 0x33,
    0xfe, 0xfa, 0xa7, 0x5f, 0x87, 0xab, 0xae, 0xba, 0xea, 0xaa, 0xe7, 0x0f, 0x71, 0xd5, 0x55, 0x57,
    0x5d, 0xf5, 0x02, 0x3c, 0xf8, 0xa5, 0xdf, 0xfa, 0xb8, 0xe1, 0xaf, 0x0c, 0x0f, 0xe6, 0xaa, 0xff,
    0x6d, 0xbe, 0xe6, 0xb6, 0xbf, 0xfe, 0xe9, 0x8f, 0xe6, 0xaa, 0xab, 0xae, 0xba, 0xea, 0x79, 0x21,
    0xae, 0xba, 0xea, 0xaa, 0xab, 0x5e, 0x80, 0x07, 0xbd, 0xf4, 0x5b, 0xff, 0x94, 0xe1, 0xad, 0xb9,
    0xea, 0x7f, 0xa5, 0x80, 0xd7, 0xb9, 0xf5, 0xaf, 0x7f, 0xfa, 0xb7, 0xb9, 0xea, 0xaa, 0xab, 0xae,
    0x7a, 0x4e, 0x88, 0xab, 0xae, 0xba, 0xea, 0xaa, 0xe7, 0xe3, 0xc1, 0x2f, 0xfd, 0xd6, 0x6f, 0x9d,
    0xf0, 0x53, 0x5c, 0xf5, 0xbf, 0x96, 0x60, 0x57, 0xf0, 0x90, 0x5b, 0xff, 0xfa, 0xa7, 0x77, 0xb9,
    0xea, 0xaa, 0xab, 0xae, 0x7a, 0x36, 0xc4, 0x55, 0x57, 0x5d, 0x75, 0xd5, 0x73, 0x79, 0xf0, 0x4b,
    0xbf, 0xf5, 0x71, 0xc3, 0xd3, 0x0d, 0xc7, 0xb9, 0xea, 0x7f, 0xbb, 0xef, 0xb9, 0xed, 0xaf, 0x7f,
    0xfa, 0xbd, 0xb9, 0xea, 0xaa, 0xab, 0xae, 0x7a, 0x36, 0xc4, 0x55, 0x57, 0x5d, 0x75, 0xd5, 0x73,
    0xb9, 0xe5, 0xa5, 0xdf, 0xfa, 0xab, 0x81, 0x8f, 0xe2, 0xaa, 0xff, 0x13, 0x02, 0x1e, 0x72, 0xeb,
    0x5f, 0xff, 0xf4, 0xad, 0x5c, 0x75, 0xd5, 0x55, 0x57, 0x5d, 0x81, 0xb8, 0xea, 0xaa, 0xab, 0xae,
    0x7a, 0x80, 0x07, 0xbf, 0xf4, 0x5b, 0x3f, 0x38, 0xe1, 0xe9, 0x5c, 0xf5, 0x7f, 0x86, 0xe0, 0xb7,
    0x9f, 0xf1, 0xd7, 0x3f, 0xfd, 0x3a, 0x5c, 0x75, 0xd5, 0x55, 0x57, 0x5d, 0x81, 0xb8, 0xea, 0xaa,
    0xab, 0xae, 0x7a, 0x80, 0x5b, 0x5e, 0xfa, 0xad, 0xbf, 0x1b, 0x78, 0x2f, 0xae, 0xfa, 0x3f, 0x25,
    0xe0, 0x21, 0xb7, 0xfe, 0xf5, 0x4f, 0xdf, 0xca, 0x55, 0x57, 0x5d, 0x75, 0x15, 0x20, 0xae, 0xba,
    0xea, 0xaa, 0xab, 0x9e, 0xe9, 0xc1, 0x2f, 0xfd, 0xd6, 0xc7, 0x0d, 0x4f, 0x37, 0x1c, 0xe7, 0xaa,
    0xff, 0x6b, 0xbe, 0xe7, 0xb6, 0xbf, 0xfe, 0xe9, 0xf7, 0xe6, 0xaa, 0xab, 0xae, 0xba, 0x0a, 0x10,
    0x57, 0x5d, 0x75, 0xd5, 0x55, 0xcf, 0xf4, 0xe0, 0x97, 0x7e, 0xeb, 0x8f, 0x4e, 0xf8, 0x2a, 0xae,
    0xfa, 0x3f, 0x29, 0xe0, 0xc4, 0xad, 0x7f, 0xfd, 0xd3, 0xbb, 0x5c, 0x75, 0xd5, 0x55, 0xff, 0xdf,
    0x21, 0xae, 0xba, 0xea, 0xaa, 0xab, 0x9e, 0xe9, 0x41, 0x2f, 0xfd, 0xd6, 0x7f, 0x65, 0x78, 0x69,
    0xae, 0xfa, 0x3f, 0x29, 0xe0, 0x7d, 0x6e, 0xfd, 0xeb, 0x9f, 0xfe, 0x6e, 0xae, 0xba, 0xea, 0xaa,
    0xff, 0xef, 0x10, 0x57, 0x5d, 0x75, 0xd5, 0x55, 0xc0, 0x83, 0x5f, 0xfa, 0xad, 0x1f, 0x9c, 0xf0,
    0x74, 0xae, 0xfa, 0xbf, 0xec, 0x67, 0x6e, 0xfb, 0xeb, 0x9f, 0x7e, 0x6b, 0xae, 0xba, 0xea, 0xaa,
    0xff, 0xef, 0x10, 0x57, 0x5d, 0x75, 0xd5, 0x55, 0xc0, 0x83, 0x5f, 0xfa, 0xad, 0x3f, 0x3a, 0xe1,
    0xab, 0xb8, 0xea, 0xff, 0xb4, 0xdb, 0xfe, 0xfa, 0xa7, 0xc5, 0x55, 0x57, 0x5d, 0xf5, 0xff, 0x1d,
    0xe2, 0xaa, 0xab, 0xae, 0xba, 0x0a, 0xb8, 0xe5, 0xa5, 0xdf, 0xfa, 0xa7, 0x81, 0xb7, 0xe2, 0xaa,
    0xff, 0xd3, 0x02, 0x5e, 0xe7, 0xd6, 0xbf, 0xfe, 0xe9, 0xdf, 0xe6, 0xaa, 0xab, 0xae, 0xfa, 0xff,
    0x0c, 0x71, 0xd5, 0x55, 0x57, 0x5d, 0x05, 0x3c, 0xe8, 0xa5, 0xdf, 0xfa, 0xe9, 0x86, 0x07, 0x73,
    0xd5, 0xff, 0x75, 0x9f, 0x73, 0xdb, 0x5f, 0xff, 0xf4, 0x67, 0x73, 0xd5, 0x55, 0x57, 0xfd, 0x7f,
    0x86, 0xb8, 0xea, 0xaa, 0xab, 0xfe, 0xdf, 0x7b, 0xf0, 0x4b, 0xbf, 0xf5, 0x83, 0x13, 0x9e, 0xce,
    0x55, 0xff, 0xe7, 0x09, 0x7e, 0xe7, 0x19, 0x7f, 0xfd, 0xd3, 0xaf, 0xcd, 0x55, 0x57, 0x5d, 0xf5,
    0xff, 0x19, 0xe2, 0xaa, 0xab, 0xae, 0xfa, 0x7f, 0xef, 0xc1, 0x2f, 0xfd, 0xd6, 0x6f, 0x9d, 0xf0,
    0x53, 0x5c, 0xf5, 0x7f, 0x9e, 0x60, 0xf7, 0x19, 0x7f, 0xfd, 0xd3, 0x27, 0xb8, 0xea, 0xaa, 0xab,
    0xfe, 0x3f, 0x43, 0x5c, 0x75, 0xd5, 0x55, 0xff, 0xef, 0xdd, 0xf2, 0xd2, 0x6f, 0xfd, 0xd9, 0xc0,
    0x67, 0x71, 0xd5, 0xff, 0x0b, 0x01, 0x0f, 0xb9, 0xf5, 0xaf, 0x7f, 0xfa, 0x56, 0xae, 0xba, 0xea,
    0xaa, 0xff, 0xaf, 0x10, 0x57, 0x5d, 0x75, 0xd5, 0xff, 0x7b, 0x0f, 0x7a, 0xe9, 0xb7, 0xfe, 0x6d,
    0xc3, 0x6b, 0x71, 0xd5, 0xff, 0x0b, 0x01, 0x6f, 0x73, 0xeb, 0x5f, 0xff, 0xf4, 0x4f, 0x73, 0xd5,
    0x55, 0x57, 0xfd, 0x7f, 0x85, 0xb8, 0xea, 0xaa, 0xab, 0xfe, 0xdf, 0x7b, 0xd0, 0x4b, 0xbf, 0xf5,
    0x45, 0xc3, 0x71, 0xae, 0xfa, 0xff, 0xe2, 0x73, 0x6e, 0xfb, 0xeb, 0x9f, 0xfe, 0x6c, 0xae, 0xba,
    0xea, 0xaa, 0xff, 0xaf, 0x10, 0x57, 0x5d, 0x75, 0xd5, 0xff, 0x6b, 0x0f, 0x7e, 0xe9, 0xb7, 0x7e,
    0x70, 0xc2, 0xd3, 0xb9, 0xea, 0xff, 0x0d, 0xc1, 0xef, 0x3c, 0xe3, 0xaf, 0x7f, 0xfa, 0xb5, 0xb9,
    0xea, 0xaa, 0xab, 0xfe, 0xbf, 0x42, 0x5c, 0x75, 0xd5, 0x55, 0xff, 0xaf, 0x3d, 0xf8, 0xa5, 0xdf,
    0xfa, 0xbd, 0x13, 0xbe, 0x8b, 0xab, 0xfe, 0xdf, 0x10, 0xec, 0x3e, 0xe3, 0xaf, 0x7f, 0xfa, 0x04,
    0x57, 0x5d, 0x75, 0xd5, 0xff, 0x57, 0x88, 0xab, 0xae, 0xba, 0xea, 0xff, 0xb5, 0x5b, 0x5e, 0xfa,
    0xad, 0xbf, 0x1a, 0xf8, 0x28, 0xae, 0xfa, 0x7f, 0x25, 0xe0, 0x65, 0x6e, 0xfd, 0xeb, 0x9f, 0xfe,
    0x6b, 0xae, 0xba, 0xea, 0xaa, 0xff, 0x8f, 0x10, 0x57, 0x5d, 0x75, 0xd5, 0xff, 0x6b, 0x0f, 0x7a,
    0xe9, 0xb7, 0xfe, 0x6d, 0xc3, 0x6b, 0x71, 0xd5, 0xff, 0x2b, 0x01, 0xef, 0x73, 0xeb, 0x5f, 0xff,
    0xf4, 0x77, 0x73, 0xd5, 0x55, 0x57, 0xfd, 0x7f, 0x84, 0xb8, 0xea, 0xaa, 0xab, 0xfe, 0x5f, 0xbb,
    0xe5, 0xa5, 0xdf, 0xda, 0x5c, 0xf5, 0xff, 0xd1, 0xd7, 0xdc, 0xf6, 0xd7, 0x3f, 0xfd, 0xd1, 0x5c,
    0x75, 0xd5, 0x55, 0xff, 0x1f, 0x21, 0xae, 0xba, 0xea, 0xaa, 0xff, 0xb7, 0x1e, 0xfc, 0xd2, 0x6f,
    0xfd, 0xd2, 0x09, 0x7f, 0xc5, 0x55, 0xff, 0xef, 0x08, 0x7e, 0xe7, 0x19, 0x7f, 0xfd, 0xd3, 0xaf,
    0xcd, 0x55, 0x57, 0x5d, 0xf5, 0xff, 0x11, 0xe2, 0xaa, 0xab, 0xae, 0xfa, 0x7f, 0xeb, 0xc1, 0x2f,
    0xfd, 0xd6, 0xef, 0x9d, 0xf0, 0x5d, 0x5c, 0xf5, 0xff, 0xd2, 0x6d, 0x7f, 0xfd, 0xd3, 0xe2, 0xaa,
    0xab, 0xae, 0xfa, 0xff, 0x08, 0x71, 0xd5, 0x55, 0x57, 0xfd, 0xbf, 0x75, 0xcb, 0x4b, 0xbf, 0xf5,
    0x77, 0x03, 0xef, 0xc5, 0x55, 0xff, 0x2f, 0x05, 0xbc, 0xcc, 0xad, 0x7f, 0xfd, 0xd3, 0x7f, 0xcd,
    0x55, 0x57, 0x5d, 0xf5, 0xff, 0x0d, 0xe2, 0xaa, 0xab, 0xae, 0xfa, 0x7f, 0xeb, 0x41, 0x2f, 0xfd,
    0xd6, 0x7f, 0x65, 0x78, 0x69, 0xae, 0xfa, 0x7f, 0x29, 0xe0, 0x7d, 0x6e, 0xfd, 0xeb, 0x9f, 0xfe,
    0x6e, 0xae, 0xba, 0xea, 0xaa, 0xff, 0x6f, 0x10, 0x57, 0x5d, 0x75, 0xd5, 0xff, 0x5b, 0xb7, 0xbc,
    0xf4, 0x5b, 0x9b, 0xab, 0xfe, 0x3f, 0xfb, 0x9e, 0xdb, 0xfe, 0xfa, 0xa7, 0xdf, 0x9b, 0xab, 0xae,
    0xba, 0xea, 0xff, 0x1b, 0xc4, 0x55, 0x57, 0x5d, 0xf5, 0xff, 0xd2, 0x83, 0x5f, 0xfa, 0xad, 0x5f,
    0x3b, 0xe1, 0xb7, 0xb8, 0xea, 0xff, 0x2d, 0xc1, 0x5f, 0x3f, 0xe3, 0xaf, 0x7f, 0xfa, 0x65, 0xb8,
    0xea, 0xaa, 0xab, 0xfe, 0xbf, 0x41, 0x5c, 0x75, 0xd5, 0x55, 0xff, 0x2f, 0x3d, 0xf8, 0xa5, 0xdf,
    0xfa, 0xa3, 0x13, 0xbe, 0x8a, 0xab, 0xfe, 0x5f, 0xbb, 0xed, 0xaf, 0x7f, 0x5a, 0x5c, 0x75, 0xd5,
    0x55, 0xff, 0xdf, 0x20, 0xae, 0xba, 0xea, 0xaa, 0xff, 0x97, 0x6e, 0x79, 0xe9, 0xb7, 0xfe, 0x6e,
    0xe0, 0xbd, 0xb8, 0xea, 0xff, 0xb5, 0x80, 0xd7, 0xb9, 0xf5, 0xaf, 0x7f, 0xfa, 0xb7, 0xb9, 0xea,
    0xaa, 0xab, 0xfe, 0x3f, 0x41, 0x5c, 0x75, 0xd5, 0x55, 0xff, 0x2f, 0x3d, 0xe8, 0xa5, 0xdf, 0xfa,
    0xaf, 0x0c, 0x2f, 0xcd, 0x55, 0xff, 0xaf, 0x05, 0x7c, 0xcc, 0xad, 0x7f, 0xfd, 0xd3, 0x5f, 0xcd,
    0x55, 0x57, 0x5d, 0xf5, 0xff, 0x09, 0xe2, 0xaa, 0xab, 0xae, 0xfa, 0x7f, 0xe7, 0xc1, 0x2f, 0xfd,
    0xd6, 0xc7, 0x13, 0x2e, 0x72, 0xd5, 0x55, 0xf0, 0x3d, 0xb7, 0xfd, 0xf5, 0x4f, 0xbf, 0x37, 0x57,
    0x5d, 0x75, 0xd5, 0xff, 0x27, 0x88, 0xab, 0xae, 0xba, 0xea, 0xff, 0x9d, 0x07, 0xbf, 0xf4, 0x5b,
    0xbf, 0x76, 0xc2, 0x6f, 0x71, 0xd5, 0xff, 0x7b, 0x82, 0xbf, 0x7e, 0xc6, 0x5f, 0xff, 0xf4, 0xcb,
    0x70, 0xd5, 0x55, 0x57, 0xfd, 0x7f, 0x82, 0xb8, 0xea, 0xaa, 0xab, 0xfe, 0xdf, 0xb9, 0xe5, 0xa5,
    0xdf, 0xfa, 0xb3, 0x81, 0xcf, 0xe2, 0xaa, 0xab, 0x80, 0x80, 0x13, 0xb7, 0xfe, 0xf5, 0x4f, 0xef,
    0x72, 0xd5, 0x55, 0x57, 0xfd, 0x7f, 0x81, 0xb8, 0xea, 0xaa, 0xab, 0xfe, 0xdf, 0xb9, 0xe5, 0xa5,
    0xdf, 0xfa, 0xa7, 0x81, 0xb7, 0xe2, 0xaa, 0xab, 0x80, 0x80, 0xd7, 0xb9, 0xf5, 0xaf, 0x7f, 0xfa,
    0xb7, 0xb9, 0xea, 0xaa, 0xab, 0xfe, 0xbf, 0x40, 0x5c, 0x75, 0xd5, 0x55, 0xff, 0xef, 0x3c, 0xe8,
    0xa5, 0xdf, 0xfa, 0xe9, 0x86, 0x07, 0x73, 0xd5, 0x55, 0x57, 0x7c, 0xce, 0x6d, 0x7f, 0xfd, 0xd3,
    0x9f, 0xcd, 0x55, 0x57, 0x5d, 0xf5, 0xff, 0x05, 0xe2, 0xaa, 0xab, 0xae, 0xfa, 0x7f, 0xe5, 0xc1,
    0x2f, 0xfd, 0xd6, 0xc7, 0x13, 0x2e, 0x72, 0xd5, 0x55, 0xcf, 0xf6, 0x33, 0xb7, 0xfd, 0xf5, 0x4f,
    0xbf, 0x35, 0x57, 0x5d, 0x75, 0xd5, 0xff, 0x17, 0x88, 0xab, 0xae, 0xba, 0xea, 0xff, 0x95, 0x07,
    0xbf, 0xf4, 0x5b, 0xbf, 0x75, 0xc2, 0x4f, 0x71, 0xd5, 0x55, 0xcf, 0x24, 0xb8, 0xf5, 0x19, 0x7f,
    0xfd, 0xd3, 0x0f, 0xe1, 0xaa, 0xab, 0xae, 0xfa, 0xff, 0x02, 0x71, 0xd5, 0x55, 0x57, 0xfd, 0xbf,
    0x72, 0xcb, 0x4b, 0xbf, 0xf5, 0x67, 0x03, 0x9f, 0xc5, 0x55, 0x57, 0x3d, 0x40, 0xc0, 0x89, 0x5b,
    0xff, 0xfa, 0xa7, 0x77, 0xb9, 0xea, 0xaa, 0xab, 0xfe, 0x3f, 0x40, 0x5c, 0x75, 0xd5, 0x55, 0xff,
    0xaf, 0x3c, 0xe8, 0xa5, 0xdf, 0xfa, 0xb7, 0x0d, 0xaf, 0xc5, 0x55, 0x57, 0x3d, 0x40, 0xc0, 0xdb,
    0xdc, 0xfa, 0xd7, 0x3f, 0xfd, 0xd3, 0x5c, 0x75, 0xd5, 0x55, 0xff, 0x1f, 0x20, 0xae, 0xba, 0xea,
    0xaa, 0xff, 0x57, 0x1e, 0xf4, 0xd2, 0x6f, 0x7d, 0xd1, 0x70, 0x9c, 0xab, 0xae, 0x7a, 0x4e, 0x9f,
    0x73, 0xdb, 0x5f, 0xff, 0xf4, 0x67, 0x73, 0xd5, 0x55, 0x57, 0xfd, 0x7f, 0x80, 0xb8, 0xea, 0xaa,
    0xab, 0xfe, 0xdf, 0x78, 0xf0, 0x4b, 0xbf, 0xf5, 0x83, 0x13, 0x9e, 0xce, 0x55, 0x57, 0x3d, 0x17,
    0xc1, 0xef, 0x3c, 0xe3, 0xaf, 0x7f, 0xfa, 0xb5, 0xb9, 0xea, 0xaa, 0xab, 0xfe, 0x3f, 0x40, 0x5c,
    0x75, 0xd5, 0x55, 0xff, 0x6f, 0x3c, 0xf8, 0xa5, 0xdf, 0xfa, 0xad, 0x13, 0x7e, 0x8a, 0xab, 0xae,
    0x7a, 0x2e, 0x82, 0xdd, 0x67, 0xfc, 0xf5, 0x4f, 0x9f, 0xe0, 0xaa, 0xab, 0xae, 0xfa, 0xff, 0x00,
    0x71, 0xd5, 0x55, 0x57, 0xfd, 0xbf, 0x71, 0xcb, 0x4b, 0xbf, 0xf5, 0x67, 0x03, 0x9f, 0xc5, 0x55,
    0x57, 0x3d, 0x1f, 0x01, 0x0f, 0xb9, 0xf5, 0xaf, 0x7f, 0xfa, 0x56, 0xae, 0xba, 0xea, 0xaa, 0xff,
    0xeb, 0x10, 0x57, 0x5d, 0x75, 0xd5, 0xff, 0x1b, 0x0f, 0x7a, 0xe9, 0xb7, 0xfe, 0x6d, 0xc3, 0x6b,
    0x71, 0xd5, 0x55, 0xcf, 0x47, 0xc0, 0xdb, 0xdc, 0xfa, 0xd7, 0x3f, 0xfd, 0xd3, 0x5c, 0x75, 0xd5,
    0x55, 0xff, 0xd7, 0x21, 0xae, 0xba, 0xea, 0xaa, 0xff, 0x37, 0x6e, 0x79, 0xe9, 0xb7, 0x36, 0x57,
    0x5d, 0xf5, 0x82, 0x7d, 0xce, 0x6d, 0x7f, 0xfd, 0xd3, 0x9f, 0xcd, 0x55, 0x57, 0x5d, 0xf5, 0x7f,
    0x1d, 0xe2, 0xaa, 0xab, 0xae, 0xfa, 0x7f, 0xe1, 0xc1, 0x2f, 0xfd, 0xd6, 0x2f, 0x9d, 0xf0, 0x57,
    0x5c, 0x75, 0xd5, 0x0b, 0x20, 0xf8, 0x9d, 0x67, 0xfc, 0xf5, 0x4f, 0xbf, 0x36, 0x57, 0x5d, 0x75,
    0xd5, 0xff, 0x75, 0x88, 0xab, 0xae, 0xba, 0xea, 0xff, 0x85, 0x07, 0xbf, 0xf4, 0x5b, 0xbf, 0x77,
    0xc2, 0x77, 0x71, 0xd5, 0x55, 0x2f, 0xc4, 0x6d, 0x7f, 0xfd, 0xd3, 0xe2, 0xaa, 0xab, 0xae, 0xfa,
    0xbf, 0x0e, 0x71, 0xd5, 0x55, 0x57, 0xfd, 0xbf, 0x70, 0xcb, 0x4b, 0xbf, 0xf5, 0x57, 0x03, 0x1f,
    0xc5, 0x55, 0x57, 0xbd, 0x10, 0x01, 0x2f, 0x73, 0xeb, 0x5f, 0xff, 0xf4, 0x5f, 0x73, 0xd5, 0x55,
    0x57, 0xfd, 0x5f, 0x86, 0xb8, 0xea, 0xaa, 0xab, 0xfe, 0x5f, 0x78, 0xd0, 0x4b, 0xbf, 0xf5, 0x6f,
    0x1b, 0x5e, 0x8b, 0xab, 0xae, 0x7a, 0x21, 0x02, 0xde, 0xe7, 0xd6, 0xbf, 0xfe, 0xe9, 0xef, 0xe6,
    0xaa, 0xab, 0xae, 0xfa, 0xbf, 0x0c, 0x71, 0xd5, 0x55, 0x57, 0xfd, 0xbf, 0x70, 0xcb, 0x4b, 0xbf,
    0xb5, 0xb9, 0xea, 0xaa, 0x7f, 0xd9, 0xd7, 0xdc, 0xf6, 0xd7, 0x3f, 0xfd, 0xd1, 0x5c, 0x75, 0xd5,
    0x55, 0xff, 0x97, 0x21, 0xae, 0xba, 0xea, 0xaa, 0xff, 0xf3, 0x1e, 0xfc, 0xd2, 0x6f, 0xfd, 0xd2,
    0x09, 0x7f, 0xc5, 0x55, 0x57, 0xfd, 0x0b, 0x04, 0xbf, 0xf3, 0x8c, 0xbf, 0xfe, 0xe9, 0xd7, 0xe6,
    0xaa, 0xab, 0xae, 0xfa, 0xbf, 0x0c, 0x71, 0xd5, 0x55, 0x57, 0xfd, 0x9f, 0xf7, 0xe0, 0x97, 0x7e,
    0xeb, 0x8f, 0x4e, 0xf8, 0x2a, 0xae, 0xba, 0xea, 0x45, 0x70, 0xdb, 0x5f, 0xff, 0xb4, 0xb8, 0xea,
    0xaa, 0xab, 0xfe, 0x2f, 0x43, 0x5c, 0x75, 0xd5, 0x55, 0xff, 0xe7, 0xdd, 0xf2, 0xd2, 0x6f, 0xfd,
    0xdd, 0xc0, 0x7b, 0x71, 0xd5, 0x55, 0x2f, 0x82, 0x80, 0x97, 0xb9, 0xf5, 0xaf, 0x7f, 0xfa, 0xaf,
    0xb9, 0xea, 0xaa, 0xab, 0xfe, 0xaf, 0x42, 0x5c, 0x75, 0xd5, 0x55, 0xff, 0xe7, 0x3d, 0xe8, 0xa5,
    0xdf, 0xfa, 0xaf, 0x0c, 0x2f, 0xcd, 0x55, 0x57, 0xbd, 0x08, 0x02, 0x3e, 0xe6, 0xd6, 0xbf, 0xfe,
    0xe9, 0xaf, 0xe6, 0xaa, 0xab, 0xae, 0xfa, 0xbf, 0x0a, 0x71, 0xd5, 0x55, 0x57, 0xfd, 0x9f, 0x77,
    0xcb, 0x4b, 0xbf, 0xb5, 0xb9, 0xea, 0xaa, 0x17, 0xdd, 0xf7, 0xdc, 0xf6, 0xd7, 0x3f, 0xfd, 0xde,
    0x5c, 0x75, 0xd5, 0x55, 0xff, 0x57, 0x21, 0xae, 0xba, 0xea, 0xaa, 0xff, 0xd3, 0x1e, 0xfc, 0xd2,
    0x6f, 0xfd, 0xda, 0x09, 0xbf, 0xc5, 0x55, 0x57, 0xbd, 0x88, 0x04, 0x7f, 0xfd, 0x8c, 0xbf, 0xfe,
    0xe9, 0x97, 0xe1, 0xaa, 0xab, 0xae, 0xfa, 0xbf, 0x0a, 0x71, 0xd5, 0x55, 0x57, 0xfd, 0x9f, 0xf6,
    0xe0, 0x97, 0x7e, 0xeb, 0x8f, 0x4e, 0xf8, 0x2a, 0xae, 0xba, 0xea, 0x5f, 0xe1, 0xb6, 0xbf, 0xfe,
    0x69, 0x71, 0xd5, 0x55, 0x57, 0xfd, 0x5f, 0x85, 0xb8, 0xea, 0xaa, 0xab, 0xfe, 0x4f, 0xbb, 0xe5,
    0xa5, 0xdf, 0xfa, 0xa7, 0x81, 0xb7, 0xe2, 0xaa, 0xab, 0xfe, 0x15, 0x02, 0x5e, 0xe7, 0xd6, 0xbf,
    0xfe, 0xe9, 0xdf, 0xe6, 0xaa, 0xab, 0xae, 0xfa, 0xbf, 0x08, 0x71, 0xd5, 0x55, 0x57, 0xfd, 0x9f,
    0xf6, 0xa0, 0x97, 0x7e, 0xeb, 0xa7, 0x1b, 0x1e, 0xcc, 0x55, 0x57, 0xfd, 0x2b, 0x04, 0x7c, 0xcc,
    0xad, 0x7f, 0xfd, 0xd3, 0x5f, 0xcd, 0x55, 0x57, 0x5d, 0xf5, 0x7f, 0x11, 0xe2, 0xaa, 0xab, 0xae,
    0xfa, 0x3f, 0xeb, 0xc1, 0x2f, 0xfd, 0xd6, 0xc7, 0x13, 0x2e, 0x72, 0xd5, 0x55, 0xff, 0x7a, 0xdf,
    0x73, 0xdb, 0x5f, 0xff, 0xf4, 0x7b, 0x73, 0xd5, 0x55, 0x57, 0xfd, 0x5f, 0x84, 0xb8, 0xea, 0xaa,
    0xab, 0xfe, 0xcf, 0x7a, 0xf0, 0x4b, 0xbf, 0xf5, 0x6b, 0x27, 0xfc, 0x16, 0x57, 0x5d, 0xf5, 0xaf,
    0x24, 0xb8, 0xf5, 0x19, 0x7f, 0xfd, 0xd3, 0x0f, 0xe1, 0xaa, 0xab, 0xae, 0xfa, 0xbf, 0x08, 0x71,
    0xd5, 0x55, 0x57, 0xfd, 0x9f, 0x75, 0xcb, 0x4b, 0xbf, 0xf5, 0x67, 0x03, 0x9f, 0xc5, 0x55, 0x57,
    0xfd, 0x1b, 0x04, 0x9c, 0xb8, 0xf5, 0xaf, 0x7f, 0x7a, 0x97, 0xab, 0xae, 0xba, 0xea, 0xff, 0x1a,
    0xc4, 0x55, 0x57, 0x5d, 0xf5, 0x7f, 0xd6, 0x2d, 0x2f, 0xfd, 0xd6, 0x3f, 0x0d, 0xbc, 0x15, 0x57,
    0x5d, 0xf5, 0x6f, 0x10, 0xf0, 0x3a, 0xb7, 0xfe, 0xf5, 0x4f, 0xff, 0x36, 0x57, 0x5d, 0x75, 0xd5,
    0xff, 0x35, 0x88, 0xab, 0xae, 0xba, 0xea, 0xff, 0xac, 0x07, 0xbd, 0xf4, 0x5b, 0x3f, 0xdd, 0xf0,
    0x60, 0xae, 0xba, 0xea, 0xdf, 0xe6, 0x73, 0x6e, 0xfb, 0xeb, 0x9f, 0xfe, 0x6c, 0xae, 0xba, 0xea,
    0xaa, 0xff, 0x6b, 0x10, 0x57, 0x5d, 0x75, 0xd5, 0xff, 0x49, 0x0f, 0x7e, 0xe9, 0xb7, 0x7e, 0x70,
    0xc2, 0xd3, 0xb9, 0xea, 0xaa, 0x7f, 0xbb, 0x9f, 0xb9, 0xed, 0xaf, 0x7f, 0xfa, 0xad, 0xb9, 0xea,
    0xaa, 0xab, 0xfe, 0xaf, 0x41, 0x5c, 0x75, 0xd5, 0x55, 0xff, 0x27, 0x3d, 0xf8, 0xa5, 0xdf, 0xfa,
    0xad, 0x13, 0x7e, 0x8a, 0xab, 0xae, 0xfa, 0x37, 0x12, 0xdc, 0xfa, 0x8c, 0xbf, 0xfe, 0xe9, 0x87,
    0x70, 0xd5, 0x55, 0x57, 0xfd, 0x5f, 0x83, 0xb8, 0xea, 0xaa, 0xab, 0xfe, 0x4f, 0xba, 0xe5, 0xa5,
    0xdf, 0xfa, 0xb3, 0x81, 0xcf, 0xe2, 0xaa, 0xab, 0xfe, 0x1d, 0x02, 0x4e, 0xdc, 0xfa, 0xd7, 0x3f,
    0xbd, 0xcb, 0x55, 0x57, 0x5d, 0xf5, 0x7f, 0x09, 0xe2, 0xaa, 0xab, 0xae, 0xfa, 0x3f, 0xe9, 0x41,
    0x2f, 0xfd, 0xd6, 0xbf, 0x6d, 0x78, 0x2d, 0xae, 0xba, 0xea, 0xdf, 0x21, 0xe0, 0x6d, 0x6e, 0xfd,
    0xeb, 0x9f, 0xfe, 0x69, 0xae, 0xba, 0xea, 0xaa, 0xff, 0x4b, 0x10, 0x57, 0x5d, 0x75, 0xd5, 0xff,
    0x49, 0x0f, 0x7a, 0xe9, 0xb7, 0xbe, 0x68, 0x38, 0xce, 0x55, 0x57, 0xfd, 0xfb, 0x7c, 0xce, 0x6d,
    0x7f, 0xfd, 0xd3, 0x9f, 0xcd, 0x55, 0x57, 0x5d, 0xf5, 0x7f, 0x09, 0xe2, 0xaa, 0xab, 0xae, 0xfa,
    0x3f, 0xe7, 0xc1, 0x2f, 0xfd, 0xd6, 0x0f, 0x4e, 0x78, 0x3a, 0x57, 0x5d, 0xf5, 0xef, 0x24, 0xf8,
    0x9d, 0x67, 0xfc, 0xf5, 0x4f, 0xbf, 0x36, 0x57, 0x5d, 0x75, 0xd5, 0xff, 0x25, 0x88, 0xab, 0xae,
    0xba, 0xea, 0xff, 0x9c, 0x07, 0xbf, 0xf4, 0x5b, 0xbf, 0x77, 0xc2, 0x77, 0x71, 0xd5, 0x55, 0xff,
    0x4e, 0x82, 0xdd, 0x67, 0xfc, 0xf5, 0x4f, 0x9f, 0xe0, 0xaa, 0xab, 0xae, 0xfa, 0xbf, 0x04, 0x71,
    0xd5, 0x55, 0x57, 0xfd, 0x9f, 0x73, 0xcb, 0x4b, 0xbf, 0xf5, 0x57, 0x03, 0x1f, 0xc5, 0x55, 0x57,
    0xfd, 0x07, 0x08, 0x78, 0xc8, 0xad, 0x7f, 0xfd, 0xd3, 0xb7, 0x72, 0xd5, 0x55, 0x57, 0xfd, 0x5f,
    0x81, 0xb8, 0xea, 0xaa, 0xab, 0xfe, 0xcf, 0x79, 0xd0, 0x4b, 0xbf, 0xf5, 0x6f, 0x1b, 0x5e, 0x8b,
    0xab, 0xae, 0xfa, 0x0f, 0x10, 0xf0, 0x36, 0xb7, 0xfe, 0xf5, 0x4f, 0xff, 0x34, 0x57, 0x5d, 0x75,
    0xd5, 0xff, 0x15, 0x88, 0xab, 0xae, 0xba, 0xea, 0xff, 0x9c, 0x5b, 0x5e, 0xfa, 0xad, 0xcd, 0x55,
    0x57, 0xfd, 0xc7, 0xf9, 0x9c, 0xdb, 0xfe, 0xfa, 0xa7, 0x3f, 0x9b, 0xab, 0xae, 0xba, 0xea, 0xff,
    0x0a, 0xc4, 0x55, 0x57, 0x5d, 0xf5, 0x7f, 0xca, 0x83, 0x5f, 0xfa, 0xad, 0x5f, 0x3a, 0xe1, 0xaf,
    0xb8, 0xea, 0xaa, 0xff, 0x20, 0x82, 0xdf, 0x79, 0xc6, 0x5f, 0xff, 0xf4, 0x6b, 0x73, 0xd5, 0x55,
    0x57, 0xfd, 0x5f, 0x81, 0xb8, 0xea, 0xaa, 0xab, 0xfe, 0x4f, 0x79, 0xf0, 0x4b, 0xbf, 0xf5, 0x7b,
    0x27, 0x7c, 0x17, 0x57, 0x5d, 0xf5, 0x1f, 0xe8, 0xb6, 0xbf, 0xfe, 0x69, 0x71, 0xd5, 0x55, 0x57,
    0xfd, 0x5f, 0x81, 0xb8, 0xea, 0xaa, 0xab, 0xfe, 0x4f, 0xb9, 0xe5, 0xa5, 0xdf, 0xfa, 0xab, 0x81,
    0x8f, 0xe2, 0xaa, 0xab, 0xfe, 0x03, 0x05, 0xbc, 0xcc, 0xad, 0x7f, 0xfd, 0xd3, 0x7f, 0xcd, 0x55,
    0x57, 0x5d, 0xf5, 0x7f, 0x01, 0xe2, 0xaa, 0xab, 0xae, 0xfa, 0x3f, 0xe5, 0x41, 0x2f, 0xfd, 0xd6,
    0x7f, 0x65, 0x78, 0x69, 0xae, 0xba, 0xea, 0x3f, 0x50, 0xc0, 0xfb, 0xdc, 0xfa, 0xd7, 0x3f, 0xfd,
    0xdd, 0x5c, 0x75, 0xd5, 0x55, 0xff, 0x17, 0x20, 0xae, 0xba, 0xea, 0xaa, 0xff, 0x53, 0x6e, 0x79,
    0xe9, 0xb7, 0x36, 0x57, 0x5d, 0xf5, 0x1f, 0xef, 0x6b, 0x6e, 0xfb, 0xeb, 0x9f, 0xfe, 0x68, 0xae,
    0xba, 0xea, 0xaa, 0xff, 0x0b, 0x10, 0x57, 0xfd, 0x9f, 0xf6, 0xe0, 0x97, 0x7e, 0xeb, 0x07, 0x83,
    0x5e, 0x2a, 0xf1, 0x4b, 0x0b, 0x5e, 0x9b, 0x67, 0x7b, 0x69, 0xc3, 0x71, 0x00, 0xc1, 0x5f, 0x03,
    0xbb, 0xc0, 0xae, 0xe1, 0xaf, 0x03, 0xfd, 0x35, 0xf8, 0x6f, 0x6e, 0xfd, 0xeb, 0x9f, 0xbe, 0x95,
    0xab, 0xfe, 0x57, 0x79, 0xf0, 0x4b, 0xbf, 0xf5, 0x6b, 0x27, 0xfc, 0x16, 0x57, 0x5d, 0xf5, 0x1f,
    0x4c, 0xf0, 0x3b, 0xcf, 0xf8, 0xeb, 0x9f, 0x7e, 0x6d, 0xae, 0xfa, 0x5f, 0xe7, 0xc1, 0x2f, 0xfd,
    0xd6, 0x0f, 0x06, 0xbd, 0x54, 0xe2, 0x97, 0x06, 0x8e, 0x0b, 0x5e, 0x9a, 0xe7, 0xc3, 0x70, 0x2b,
    0x70, 0x6b, 0xa0, 0xbf, 0x06, 0xff, 0xcd, 0xad, 0x7f, 0xfd, 0xd3, 0xb7, 0x72, 0xd5, 0xff, 0x55,
    0x88, 0xab, 0xfe, 0xcf, 0x79, 0xf0, 0x4b, 0xbf, 0xcd, 0x5b, 0x25, 0x7e, 0x6b, 0xc1, 0x5b, 0x1b,
    0x8e, 0xf3, 0x6f, 0x24, 0xb8, 0xd5, 0xf0, 0xdb, 0x81, 0x7e, 0xfa, 0xd6, 0xbf, 0xfe, 0xa9, 0x9f,
    0xe1, 0xaa, 0xff, 0xd1, 0x1e, 0xfc, 0xd2, 0x6f, 0xfd, 0x60, 0xc3, 0x57, 0x19, 0xde, 0x9a, 0xab,
    0xae, 0xfa, 0x4f, 0x10, 0xf0, 0x3a, 0xb7, 0xfe, 0xf5, 0x4f, 0xff, 0x36, 0x57, 0xfd, 0x8f, 0xf6,
    0xe0, 0x97, 0x7e, 0xeb, 0xe3, 0xa0, 0xd7, 0x4a, 0xfc, 0xd6, 0x82, 0xd7, 0x36, 0x3c, 0x98, 0x7f,
    0x03, 0xc1, 0x2e, 0xf0, 0xdb, 0x42, 0x3f, 0x0d, 0xfe, 0x99, 0x5b, 0xff, 0xfa, 0xa7, 0x77, 0xb9,
    0xea, 0xff, 0x0a, 0xc4, 0x55, 0xff, 0x27, 0x3c, 0xf8, 0xa5, 0xdf, 0xfa, 0xc1, 0x09, 0x9f, 0x25,
    0x78, 0x6b, 0xc3, 0x71, 0xfe, 0x83, 0x09, 0x76, 0x0d, 0x3f, 0x1d, 0xe8, 0xa7, 0x6f, 0xfd, 0xeb,
    0x9f, 0xfa, 0x19, 0xae, 0xfa, 0x1f, 0xe3, 0xc1, 0x2f, 0xfd, 0xd6, 0x0f, 0x4e, 0xf8, 0x2c, 0xe0,
    0xbd, 0xb9, 0xea, 0xaa, 0xff, 0x64, 0x82, 0xbf, 0x16, 0xfa, 0xea, 0x5b, 0xff, 0xfa, 0xa7, 0xbe,
    0x87, 0xab, 0xfe, 0xc7, 0x78, 0xf0, 0x4b, 0xbf, 0xf5, 0x71, 0xd0, 0x5b, 0x19, 0xbf, 0xb5, 0xe1,
    0xad, 0xf9, 0x4f, 0x20, 0xf8, 0x69, 0xa1, 0x9f, 0xbe, 0xf5, 0xaf, 0x7f, 0xea, 0x7b, 0xb8, 0xea,
    0x7f, 0x3b, 0xc4, 0x55, 0xff, 0xab, 0x3d, 0xf8, 0xa5, 0xdf, 0xfa, 0xb5, 0x13, 0xde, 0x0b, 0x78,
    0x6f, 0xfe, 0x8b, 0x08, 0x76, 0x0d, 0x3f, 0x1d, 0xe8, 0xa7, 0x6f, 0xfd, 0xeb, 0x9f, 0xfa, 0x19,
    0xae, 0xfa, 0x6f, 0xf1, 0xe0, 0x97, 0x7e, 0xeb, 0xd7, 0x4e, 0x78, 0x2f, 0xe0, 0xbd, 0xb9, 0xea,
    0xaa, 0xff, 0x62, 0x82, 0x5b, 0x85, 0x3e, 0x1b, 0xfc, 0x33, 0xb7, 0xfe, 0xf5, 0x4f, 0xef, 0x72,
    0xd5, 0x7f, 0xb9, 0x07, 0xbf, 0xf4, 0x5b, 0x1f, 0x07, 0xbd, 0x95, 0xf1, 0x5b, 0x1b, 0xde, 0x9a,
    0xff, 0x22, 0x82, 0x5b, 0x85, 0x3e, 0xfb, 0xd6, 0xbf, 0xfe, 0xa9, 0xef, 0xe1, 0xaa, 0xff, 0xad,
    0x10, 0x57, 0xfd, 0xaf, 0xf4, 0xe0, 0x97, 0x7e, 0xeb, 0xe3, 0x86, 0xef, 0x32, 0xbc, 0x35, 0xff,
    0x8d, 0x04, 0xbb, 0x86, 0x9f, 0x0e, 0xf4, 0xd3, 0xb7, 0xfe, 0xf5, 0x4f, 0xfd, 0x0c, 0x57, 0xfd,
    0xa7, 0x7b, 0xf0, 0x4b, 0xbf, 0xf5, 0x6b, 0x1b, 0x3e, 0xcb, 0xf0, 0xda, 0x5c, 0x75, 0xd5, 0x7f,
    0x33, 0xc1, 0xae, 0xe1, 0xab, 0x03, 0xbe, 0xe6, 0xd6, 0xbf, 0xfe, 0xe9, 0x5d, 0xae, 0xfa, 0x4f,
    0xf5, 0xe0, 0x97, 0x7e, 0xeb, 0xe3, 0xa0, 0xb7, 0x32, 0x7e, 0x6b, 0xc3, 0x5b, 0xf3, 0xdf, 0x48,
    0x70, 0xab, 0xe0, 0x63, 0x6e, 0xfd, 0xeb, 0x9f, 0xfe, 0x69, 0xae, 0xfa, 0xdf, 0x06, 0x71, 0xd5,
    0xff, 0x3a, 0x0f, 0x7e, 0xe9, 0xb7, 0x79, 0x2f, 0xe3, 0xaf, 0x36, 0x1c, 0xe7, 0x7f, 0x10, 0xc1,
    0xae, 0xe1, 0xa7, 0x03, 0xfd, 0xf4, 0xad, 0x7f, 0xfd, 0x53, 0x3f, 0xc3, 0x55, 0xff, 0xa1, 0x1e,
    0xfc, 0xd2, 0x6f, 0xf3, 0x5e, 0xc6, 0x1f, 0x6d, 0x78, 0x69, 0xae, 0xba, 0xea, 0x7f, 0x18, 0xc1,
    0xae, 0xe1, 0xbb, 0x03, 0xbe, 0xe6, 0xd6, 0xbf, 0xfe, 0xe9, 0x5b, 0xb9, 0xea, 0x3f, 0xcc, 0x83,
    0x5f, 0xfa, 0xad, 0x8f, 0x83, 0xde, 0xca, 0xf8, 0xad, 0x0d, 0x6f, 0xcd, 0xff, 0x30, 0x82, 0x9f,
    0x16, 0xbc, 0xcf, 0xad, 0x7f, 0xfd, 0xd3, 0xbb, 0x5c, 0xf5, 0xbf, 0x05, 0xe2, 0xaa, 0xff, 0x35,
    0x1e, 0xfc, 0xd2, 0x6f, 0x7d, 0xdc, 0xf0, 0x53, 0x86, 0xd7, 0xe6, 0x7f, 0x38, 0xc1, 0xae, 0xe1,
    0xa7, 0x03, 0xfd, 0xf4, 0xad, 0x7f, 0xfd, 0x53, 0x3f, 0xc3, 0x55, 0xff, 0x66, 0x0f, 0x7e, 0xe9,
    0xb7, 0x79, 0x2f, 0xe3, 0xcf, 0x36, 0x3c, 0x98, 0xab, 0xae, 0xfa, 0xdf, 0xe1, 0xbb, 0x03, 0x3e,
    0xe7, 0xd6, 0xbf, 0xfe, 0xe9, 0x5b, 0xb9, 0xea, 0xdf, 0xe4, 0xc1, 0x2f, 0xfd, 0xd6, 0xc7, 0x41,
    0x6f, 0x65, 0xfc, 0xd6, 0x86, 0xb7, 0xe6, 0x7f, 0x38, 0xc1, 0xae, 0xe0, 0x7d, 0x6e, 0xfd, 0xeb,
    0x9f, 0xfe, 0x69, 0xae, 0xfa, 0xdf, 0x00, 0x71, 0xd5, 0xff, 0x0a, 0x0f, 0x7e, 0xe9, 0xb7, 0x7e,
    0x69, 0xc3, 0x77, 0x19, 0x5e, 0x9a, 0xff, 0x65, 0x04, 0xbb, 0x86, 0x9f, 0x0e, 0xf4, 0xd3, 0xb7,
    0xfe, 0xf5, 0x4f, 0xfd, 0x0c, 0x57, 0xbd, 0x48, 0x1e, 0xfc, 0xd2, 0x6f, 0xfd, 0xda, 0x86, 0xcf,
    0x32, 0xbc, 0x36, 0x57, 0x5d, 0xf5, 0xbf, 0xd3, 0x67, 0x07, 0x7c, 0xcd, 0xad, 0x7f, 0xfd, 0xd3,
    0xbb, 0x5c, 0xf5, 0x2f, 0x7a, 0xf0, 0x4b, 0xbf, 0xf5, 0x71, 0xd0, 0x5b, 0x19, 0xbf, 0xb5, 0xe1,
    0xad, 0xf9, 0x5f, 0x28, 0xe0, 0xa3, 0x6f, 0xfd, 0xeb, 0x9f, 0xfe, 0x1a, 0xae, 0xfa, 0x9f, 0x0e,
    0x71, 0xd5, 0xff, 0x78, 0x0f, 0x7e, 0xe9, 0xb7, 0x7e, 0x69, 0xc3, 0x6f, 0x19, 0x8e, 0xf3, 0xbf,
    0x9c, 0x60, 0xd7, 0xf0, 0xd3, 0x81, 0x7e, 0xfa, 0xd6, 0xbf, 0xfe, 0xa9, 0x9f, 0xe1, 0xaa, 0xe7,
    0xf1, 0xe0, 0x97, 0x7e, 0xeb, 0x97, 0x36, 0x7c, 0x95, 0xe1, 0xb5, 0xb9, 0xea, 0xaa, 0xff, 0xe5,
    0x04, 0xbb, 0x86, 0xaf, 0x0e, 0xf8, 0x9a, 0x5b, 0xff, 0xfa, 0xa7, 0x77, 0xb9, 0xea, 0x39, 0x3c,
    0xf8, 0xa5, 0xdf, 0xfa, 0x38, 0xe8, 0xad, 0x8c, 0xdf, 0xda, 0xf0, 0xd6, 0xfc, 0xdf, 0xf0, 0xdd,
    0xb7, 0xfd, 0xf5, 0x4f, 0xbf, 0x0f, 0x57, 0xfd, 0x4f, 0x86, 0xb8, 0xea, 0x7f, 0xb4, 0x07, 0xbf,
    0xf4, 0x5b, 0xbf, 0xb6, 0xe1, 0xa7, 0x0c, 0xc7, 0xf9, 0x3f, 0x46, 0xb0, 0x0b, 0xfc, 0xb6, 0xd0,
    0x4f, 0x83, 0x7f, 0xe6, 0xd6, 0xbf, 0xfe, 0xe9, 0x5d, 0xfe, 0x1f, 0x7b, 0xf0, 0x4b, 0xbf, 0xf5,
    0x83, 0x13, 0x3e, 0x0b, 0x78, 0x6f, 0xae, 0xba, 0xea, 0xff, 0x18, 0xc1, 0xad, 0x42, 0x9f, 0x7d,
    0xeb, 0x5f, 0xff, 0xd4, 0xf7, 0xf0, 0xff, 0xdc, 0x83, 0x5f, 0xfa, 0xad, 0x8f, 0x83, 0xde, 0xca,
    0xf8, 0xad, 0x0d, 0x6f, 0xcd, 0xff, 0x41, 0x82, 0x9f, 0x7e, 0xc6, 0x5f, 0xff, 0xf4, 0xdb, 0x70,
    0xd5, 0xff, 0x54, 0x88, 0xab, 0xfe, 0xc7, 0x7a, 0xf0, 0x4b, 0xbf, 0xf5, 0x4b, 0x1b, 0x7e, 0xcb,
    0x70, 0x9c, 0xff, 0x07, 0x04, 0x3f, 0x2d, 0xf4, 0xd3, 0xe0, 0x9f, 0xb9, 0xf5, 0xaf, 0x7f, 0x7a,
    0x97, 0xff, 0x27, 0x1e, 0xfc, 0xd2, 0x6f, 0x7d, 0x3c, 0xe1, 0xa3, 0x80, 0xcf, 0xe6, 0xaa, 0xab,
    0xfe, 0x8f, 0x13, 0xdc, 0x2a, 0xf8, 0x98, 0x5b, 0xff, 0xfa, 0xa7, 0x7f, 0x9a, 0xff, 0x47, 0x1e,
    0xfc, 0xd2, 0x6f, 0x7d, 0x1c, 0xf4, 0x56, 0xc6, 0x6f, 0x6d, 0x78, 0x6b, 0xfe, 0x7f, 0xf8, 0xee,
    0xdb, 0xfe, 0xfa, 0xa7, 0xdf, 0x87, 0xab, 0xfe, 0x27, 0x42, 0x5c, 0xf5, 0x3f, 0xd2, 0x83, 0x5f,
    0xfa, 0xad, 0x1f, 0x6c, 0xf8, 0x2b, 0xc3, 0x71, 0xfe, 0x1f, 0x12, 0xfc, 0xb4, 0xd0, 0x4f, 0x83,
    0x7f, 0xe6, 0xd6, 0xbf, 0xfe, 0xe9, 0x5d, 0xfe, 0x8f, 0xba, 0xe5, 0xa5, 0xdf, 0xfa, 0xb3, 0x04,
    0x1f, 0x6d, 0x38, 0xce, 0x55, 0x57, 0xfd, 0x3f, 0x22, 0xf8, 0x6d, 0xc1, 0xe7, 0xdc, 0xfa, 0xd7,
    0x3f, 0xfd, 0xdb, 0xfc, 0x1f, 0xf5, 0xe0, 0x97, 0x7e, 0xeb, 0xe3, 0xa0, 0xb7, 0x32, 0x7e, 0x6b,
    0xc3, 0x5b, 0xf3, 0xff, 0xd3, 0xd7, 0xdc, 0xf6, 0xd7, 0x3f, 0xfd, 0xd1, 0x5c, 0xf5, 0x3f, 0x0d,
    0xe2, 0xaa, 0xff, 0x71, 0x1e, 0xfc, 0xd2, 0x6f, 0x7d, 0xdc, 0xf0, 0x5b, 0x86, 0x97, 0xe6, 0x2a,
    0x04, 0x3f, 0x2d, 0xf4, 0xd3, 0xe0, 0x9f, 0xb9, 0xf5, 0xaf, 0x7f, 0x7a, 0x97, 0xff, 0x03, 0x1e,
    0xfc, 0xd2, 0x6f, 0xfd, 0xda, 0x86, 0xef, 0x32, 0x3c, 0x98, 0xab, 0xae, 0xfa, 0xff, 0xed, 0xab,
    0x03, 0x3e, 0xe7, 0xd6, 0xbf, 0xfe, 0xe9, 0x5d, 0xfe, 0x0f, 0x78, 0xf0, 0x4b, 0xbf, 0xf5, 0x71,
    0xd0, 0x5b, 0x19, 0xbf, 0xb5, 0xe1, 0xad, 0xb9, 0x8a, 0x80, 0xf7, 0xb9, 0xf5, 0xaf, 0x7f, 0xfa,
    0xbb, 0xb9, 0xea, 0x7f, 0x12, 0xc4, 0x55, 0xff, 0xe3, 0xdc, 0xf2, 0xd2, 0x6f, 0xfd, 0xd5, 0xc0,
    0x47, 0x71, 0xd5, 0xf3, 0x10, 0xfc, 0xb4, 0xd0, 0x4f, 0x83, 0x7f, 0xe6, 0xd6, 0xbf, 0xfe, 0xe9,
    0x5d, 0xfe, 0x97, 0x79, 0xf0, 0x4b, 0xbf, 0xf5, 0xf1, 0x84, 0xaf, 0x02, 0xde, 0x9b, 0xab, 0xae,
    0xba, 0xea, 0x32, 0xc1, 0xae, 0xe0, 0x7d, 0x6e, 0xfd, 0xeb, 0x9f, 0xfe, 0x69, 0xfe, 0x17, 0x7a,
    0xf0, 0x4b, 0xbf, 0xf5, 0x71, 0xd0, 0x5b, 0x19, 0xbf, 0xb5, 0xe1, 0xad, 0xb9, 0xea, 0x39, 0x08,
    0x76, 0x05, 0x2f, 0x73, 0xeb, 0x5f, 0xff, 0xf4, 0xad, 0x5c, 0xf5, 0x3f, 0x05, 0xe2, 0xaa, 0xff,
    0x51, 0x1e, 0xfc, 0xd2, 0x6f, 0xfd, 0xda, 0x09, 0xbf, 0xc5, 0x55, 0xff, 0x22, 0xc1, 0x4f, 0x0b,
    0xfd, 0x34, 0xf8, 0x67, 0x6e, 0xfd, 0xeb, 0x9f, 0xde, 0xe5, 0x7f, 0xb8, 0x07, 0xbf, 0xf4, 0x5b,
    0x7f, 0x94, 0xe1, 0xb3, 0x0d, 0xc7, 0xb9, 0xea, 0xaa, 0xab, 0x9e, 0x87, 0xe0, 0xb7, 0x05, 0xef,
    0x73, 0xeb, 0x5f, 0xff, 0xf4, 0xad, 0xfc, 0x0f, 0xf7, 0xe0, 0x97, 0x7e, 0xeb, 0xe3, 0xa0, 0xb7,
    0x32, 0x7e, 0x6b, 0xc3, 0x5b, 0x73, 0xd5, 0x0b, 0x25, 0xf8, 0xed, 0x67, 0xfc, 0xf5, 0x4f, 0xbf,
    0x0e, 0x57, 0xfd, 0x4f, 0x81, 0xb8, 0xea, 0x7f, 0x8c, 0x07, 0xbf, 0xf4, 0x5b, 0x1f, 0x37, 0xfc,
    0x95, 0xe1, 0xc1, 0x5c, 0xf5, 0xaf, 0x22, 0xf8, 0x69, 0xa1, 0x9f, 0x06, 0xff, 0xcc, 0xad, 0x7f,
    0xfd, 0xd3, 0xbb, 0xfc, 0x0f, 0xf2, 0xe0, 0x97, 0x7e, 0xeb, 0x97, 0x36, 0x7c, 0x95, 0xe1, 0xb5,
    0xb9, 0xea, 0xaa, 0xab, 0x5e, 0x28, 0xc1, 0xae, 0xe1, 0xab, 0x6f, 0xfb, 0xeb, 0x9f, 0xfe, 0x1c,
    0xfe, 0x87, 0x79, 0xf0, 0x4b, 0xbf, 0xf5, 0x71, 0xd0, 0x5b, 0x19, 0xbf, 0xb5, 0xe1, 0xad, 0xb9,
    0xea, 0x5f, 0x25, 0xe0, 0x63, 0x6e, 0xfd, 0xeb, 0x9f, 0xfe, 0x6a, 0xae, 0xfa, 0x9f, 0x00, 0x71,
    0xd5, 0xff, 0x18, 0xb7, 0xbc, 0xf4, 0x5b, 0x7f, 0x36, 0xf0, 0x59, 0x5c, 0xf5, 0xef, 0x22, 0xf8,
    0x69, 0xa1, 0x9f, 0x06, 0xff, 0xcc, 0xad, 0x7f, 0xfd, 0xd3, 0xbb, 0xfc, 0x37, 0x79, 0xf0, 0x4b,
    0xbf, 0xf5, 0xf1, 0x84, 0x8f, 0x02, 0x3e, 0x9b, 0xab, 0xae, 0xba, 0xea, 0x5f, 0x45, 0x70, 0xab,
    0xe0, 0x7d, 0x6e, 0xfd, 0xeb, 0x9f, 0xfe, 0x6d, 0xfe, 0x1b, 0x3d, 0xf8, 0xa5, 0xdf, 0xfa, 0x38,
    0xe8, 0xad, 0x8c, 0xdf, 0xda, 0xf0, 0xd6, 0x5c, 0xf5, 0x6f, 0x26, 0xd8, 0x15, 0xbc, 0xcc, 0xad,
    0x7f, 0xfd, 0xd3, 0xb7, 0x72, 0xd5, 0x7f, 0x37, 0xc4, 0x55, 0xff, 0x23, 0x3c, 0xf8, 0xa5, 0xdf,
    0xfa, 0xc1, 0x09, 0x4f, 0xe7, 0xaa, 0xff, 0x50, 0x82, 0x9f, 0x16, 0xfa, 0x69, 0xf0, 0xcf, 0xdc,
    0xfa, 0xd7, 0x3f, 0xbd, 0xcb, 0x7f, 0x91, 0x07, 0xbf, 0xf4, 0x5b, 0xbf, 0xb5, 0xe1, 0xab, 0x0c,
    0x0f, 0xe6, 0xaa, 0xab, 0xae, 0xfa, 0xf7, 0xf8, 0xee, 0x80, 0x8f, 0xb9, 0xf5, 0xaf, 0x7f, 0x7a,
    0x97, 0xff, 0x22, 0x0f, 0x7e, 0xe9, 0xb7, 0x3e, 0x0e, 0x7a, 0x2b, 0xe3, 0xb7, 0x36, 0xbc, 0x35,
    0x57, 0xfd, 0x47, 0xfa, 0x9e, 0xdb, 0xfe, 0xfa, 0xa7, 0xdf, 0x9b, 0xab, 0xfe, 0xbb, 0x21, 0xae,
    0xfa, 0x1f, 0xe1, 0x41, 0x2f, 0xfd, 0xd6, 0x3f, 0x65, 0x78, 0x6b, 0xae, 0xfa, 0x4f, 0x23, 0xf8,
    0x69, 0xa1, 0x9f, 0x06, 0xff, 0xcc, 0xad, 0x7f, 0xfd, 0xd3, 0xbb, 0xfc, 0x27, 0x78, 0xf0, 0x4b,
    0xbf, 0xf5, 0xf1, 0x84, 0xcf, 0x02, 0x3e, 0x9a, 0xab, 0xae, 0xba, 0xea, 0x3f, 0x84, 0xe0, 0x56,
    0xc1, 0xfb, 0xdc, 0xfa, 0xd7, 0x3f, 0xfd, 0xdb, 0xfc, 0x27, 0x79, 0xf0, 0x4b, 0xbf, 0xf5, 0x71,
    0xd0, 0x5b, 0x19, 0xbf, 0xb5, 0xe1, 0xad, 0xb9, 0xea, 0x3f, 0x4d, 0xc0, 0xeb, 0xdc, 0xfa, 0xd7,
    0x3f, 0xfd, 0xdb, 0x5c, 0xf5, 0xdf, 0x09, 0x71, 0xd5, 0x7f, 0xbb, 0x07, 0xbf, 0xf4, 0x5b, 0xbf,
    0x76, 0xc2, 0x6f, 0x71, 0xd5, 0x7f, 0x19, 0xc1, 0x4f, 0x0b, 0xfd, 0x34, 0xf8, 0x67, 0x6e, 0xfd,
    0xeb, 0x9f, 0xde, 0xe5, 0x3f, 0xc0, 0x83, 0x5f, 0xfa, 0xad, 0x5f, 0xda, 0xf0, 0x5d, 0x86, 0x97,
    0xe6, 0xaa, 0xab, 0xae, 0xfa, 0xcf, 0xf0, 0xd9, 0xb7, 0xfd, 0xf5, 0x4f, 0x7f, 0x0e, 0xff, 0x41,
    0x1e, 0xfc, 0xd2, 0x6f, 0xfd, 0x60, 0xe0, 0xad, 0x0c, 0xaf, 0x6d, 0x78, 0x6b, 0xae, 0xfa, 0x2f,
    0x21, 0xf8, 0xed, 0x67, 0xfc, 0xf5, 0x4f, 0xbf, 0x0e, 0x57, 0xfd, 0x77, 0x42, 0x5c, 0xf5, 0xdf,
    0xee, 0x41, 0x2f, 0xfd, 0xd6, 0x4f, 0x37, 0x3c, 0x98, 0xab, 0xfe, 0x5b, 0x08, 0x7e, 0x5a, 0xe8,
    0xa7, 0xc1, 0x3f, 0x73, 0xeb, 0x5f, 0xff, 0xf4, 0x2e, 0xff, 0x06, 0xb7, 0xbc, 0xf4, 0x5b, 0x7f,
    0x16, 0xf0, 0xd9, 0x5c, 0x75, 0xd5, 0x55, 0xff, 0xa9, 0x04, 0x7f, 0x2d, 0x78, 0x9f, 0x5b, 0xff,
    0xfa, 0xa7, 0xff, 0x9a, 0x7f, 0x83, 0x07, 0xbf, 0xf4, 0x5b, 0x3f, 0x18, 0x78, 0x2b, 0xc3, 0x7b,
    0x1b, 0x5e, 0x9a, 0xab, 0xfe, 0x5b, 0x04, 0xbc, 0xcf, 0xad, 0x7f, 0xfd, 0xd3, 0xdf, 0xcd, 0x55,
    0xff, 0x5d, 0x10, 0x57, 0xfd, 0xb7, 0x7a, 0xf0, 0x4b, 0xbf, 0xf5, 0x47, 0x27, 0x7c, 0x15, 0x57,
    0xfd, 0x8f, 0x20, 0xf8, 0x69, 0xa1, 0x9f, 0x06, 0xff, 0xcc, 0xad, 0x7f, 0xfd, 0xd3, 0xbb, 0xfc,
    0x0b, 0x1e, 0xfc, 0xd2, 0x6f, 0xfd, 0x60, 0xc3, 0x77, 0x19, 0x5e, 0x9b, 0xab, 0xae, 0xba, 0xea,
    0xbf, 0x84, 0x60, 0x57, 0xf0, 0xd9, 0xb7, 0xfe, 0xf5, 0x4f, 0x7f, 0x0d, 0x2f, 0x82, 0x07, 0xbf,
    0xf4, 0x5b, 0x3f, 0x18, 0x78, 0x2b, 0xc3, 0x7b, 0x1b, 0x5e, 0x9a, 0xab, 0xfe, 0xdb, 0x09, 0x76,
    0x05, 0x0f, 0xb9, 0xf5, 0xaf, 0x7f, 0x7a, 0x97, 0xab, 0xfe, 0x3b, 0x20, 0xae, 0xfa, 0x6f, 0xf3,
    0xe0, 0x97, 0x7e, 0xeb, 0xe3, 0x86, 0xa7, 0x1b, 0x8e, 0x73, 0xd5, 0xff, 0x38, 0x82, 0x9f, 0x16,
    0xfa, 0x69, 0xf0, 0xcf, 0xdc, 0xfa, 0xd7, 0x3f, 0xbd, 0xcb, 0x73, 0x79, 0xf0, 0x4b, 0xbf, 0xf5,
    0x5b, 0x1b, 0xbe, 0xcb, 0x70, 0x9c, 0xab, 0xae, 0xba, 0xea, 0xbf, 0x9c, 0xe0, 0xa7, 0x05, 0xef,
    0x73, 0xeb, 0x5f, 0xff, 0xf4, 0x2e, 0xcf, 0xe5, 0xc1, 0x2f, 0xfd, 0xd6, 0x0f, 0x06, 0xde, 0xca,
    0xf0, 0xde, 0x86, 0x97, 0xe6, 0xaa, 0xff, 0x89, 0x3e, 0xe7, 0xb6, 0xbf, 0xfe, 0xe9, 0xcf, 0xe6,
    0xaa, 0xff, 0x0e, 0x88, 0xab, 0xfe, 0xdb, 0xdc, 0xf2, 0xd2, 0x6f, 0xfd, 0xd5, 0xc0, 0x47, 0x71,
    0xd5, 0xff, 0x78, 0x82, 0x9f, 0x16, 0xfa, 0x69, 0xf0, 0xcf, 0x00, 0x18, 0xbe, 0xcb, 0xf0, 0xd6,
    0x5c, 0x75, 0xd5, 0x55, 0xff, 0xad, 0x04, 0xbb, 0x82, 0xb7, 0xb9, 0xf5, 0xaf, 0x7f, 0xfa, 0xb7,
    0x1f, 0xfc, 0xd2, 0x6f, 0xfd, 0x60, 0xe0, 0xad, 0x0c, 0xef, 0x6d, 0x78, 0x69, 0xae, 0xfa, 0x1f,
    0x2f, 0xe0, 0x21, 0xb7, 0xfe, 0xf5, 0x4f, 0xdf, 0xca, 0x55, 0xff, 0xd5, 0x10, 0x57, 0xfd, 0xb7,
    0x78, 0xf0, 0x4b, 0xbf, 0xf5, 0x83, 0x13, 0x9e, 0xce, 0x55, 0xff, 0xeb, 0x08, 0x6e, 0x35, 0x3c,
    0x98, 0xab, 0xae, 0xba, 0xea, 0x7f, 0x0c, 0xc1, 0x5f, 0x1b, 0x5e, 0x9a, 0xab, 0xfe, 0x57, 0x11,
    0xfc, 0xf4, 0x33, 0xfe, 0xfa, 0xa7, 0xdf, 0x86, 0xab, 0xfe, 0xab, 0x21, 0xae, 0xfa, 0x6f, 0xf1,
    0xa0, 0x97, 0x7e, 0xeb, 0xdf, 0x32, 0xbc, 0x36, 0x57, 0x5d, 0x75, 0xd5, 0x55, 0x57, 0x5d, 0xf5,
    0xff, 0x58, 0xc0, 0xeb, 0xdc, 0xfa, 0xd7, 0x3f, 0xfd, 0xdb, 0x5c, 0xf5, 0x5f, 0x09, 0x71, 0xd5,
    0x7f, 0xb9, 0x07, 0xbf, 0xf4, 0x5b, 0xbf, 0x75, 0xc2, 0x4f, 0x71, 0xd5, 0x55, 0x57, 0x5d, 0x75,
    0xd5, 0x55, 0xff, 0xcf, 0x09, 0xfe, 0xfa, 0x19, 0x7f, 0xfd, 0xd3, 0x2f, 0xc3, 0x55, 0xff, 0x95,
    0x10, 0x57, 0xfd, 0x97, 0x7b, 0xd0, 0x4b, 0xbf, 0xf5, 0xd3, 0x0d, 0x0f, 0xe6, 0xaa, 0xab, 0xae,
    0xba, 0xea, 0xaa, 0xab, 0xae, 0x22, 0xe0, 0x63, 0x6e, 0xfd, 0xeb, 0x9f, 0xfe, 0x6a, 0xae, 0xfa,
    0xaf, 0x82, 0xb8, 0xea, 0xbf, 0xd4, 0x2d, 0x2f, 0xfd, 0xd6, 0x9f, 0x0d, 0x7c, 0x16, 0x57, 0x5d,
    0x75, 0xd5, 0x55, 0x57, 0x5d, 0x75, 0xd5, 0x65, 0x82, 0x5d, 0xc1, 0x43, 0x6e, 0xfd, 0xeb, 0x9f,
    0xde, 0xe5, 0xaa, 0xff, 0x0a, 0x88, 0xab, 0xfe, 0xcb, 0x3c, 0xf8, 0xa5, 0xdf, 0xfa, 0xb8, 0xe1,
    0xe9, 0x86, 0xe3, 0x5c, 0x75, 0xd5, 0x55, 0x57, 0x5d, 0x75, 0xd5, 0x55, 0x0f, 0xf4, 0x35, 0xb7,
    0xfd, 0xf5, 0x4f, 0x7f, 0x34, 0x57, 0xfd, 0x57, 0x40, 0x5c, 0xf5, 0x5f, 0xe6, 0x96, 0x97, 0x7e,
    0xeb, 0xef, 0x06, 0xde, 0x8b, 0xab, 0xae, 0xba, 0xea, 0xaa, 0xab, 0xae, 0xba, 0xea, 0x79, 0x04,
    0x3c, 0xe4, 0xd6, 0xbf, 0xfe, 0xe9, 0x5b, 0xb9, 0xea, 0x3f, 0x1b, 0xe2, 0xaa, 0xff, 0x12, 0x0f,
    0x7e, 0xe9, 0xb7, 0x7e, 0xe9, 0x84, 0xbf, 0xe2, 0xaa, 0xab, 0xae, 0xba, 0xea, 0xaa, 0xab, 0xae,
    0x7a, 0xbe, 0x04, 0xbf, 0xfd, 0x8c, 0xbf, 0xfe, 0xe9, 0xd7, 0xe1, 0xaa, 0xff, 0x6c, 0x88, 0xab,
    0xfe, 0x4b, 0x3c, 0xe8, 0xa5, 0xdf, 0xfa, 0xb7, 0x0c, 0xaf, 0xcd, 0x55, 0x57, 0x5d, 0x75, 0xd5,
    0x55, 0x57, 0x5d, 0xf5, 0x02, 0x05, 0xbc, 0xcd, 0xad, 0x7f, 0xfd, 0xd3, 0x3f, 0xcd, 0x55, 0xff,
    0x99, 0x10, 0x57, 0xfd, 0xa7, 0x7b, 0xf0, 0x4b, 0xbf, 0xf5, 0x7b, 0x27, 0x7c, 0x17, 0x57, 0x5d,
    0x75, 0xd5, 0x55, 0x57, 0x5d, 0x75, 0xd5, 0x0b, 0x25, 0xb8, 0xf5, 0x19, 0x7f, 0xfd, 0xd3, 0x0f,
    0xe1, 0xaa, 0xff, 0x4c, 0x88, 0xab, 0xfe, 0x53, 0x3d, 0xf8, 0xa5, 0xdf, 0xfa, 0xb8, 0xe1, 0xaf,
    0x0c, 0x0f, 0xe6, 0xaa, 0xab, 0xae, 0xba, 0xea, 0xaa, 0xab, 0xae, 0x7a, 0x51, 0x7c, 0xce, 0x6d,
    0x7f, 0xfd, 0xd3, 0x9f, 0xcd, 0x55, 0xff, 0x59, 0x10, 0x57, 0xfd, 0xa7, 0xba, 0xe5, 0xa5, 0xdf,
    0xfa, 0xb3, 0x81, 0xcf, 0xe2, 0xaa, 0xab, 0xae, 0xba, 0xea, 0xaa, 0xab, 0xae, 0x7a, 0x91, 0x08,
    0x76, 0x05, 0x0f, 0xb9, 0xf5, 0xaf, 0x7f, 0x7a, 0x97, 0xab, 0xfe, 0x33, 0x20, 0xae, 0xfa, 0x4f,
    0xf3, 0xe0, 0x97, 0x7e, 0xeb, 0x07, 0x1b, 0xfe, 0xca, 0x70, 0x9c, 0xab, 0xae, 0xba, 0xea, 0xaa,
    0xab, 0xae, 0xba, 0xea, 0x5f, 0xe3, 0x7b, 0x6e, 0xfb, 0xeb, 0x9f, 0x7e, 0x6f, 0xae, 0xfa, 0xcf,
    0x80, 0xb8, 0xea, 0x3f, 0xcd, 0x83, 0x5e, 0xfa, 0xad, 0x7f, 0xca, 0xf0, 0xd6, 0x5c, 0x75, 0xd5,
    0x55, 0x57, 0x5d, 0x75, 0xd5, 0x55, 0xff, 0x6a, 0x01, 0x2f, 0x73, 0xeb, 0x5f, 0xff, 0xf4, 0x5f,
    0x73, 0xd5, 0x7f, 0x34, 0xc4, 0x55, 0xff, 0x29, 0x1e, 0xfc, 0xd2, 0x6f, 0xfd, 0xda, 0x09, 0xbf,
    0xc5, 0x55, 0x57, 0x5d, 0x75, 0xd5, 0x55, 0x57, 0x5d, 0xf5, 0x6f, 0x22, 0xf8, 0xed, 0x67, 0xfc,
    0xf5, 0x4f, 0xbf, 0x0e, 0x57, 0xfd, 0x47, 0x43, 0x5c, 0xf5, 0x9f, 0xe2, 0x41, 0x2f, 0xfd, 0xd6,
    0x7f, 0x65, 0x78, 0x69, 0xae, 0xba, 0xea, 0xaa, 0xab, 0xae, 0xba, 0xea, 0xaa, 0x7f, 0xb3, 0x80,
    0xf7, 0xb9, 0xf5, 0xaf, 0x7f, 0xfa, 0xbb, 0xb9, 0xea, 0x3f, 0x12, 0xe2, 0xaa, 0xff, 0x70, 0x0f,
    0x7e, 0xe9, 0xb7, 0x7e, 0xef, 0x84, 0xef, 0xe2, 0xaa, 0xab, 0xae, 0xba, 0xea, 0xaa, 0xab, 0xae,
    0xfa, 0x77, 0x11, 0xdc, 0x2a, 0x78, 0x99, 0x5b, 0xff, 0xfa, 0xa7, 0x77, 0xb9, 0xea, 0x3f, 0x0a,
    0xe2, 0xaa, 0xff, 0x50, 0x0f, 0x7e, 0xe9, 0xb7, 0x3e, 0x6e, 0x78, 0xba, 0xe1, 0x38, 0x57, 0x5d,
    0x75, 0xd5, 0x55, 0x57, 0x5d, 0x75, 0xd5, 0x7f, 0x84, 0xcf, 0xb9, 0xed, 0xaf, 0x7f, 0xfa, 0xb3,
    0xb9, 0xea, 0x3f, 0x0a, 0xe2, 0xaa, 0xff, 0x50, 0xb7, 0xbc, 0xf4, 0x5b, 0x7f, 0x36, 0xf0, 0x59,
    0x5c, 0x75, 0xd5, 0x55, 0x57, 0x5d, 0x75, 0xd5, 0x55, 0xff, 0x21, 0x04, 0xbb, 0x82, 0x97, 0xb9,
    0xf5, 0xaf, 0x7f, 0xfa, 0x56, 0xae, 0xfa, 0x8f, 0x80, 0xb8, 0xea, 0x3f, 0xcc, 0x83, 0x5f, 0xfa,
    0xad, 0x1f, 0x9c, 0xf0, 0x74, 0xae, 0xba, 0xea, 0xaa, 0xab, 0xae, 0xba, 0xea, 0xaa, 0xff, 0x68,
    0xdf, 0x73, 0xdb, 0x5f, 0xff, 0xf4, 0x7b, 0x73, 0xd5, 0x7f, 0x04, 0xc4, 0x55, 0xff, 0x61, 0x1e,
    0xf4, 0xd2, 0x6f, 0xfd, 0x5b, 0x86, 0xd7, 0xe6, 0xaa, 0xab, 0xae, 0xba, 0xea, 0xaa, 0xab, 0xae,
    0xfa, 0x0f, 0x17, 0xf0, 0x3a, 0xb7, 0xfe, 0xf5, 0x4f, 0xff, 0x36, 0x57, 0xfd, 0x7b, 0x21, 0xae,
    0xfa, 0x0f, 0xf1, 0xe0, 0x97, 0x7e, 0xeb, 0xd7, 0x4e, 0xf8, 0x2d, 0xae, 0xba, 0xea, 0xaa, 0xab,
    0xae, 0xba, 0xea, 0xaa, 0xff, 0x14, 0x82, 0xbf, 0x7e, 0xc6, 0x5f, 0xff, 0xf4, 0xcb, 0x70, 0xd5,
    0xbf, 0x17, 0xe2, 0xaa, 0xff, 0x10, 0x0f, 0x7a, 0xe9, 0xb7, 0x7e, 0xba, 0xe1, 0xc1, 0x5c, 0x75,
    0xd5, 0x55, 0x57, 0x5d, 0x75, 0xd5, 0x55, 0xff, 0x69, 0x02, 0xde, 0xe7, 0xd6, 0xbf, 0xfe, 0xe9,
    0xef, 0xe6, 0xaa, 0x7f, 0x0f, 0xc4, 0x55, 0xff, 0x6e, 0x0f, 0x7e, 0xe9, 0xb7, 0xfe, 0xe8, 0x84,
    0xaf, 0xe2, 0xaa, 0xab, 0xae, 0xba, 0xea, 0xaa, 0xab, 0xae, 0xfa, 0x4f, 0x25, 0xd8, 0x15, 0x3c,
    0xe4, 0xd6, 0xbf, 0xfe, 0xe9, 0x5d, 0xae, 0xfa, 0xb7, 0x42, 0x5c, 0xf5, 0xef, 0xf2, 0xe0, 0x97,
    0x7e, 0xeb, 0xe3, 0x86, 0xa7, 0x1b, 0x8e, 0x73, 0xd5, 0x55, 0x57, 0x5d, 0x75, 0xd5, 0x55, 0x57,
    0xfd, 0x57, 0xf8, 0x9c, 0xdb, 0xfe, 0xfa, 0xa7, 0x3f, 0x9b, 0xab, 0xfe, 0xad, 0x10, 0x57, 0xfd,
    0xbb, 0xdc, 0xf2, 0xd2, 0x6f, 0xfd, 0xd5, 0xc0, 0x47, 0x71, 0xd5, 0x55, 0x57, 0x5d, 0x75, 0xd5,
    0x55, 0x57, 0xfd, 0x97, 0x09, 0x78, 0xc8, 0xad, 0x7f, 0xfd, 0xd3, 0xb7, 0x72, 0xd5, 0xbf, 0x05,
    0xe2, 0xaa, 0x7f, 0xb3, 0x07, 0xbf, 0xf4, 0x5b, 0xbf, 0x74, 0xc2, 0x5f, 0x71, 0xd5, 0x55, 0x57,
    0x5d, 0x75, 0xd5, 0x55, 0x57, 0xfd, 0x97, 0x12, 0xfc, 0xf4, 0x33, 0xfe, 0xfa, 0xa7, 0xdf, 0x86,
    0xab, 0xfe, 0x2d, 0x10, 0x57, 0xfd, 0x9b, 0x3d, 0xe8, 0xa5, 0xdf, 0xfa, 0xb7, 0x0c, 0xaf, 0xcd,
    0x55, 0x57, 0x5d, 0x75, 0xd5, 0x55, 0x57, 0x5d, 0xf5, 0x5f, 0x2e, 0xe0, 0x75, 0x6e, 0xfd, 0xeb,
    0x9f, 0xfe, 0x6d, 0xae, 0xfa, 0xd7, 0x42, 0x5c, 0xf5, 0x6f, 0xf2, 0xe0, 0x97, 0x7e, 0xeb, 0xb7,
    0x4e, 0xf8, 0x29, 0xae, 0xba, 0xea, 0xaa, 0xab, 0xae, 0xba, 0xea, 0xaa, 0xff, 0x16, 0x82, 0x5b,
    0x9f, 0xf1, 0xd7, 0x3f, 0xfd, 0x10, 0xae, 0xfa, 0xd7, 0x42, 0x5c, 0xf5, 0x6f, 0xf2, 0xa0, 0x97,
    0x7e, 0xeb, 0xa7, 0x1b, 0x1e, 0xcc, 0x55, 0x57, 0x5d, 0x75, 0xd5, 0x55, 0x57, 0x5d, 0xf5, 0xdf,
    0x26, 0xe0, 0x63, 0x6e, 0xfd, 0xeb, 0x9f, 0xfe, 0x6a, 0xae, 0xfa, 0xd7, 0x40, 0x5c, 0xf5, 0xaf,
    0x76, 0xcb, 0x4b, 0xbf, 0xf5, 0x67, 0x03, 0x9f, 0xc5, 0x55, 0x57, 0x5d, 0x75, 0xd5, 0x55, 0x57,
    0x5d, 0xf5, 0xdf, 0x4a, 0xb0, 0x2b, 0x78, 0xc8, 0xad, 0x7f, 0xfd, 0xd3, 0xbb, 0x5c, 0xf5, 0xa2,
    0x42, 0x5c, 0xf5, 0xaf, 0xf2, 0xe0, 0x97, 0x7e, 0xeb, 0xe3, 0x86, 0xa7, 0x1b, 0x8e, 0x73, 0xd5,
    0x55, 0x57, 0x5d, 0x75, 0xd5, 0x55, 0x57, 0xfd, 0x4f, 0xf0, 0x35, 0xb7, 0xfd, 0xf5, 0x4f, 0x7f,
    0x34, 0x57, 0xbd, 0xa8, 0x10, 0x57, 0xfd, 0xab, 0xdc, 0xf2, 0xd2, 0x6f, 0xfd, 0xdd, 0xc0, 0x7b,
    0x71, 0xd5, 0x55, 0x57, 0x5d, 0x75, 0xd5, 0x55, 0x57, 0xfd, 0x8f, 0x11, 0xf0, 0x90, 0x5b, 0xff,
    0xfa, 0xa7, 0x6f, 0xe5, 0xaa, 0x17, 0x05, 0xe2, 0xaa, 0x17, 0xd9, 0x83, 0x5f, 0xfa, 0xad, 0x5f,
    0x3b, 0xe1, 0xb7, 0xb8, 0xea, 0xaa, 0xab, 0xae, 0xba, 0xea, 0xaa, 0xab, 0xfe, 0x47, 0x11, 0xfc,
    0xf6, 0x33, 0xfe, 0xfa, 0xa7, 0x5f, 0x87, 0xab, 0x5e, 0x14, 0x88, 0xab, 0x5e, 0x64, 0x0f, 0x7a,
    0xe9, 0xb7, 0xfe, 0x2d, 0xc3, 0x6b, 0x73, 0xd5, 0x55, 0x57, 0x5d, 0x75, 0xd5, 0x55, 0x57, 0xfd,
    0x8f, 0x13, 0xf0, 0x36, 0xb7, 0xfe, 0xf5, 0x4f, 0xff, 0x34, 0x57, 0xfd, 0x4b, 0x10, 0x57, 0xbd,
    0x48, 0x1e, 0xfc, 0xd2, 0x6f, 0xfd, 0xde, 0x09, 0xdf, 0xc5, 0x55, 0x57, 0x5d, 0x75, 0xd5, 0x55,
    0x57, 0x5d, 0xf5, 0x3f, 0x92, 0xe0, 0xd6, 0x67, 0xfc, 0xf5, 0x4f, 0x3f, 0x84, 0xab, 0xfe, 0x25,
    0x88, 0xab, 0xfe, 0x45, 0x0f, 0x7e, 0xe9, 0xb7, 0x3e, 0x6e, 0xf8, 0x2b, 0xc3, 0x83, 0xb9, 0xea,
    0xaa, 0xab, 0xae, 0xba, 0xea, 0xaa, 0xab, 0xfe, 0x27, 0xfb, 0x9c, 0xdb, 0xfe, 0xfa, 0xa7, 0x3f,
    0x9b, 0xab, 0x5e, 0x18, 0xc4, 0x55, 0xff, 0xa2, 0x5b, 0x5e, 0xfa, 0xad, 0x3f, 0x1b, 0xf8, 0x2c,
    0xae, 0xba, 0xea, 0xaa, 0xab, 0xae, 0xba, 0xea, 0xaa, 0xff, 0xd1, 0x04, 0xbb, 0x82, 0x87, 0xdc,
    0xfa, 0xd7, 0x3f, 0xbd, 0xcb, 0x55, 0x2f, 0x08, 0xe2, 0xaa, 0x17, 0xea, 0xc1, 0x2f, 0xfd, 0xd6,
    0x0f, 0x36, 0xfc, 0x95, 0xe1, 0x38, 0x57, 0x5d, 0x75, 0xd5, 0x55, 0x57, 0x5d, 0x75, 0xd5, 0xff,
    0x06, 0xdf, 0x73, 0xdb, 0x5f, 0xff, 0xf4, 0x7b, 0x73, 0xd5, 0x0b, 0x82, 0xb8, 0xea, 0x85, 0x7a,
    0xd0, 0x4b, 0xbf, 0xf5, 0x4f, 0x19, 0xde, 0x9a, 0xab, 0xae, 0xba, 0xea, 0xaa, 0xab, 0xae, 0xba,
    0xea, 0x7f, 0x8d, 0x80, 0x97, 0xb9, 0xf5, 0xaf, 0x7f, 0xfa, 0xaf, 0xb9, 0xea, 0xf9, 0x41, 0x5c,
    0xf5, 0x02, 0x3d, 0xf8, 0xa5, 0xdf, 0xfa, 0xb5, 0x13, 0x7e, 0x8b, 0xab, 0xae, 0xba, 0xea, 0xaa,
    0xab, 0xae, 0xba, 0xea, 0x7f, 0x15, 0xc1, 0x6f, 0x3f, 0xe3, 0xaf, 0x7f, 0xfa, 0x75, 0xb8, 0xea,
    0xf9, 0x41, 0x5c, 0xf5, 0x02, 0x3d, 0xe8, 0xa5, 0xdf, 0xfa, 0xaf, 0x0c, 0x2f, 0xcd, 0x55, 0x57,
    0x5d, 0x75, 0xd5, 0x55, 0x57, 0x5d, 0xf5, 0xbf, 0x4e, 0xc0, 0xfb, 0xdc, 0xfa, 0xd7, 0x3f, 0xfd,
    0xdd, 0x5c, 0xf5, 0xdc, 0x10, 0x57, 0x3d, 0x5f, 0x0f, 0x7e, 0xe9, 0xb7, 0x7e, 0xef, 0x84, 0xef,
    0xe2, 0xaa, 0xab, 0xae, 0xba, 0xea, 0xaa, 0xab, 0xae, 0xfa, 0x5f, 0x49, 0x70, 0xab, 0xe0, 0x65,
    0x6e, 0xfd, 0xeb, 0x9f, 0xde, 0xe5, 0xaa, 0x07, 0x42, 0x5c, 0xf5, 0x3c, 0x1e, 0xfc, 0xd2, 0x6f,
    0x7d, 0xdc, 0xf0, 0x74, 0xc3, 0x71, 0xae, 0xba, 0xea, 0xaa, 0xab, 0xae, 0xba, 0xea, 0xaa, 0xff,
    0xcd, 0x3e, 0xe7, 0xb6, 0xbf, 0xfe, 0xe9, 0xcf, 0xe6, 0xaa, 0x07, 0x42, 0x5c, 0xf5, 0x3c, 0x6e,
    0x79, 0xe9, 0xb7, 0xfe, 0x6c, 0xe0, 0xb3, 0xb8, 0xea, 0xaa, 0xab, 0xae, 0xba, 0xea, 0xaa, 0xab,
    0xfe, 0x57, 0x13, 0xec, 0x0a, 0x1e, 0x72, 0xeb, 0x5f, 0xff, 0xf4, 0x2e, 0x57, 0xdd, 0x0f, 0x71,
    0xd5, 0x73, 0x78, 0xf0, 0x4b, 0xbf, 0xf5, 0x71, 0xc3, 0xd3, 0x0d, 0xc7, 0xb9, 0xea, 0xaa, 0xab,
    0xae, 0xba, 0xea, 0xaa, 0xab, 0xfe, 0x2f, 0xf8, 0x9e, 0xdb, 0xfe, 0xfa, 0xa7, 0xdf, 0x9b, 0xab,
    0xee, 0x87, 0xb8, 0xea, 0x39, 0xdc, 0xf2, 0xd2, 0x6f, 0xfd, 0xd9, 0xc0, 0x67, 0x71, 0xd5, 0x55,
    0x57, 0x5d, 0x75, 0xd5, 0x55, 0x57, 0xfd, 0x9f, 0x11, 0xf0, 0x90, 0x5b, 0xff, 0xfa, 0xa7, 0x6f,
    0xe5, 0x2a, 0x00, 0xc4, 0x55, 0xcf, 0xe1, 0x41, 0x2f, 0xfd, 0xd6, 0x17, 0x0d, 0xc7, 0xb9, 0xea,
    0xaa, 0xab, 0xae, 0xba, 0xea, 0xaa, 0xab, 0xfe, 0x2f, 0xf9, 0x9c, 0xdb, 0xfe, 0xfa, 0xa7, 0x3f,
    0x9b, 0xab, 0x00, 0x10, 0x57, 0x3d, 0xcb, 0x83, 0x5f, 0xfa, 0xad, 0xdf, 0x3b, 0xe1, 0xbb, 0xb8,
    0xea, 0xaa, 0xab, 0xae, 0xba, 0xea, 0xaa, 0xab, 0xfe, 0x4f, 0x11, 0xdc, 0xfa, 0x8c, 0xbf, 0xfe,
    0xe9, 0x87, 0x70, 0x15, 0x00, 0xe2, 0xaa, 0x67, 0xb9, 0xe5, 0xa5, 0xdf, 0xfa, 0xa7, 0x81, 0xb7,
    0xe2, 0xaa, 0xab, 0xae, 0xba, 0xea, 0xaa, 0xab, 0xae, 0xfa, 0x3f, 0x27, 0xe0, 0x6d, 0x6e, 0xfd,
    0xeb, 0x9f, 0xfe, 0x69, 0xae, 0x42, 0x5c, 0x75, 0xd9, 0x83, 0x5f, 0xfa, 0xad, 0x8f, 0x27, 0x5c,
    0xe4, 0xaa, 0xab, 0xae, 0xba, 0xea, 0xaa, 0xab, 0xae, 0xfa, 0xbf, 0xea, 0x7b, 0x6e, 0xfb, 0xeb,
    0x9f, 0x7e, 0x6f, 0xae, 0x42, 0x5c, 0x75, 0xd9, 0x83, 0x5f, 0xfa, 0xad, 0xdf, 0x3b, 0xe1, 0xbb,
    0xb8, 0xea, 0xaa, 0xab, 0xae, 0xba, 0xea, 0xaa, 0xab, 0xfe, 0x4f, 0x12, 0xec, 0x3e, 0xe3, 0xaf,
    0x7f, 0xfa, 0x04, 0x57, 0x21, 0xae, 0xba, 0xec, 0x96, 0x97, 0x7e, 0xeb, 0xaf, 0x06, 0x3e, 0x8a,
    0xab, 0xae, 0xba, 0xea, 0xaa, 0xab, 0xae, 0xba, 0xea, 0xff, 0xac, 0x80, 0x97, 0xb9, 0xf5, 0xaf,
    0x7f, 0xfa, 0xaf, 0xf9, 0xff, 0x0d, 0x71, 0xd5, 0x65, 0x0f, 0x7a, 0xe9, 0xb7, 0xfe, 0x2b, 0xc3,
    0x4b, 0x73, 0xd5, 0x55, 0x57, 0x5d, 0x75, 0xd5, 0x55, 0x57, 0xfd, 0x9f, 0x15, 0xf0, 0x3e, 0xb7,
    0xfe, 0xf5, 0x4f, 0x7f, 0x37, 0xff, 0xbf, 0x21, 0xae, 0xba, 0xec, 0x96, 0x97, 0x7e, 0x6b, 0x73,
    0xd5, 0x55, 0x57, 0x5d, 0x75, 0xd5, 0x55, 0x57, 0xfd, 0x5f, 0xf7, 0x35, 0xb7, 0xfd, 0xf5, 0x4f,
    0x7f, 0x34, 0xff, 0xbf, 0x21, 0xae, 0xe2, 0xc1, 0x2f, 0xfd, 0xd6, 0x0f, 0x4e, 0x78, 0x3a, 0x57,
    0x5d, 0x75, 0xd5, 0x55, 0x57, 0x5d, 0x75, 0xd5, 0xff, 0x69, 0x82, 0xdf, 0x79, 0xc6, 0x5f, 0xff,
    0xf4, 0x6b, 0xf3, 0xff, 0x1b, 0xe2, 0x2a, 0x1e, 0xfc, 0xd2, 0x6f, 0xfd, 0xda, 0x09, 0xbf, 0xc5,
    0x55, 0x57, 0x5d, 0x75, 0xd5, 0x55, 0x57, 0x5d, 0xf5, 0x7f, 0x9a, 0xe0, 0xd6, 0x67, 0xfc, 0xf5,
    0x4f, 0x3f, 0x84, 0xff, 0xdf, 0x10, 0x57, 0xf1, 0xe0, 0x97, 0x7e, 0xeb, 0xd7, 0x4e, 0xf8, 0x2d,
    0xae, 0xba, 0xea, 0xaa, 0xab, 0xae, 0xba, 0xea, 0xaa, 0xff, 0xf3, 0x6e, 0xfb, 0xeb, 0x9f, 0x16,
    0xff, 0xbf, 0x21, 0xae, 0xe2, 0x96, 0x97, 0x7e, 0xeb, 0xcf, 0x06, 0x3e, 0x8b, 0xab, 0xae, 0xba,
    0xea, 0xaa, 0xab, 0xae, 0xba, 0xea, 0xff, 0xbc, 0xdb, 0xfe, 0xfa, 0xa7, 0xc5, 0xff, 0x6f, 0x88,
    0xab, 0xb8, 0xe5, 0xa5, 0xdf, 0xfa, 0xb3, 0x81, 0xcf, 0xe2, 0xaa, 0xab, 0xae, 0xba, 0xea, 0xaa,
    0xab, 0xae, 0xfa, 0x3f, 0xef, 0xb6, 0xbf, 0xfe, 0x69, 0xf1, 0xff, 0x1b, 0xe2, 0x2a, 0x6e, 0x79,
    0xe9, 0xb7, 0xfe, 0x6c, 0xe0, 0xb3, 0xb8, 0xea, 0xaa, 0xab, 0xae, 0xba, 0xea, 0xaa, 0xab, 0xfe,
    0xcf, 0xbb, 0xed, 0xaf, 0x7f, 0x5a, 0xfc, 0xff, 0x86, 0xb8, 0x8a, 0x07, 0xbf, 0xf4, 0x5b, 0x7f,
    0x74, 0xc2, 0x57, 0x71, 0xd5, 0x55, 0x57, 0x5d, 0x75, 0xd5, 0x55, 0x57, 0xfd, 0x9f, 0x77, 0xdb,
    0x5f, 0xff, 0xb4, 0xf8, 0xff, 0x0d, 0x71, 0x15, 0x0f, 0x7e, 0xe9, 0xb7, 0x7e, 0xed, 0x84, 0xdf,
    0xe2, 0xaa, 0xab, 0xae, 0xba, 0xea, 0xaa, 0xab, 0xae, 0xfa, 0x3f, 0xef, 0xb6, 0xbf, 0xfe, 0x69,
    0xf1, 0xff, 0x1b, 0xe2, 0x2a, 0x1e, 0xfc, 0xd2, 0x6f, 0xfd, 0xda, 0x09, 0xbf, 0xc5, 0x55, 0x57,
    0x5d, 0x75, 0xd5, 0x55, 0x57, 0x5d, 0xf5, 0x7f, 0x9a, 0xe0, 0x19, 0xcf, 0xf8, 0xeb, 0x9f, 0x7e,
    0x30, 0xff, 0xbf, 0x21, 0xae, 0xe2, 0xc1, 0x2f, 0xfd, 0xd6, 0xc7, 0x13, 0x2e, 0x72, 0xd5, 0x55,
    0x57, 0x5d, 0x75, 0xd5, 0x55, 0x57, 0xfd, 0x9f, 0x26, 0xf8, 0x9d, 0x67, 0xfc, 0xf5, 0x4f, 0xbf,
    0x36, 0xff, 0xbf, 0x21, 0xae, 0xba, 0xec, 0x41, 0x2f, 0xfd, 0xd6, 0xbb, 0x86, 0x63, 0x5c, 0x75,
    0xd5, 0x55, 0x57, 0x5d, 0x75, 0xd5, 0x55, 0xff, 0x97, 0x7d, 0xcd, 0x6d, 0x7f, 0xfd, 0xd3, 0x1f,
    0xcd, 0xff, 0x6f, 0x88, 0xab, 0x2e, 0x7b, 0xd0, 0x4b, 0xbf, 0xf5, 0x6f, 0x1b, 0x5e, 0x8b, 0xab,
    0xae, 0xba, 0xea, 0xaa, 0xab, 0xae, 0xba, 0xea, 0xff, 0xac, 0x80, 0xf7, 0xb9, 0xf5, 0xaf, 0x7f,
    0xfa, 0xbb, 0xf9, 0xff, 0x0d, 0x71, 0xd5, 0x65, 0xb7, 0xbc, 0xf4, 0x5b, 0x7f, 0x36, 0xf0, 0x59,
    0x5c, 0x75, 0xd5, 0x55, 0x57, 0x5d, 0x75, 0xd5, 0x55, 0xff, 0x67, 0x05, 0xbc, 0xcc, 0xad, 0x7f,
    0xfd, 0xd3, 0x7f, 0xcd, 0xff, 0x6f, 0x88, 0xab, 0x2e, 0x7b, 0xf0, 0x4b, 0xbf, 0xf5, 0x6b, 0x27,
    0xfc, 0x16, 0x57, 0x5d, 0x75, 0xd5, 0x55, 0x57, 0x5d, 0x75, 0xd5, 0xff, 0x49, 0x82, 0x67, 0x3c,
    0xe3, 0xaf, 0x7f, 0xfa, 0xc1, 0x5c, 0x85, 0xb8, 0xea, 0x59, 0x1e, 0xf4, 0xd2, 0x6f, 0xbd, 0x6b,
    0x38, 0xc6, 0x55, 0x57, 0x5d, 0x75, 0xd5, 0x55, 0x57, 0x5d, 0xf5, 0x7f, 0xd1, 0xf7, 0xdc, 0xf6,
    0xd7, 0x3f, 0xfd, 0xde, 0x5c, 0x85, 0xb8, 0xea, 0x59, 0x6e, 0x79, 0xe9, 0xb7, 0xfe, 0x6e, 0xe0,
    0xbd, 0xb8, 0xea, 0xaa, 0xab, 0xae, 0xba, 0xea, 0xaa, 0xab, 0xfe, 0xcf, 0x09, 0x78, 0x9b, 0x5b,
    0xff, 0xfa, 0xa7, 0x7f, 0x9a, 0xab, 0x10, 0x57, 0x3d, 0xcb, 0x83, 0x5f, 0xfa, 0xad, 0x5f, 0x3b,
    0xe1, 0xb7, 0xb8, 0xea, 0xaa, 0xab, 0xae, 0xba, 0xea, 0xaa, 0xab, 0xfe, 0x4f, 0x11, 0x3c, 0xe3,
    0x19, 0x7f, 0xfd, 0xd3, 0x0f, 0xe6, 0x2a, 0x00, 0xc4, 0x55, 0xcf, 0xe1, 0x41, 0x2f, 0xfd, 0xd6,
    0xb7, 0x1a, 0x1e, 0xc4, 0x55, 0x57, 0x5d, 0x75, 0xd5, 0x55, 0x57, 0x5d, 0xf5, 0x7f, 0xc9, 0xe7,
    0xdc, 0xf6, 0xd7, 0x3f, 0xfd, 0xd9, 0x5c, 0x05, 0x80, 0xb8, 0xea, 0x39, 0x3c, 0xf8, 0xa5, 0xdf,
    0xfa, 0xbd, 0x13, 0xbe, 0x8b, 0xab, 0xae, 0xba, 0xea, 0xaa, 0xab, 0xae, 0xba, 0xea, 0xff, 0x04,
    0xc1, 0x25, 0xc1, 0x83, 0x6f, 0xfd, 0xeb, 0x9f, 0xde, 0xe5, 0x2a, 0x00, 0xc4, 0x55, 0xcf, 0xe3,
    0x41, 0x2f, 0xfd, 0xd6, 0xb7, 0x1a, 0x1e, 0xc4, 0x55, 0x57, 0x5d, 0xf5, 0xbf, 0x8a, 0xe0, 0x6f,
    0x80, 0x5d, 0xc3, 0x5f, 0x03, 0xbb, 0x01, 0xb7, 0x02, 0xb7, 0x72, 0xc5, 0xad, 0xb7, 0xfe, 0xf5,
    0x4f, 0xdf, 0xca, 0x0b, 0xf1, 0xe0, 0x97, 0x7e, 0xeb, 0x07, 0x03, 0x0f, 0xe6, 0x8a, 0xe3, 0x09,
    0x2f, 0x0d, 0x20, 0x78, 0x6d, 0x00, 0xc3, 0x6b, 0x71, 0xd5, 0x55, 0x57, 0xfd, 0x6f, 0xf4, 0x35,
    0xb7, 0xfd, 0xf5, 0x4f, 0x7f, 0x34, 0x57, 0xdd, 0x0f, 0x71, 0xd5, 0xf3, 0x78, 0xf0, 0x4b, 0xbf,
    0xf5, 0x7b, 0x27, 0x7c, 0x17, 0x57, 0x5d, 0x75, 0xd5, 0xff, 0x48, 0x82, 0x4b, 0xc0, 0x5f, 0x1b,
    0x7e, 0x3b, 0xe0, 0xaf, 0x81, 0x5b, 0x6f, 0xfd, 0xeb, 0x9f, 0xfe, 0x6b, 0xfe, 0x0b, 0x3c, 0xf8,
    0xa5, 0xdf, 0xfa, 0xc1, 0xc0, 0x4b, 0x27, 0xbc, 0x34, 0xf0, 0xd2, 0x82, 0xd7, 0x36, 0x1c, 0xe3,
    0xaa, 0xab, 0xae, 0xfa, 0x1f, 0x49, 0x70, 0x49, 0xf0, 0xe0, 0x5b, 0xff, 0xfa, 0xa7, 0x77, 0xb9,
    0xea, 0x7e, 0x88, 0xab, 0x9e, 0xaf, 0x07, 0xbd, 0xf4, 0x5b, 0xff, 0xb6, 0xe1, 0xb5, 0xb8, 0xea,
    0xaa, 0xab, 0xfe, 0xdb, 0x09, 0x2e, 0x19, 0x7e, 0x3b, 0xe0, 0xb7, 0x81, 0xdf, 0xbe, 0xf5, 0xaf,
    0x7f, 0xfa, 0xaf, 0xf9, 0x1f, 0xe4, 0xc1, 0x2f, 0xfd, 0xd6, 0x2f, 0x0d, 0xbc, 0x74, 0xc2, 0x6b,
    0x0b, 0xde, 0xda, 0x70, 0x8c, 0xab, 0xae, 0xba, 0xea, 0x7f, 0x84, 0x80, 0x8f, 0xb9, 0xf5, 0xaf,
    0x7f, 0xfa, 0xab, 0xb9, 0xea, 0x81, 0x10, 0x57, 0x3d, 0x5f, 0x0f, 0x7e, 0xe9, 0xb7, 0x7e, 0xe9,
    0x84, 0xbf, 0xe2, 0xaa, 0xab, 0xae, 0xfa, 0x6f, 0x21, 0x78, 0x86, 0xe1, 0xa7, 0x03, 0x7e, 0xfa,
    0xd6, 0xbf, 0xfe, 0xe9, 0xdf, 0xe6, 0x7f, 0x91, 0x07, 0xbf, 0xf4, 0x5b, 0xbf, 0x74, 0xc2, 0x5b,
    0x0b, 0xde, 0xda, 0xf0, 0x52, 0x5c, 0x75, 0xd5, 0x55, 0xff, 0x2d, 0x04, 0x7f, 0xf3, 0x8c, 0xbf,
    0xfe, 0xe9, 0x97, 0xe6, 0xaa, 0xe7, 0x86, 0xb8, 0xea, 0x05, 0x7a, 0xf0, 0x4b, 0xbf, 0xf5, 0x47,
    0x27, 0x7c, 0x15, 0x57, 0x5d, 0x75, 0xd5, 0x7f, 0x09, 0xc1, 0x33, 0x0c, 0x3f, 0x1d, 0xf0, 0xdd,
    0xb7, 0xfe, 0xf5, 0x4f, 0xff, 0x35, 0xff, 0x07, 0x3c, 0xf8, 0xa5, 0xdf, 0xfa, 0xc1, 0xc0, 0x5b,
    0x1b, 0x3e, 0xda, 0xf0, 0x20, 0xae, 0xba, 0xea, 0xaa, 0xff, 0x12, 0x82, 0x4b, 0x82, 0xd7, 0xbe,
    0xf5, 0xaf, 0x7f, 0xfa, 0xaf, 0xb9, 0xea, 0xb9, 0x21, 0xae, 0x7a, 0xa1, 0x1e, 0xf4, 0xd2, 0x6f,
    0xfd, 0xdb, 0x86, 0xd7, 0xe2, 0xaa, 0xab, 0xae, 0xfa, 0xcf, 0xf4, 0x3d, 0x01, 0xdf, 0x7d, 0xeb,
    0x5f, 0xff, 0xf4, 0x6f, 0xf3, 0x7f, 0xd8, 0x83, 0x5f, 0xfa, 0xad, 0x5f, 0x3a, 0xe1, 0xa3, 0x05,
    0x6f, 0x6d, 0x38, 0xc6, 0x55, 0x57, 0x5d, 0xf5, 0x9f, 0x26, 0xe0, 0x7d, 0x6e, 0xfd, 0xeb, 0x9f,
    0xfe, 0x6e, 0xae, 0x7a, 0x7e, 0x10, 0x57, 0xbd, 0x50, 0x0f, 0x7e, 0xe9, 0xb7, 0x3e, 0x6e, 0xf8,
    0x6d, 0xc3, 0x4b, 0x71, 0xd5, 0x55, 0x57, 0xfd, 0x87, 0x11, 0x3c, 0x43, 0xf0, 0xd5, 0xc0, 0x77,
    0xdf, 0xfa, 0xd7, 0x3f, 0xbd, 0xcb, 0xff, 0x23, 0x0f, 0x7e, 0xe9, 0xb7, 0x3e, 0x0e, 0xbc, 0xb5,
    0xe1, 0xb3, 0x0d, 0x0f, 0xe2, 0xaa, 0xab, 0xae, 0xfa, 0x8f, 0xf6, 0x3d, 0xb7, 0xfd, 0xf5, 0x4f,
    0xbf, 0x37, 0x57, 0xbd, 0x20, 0x88, 0xab, 0xfe, 0x45, 0x0f, 0x7e, 0xe9, 0xb7, 0x7e, 0xb0, 0xe1,
    0xaf, 0x0d, 0xc7, 0xb8, 0xea, 0xaa, 0xab, 0xfe, 0x5d, 0x04, 0x7f, 0x23, 0xf8, 0xea, 0x5b, 0xff,
    0xfa, 0xa7, 0xbf, 0x9b, 0xab, 0x78, 0xf0, 0x4b, 0xbf, 0xf5, 0x7b, 0x1b, 0xde, 0xdb, 0xf0, 0x5a,
    0x5c, 0x75, 0xd5, 0x55, 0xff, 0x11, 0x7e, 0xe6, 0xb6, 0xbf, 0xfe, 0xe9, 0xb7, 0xe6, 0xaa, 0x17,
    0x06, 0x71, 0xd5, 0x8b, 0xe4, 0xc1, 0x2f, 0xfd, 0xd6, 0x2f, 0x6d, 0xf8, 0x6d, 0xc3, 0x31, 0xae,
    0xba, 0xea, 0xaa, 0x7f, 0x35, 0xc1, 0xdf, 0x08, 0x3e, 0xfa, 0xd6, 0xbf, 0xfe, 0xe9, 0xdf, 0xe6,
    0xaa, 0xe7, 0xf1, 0xe0, 0x97, 0x7e, 0xeb, 0xd7, 0x36, 0x7c, 0xb6, 0xe1, 0xb5, 0xb8, 0xea, 0xaa,
    0xab, 0xfe, 0xad, 0xbe, 0x27, 0xe0, 0xa3, 0x6f, 0xfd, 0xeb, 0x9f, 0xde, 0xe5, 0xaa, 0x17, 0x06,
    0x71, 0xd5, 0x8b, 0xec, 0xc1, 0x2f, 0xfd, 0xd6, 0x2f, 0x6d, 0xf8, 0x69, 0xc3, 0x83, 0xb8, 0xea,
    0xaa, 0xab, 0x5e, 0x24, 0x82, 0x67, 0x08, 0x3e, 0xfb, 0xd6, 0xbf, 0xfe, 0xe9, 0xef, 0xe6, 0xaa,
    0x7f, 0xd1, 0x83, 0x5f, 0xfa, 0xad, 0x5f, 0xdb, 0xf0, 0xdd, 0x86, 0x07, 0x71, 0xd5, 0x55, 0x57,
    0xfd, 0x6b, 0x7c, 0xcf, 0x6d, 0x7f, 0xfd, 0xd3, 0xef, 0xcd, 0x55, 0x2f, 0x0a, 0xc4, 0x55, 0xff,
    0x2a, 0x0f, 0x7e, 0xe9, 0xb7, 0x3e, 0x6e, 0xf8, 0x6d, 0xc3, 0x4b, 0x71, 0xd5, 0x55, 0x57, 0xbd,
    0x40, 0x82, 0x4b, 0x82, 0xcf, 0xbe, 0xf5, 0xaf, 0x7f, 0xfa, 0xab, 0xb9, 0xea, 0x5f, 0xed, 0xc1,
    0x2f, 0xfd, 0xd6, 0x1f, 0x6d, 0xf8, 0x6c, 0xc3, 0x31, 0xae, 0xba, 0xea, 0xaa, 0x7f, 0xc9, 0xf7,
    0xdc, 0xf6, 0xd7, 0x3f, 0xfd, 0xde, 0x5c, 0xf5, 0xa2, 0x42, 0x5c, 0xf5, 0xaf, 0xf6, 0xe0, 0x97,
    0x7e, 0xeb, 0xe3, 0x86, 0x9f, 0x36, 0xbc, 0x16, 0x57, 0x5d, 0x75, 0xd5, 0xf3, 0xf3, 0x3d, 0x01,
    0x1f, 0x7d, 0xeb, 0x5f, 0xff, 0xf4, 0x2e, 0x57, 0xfd, 0x9b, 0x3d, 0xf8, 0xa5, 0xdf, 0xfa, 0x78,
    0xc2, 0x67, 0x03, 0x1f, 0xc5, 0x55, 0x57, 0x5d, 0xf5, 0x82, 0x7c, 0xce, 0x6d, 0x7f, 0xfd, 0xd3,
    0x9f, 0xcd, 0x55, 0xff, 0x1a, 0x88, 0xab, 0xfe, 0xcd, 0x6e, 0x79, 0xe9, 0xb7, 0xfe, 0x6e, 0xe0,
    0xbd, 0xb8, 0xea, 0xaa, 0xab, 0x2e, 0x13, 0x3c, 0x43, 0xf0, 0xde, 0xb7, 0xfe, 0xf5, 0x4f, 0xff,
    0x36, 0x57, 0xfd, 0x87, 0x79, 0xf0, 0x4b, 0xbf, 0xf5, 0x6b, 0x1b, 0xbe, 0xda, 0xf0, 0x52, 0x5c,
    0x75, 0xd5, 0x55, 0xcf, 0x12, 0xf0, 0x3e, 0xb7, 0xfe, 0xf5, 0x4f, 0x7f, 0x37, 0x57, 0xfd, 0x6b,
    0x21, 0xae, 0xfa, 0x77, 0xb9, 0xe5, 0xa5, 0xdf, 0xfa, 0xab, 0x81, 0x8f, 0xe2, 0xaa, 0xab, 0xae,
    0xfa, 0x9c, 0xdb, 0xfe, 0xfa, 0xa7, 0x3f, 0x9b, 0xab, 0xfe, 0xd3, 0xdc, 0xf2, 0xd2, 0x6f, 0xfd,
    0xd9, 0xc0, 0x67, 0x71, 0xd5, 0x55, 0xff, 0xcf, 0x09, 0x2e, 0x09, 0xde, 0xfb, 0xd6, 0xbf, 0xfe,
    0xe9, 0x9f, 0xe6, 0xaa, 0x7f, 0x0b, 0xc4, 0x55, 0xff, 0x6e, 0x0f, 0x7e, 0xe9, 0xb7, 0x7e, 0xef,
    0x84, 0xef, 0xe2, 0xaa, 0xab, 0xfe, 0x1f, 0x12, 0x3c, 0x43, 0xf0, 0xd6, 0xb7, 0xfe, 0xf5, 0x4f,
    0xff, 0x35, 0x57, 0xfd, 0xa7, 0x7b, 0xf0, 0x4b, 0xbf, 0xf5, 0x4b, 0x1b, 0x7e, 0xda, 0xf0, 0x20,
    0xae, 0xba, 0xea, 0xff, 0x21, 0xc1, 0x25, 0xc1, 0x6b, 0xdf, 0xfa, 0xd7, 0x3f, 0xfd, 0xd7, 0x5c,
    0xf5, 0x6f, 0x85, 0xb8, 0xea, 0x3f, 0xc4, 0x83, 0x5f, 0xfa, 0xad, 0xdf, 0xdb, 0xf0, 0xd5, 0x86,
    0x63, 0x5c, 0x75, 0xd5, 0xff, 0x1f, 0xdf, 0x13, 0xf0, 0xd1, 0xb7, 0xfe, 0xf5, 0x4f, 0xef, 0x72,
    0xd5, 0x7f, 0x99, 0x07, 0xbf, 0xf4, 0x5b, 0x1f, 0x4f, 0xf8, 0x6a, 0xe0, 0xbd, 0xb8, 0xea, 0xaa,
    0xff, 0x47, 0x04, 0x7f, 0x23, 0x78, 0xef, 0x5b, 0xff, 0xfa, 0xa7, 0xff, 0x9a, 0xab, 0xfe, 0x3d,
    0x10, 0x57, 0xfd, 0x87, 0x79, 0xf0, 0x4b, 0xbf, 0xf5, 0x4b, 0x1b, 0x7e, 0xdb, 0x70, 0x8c, 0xab,
    0xae, 0xfa, 0x3f, 0x4c, 0x70, 0x49, 0xf0, 0xd1, 0xb7, 0xfe, 0xf5, 0x4f, 0x7f, 0x37, 0x57, 0xfd,
    0xb7, 0x79, 0xf0, 0x4b, 0xbf, 0xf5, 0x7b, 0x1b, 0xbe, 0xda, 0x70, 0x8c, 0xab, 0xae, 0xfa, 0x3f,
    0x4e, 0xf0, 0x37, 0x82, 0xd7, 0xbe, 0xf5, 0xaf, 0x7f, 0x7a, 0x97, 0xab, 0xfe, 0xbd, 0x10, 0x57,
    0xfd, 0x87, 0x7a, 0xf0, 0x4b, 0xbf, 0xf5, 0x4b, 0x1b, 0x7e, 0xda, 0xf0, 0x20, 0xae, 0xba, 0xea,
    0xff, 0x20, 0xc1, 0x33, 0x04, 0x6f, 0x7d, 0xeb, 0x5f, 0xff, 0xf4, 0x5f, 0x73, 0xd5, 0x7f, 0xbb,
    0x07, 0xbf, 0xf4, 0x5b, 0xbf, 0xb4, 0xe1, 0xa7, 0x0d, 0x0f, 0xe2, 0xaa, 0xab, 0xfe, 0xef, 0xfa,
    0x99, 0x80, 0xf7, 0xbe, 0xf5, 0xaf, 0x7f, 0x7a, 0x97, 0xab, 0xfe, 0x23, 0x20, 0xae, 0xfa, 0x0f,
    0xf7, 0xe0, 0x97, 0x7e, 0xeb, 0xe3, 0x86, 0xdf, 0x36, 0xbc, 0x14, 0x57, 0x5d, 0xf5, 0x7f, 0x88,
    0xe0, 0x6f, 0x04, 0xaf, 0x7d, 0xeb, 0x5f, 0xff, 0xf4, 0x2e, 0x57, 0xfd, 0x8f, 0xf1, 0xe0, 0x97,
    0x7e, 0xeb, 0xe3, 0x86, 0xdf, 0x36, 0xbc, 0x14, 0x57, 0x5d, 0xf5, 0x7f, 0xcf, 0xf7, 0xdc, 0xf6,
    0xd7, 0x3f, 0xfd, 0xde, 0x5c, 0xf5, 0x1f, 0x09, 0x71, 0xd5, 0x7f, 0x8a, 0x07, 0xbf, 0xf4, 0x5b,
    0x1f, 0x37, 0xfc, 0xb4, 0xe1, 0xb5, 0xb8, 0xea, 0xaa, 0xff, 0x1b, 0xbe, 0xe7, 0xb6, 0xbf, 0xfe,
    0xe9, 0xf7, 0xe6, 0xaa, 0xff, 0xb1, 0x6e, 0x79, 0xe9, 0xb7, 0xfe, 0x6e, 0xe0, 0xbd, 0xb8, 0xea,
    0xaa, 0xff, 0x3b, 0x3e, 0xe7, 0xb6, 0xbf, 0xfe, 0xe9, 0xcf, 0xe6, 0xaa, 0xff, 0x68, 0x88, 0xab,
    0xfe, 0x53, 0xdd, 0xf2, 0xd2, 0x6f, 0xfd, 0xdd, 0xc0, 0x7b, 0x71, 0xd5, 0x55, 0xff, 0xbb, 0x7d,
    0xcd, 0x6d, 0x7f, 0xfd, 0xd3, 0x1f, 0xcd, 0x55, 0xff, 0xe3, 0xdd, 0xf2, 0xd2, 0x6f, 0xfd, 0xd5,
    0xc0, 0x47, 0x71, 0xd5, 0x55, 0xff, 0xcb, 0x05, 0xbc, 0xcf, 0xad, 0x7f, 0xfd, 0xd3, 0xdf, 0xcd,
    0x55, 0xff, 0x19, 0x10, 0x57, 0xfd, 0xa7, 0xbb, 0xe5, 0xa5, 0xdf, 0xfa, 0xbb, 0x81, 0xf7, 0xe2,
    0xaa, 0xab, 0xfe, 0x17, 0x0a, 0x78, 0x9f, 0x5b, 0xff, 0xfa, 0xa7, 0xbf, 0x9b, 0xab, 0xfe, 0xd7,
    0x78, 0xf0, 0x4b, 0xbf, 0xf5, 0x7b, 0x27, 0x7c, 0x17, 0x57, 0x5d, 0xf5, 0xbf, 0x90, 0xe0, 0x92,
    0xe0, 0xbd, 0x6f, 0xfd, 0xeb, 0x9f, 0xfe, 0x69, 0xae, 0xfa, 0xcf, 0x82, 0xb8, 0xea, 0xbf, 0xc4,
    0x83, 0x5f, 0xfa, 0xad, 0xdf, 0x3b, 0xe1, 0xbb, 0xb8, 0xea, 0xaa, 0xff, 0x45, 0x02, 0xde, 0xe7,
    0xd6, 0xbf, 0xfe, 0xe9, 0xef, 0xe6, 0xaa, 0xff, 0x75, 0x1e, 0xfc, 0xd2, 0x6f, 0xfd, 0xde, 0x09,
    0xdf, 0xc5, 0x55, 0x57, 0xfd, 0x2f, 0x22, 0xb8, 0x24, 0x78, 0xed, 0x5b, 0xff, 0xfa, 0xa7, 0xff,
    0x9a, 0xab, 0xfe, 0x33, 0x21, 0xae, 0xfa, 0x2f, 0xf3, 0xe0, 0x97, 0x7e, 0xeb, 0xf7, 0x4e, 0xf8,
    0x2e, 0xae, 0xba, 0xea, 0x7f, 0x81, 0x80, 0xf7, 0xb9, 0xf5, 0xaf, 0x7f, 0xfa, 0xbb, 0xb9, 0xea,
    0x7f, 0xad, 0x07, 0xbf, 0xf4, 0x5b, 0xbf, 0x77, 0xc2, 0x77, 0x71, 0xd5, 0x55, 0xff, 0x0b, 0x08,
    0xfe, 0x46, 0xf0, 0xde, 0xb7, 0xfe, 0xf5, 0x4f, 0xff, 0x35, 0x57, 0xfd, 0x67, 0x43, 0x5c, 0xf5,
    0x5f, 0xea, 0xc1, 0x2f, 0xfd, 0xd6, 0x2f, 0x6d, 0xf8, 0x6d, 0xc3, 0x31, 0xae, 0xba, 0xea, 0x7f,
    0xa8, 0x80, 0xf7, 0xb9, 0xf5, 0xaf, 0x7f, 0xfa, 0xbb, 0xb9, 0xea, 0x7f, 0xbd, 0x07, 0xbf, 0xf4,
    0x5b, 0xbf, 0x77, 0xc2, 0x77, 0x71, 0xd5, 0x55, 0xff, 0x83, 0x09, 0xfe, 0x46, 0xf0, 0xda, 0xb7,
    0xfe, 0xf5, 0x4f, 0xef, 0x72, 0xd5, 0x7f, 0x05, 0xc4, 0x55, 0xff, 0xe5, 0x1e, 0xfc, 0xd2, 0x6f,
    0xfd, 0xd2, 0x86, 0xdf, 0x36, 0x1c, 0xe3, 0xaa, 0xab, 0xfe, 0x87, 0x09, 0x78, 0x9f, 0x5b, 0xff,
    0xfa, 0xa7, 0xbf, 0x9b, 0xab, 0xfe, 0xcf, 0x78, 0xf0, 0x4b, 0xbf, 0xf5, 0x7b, 0x27, 0x7c, 0x17,
    0x57, 0x5d, 0xf5, 0x3f, 0xd3, 0xcf, 0x04, 0xbc, 0xf7, 0xad, 0x7f, 0xfd, 0xd3, 0xbb, 0x5c, 0xf5,
    0x5f, 0x05, 0x71, 0xd5, 0x7f, 0x8b, 0x07, 0xbf, 0xf4, 0x5b, 0x1f, 0x37, 0xfc, 0xb6, 0xe1, 0xa5,
    0xb8, 0xea, 0xaa, 0xff, 0x39, 0x3e, 0xe7, 0xb6, 0xbf, 0xfe, 0xe9, 0xcf, 0xe6, 0xaa, 0xff, 0x73,
    0x6e, 0x79, 0xe9, 0xb7, 0xfe, 0x6a, 0xe0, 0xa3, 0xb8, 0xea, 0xaa, 0xff, 0x59, 0xbe, 0xe7, 0xb6,
    0xbf, 0xfe, 0xe9, 0xf7, 0xe6, 0xaa, 0xff, 0x6a, 0x88, 0xab, 0xfe, 0xdb, 0x3c, 0xf8, 0xa5, 0xdf,
    0xfa, 0xb8, 0xe1, 0xb7, 0x0d, 0x2f, 0xc5, 0x55, 0x57, 0xfd, 0xf7, 0xfb, 0x9e, 0xdb, 0xfe, 0xfa,
    0xa7, 0xdf, 0x9b, 0xab, 0xfe, 0xcf, 0xba, 0xe5, 0xa5, 0xdf, 0xfa, 0xbb, 0x81, 0xf7, 0xe2, 0xaa,
    0xab, 0xfe, 0x67, 0xf8, 0x9c, 0xdb, 0xfe, 0xfa, 0xa7, 0x3f, 0x9b, 0xab, 0xfe, 0x3b, 0x20, 0xae,
    0xfa, 0x6f, 0x77, 0xcb, 0x4b, 0xbf, 0xf5, 0x77, 0x03, 0xef, 0xc5, 0x55, 0x57, 0xfd, 0x37, 0x11,
    0xfc, 0xcd, 0x33, 0xfe, 0xfa, 0xa7, 0x5f, 0x9a, 0xab, 0xfe, 0xcf, 0x7b, 0xd0, 0x4b, 0xbf, 0xf5,
    0x5f, 0x1b, 0x5e, 0x8a, 0xab, 0xae, 0xfa, 0x6f, 0x14, 0xf0, 0x3e, 0xb7, 0xfe, 0xf5, 0x4f, 0x7f,
    0x37, 0x57, 0xfd, 0x77, 0x41, 0x5c, 0xf5, 0x3f, 0xc2, 0x2d, 0x2f, 0xfd, 0xd6, 0xdf, 0x0d, 0xbc,
    0x17, 0x57, 0x5d, 0xf5, 0x5f, 0x4c, 0xf0, 0x0c, 0xc1, 0x4b, 0xdf, 0xfa, 0xd7, 0x3f, 0xbd, 0xcb,
    0x55, 0xff, 0xe7, 0x3d, 0xf8, 0xa5, 0xdf, 0xfa, 0xb8, 0xe1, 0xaf, 0x0d, 0x0f, 0xe2, 0xaa, 0xab,
    0xfe, 0x8b, 0x09, 0x2e, 0x09, 0xde, 0xfb, 0xd6, 0xbf, 0xfe, 0xe9, 0x9f, 0xe6, 0xaa, 0xff, 0x4e,
    0x88, 0xab, 0xfe, 0xc7, 0x78, 0xf0, 0x4b, 0xbf, 0xf5, 0x7b, 0x27, 0x7c, 0x17, 0x57, 0x5d, 0xf5,
    0x5f, 0x44, 0x70, 0x49, 0xf0, 0xda, 0xb7, 0xfe, 0xf5, 0x4f, 0xff, 0x35, 0x57, 0xfd, 0xbf, 0xf1,
    0xe0, 0x97, 0x7e, 0xeb, 0x97, 0x4e, 0xf8, 0x2b, 0xae, 0xba, 0xea, 0xbf, 0x90, 0xe0, 0x92, 0xe0,
    0xb5, 0x6f, 0xfd, 0xeb, 0x9f, 0xfe, 0x6b, 0xae, 0xfa, 0xef, 0x86, 0xb8, 0xea, 0x7f, 0x94, 0x07,
    0xbf, 0xf4, 0x5b, 0xbf, 0x77, 0xc2, 0x77, 0x71, 0xd5, 0x55, 0xff, 0x05, 0x02, 0xde, 0xe7, 0xd6,
    0xbf, 0xfe, 0xe9, 0xef, 0xe6, 0xaa, 0xff, 0x77, 0x1e, 0xfc, 0xd2, 0x6f, 0xfd, 0xde, 0x09, 0xdf,
    0xc5, 0x55, 0x57, 0xfd, 0x17, 0x10, 0xfc, 0x8d, 0xe0, 0xbd, 0x6f, 0xfd, 0xeb, 0x9f, 0xfe, 0x6b,
    0xae, 0xfa, 0x9f, 0x00, 0x71, 0xd5, 0xff, 0x38, 0x0f, 0x7e, 0xe9, 0xb7, 0x7e, 0x69, 0xc3, 0x6f,
    0x1b, 0x8e, 0x71, 0xd5, 0x55, 0xff, 0x79, 0xbe, 0xe7, 0xb6, 0xbf, 0xfe, 0xe9, 0xf7, 0xe6, 0xaa,
    0xff, 0xb7, 0x6e, 0x79, 0xe9, 0xb7, 0xfe, 0x6e, 0xe0, 0xbd, 0xb8, 0xea, 0xaa, 0xff, 0x44, 0x82,
    0xbf, 0x11, 0xbc, 0xf6, 0xad, 0x7f, 0xfd, 0xd3, 0xbb, 0x5c, 0xf5, 0x3f, 0x05, 0xe2, 0xaa, 0xff,
    0x91, 0x1e, 0xfc, 0xd2, 0x6f, 0xfd, 0xd2, 0x86, 0xdf, 0x36, 0x1c, 0xe3, 0xaa, 0xab, 0xfe, 0x83,
    0x09, 0x9e, 0x21, 0x78, 0xe9, 0x5b, 0xff, 0xfa, 0xa7, 0x77, 0xb9, 0xea, 0xff, 0xad, 0x07, 0xbf,
    0xf4, 0x5b, 0x1f, 0x37, 0xfc, 0xb5, 0xe1, 0x41, 0x5c, 0x75, 0xd5, 0x7f, 0x8e, 0x9f, 0x09, 0x78,
    0xef, 0x5b, 0xff, 0xfa, 0xa7, 0x77, 0xb9, 0xea, 0x7f, 0x12, 0xc4, 0x55, 0xff, 0x63, 0x3d, 0xf8,
    0xa5, 0xdf, 0xfa, 0xb8, 0xe1, 0xb7, 0x0d, 0x2f, 0xc5, 0x55, 0x57, 0xfd, 0x07, 0x0a, 0x78, 0x99,
    0x5b, 0xff, 0xfa, 0xa7, 0xff, 0x9a, 0xab, 0xfe, 0xdf, 0x7b, 0xf0, 0x4b, 0xbf, 0xf5, 0x4b, 0x27,
    0xfc, 0x15, 0x57, 0x5d, 0xf5, 0x1f, 0xef, 0x7b, 0x6e, 0xfb, 0xeb, 0x9f, 0x7e, 0x6f, 0xae, 0xfa,
    0x9f, 0x08, 0x71, 0xd5, 0xff, 0x68, 0x0f, 0x7e, 0xe9, 0xb7, 0x3e, 0x6e, 0xf8, 0x6d, 0xc3, 0x4b,
    0x71, 0xd5, 0x55, 0xff, 0x31, 0x3e, 0xe7, 0xb6, 0xbf, 0xfe, 0xe9, 0xcf, 0xe6, 0xaa, 0xab, 0x9e,
    0xe9, 0x96, 0x97, 0x7e, 0xeb, 0xcf, 0x06, 0x3e, 0x8b, 0xab, 0xae, 0xfa, 0x8f, 0xf3, 0x39, 0xb7,
    0xfd, 0xf5, 0x4f, 0x7f, 0x36, 0x57, 0xfd, 0x4f, 0x85, 0xb8, 0xea, 0x7f, 0x85, 0x5b, 0x5e, 0xfa,
    0xad, 0xbf, 0x1b, 0x78, 0x2f, 0xae, 0xba, 0xea, 0xdf, 0x41, 0xf0, 0x37, 0xcf, 0xf8, 0xeb, 0x9f,
    0x7e, 0x69, 0xae, 0xba, 0xea, 0xb9, 0x3c, 0xe8, 0xa5, 0xdf, 0xfa, 0x56, 0xc3, 0x83, 0xb8, 0xea,
    0xaa, 0x7f, 0xa7, 0x80, 0xf7, 0xb9, 0xf5, 0xaf, 0x7f, 0xfa, 0xbb, 0xb9, 0xea, 0x7f, 0x32, 0xc4,
    0x55, 0xff, 0x6b, 0xdc, 0xf2, 0xd2, 0x6f, 0xfd, 0xdd, 0xc0, 0x7b, 0x71, 0xd5, 0x55, 0xff, 0x46,
    0x01, 0xaf, 0x73, 0xeb, 0x5f, 0xff, 0xf4, 0x6f, 0x73, 0xd5, 0x55, 0xcf, 0xe5, 0xc1, 0x2f, 0xfd,
    0xd6, 0xaf, 0x9d, 0xf0, 0x5b, 0x5c, 0x75, 0xd5, 0xbf, 0x91, 0xe0, 0x92, 0xe0, 0xbd, 0x6f, 0xfd,
    0xeb, 0x9f, 0xfe, 0x69, 0xae, 0xfa, 0x9f, 0x0e, 0x71, 0xd5, 0xff, 0x2a, 0x0f, 0x7e, 0xe9, 0xb7,
    0x7e, 0xef, 0x84, 0xef, 0xe2, 0xaa, 0xab, 0xfe, 0xf5, 0xbe, 0xe6, 0xb6, 0xbf, 0xfe, 0xe9, 0x8f,
    0xe6, 0xaa, 0xab, 0x5e, 0x80, 0x5b, 0x5e, 0xfa, 0xad, 0xbf, 0x1b, 0x78, 0x2f, 0xae, 0xba, 0xea,
    0x5f, 0x49, 0x70, 0x49, 0xf0, 0xda, 0xb7, 0xfe, 0xf5, 0x4f, 0xff, 0x35, 0x57, 0xfd, 0x6f, 0x80,
    0xb8, 0xea, 0x7f, 0x9d, 0x07, 0xbf, 0xf4, 0x5b, 0xbf, 0x77, 0xc2, 0x77, 0x71, 0xd5, 0x55, 0x2f,
    0x22, 0xc1, 0x25, 0xc1, 0x83, 0x6f, 0xfd, 0xeb, 0x9f, 0xde, 0xe5, 0xaa, 0xab, 0x5e, 0x80, 0x07,
    0xbf, 0xf4, 0x5b, 0x1f, 0x37, 0xdc, 0x6a, 0x38, 0xc6, 0x55, 0x57, 0xbd, 0x88, 0x04, 0x7f, 0x23,
    0x78, 0xef, 0x5b, 0xff, 0xfa, 0xa7, 0xff, 0x9a, 0xab, 0xfe, 0xb7, 0x40, 0x5c, 0xf5, 0xbf, 0xd2,
    0x83, 0x5f, 0xfa, 0xad, 0x5f, 0xda, 0xf0, 0xdb, 0x86, 0x63, 0x5c, 0x75, 0xd5, 0xbf, 0x20, 0xe0,
    0x63, 0x6e, 0xfd, 0xeb, 0x9f, 0xfe, 0x6a, 0xae, 0xba, 0xea, 0x5f, 0xf0, 0xe0, 0x97, 0x7e, 0xeb,
    0x8f, 0x4e, 0xf8, 0x2a, 0xae, 0xba, 0xea, 0x45, 0x20, 0xf8, 0x1b, 0xc1, 0x6b, 0xdf, 0xfa, 0xd7,
    0x3f, 0xbd, 0xcb, 0x55, 0xff, 0x9b, 0x20, 0xae, 0xfa, 0x5f, 0xeb, 0xc1, 0x2f, 0xfd, 0xd6, 0x2f,
    0x6d, 0xf8, 0x6d, 0xc3, 0x31, 0xae, 0xba, 0xea, 0x05, 0x10, 0x3c, 0xe3, 0x19, 0x7f, 0xfd, 0xd3,
    0x0f, 0xe6, 0xaa, 0xab, 0x5e, 0x44, 0x0f, 0x7a, 0xe9, 0xb7, 0xbe, 0xd5, 0xf0, 0x20, 0xae, 0xba,
    0xea, 0x85, 0xfb, 0x99, 0x80, 0xf7, 0xbe, 0xf5, 0xaf, 0x7f, 0x7a, 0x97, 0xab, 0xfe, 0xb7, 0x41,
    0x5c, 0xf5, 0xbf, 0xda, 0x83, 0x5f, 0xfa, 0xad, 0x8f, 0x1b, 0x7e, 0xdb, 0xf0, 0x52, 0x5c, 0x75,
    0xd5, 0xf3, 0x11, 0xf0, 0x3a, 0xb7, 0xfe, 0xf5, 0x4f, 0xff, 0x36, 0x57, 0x5d, 0xf5, 0x22, 0x7a,
    0xf0, 0x4b, 0xbf, 0xf5, 0x7b, 0x27, 0x7c, 0x17, 0x57, 0x5d, 0xf5, 0x82, 0x7d, 0xcf, 0x6d, 0x7f,
    0xfd, 0xd3, 0xef, 0xcd, 0x55, 0xff, 0x5b, 0x21, 0xae, 0xfa, 0x5f, 0xef, 0xc1, 0x2f, 0xfd, 0xd6,
    0xc7, 0x0d, 0xbf, 0x6d, 0x78, 0x29, 0xae, 0xba, 0xea, 0x01, 0x04, 0xbf, 0xf3, 0x8c, 0xbf, 0xfe,
    0xe9, 0xd7, 0xe6, 0xaa, 0xab, 0xfe, 0x95, 0x1e, 0xf4, 0xd2, 0x6f, 0x7d, 0xab, 0xe1, 0x41, 0x5c,
    0x75, 0xd5, 0xf3, 0xfa, 0x9c, 0xdb, 0xfe, 0xfa, 0xa7, 0x3f, 0x9b, 0xab, 0xfe, 0x37, 0x43, 0x5c,
    0xf5, 0x7f, 0xc6, 0x2d, 0x2f, 0xfd, 0xd6, 0xdf, 0x0d, 0xbc, 0x17, 0x57, 0x5d, 0xf5, 0x4c, 0x01,
    0xaf, 0x73, 0xeb, 0x5f, 0xff, 0xf4, 0x6f, 0x73, 0xd5, 0x55, 0xff, 0x4a, 0x0f, 0x7e, 0xe9, 0xb7,
    0x7e, 0xeb, 0x84, 0x9f, 0xe2, 0xaa, 0xab, 0x1e, 0x20, 0xe0, 0x7d, 0x6e, 0xfd, 0xeb, 0x9f, 0xfe,
    0x6e, 0xae, 0xfa, 0xdf, 0x0e, 0x71, 0xd5, 0xff, 0x29, 0xb7, 0xbc, 0xf4, 0x5b, 0x7f, 0x37, 0xf0,
    0x5e, 0x5c, 0xf5, 0xff, 0x9e, 0xe0, 0x77, 0x9e, 0xf1, 0xd7, 0x3f, 0xfd, 0xda, 0x5c, 0x75, 0xd5,
    0xbf, 0xd1, 0x83, 0x5e, 0xfa, 0xad, 0x6f, 0x35, 0x3c, 0x88, 0xab, 0xfe, 0xdf, 0x13, 0x5c, 0x12,
    0xbc, 0xf7, 0xad, 0x7f, 0xfd, 0xd3, 0x3f, 0xcd, 0x55, 0xff, 0x17, 0x20, 0xae, 0xfa, 0x3f, 0xe7,
    0xc1, 0x2f, 0xfd, 0xd6, 0xef, 0x9d, 0xf0, 0x5d, 0x5c, 0xf5, 0xff, 0x5a, 0xc0, 0xfb, 0xdc, 0xfa,
    0xd7, 0x3f, 0xfd, 0xdd, 0x5c, 0x75, 0xd5, 0xbf, 0xd1, 0x83, 0x5f, 0xfa, 0xad, 0xdf, 0x3b, 0xe1,
    0xbb, 0xb8, 0xea, 0xff, 0x35, 0xc1, 0x25, 0xc1, 0x6b, 0xdf, 0xfa, 0xd7, 0x3f, 0xfd, 0xd7, 0x5c,
    0xf5, 0x7f, 0x05, 0xe2, 0xaa, 0xff, 0x93, 0x1e, 0xfc, 0xd2, 0x6f, 0xfd, 0xde, 0x09, 0xdf, 0xc5,
    0x55, 0xff, 0x2f, 0x09, 0x9e, 0xf1, 0x8c, 0xbf, 0xfe, 0xe9, 0x07, 0x73, 0xd5, 0x55, 0xff, 0x4e,
    0x0f, 0x7a, 0xe9, 0xb7, 0xbe, 0xd5, 0xf0, 0x20, 0xae, 0xfa, 0x7f, 0x49, 0xf0, 0x37, 0x82, 0xf7,
    0xbe, 0xf5, 0xaf, 0x7f, 0xfa, 0xaf, 0xb9, 0xea, 0xff, 0x12, 0xc4, 0x55, 0xff, 0x67, 0x3d, 0xf8,
    0xa5, 0xdf, 0xfa, 0xa5, 0x0d, 0xbf, 0x6d, 0x38, 0xc6, 0x55, 0xff, 0xaf, 0x04, 0xbc, 0xcf, 0xad,
    0x7f, 0xfd, 0xd3, 0xdf, 0xcd, 0x55, 0x57, 0xfd, 0x3b, 0xdd, 0xf2, 0xd2, 0x6f, 0xfd, 0xd9, 0xc0,
    0x67, 0x71, 0xd5, 0xff, 0x3b, 0x82, 0xbf, 0x11, 0xbc, 0xf6, 0xad, 0x7f, 0xfd, 0xd3, 0xbb, 0x5c,
    0xf5, 0x7f, 0x0d, 0xe2, 0xaa, 0xff, 0xd3, 0x1e, 0xfc, 0xd2, 0x6f, 0xfd, 0xd2, 0x86, 0xdf, 0x36,
    0x1c, 0xe3, 0xaa, 0xff, 0x17, 0x04, 0x97, 0x04, 0x0f, 0xbe, 0xf5, 0xaf, 0x7f, 0x7a, 0x97, 0xab,
    0xae, 0xfa, 0x77, 0x7a, 0xf0, 0x4b, 0xbf, 0xf5, 0xf1, 0x84, 0x8b, 0x5c, 0xf5, 0xff, 0xcd, 0xcf,
    0x04, 0xbc, 0xf7, 0xad, 0x7f, 0xfd, 0xd3, 0xbb, 0x5c, 0xf5, 0x7f, 0x11, 0xe2, 0xaa, 0xff, 0xf3,
    0x1e, 0xfc, 0xd2, 0x6f, 0x7d, 0xdc, 0xf0, 0xdb, 0x86, 0x97, 0xe2, 0xaa, 0xff, 0x0f, 0xbe, 0xe7,
    0xb6, 0xbf, 0xfe, 0xe9, 0xf7, 0xe6, 0xaa, 0xab, 0xfe, 0x83, 0xdc, 0xf2, 0xd2, 0x6f, 0xfd, 0xdd,
    0xc0, 0x7b, 0x71, 0xd5, 0xff, 0x17, 0xdf, 0x73, 0xdb, 0x5f, 0xff, 0xf4, 0x7b, 0x73, 0xd5, 0xff,
    0x65, 0x88, 0xab, 0xfe, 0x5f, 0x78, 0xf0, 0x4b, 0xbf, 0xf5, 0x71, 0xc3, 0x6f, 0x1b, 0x5e, 0x8a,
    0xab, 0xfe, 0x4f, 0x0b, 0x78, 0x99, 0x5b, 0xff, 0xfa, 0xa7, 0xff, 0x9a, 0xab, 0xae, 0xfa, 0x0f,
    0xf2, 0xe0, 0x97, 0x7e, 0xeb, 0xd7, 0x4e, 0xf8, 0x2d, 0xae, 0xfa, 0xff, 0xe0, 0x73, 0x6e, 0xfb,
    0xeb, 0x9f, 0xfe, 0x6c, 0xae, 0xfa, 0xbf, 0x0e, 0x71, 0xd5, 0xff, 0x2b, 0xb7, 0xbc, 0xf4, 0x5b,
    0x7f, 0x37, 0xf0, 0x5e, 0x5c, 0xf5, 0x7f, 0x92, 0xe0, 0x19, 0xcf, 0xf8, 0xeb, 0x9f, 0x7e, 0x30,
    0x57, 0x5d, 0xf5, 0x1f, 0xec, 0x41, 0x2f, 0xfd, 0xd6, 0xb7, 0x1a, 0x1e, 0xc4, 0x55, 0xff, 0x67,
    0x05, 0xbc, 0xcf, 0xad, 0x7f, 0xfd, 0xd3, 0xdf, 0xcd, 0x55, 0xff, 0x1f, 0x20, 0xae, 0xfa, 0x7f,
    0xe7, 0x96, 0x97, 0x7e, 0xeb, 0xef, 0x06, 0xde, 0x8b, 0xab, 0xfe, 0xcf, 0x09, 0xf8, 0x98, 0x5b,
    0xff, 0xfa, 0xa7, 0xbf, 0x9a, 0xab, 0xae, 0xfa, 0x0f, 0x76, 0xcb, 0x4b, 0xbf, 0xf5, 0x57, 0x03,
    0x1f, 0xc5, 0x55, 0xff, 0xe7, 0x08, 0x2e, 0x09, 0x3e, 0xfa, 0xd6, 0xbf, 0xfe, 0xe9, 0xef, 0xe6,
    0xaa, 0xff, 0x2f, 0x10, 0x57, 0xfd, 0xbf, 0xf4, 0xe0, 0x97, 0x7e, 0xeb, 0xf7, 0x4e, 0xf8, 0x2e,
    0xae, 0xfa, 0x3f, 0x25, 0xe0, 0x21, 0xb7, 0xfe, 0xf5, 0x4f, 0xdf, 0xca, 0x55, 0x57, 0xfd, 0x07,
    0x7b, 0xf0, 0x4b, 0xbf, 0xf5, 0x4b, 0x27, 0xfc, 0x15, 0x57, 0xfd, 0x9f, 0x22, 0xb8, 0x24, 0x78,
    0xed, 0x5b, 0xff, 0xfa, 0xa7, 0xff, 0x9a, 0xab, 0xfe, 0x3f, 0x41, 0x5c, 0xf5, 0xff, 0xd6, 0x83,
    0x5f, 0xfa, 0xad, 0xdf, 0x3b, 0xe1, 0xbb, 0xb8, 0xea, 0xff, 0x04, 0xc1, 0xdf, 0x3c, 0xe3, 0xaf,
    0x7f, 0xfa, 0xa5, 0xb9, 0xea, 0xaa, 0xff, 0x24, 0x0f, 0x7a, 0xe9, 0xb7, 0xbe, 0xd5, 0xf0, 0x20,
    0xae, 0xfa, 0x3f, 0x41, 0xf0, 0x0c, 0xc1, 0x5b, 0xdf, 0xfa, 0xd7, 0x3f, 0xfd, 0xd7, 0x5c, 0xf5,
    0xff, 0x0d, 0xe2, 0xaa, 0xff, 0xd7, 0x1e, 0xfc, 0xd2, 0x6f, 0xfd, 0xd2, 0x86, 0xdf, 0x36, 0x1c,
    0xe3, 0xaa, 0xff, 0xed, 0x3e, 0xe7, 0xb6, 0xbf, 0xfe, 0xe9, 0xcf, 0xe6, 0xaa, 0xab, 0xfe, 0x93,
    0xdc, 0xf2, 0xd2, 0x6f, 0xfd, 0xd5, 0xc0, 0x47, 0x71, 0xd5, 0xff, 0x7a, 0x82, 0xbf, 0x11, 0xbc,
    0xf6, 0xad, 0x7f, 0xfd, 0xd3, 0xbb, 0x5c, 0xf5, 0xff, 0x11, 0xe2, 0xaa, 0xff, 0xf7, 0x1e, 0xfc,
    0xd2, 0x6f, 0xfd, 0xd6, 0x09, 0x3f, 0xc5, 0x55, 0xff, 0xab, 0x05, 0xbc, 0xcc, 0xad, 0x7f, 0xfd,
    0xd3, 0x7f, 0xcd, 0x55, 0x57, 0xfd, 0x27, 0x79, 0xf0, 0x4b, 0xbf, 0xf5, 0x6b, 0x27, 0xfc, 0x16,
    0x57, 0xfd, 0xaf, 0x17, 0x70, 0xe2, 0xd6, 0xbf, 0xfe, 0xe9, 0x5d, 0xae, 0xfa, 0xff, 0x0a, 0x71,
    0xd5, 0xff, 0x7b, 0x0f, 0x7e, 0xe9, 0xb7, 0xfe, 0xe8, 0x84, 0xaf, 0xe2, 0xaa, 0xff, 0xb5, 0x04,
    0x97, 0x9e, 0xf1, 0xd7, 0x3f, 0x7d, 0x9c, 0xab, 0xae, 0xfa, 0x4f, 0xf6, 0xa0, 0x97, 0x7e, 0xeb,
    0x5d, 0xc3, 0x31, 0xae, 0xfa, 0x5f, 0x2d, 0xe0, 0x21, 0xb7, 0xfe, 0xf5, 0x4f, 0xdf, 0xca, 0x55,
    0xff, 0x5f, 0x21, 0xae, 0xfa, 0x7f, 0xef, 0x96, 0x97, 0x7e, 0xeb, 0xcf, 0x06, 0x3e, 0x8b, 0xab,
    0xfe, 0x37, 0xfb, 0x9e, 0xdb, 0xfe, 0xfa, 0xa7, 0xdf, 0x9b, 0xab, 0xae, 0xfa, 0x4f, 0x76, 0xcb,
    0x4b, 0xbf, 0xf5, 0x4f, 0x03, 0x6f, 0xc5, 0x55, 0xff, 0xab, 0x05, 0xbc, 0xce, 0xad, 0x7f, 0xfd,
    0xd3, 0xbf, 0xcd, 0x55, 0xff, 0x5f, 0x21, 0xae, 0xfa, 0x7f, 0xef, 0x96, 0x97, 0x7e, 0xeb, 0xcf,
    0x06, 0x3e, 0x8b, 0xab, 0xfe, 0xd7, 0x0a, 0x78, 0x9f, 0x5b, 0xff, 0xfa, 0xa7, 0xbf, 0x9b, 0xab,
    0xae, 0xfa, 0x4f, 0xf6, 0xe0, 0x97, 0x7e, 0xeb, 0x8f, 0x4e, 0xf8, 0x2a, 0xae, 0xfa, 0x5f, 0x2d,
    0xe0, 0x75, 0x6e, 0xfd, 0xeb, 0x9f, 0xfe, 0x6d, 0xae, 0xfa, 0xff, 0x0a, 0x71, 0xd5, 0xff, 0x7b,
    0x0f, 0x7a, 0xe9, 0xb7, 0xfe, 0x6d, 0xc3, 0x6b, 0x71, 0xd5, 0xff, 0x5a, 0x01, 0x2f, 0x73, 0xeb,
    0x5f, 0xff, 0xf4, 0x5f, 0x73, 0xd5, 0x55, 0xff, 0xc9, 0x1e, 0xfc, 0xd2, 0x6f, 0xfd, 0xd2, 0x09,
    0x7f, 0xc5, 0x55, 0xff, 0xdb, 0x7d, 0xce, 0x6d, 0x7f, 0xfd, 0xd3, 0x9f, 0xcd, 0x55, 0xff, 0x5f,
    0x21, 0xae, 0xfa, 0x7f, 0xef, 0x41, 0x2f, 0xfd, 0xd6, 0xbf, 0x6d, 0x78, 0x2d, 0xae, 0xfa, 0x5f,
    0x49, 0x70, 0xe9, 0x19, 0x7f, 0xfd, 0xd3, 0xc7, 0xb9, 0xea, 0xaa, 0xff, 0x22, 0x0f, 0x7a, 0xe9,
    0xb7, 0xde, 0x35, 0x1c, 0xe3, 0xaa, 0xff, 0xcd, 0x3e, 0xe7, 0xb6, 0xbf, 0xfe, 0xe9, 0xcf, 0xe6,
    0xaa, 0xff, 0xaf, 0x10, 0x57, 0xfd, 0xbf, 0xf7, 0xa0, 0x97, 0x7e, 0xeb, 0xdf, 0x36, 0xbc, 0x16,
    0x57, 0xfd, 0x6f, 0xf5, 0x33, 0xb7, 0xfd, 0xf5, 0x4f, 0xbf, 0x35, 0x57, 0x5d, 0xf5, 0x5f, 0xe4,
    0x41, 0x2f, 0xfd, 0xd6, 0xbf, 0x6d, 0x78, 0x2d, 0xae, 0xfa, 0xdf, 0xec, 0x7b, 0x6e, 0xfb, 0xeb,
    0x9f, 0x7e, 0x6f, 0xae, 0xfa, 0xff, 0x0a, 0x71, 0xd5, 0xff, 0x7b, 0xb7, 0xbc, 0xf4, 0x5b, 0x9b,
    0xab, 0xfe, 0x37, 0xfb, 0x9c, 0xdb, 0xfe, 0xfa, 0xa7, 0x3f, 0x9b, 0xab, 0xae, 0xfa, 0x2f, 0x72,
    0xcb, 0x4b, 0xbf, 0xf5, 0x67, 0x03, 0x9f, 0xc5, 0x55, 0xff, 0x6b, 0x09, 0x7e, 0xe7, 0x19, 0x7f,
    0xfd, 0xd3, 0xaf, 0xcd, 0x55, 0xff, 0x5f, 0x21, 0xae, 0xfa, 0x7f, 0xef, 0x96, 0x97, 0x7e, 0x6b,
    0x73, 0xd5, 0xff, 0x5a, 0x01, 0x6f, 0x73, 0xeb, 0x5f, 0xff, 0xf4, 0x4f, 0x73, 0xd5, 0x55, 0xff,
    0x45, 0x1e, 0xfc, 0xd2, 0x6f, 0xfd, 0xd6, 0x09, 0x3f, 0xc5, 0x55, 0xff, 0x6b, 0x09, 0x7e, 0xe7,
    0x19, 0x7f, 0xfd, 0xd3, 0xaf, 0xcd, 0x55, 0xff, 0x5f, 0x21, 0xae, 0xfa, 0x7f, 0xef, 0x96, 0x97,
    0x7e, 0x6b, 0x73, 0xd5, 0xff, 0x5a, 0x01, 0x0f, 0xb9, 0xf5, 0xaf, 0x7f, 0xfa, 0x56, 0xae, 0xba,
    0xea, 0xbf, 0xc8, 0x83, 0x5f, 0xfa, 0xad, 0x5f, 0x3a, 0xe1, 0xaf, 0xb8, 0xea, 0x7f, 0x2d, 0xc1,
    0xef, 0x3c, 0xe3, 0xaf, 0x7f, 0xfa, 0xb5, 0xb9, 0xea, 0xff, 0x2b, 0xc4, 0x55, 0xff, 0xaf, 0x3d,
    0xf8, 0xa5, 0xdf, 0xfa, 0xb5, 0x13, 0x7e, 0x8b, 0xab, 0xfe, 0xd7, 0xba, 0xed, 0xaf, 0x7f, 0x5a,
    0x5c, 0x75, 0xd5, 0x7f, 0xb1, 0x5b, 0x5e, 0xfa, 0xad, 0xcd, 0x55, 0xff, 0xab, 0xdd, 0xf6, 0xd7,
    0x3f, 0x2d, 0xae, 0xfa, 0xff, 0x0a, 0x71, 0xd5, 0xff, 0x6b, 0x0f, 0x7e, 0xe9, 0xb7, 0x7e, 0xed,
    0x84, 0xdf, 0xe2, 0xaa, 0xff, 0x95, 0x04, 0xbf, 0xf3, 0x8c, 0xbf, 0xfe, 0xe9, 0xd7, 0xe6, 0xaa,
    0xab, 0xfe, 0x8b, 0x3d, 0xe8, 0xa5, 0xdf, 0xfa, 0xaf, 0x0d, 0x2f, 0xc5, 0x55, 0xff, 0x6b, 0xdd,
    0xf6, 0xd7, 0x3f, 0x2d, 0xae, 0xfa, 0xff, 0x0a, 0x71, 0xd5, 0xff, 0x6b, 0x0f, 0x7e, 0xe9, 0xb7,
    0x7e, 0xed, 0x84, 0xdf, 0xe2, 0xaa, 0xff, 0x95, 0x04, 0xbf, 0xf3, 0x8c, 0xbf, 0xfe, 0xe9, 0xd7,
    0xe6, 0xaa, 0xab, 0xfe, 0x8b, 0x3d, 0xe8, 0xa5, 0xdf, 0xfa, 0xb7, 0x0d, 0xaf, 0xc5, 0x55, 0xff,
    0x6b, 0xdd, 0xf6, 0xd7, 0x3f, 0x2d, 0xae, 0xfa, 0xff, 0x0a, 0x71, 0xd5, 0xff, 0x6b, 0x0f, 0x7e,
    0xe9, 0xb7, 0x7e, 0xed, 0x84, 0xdf, 0xe2, 0xaa, 0xff, 0xad, 0x3e, 0xe7, 0xb6, 0xbf, 0xfe, 0xe9,
    0xcf, 0xe6, 0xaa, 0xab, 0xfe, 0x8b, 0xdd, 0xf2, 0xd2, 0x6f, 0xfd, 0xd5, 0xc0, 0x47, 0x71, 0xd5,
    0xff, 0x5a, 0xb7, 0xfd, 0xf5, 0x4f, 0x8b, 0xab, 0xfe, 0xbf, 0x42, 0x5c, 0xf5, 0xff, 0xda, 0x83,
    0x5f, 0xfa, 0xad, 0x5f, 0x3b, 0xe1, 0xb7, 0xb8, 0xea, 0x7f, 0xab, 0xcf, 0xb9, 0xed, 0xaf, 0x7f,
    0xfa, 0xb3, 0xb9, 0xea, 0xaa, 0xff, 0x62, 0xb7, 0xbc, 0xf4, 0x5b, 0x7f, 0x36, 0xf0, 0x59, 0x5c,
    0xf5, 0xbf, 0xd6, 0x6d, 0x7f, 0xfd, 0xd3, 0xe2, 0xaa, 0xff, 0xaf, 0x10, 0x57, 0xfd, 0xbf, 0xf6,
    0xe0, 0x97, 0x7e, 0xeb, 0xf7, 0x4e, 0xf8, 0x2e, 0xae, 0xfa, 0x5f, 0x29, 0xe0, 0x75, 0x6e, 0xfd,
    0xeb, 0x9f, 0xfe, 0x6d, 0xae, 0xba, 0xea, 0xbf, 0xd8, 0x83, 0x5f, 0xfa, 0xad, 0xdf, 0x3b, 0xe1,
    0xbb, 0xb8, 0xea, 0x7f, 0xad, 0x80, 0xd7, 0xb9, 0xf5, 0xaf, 0x7f, 0xfa, 0xb7, 0xb9, 0xea, 0xff,
    0x23, 0xc4, 0x55, 0xff, 0xaf, 0xdd, 0xf2, 0xd2, 0x6f, 0xfd, 0xd9, 0xc0, 0x67, 0x71, 0xd5, 0xff,
    0x4a, 0x01, 0xaf, 0x73, 0xeb, 0x5f, 0xff, 0xf4, 0x6f, 0x73, 0xd5, 0x55, 0xff, 0xc5, 0x1e, 0xfc,
    0xd2, 0x6f, 0xfd, 0xda, 0x09, 0xbf, 0xc5, 0x55, 0xff, 0x6b, 0x05, 0xbc, 0xce, 0xad, 0x7f, 0xfd,
    0xd3, 0xbf, 0xcd, 0x55, 0xff, 0x1f, 0x21, 0xae, 0xfa, 0x7f, 0xed, 0x96, 0x97, 0x7e, 0xeb, 0xcf,
    0x06, 0x3e, 0x8b, 0xab, 0xfe, 0x57, 0x0a, 0x78, 0x9d, 0x5b, 0xff, 0xfa, 0xa7, 0x7f, 0x9b, 0xab,
    0xae, 0xfa, 0x2f, 0xf6, 0xe0, 0x97, 0x7e, 0xeb, 0xd7, 0x4e, 0xf8, 0x2d, 0xae, 0xfa, 0x5f, 0x2b,
    0xe0, 0x75, 0x6e, 0xfd, 0xeb, 0x9f, 0xfe, 0x6d, 0xae, 0xfa, 0xff, 0x08, 0x71, 0xd5, 0xff, 0x6b,
    0xb7, 0xbc, 0xf4, 0x5b, 0x7f, 0x36, 0xf0, 0x59, 0x5c, 0xf5, 0xbf, 0x52, 0xc0, 0x43, 0x6e, 0xfd,
    0xeb, 0x9f, 0xbe, 0x95, 0xab, 0xae, 0xfa, 0x2f, 0xf6, 0xe0, 0x97, 0x7e, 0xeb, 0x07, 0x27, 0x3c,
    0x9d, 0xab, 0xfe, 0xd7, 0x0a, 0x78, 0x9d, 0x5b, 0xff, 0xfa, 0xa7, 0x7f, 0x9b, 0xab, 0xfe, 0x3f,
    0x42, 0x5c, 0xf5, 0xff, 0xda, 0x2d, 0x2f, 0xfd, 0xd6, 0x9f, 0x0d, 0x7c, 0x16, 0x57, 0xfd, 0xaf,
    0x74, 0xdb, 0x5f, 0xff, 0xb4, 0xb8, 0xea, 0xaa, 0xff, 0x26, 0xb7, 0xbc, 0xf4, 0x5b, 0x9b, 0xab,
    0xfe, 0xd7, 0x0a, 0x78, 0x9d, 0x5b, 0xff, 0xfa, 0xa7, 0x7f, 0x9b, 0xab, 0xfe, 0x3f, 0x42, 0x5c,
    0xf5, 0xff, 0xda, 0x2d, 0x2f, 0xfd, 0xd6, 0x9f, 0x0d, 0x7c, 0x16, 0x57, 0xfd, 0xaf, 0x74, 0xdb,
    0x5f, 0xff, 0xb4, 0xb8, 0xea, 0xaa, 0xff, 0x26, 0xb7, 0xbc, 0xf4, 0x5b, 0x9b, 0xab, 0xfe, 0xd7,
    0x0a, 0x78, 0x9d, 0x5b, 0xff, 0xfa, 0xa7, 0x7f, 0x9b, 0xab, 0xfe, 0x3f, 0x42, 0x5c, 0xf5, 0xff,
    0xda, 0x2d, 0x2f, 0xfd, 0xd6, 0x9f, 0x0d, 0x7c, 0x16, 0x57, 0xfd, 0xaf, 0x74, 0xdb, 0x5f, 0xff,
    0xb4, 0xb8, 0xea, 0xaa, 0xff, 0x26, 0xb7, 0xbc, 0xf4, 0x5b, 0x9b, 0xab, 0xfe, 0xd7, 0x0a, 0x78,
    0x9d, 0x5b, 0xff, 0xfa, 0xa7, 0x7f, 0x9b, 0xab, 0xfe, 0x3f, 0x42, 0x5c, 0xf5, 0xff, 0xda, 0x2d,
    0x2f, 0xfd, 0xd6, 0x9f, 0x0d, 0x7c, 0x16, 0x57, 0xfd, 0xaf, 0x74, 0xdb, 0x5f, 0xff, 0xb4, 0xb8,
    0xea, 0xaa, 0xff, 0x26, 0xb7, 0xbc, 0xf4, 0x5b, 0x9b, 0xab, 0xfe, 0xd7, 0x0a, 0x78, 0x9d, 0x5b,
    0xff, 0xfa, 0xa7, 0x7f, 0x9b, 0xab, 0xfe, 0x3f, 0x42, 0x5c, 0xf5, 0xff, 0xda, 0x2d, 0x2f, 0xfd,
    0xd6, 0x9f, 0x0d, 0x7c, 0x16, 0x57, 0xfd, 0xaf, 0x74, 0xdb, 0x5f, 0xff, 0xb4, 0xb8, 0xea, 0xaa,
    0xff, 0x26, 0xb7, 0xbc, 0xf4, 0x5b, 0x9b, 0xab, 0xfe, 0xd7, 0x0a, 0x78, 0x9d, 0x5b, 0xff, 0xfa,
    0xa7, 0x7f, 0x9b, 0xab, 0xfe, 0x3f, 0x42, 0x5c, 0xf5, 0xff, 0xda, 0x2d, 0x2f, 0xfd, 0xd6, 0x9f,
    0x0d, 0x7c, 0x16, 0x57, 0xfd, 0xaf, 0x74, 0xdb, 0x5f, 0xff, 0xb4, 0xb8, 0xea, 0xaa, 0xff, 0x26,
    0xb7, 0xbc, 0xf4, 0x5b, 0x9b, 0xab, 0xfe, 0xd7, 0x0a, 0x78, 0x9d, 0x5b, 0xff, 0xfa, 0xa7, 0x7f,
    0x9b, 0xab, 0xfe, 0x3f, 0x42, 0x5c, 0xf5, 0xff, 0xda, 0x2d, 0x2f, 0xfd, 0xd6, 0x9f, 0x0d, 0x7c,
    0x16, 0x57, 0xfd, 0xaf, 0x74, 0xdb, 0x5f, 0xff, 0xb4, 0xb8, 0xea, 0xaa, 0xff, 0x26, 0xb7, 0xbc,
    0xf4, 0x5b, 0x9b, 0xab, 0xfe, 0xd7, 0x0a, 0x78, 0x9d, 0x5b, 0xff, 0xfa, 0xa7, 0x7f, 0x9b, 0xab,
    0xfe, 0x3f, 0x42, 0x5c, 0xf5, 0xff, 0xda, 0x2d, 0x2f, 0xfd, 0xd6, 0x9f, 0x0d, 0x7c, 0x16, 0x57,
    0xfd, 0xaf, 0x74, 0xdb, 0x5f, 0xff, 0xb4, 0xb8, 0xea, 0xaa, 0xff, 0x26, 0xb7, 0xbc, 0xf4, 0x5b,
    0x9b, 0xab, 0xfe, 0xd7, 0x0a, 0x78, 0x9d, 0x5b, 0xff, 0xfa, 0xa7, 0x7f, 0x9b, 0xab, 0xfe, 0x3f,
    0x42, 0x5c, 0xf5, 0xff, 0xda, 0x2d, 0x2f, 0xfd, 0xd6, 0x9f, 0x0d, 0x7c, 0x16, 0x57, 0xfd, 0xaf,
    0x14, 0xf0, 0x90, 0x5b, 0xff, 0xfa, 0xa7, 0x6f, 0xe5, 0xaa, 0xab, 0xfe, 0x8b, 0x3d, 0xf8, 0xa5,
    0xdf, 0xfa, 0xa5, 0x13, 0xfe, 0x8a, 0xab, 0xfe, 0xd7, 0x0a, 0x78, 0x9d, 0x5b, 0xff, 0xfa, 0xa7,
    0x7f, 0x9b, 0xab, 0xfe, 0x3f, 0x42, 0x5c, 0xf5, 0xff, 0xda, 0x2d, 0x2f, 0xfd, 0xd6, 0x9f, 0x0d,
    0x7c, 0x16, 0x57, 0xfd, 0xaf, 0x14, 0xf0, 0x3a, 0xb7, 0xfe, 0xf5, 0x4f, 0xff, 0x36, 0x57, 0x5d,
    0xf5, 0x5f, 0xec, 0xc1, 0x2f, 0xfd, 0xd6, 0xaf, 0x9d, 0xf0, 0x5b, 0x5c, 0xf5, 0xbf, 0x56, 0xc0,
    0xeb, 0xdc, 0xfa, 0xd7, 0x3f, 0xfd, 0xdb, 0x5c, 0xf5, 0xff, 0x11, 0xe2, 0xaa, 0xff, 0xd7, 0x6e,
    0x79, 0xe9, 0xb7, 0xfe, 0x6c, 0xe0, 0xb3, 0xb8, 0xea, 0x7f, 0xa5, 0x80, 0xd7, 0xb9, 0xf5, 0xaf,
    0x7f, 0xfa, 0xb7, 0xb9, 0xea, 0xaa, 0xff, 0x62, 0x0f, 0x7e, 0xe9, 0xb7, 0x7e, 0xed, 0x84, 0xdf,
    0xe2, 0xaa, 0xff, 0xb5, 0x02, 0x5e, 0xe7, 0xd6, 0xbf, 0xfe, 0xe9, 0xdf, 0xe6, 0xaa, 0xff, 0x8f,
    0x10, 0x57, 0xfd, 0xbf, 0x76, 0xcb, 0x4b, 0xbf, 0xf5, 0x67, 0x03, 0x9f, 0xc5, 0x55, 0xff, 0x2b,
    0x05, 0xbc, 0xcf, 0xad, 0x7f, 0xfd, 0xd3, 0xdf, 0xcd, 0x55, 0x57, 0xfd, 0x17, 0x7b, 0xf0, 0x4b,
    0xbf, 0xf5, 0x5b, 0x27, 0xfc, 0x14, 0x57, 0xfd, 0xaf, 0x15, 0xf0, 0x90, 0x5b, 0xff, 0xfa, 0xa7,
    0x6f, 0xe5, 0xaa, 0xff, 0x8f, 0x10, 0x57, 0xfd, 0xbf, 0x76, 0xcb, 0x4b, 0xbf, 0xf5, 0x67, 0x03,
    0x9f, 0xc5, 0x55, 0xff, 0x5b, 0x7d, 0xce, 0x6d, 0x7f, 0xfd, 0xd3, 0x9f, 0xcd, 0x55, 0x57, 0xfd,
    0x17, 0xbb, 0xe5, 0xa5, 0xdf, 0xfa, 0xb3, 0x81, 0xcf, 0xe2, 0xaa, 0xff, 0xb5, 0x6e, 0xfb, 0xeb,
    0x9f, 0x16, 0x57, 0xfd, 0x7f, 0x85, 0xb8, 0xea, 0xff, 0xb5, 0x07, 0xbf, 0xf4, 0x5b, 0xbf, 0x77,
    0xc2, 0x77, 0x71, 0xd5, 0xff, 0x56, 0x5f, 0x73, 0xdb, 0x5f, 0xff, 0xf4, 0x47, 0x73, 0xd5, 0x55,
    0xff, 0xc5, 0x6e, 0x79, 0xe9, 0xb7, 0xfe, 0x6a, 0xe0, 0xa3, 0xb8, 0xea, 0x7f, 0xad, 0xdb, 0xfe,
    0xfa, 0xa7, 0xc5, 0x55, 0xff, 0x5f, 0x21, 0xae, 0xfa, 0x7f, 0xed, 0xc1, 0x2f, 0xfd, 0xd6, 0xaf,
    0x9d, 0xf0, 0x5b, 0x5c, 0xf5, 0xbf, 0x92, 0xe0, 0x77, 0x9e, 0xf1, 0xd7, 0x3f, 0xfd, 0xda, 0x5c,
    0x75, 0xd5, 0x7f, 0xb1, 0x07, 0xbd, 0xf4, 0x5b, 0xff, 0xb6, 0xe1, 0xb5, 0xb8, 0xea, 0x7f, 0xad,
    0xdb, 0xfe, 0xfa, 0xa7, 0xc5, 0x55, 0xff, 0x5f, 0x21, 0xae, 0xfa, 0x7f, 0xed, 0xc1, 0x2f, 0xfd,
    0xd6, 0xaf, 0x9d, 0xf0, 0x5b, 0x5c, 0xf5, 0xbf, 0x92, 0xe0, 0xaf, 0x9f, 0xf1, 0xd7, 0x3f, 0xfd,
    0x32, 0x5c, 0x75, 0xd5, 0x7f, 0xb1, 0x07, 0xbd, 0xf4, 0x5b, 0xff, 0xb6, 0xe1, 0xb5, 0xb8, 0xea,
    0x7f, 0xad, 0xdb, 0xfe, 0xfa, 0xa7, 0xc5, 0x55, 0xff, 0x5f, 0x21, 0xae, 0xfa, 0x7f, 0xed, 0xc1,
    0x2f, 0xfd, 0xd6, 0xaf, 0x9d, 0xf0, 0x5b, 0x5c, 0xf5, 0xbf, 0xd6, 0x6d, 0x7f, 0xfd, 0xd3, 0xe2,
    0xaa, 0xab, 0xfe, 0x8b, 0xdd, 0xf2, 0xd2, 0x6f, 0x6d, 0xae, 0xfa, 0x5f, 0x4b, 0xf0, 0x8c, 0x67,
    0xfc, 0xf5, 0x4f, 0x3f, 0x98, 0xab, 0xfe, 0xbf, 0x42, 0x5c, 0xf5, 0xff, 0xda, 0x83, 0x5f, 0xfa,
    0xad, 0x5f, 0x3a, 0xe1, 0xaf, 0xb8, 0xea, 0x7f, 0xad, 0x80, 0x97, 0xb9, 0xf5, 0xaf, 0x7f, 0xfa,
    0xaf, 0xb9, 0xea, 0xaa, 0xff, 0x22, 0x0f, 0x7e, 0xe9, 0xb7, 0x7e, 0xe9, 0x84, 0xbf, 0xe2, 0xaa,
    0xff, 0xb5, 0x04, 0xbf, 0xf3, 0x8c, 0xbf, 0xfe, 0xe9, 0xd7, 0xe6, 0xaa, 0xff, 0xaf, 0x10, 0x57,
    0xfd, 0xbf, 0x77, 0xcb, 0x4b, 0xbf, 0xb5, 0xb9, 0xea, 0x7f, 0xad, 0x80, 0xb7, 0xb9, 0xf5, 0xaf,
    0x7f, 0xfa, 0xa7, 0xb9, 0xea, 0xaa, 0xff, 0x22, 0x0f, 0x7e, 0xe9, 0xb7, 0x7e, 0xeb, 0x84, 0x9f,
    0xe2, 0xaa, 0xff, 0xb5, 0x04, 0xbf, 0xf3, 0x8c, 0xbf, 0xfe, 0xe9, 0xd7, 0xe6, 0xaa, 0xff, 0xaf,
    0x10, 0x57, 0xfd, 0xbf, 0x77, 0xcb, 0x4b, 0xbf, 0xb5, 0xb9, 0xea, 0x7f, 0xb3, 0xcf, 0xb9, 0xed,
    0xaf, 0x7f, 0xfa, 0xb3, 0xb9, 0xea, 0xaa, 0xff, 0x22, 0xb7, 0xbc, 0xf4, 0x5b, 0x7f, 0x36, 0xf0,
    0x59, 0x5c, 0xf5, 0xbf, 0xd9, 0xcf, 0xdc, 0xf6, 0xd7, 0x3f, 0xfd, 0xd6, 0x5c, 0xf5, 0xff, 0x15,
    0xe2, 0xaa, 0xff, 0xf7, 0x6e, 0x79, 0xe9, 0xb7, 0x36, 0x57, 0xfd, 0xaf, 0x25, 0xf8, 0x9d, 0x67,
    0xfc, 0xf5, 0x4f, 0xbf, 0x36, 0x57, 0x5d, 0xf5, 0x5f, 0xe4, 0x96, 0x97, 0x7e, 0xeb, 0x9f, 0x06,
    0xde, 0x8a, 0xab, 0xfe, 0x37, 0xfb, 0x9c, 0xdb, 0xfe, 0xfa, 0xa7, 0x3f, 0x9b, 0xab, 0xfe, 0xbf,
    0x42, 0x5c, 0xf5, 0xff, 0xde, 0x83, 0x5e, 0xfa, 0xad, 0xff, 0xda, 0xf0, 0x52, 0x5c, 0xf5, 0xbf,
    0x92, 0x60, 0xf7, 0x19, 0x7f, 0xfd, 0xd3, 0x27, 0xb8, 0xea, 0xaa, 0xff, 0x22, 0x0f, 0x7a, 0xe9,
    0xb7, 0xbe, 0x68, 0x38, 0xce, 0x55, 0xff, 0x9b, 0x7d, 0xce, 0x6d, 0x7f, 0xfd, 0xd3, 0x9f, 0xcd,
    0x55, 0xff, 0x5f, 0x21, 0xae, 0xfa, 0x7f, 0xef, 0x41, 0x2f, 0xfd, 0xd6, 0xbf, 0x6d, 0x78, 0x2d,
    0xae, 0xfa, 0x5f, 0x2b, 0xe0, 0x65, 0x6e, 0xfd, 0xeb, 0x9f, 0xfe, 0x6b, 0xae, 0xba, 0xea, 0x3f,
    0xd9, 0x83, 0x5f, 0xfa, 0xad, 0x5f, 0x3a, 0xe1, 0xaf, 0xb8, 0xea, 0x7f, 0xb5, 0x80, 0x8f, 0xb9,
    0xf5, 0xaf, 0x7f, 0xfa, 0xab, 0xb9, 0xea, 0xff, 0x2b, 0xc4, 0x55, 0xff, 0xef, 0xdd, 0xf2, 0xd2,
    0x6f, 0xfd, 0xdd, 0xc0, 0x7b, 0x71, 0xd5, 0xff, 0x5a, 0x01, 0x1f, 0x73, 0xeb, 0x5f, 0xff, 0xf4,
    0x57, 0x73, 0xd5, 0x55, 0xff, 0xc9, 0x1e, 0xfc, 0xd2, 0x6f, 0xfd, 0xde, 0x09, 0xdf, 0xc5, 0x55,
    0xff, 0xab, 0x05, 0xbc, 0xce, 0xad, 0x7f, 0xfd, 0xd3, 0xbf, 0xcd, 0x55, 0xff, 0x5f, 0x21, 0xae,
    0xfa, 0x7f, 0xef, 0x96, 0x97, 0x7e, 0xeb, 0xcf, 0x06, 0x3e, 0x8b, 0xab, 0xfe, 0x37, 0xfb, 0x99,
    0xdb, 0xfe, 0xfa, 0xa7, 0xdf, 0x9a, 0xab, 0xae, 0xfa, 0x4f, 0x76, 0xcb, 0x4b, 0xbf, 0xf5, 0x77,
    0x03, 0xef, 0xc5, 0x55, 0xff, 0xab, 0x05, 0xbc, 0xce, 0xad, 0x7f, 0xfd, 0xd3, 0xbf, 0xcd, 0x55,
    0xff, 0x5f, 0x21, 0xae, 0xfa, 0x7f, 0xef, 0x96, 0x97, 0x7e, 0xeb, 0xcf, 0x06, 0x3e, 0x8b, 0xab,
    0xfe, 0xd7, 0x12, 0xec, 0x3e, 0xe3, 0xaf, 0x7f, 0xfa, 0x04, 0x57, 0x5d, 0xf5, 0x9f, 0xec, 0x41,
    0x2f, 0xfd, 0xd6, 0x17, 0x0d, 0xc7, 0xb9, 0xea, 0x7f, 0xb5, 0x80, 0x13, 0xb7, 0xfe, 0xf5, 0x4f,
    0xef, 0x72, 0xd5, 0xff, 0x57, 0x88, 0xab, 0xfe, 0xdf, 0x7b, 0xf0, 0x4b, 0xbf, 0xf5, 0x5b, 0x27,
    0xfc, 0x14, 0x57, 0xfd, 0xaf, 0x16, 0xf0, 0x3a, 0xb7, 0xfe, 0xf5, 0x4f, 0xff, 0x36, 0x57, 0x5d,
    0xf5, 0x9f, 0xe4, 0xc1, 0x2f, 0xfd, 0xd6, 0x2f, 0x9d, 0xf0, 0x57, 0x5c, 0xf5, 0xbf, 0x5e, 0xc0,
    0x89, 0x5b, 0xff, 0xfa, 0xa7, 0x77, 0xb9, 0xea, 0xff, 0x2b, 0xc4, 0x55, 0xff, 0xaf, 0x3d, 0xf8,
    0xa5, 0xdf, 0xfa, 0xa5, 0x0d, 0xbf, 0x65, 0x38, 0xce, 0x55, 0xff, 0xdb, 0x7d, 0xcd, 0x6d, 0x7f,
    0xfd, 0xd3, 0x1f, 0xcd, 0x55, 0x57, 0xfd, 0x27, 0xb9, 0xe5, 0xa5, 0xdf, 0xfa, 0xb3, 0x81, 0xcf,
    0xe2, 0xaa, 0xff, 0xf5, 0x04, 0x7f, 0x2d, 0x78, 0x9d, 0x5b, 0xff, 0xfa, 0xa7, 0x77, 0xb9, 0xea,
    0xff, 0x23, 0xc4, 0x55, 0xff, 0x6f, 0x3d, 0xf8, 0xa5, 0xdf, 0xfa, 0xbd, 0x13, 0xbe, 0x8b, 0xab,
    0xfe, 0x4f, 0x10, 0xdc, 0xfa, 0x8c, 0xbf, 0xfe, 0xe9, 0x87, 0x70, 0xd5, 0x55, 0xff, 0x49, 0x1e,
    0xf4, 0xd2, 0x6f, 0xfd, 0x57, 0x86, 0x97, 0xe6, 0xaa, 0xff, 0x13, 0x04, 0xb7, 0x0a, 0xde, 0xe6,
    0xd6, 0xbf, 0xfe, 0xe9, 0xbf, 0xe6, 0xaa, 0xff, 0x6f, 0x10, 0x57, 0xfd, 0xbf, 0xf4, 0xe0, 0x97,
    0x7e, 0xeb, 0xf7, 0x4e, 0xf8, 0x2e, 0xae, 0xfa, 0x3f, 0x25, 0xe0, 0x65, 0x6e, 0xfd, 0xeb, 0x9f,
    0xfe, 0x6b, 0xae, 0xba, 0xea, 0x3f, 0xd8, 0x83, 0x5f, 0xfa, 0xad, 0x1f, 0x9c, 0xf0, 0x74, 0xae,
    0xfa, 0x3f, 0x45, 0xb0, 0x2b, 0x78, 0x9d, 0x5b, 0xff, 0xfa, 0xa7, 0xff, 0x9a, 0xab, 0xfe, 0x3f,
    0x41, 0x5c, 0xf5, 0xff, 0xce, 0x2d, 0x2f, 0xfd, 0xd6, 0xdf, 0x05, 0xbc, 0x37, 0x57, 0xfd, 0x5f,
    0xf4, 0x35, 0xb7, 0xfd, 0xf5, 0x4f, 0x7f, 0x34, 0x57, 0x5d, 0xf5, 0x1f, 0xec, 0xc1, 0x2f, 0xfd,
    0xd6, 0x1f, 0x9d, 0xf0, 0x55, 0x5c, 0xf5, 0x7f, 0x8e, 0x60, 0x57, 0xf0, 0x31, 0xb7, 0xfe, 0xf5,
    0x4f, 0x7f, 0x37, 0x57, 0xfd, 0x7f, 0x81, 0xb8, 0xea, 0xff, 0x95, 0x5b, 0x5e, 0xfa, 0xad, 0xbf,
    0x0b, 0x78, 0x6f, 0xae, 0xfa, 0x3f, 0x49, 0x70, 0xeb, 0x33, 0xfe, 0xfa, 0xa7, 0x1f, 0xc2, 0x55,
    0x57, 0xfd, 0x07, 0x7b, 0xd0, 0x4b, 0xbf, 0xf5, 0xd3, 0x0d, 0x0f, 0xe6, 0xaa, 0xff, 0xb3, 0x02,
    0xde, 0xe7, 0xd6, 0xbf, 0xfe, 0xe9, 0xef, 0xe6, 0xaa, 0xff, 0x0f, 0x10, 0x57, 0xfd, 0xbf, 0xf0,
    0xe0, 0x97, 0x7e, 0xeb, 0xe3, 0x86, 0xdf, 0x32, 0xbc, 0x34, 0x57, 0xfd, 0x9f, 0x16, 0xf0, 0x3a,
    0xb7, 0xfe, 0xf5, 0x4f, 0xff, 0x36, 0x57, 0x5d, 0xf5, 0x1f, 0xe4, 0xc1, 0x2f, 0xfd, 0xd6, 0xaf,
    0x9d, 0xf0, 0x5b, 0x5c, 0xf5, 0xff, 0xc1, 0x57, 0xdf, 0xf6, 0xd7, 0x3f, 0xfd, 0x31, 0x5c, 0xf5,
    0x7f, 0x1d, 0xe2, 0xaa, 0xff, 0xf3, 0x1e, 0xfc, 0xd2, 0x6f, 0x7d, 0xdc, 0xf0, 0x5b, 0x86, 0x97,
    0xe6, 0xaa, 0xff, 0x0f, 0xbe, 0xe7, 0xb6, 0xbf, 0xfe, 0xe9, 0xf7, 0xe6, 0xaa, 0xab, 0xfe, 0x83,
    0xdc, 0xf2, 0xd2, 0x6f, 0xfd, 0xdd, 0xc0, 0x7b, 0x71, 0xd5, 0xff, 0x17, 0xdf, 0x7d, 0xdb, 0x5f,
    0xff, 0xf4, 0xfb, 0x70, 0xd5, 0xff, 0x65, 0x88, 0xab, 0xfe, 0x4f, 0x7b, 0xf0, 0x4b, 0xbf, 0xf5,
    0x4b, 0x1b, 0x7e, 0xcb, 0x70, 0x9c, 0xab, 0xfe, 0xdf, 0x08, 0x38, 0x71, 0xeb, 0x5f, 0xff, 0xf4,
    0x2e, 0x57, 0x5d, 0xf5, 0xef, 0xf4, 0xe0, 0x97, 0x7e, 0xeb, 0xe3, 0x86, 0xa7, 0x1b, 0x8e, 0x73,
    0xd5, 0xff, 0x1b, 0x82, 0xdf, 0x16, 0xbc, 0xcd, 0xad, 0x7f, 0xfd, 0xd3, 0xbb, 0x5c, 0xf5, 0x7f,
    0x11, 0xe2, 0xaa, 0xff, 0xb3, 0x1e, 0xfc, 0xd2, 0x6f, 0xfd, 0xd2, 0x86, 0xdf, 0x32, 0x1c, 0xe7,
    0xaa, 0xff, 0x57, 0x02, 0x3e, 0xe6, 0xd6, 0xbf, 0xfe, 0xe9, 0xaf, 0xe6, 0xaa, 0xab, 0xfe, 0x9d,
    0x1e, 0xfc, 0xd2, 0x6f, 0xfd, 0xd1, 0x09, 0x5f, 0xc5, 0x55, 0xff, 0xef, 0x08, 0xfe, 0x5a, 0xf0,
    0x3a, 0xb7, 0xfe, 0xf5, 0x4f, 0xef, 0x72, 0xd5, 0xff, 0x35, 0x88, 0xab, 0xfe, 0x4f, 0x7a, 0xf0,
    0x4b, 0xbf, 0xf5, 0x7b, 0x27, 0x7c, 0x17, 0x57, 0xfd, 0xbf, 0x24, 0xb8, 0xf5, 0x19, 0x7f, 0xfd,
    0xd3, 0x0f, 0xe1, 0xaa, 0xab, 0xfe, 0x9d, 0x1e, 0xf4, 0xd2, 0x6f, 0xfd, 0x74, 0xc3, 0x83, 0xb9,
    0xea, 0xff, 0x25, 0xc1, 0x5f, 0x0b, 0xde, 0xe7, 0xd6, 0xbf, 0xfe, 0xe9, 0xbf, 0xe6, 0xaa, 0xff,
    0x4b, 0x10, 0x57, 0xfd, 0x9f, 0xf3, 0xe0, 0x97, 0x7e, 0xeb, 0xf7, 0x4e, 0xf8, 0x2e, 0xae, 0xfa,
    0x7f, 0x2d, 0xe0, 0x7d, 0x6e, 0xfd, 0xeb, 0x9f, 0xfe, 0x6e, 0xae, 0xba, 0xea, 0xdf, 0xe8, 0xc1,
    0x2f, 0xfd, 0xd6, 0xef, 0x9d, 0xf0, 0x5d, 0x5c, 0xf5, 0xff, 0x9a, 0x60, 0x57, 0xf0, 0x3a, 0xb7,
    0xfe, 0xf5, 0x4f, 0xff, 0x35, 0x57, 0xfd, 0x5f, 0x81, 0xb8, 0xea, 0xff, 0x94, 0x5b, 0x5e, 0xfa,
    0xad, 0xbf, 0x0b, 0x78, 0x6f, 0xae, 0xfa, 0x7f, 0x4f, 0xf0, 0xd7, 0xcf, 0xf8, 0xeb, 0x9f, 0x7e,
    0x19, 0xae, 0xba, 0xea, 0xdf, 0xe8, 0x41, 0x2f, 0xfd, 0xd6, 0xbf, 0x65, 0x78, 0x6d, 0xae, 0xfa,
    0x7f, 0x4f, 0xb0, 0x2b, 0x78, 0x9f, 0x5b, 0xff, 0xfa, 0xa7, 0x7f, 0x9a, 0xab, 0xfe, 0x2f, 0x40,
    0x5c, 0xf5, 0x7f, 0xc6, 0x2d, 0x2f, 0xfd, 0xd6, 0xdf, 0x05, 0xbc, 0x37, 0x57, 0x5d, 0xf5, 0x4c,
    0x01, 0xaf, 0x73, 0xeb, 0x5f, 0xff, 0xf4, 0x6f, 0x73, 0xd5, 0x55, 0xff, 0x4a, 0x0f, 0x7e, 0xe9,
    0xb7, 0x7e, 0xed, 0x84, 0xdf, 0xe2, 0xaa, 0xab, 0x1e, 0x20, 0xe0, 0x7d, 0x6e, 0xfd, 0xeb, 0x9f,
    0xfe, 0x6e, 0xae, 0xfa, 0xdf, 0x0e, 0x71, 0xd5, 0xff, 0x7a, 0x0f, 0x7e, 0xe9, 0xb7, 0x3e, 0x6e,
    0xf8, 0x2d, 0xc3, 0x4b, 0x73, 0xd5, 0x55, 0x0f, 0x20, 0xb8, 0xf5, 0x19, 0x7f, 0xfd, 0xd3, 0x0f,
    0xe1, 0xaa, 0xab, 0xfe, 0x95, 0x1e, 0xf4, 0xd2, 0x6f, 0xfd, 0x5b, 0x86, 0xd7, 0xe6, 0xaa, 0xab,
    0x9e, 0xd7, 0x67, 0xdf, 0xf6, 0xd7, 0x3f, 0xfd, 0x39, 0x5c, 0xf5, 0xbf, 0x19, 0xe2, 0xaa, 0xff,
    0xd5, 0x1e, 0xfc, 0xd2, 0x6f, 0x7d, 0xdc, 0xf0, 0x5b, 0x86, 0x97, 0xe6, 0xaa, 0xab, 0x9e, 0x8f,
    0x80, 0xf7, 0xb9, 0xf5, 0xaf, 0x7f, 0xfa, 0xbb, 0xb9, 0xea, 0xaa, 0x17, 0xd1, 0x83, 0x5f, 0xfa,
    0xad, 0x5f, 0x3b, 0xe1, 0xb7, 0xb8, 0xea, 0xaa, 0x17, 0xec, 0xbb, 0x6f, 0xfb, 0xeb, 0x9f, 0x7e,
    0x1f, 0xae, 0xfa, 0xdf, 0x0a, 0x71, 0xd5, 0xff, 0x5a, 0x0f, 0x7e, 0xe9, 0xb7, 0x7e, 0x69, 0xc3,
    0x6f, 0x19, 0x8e, 0x73, 0xd5, 0x55, 0x2f, 0x80, 0xe0, 0xd6, 0x67, 0xfc, 0xf5, 0x4f, 0x3f, 0x84,
    0xab, 0xae, 0x7a, 0x11, 0x3d, 0xe8, 0xa5, 0xdf, 0xfa, 0xe9, 0x86, 0x07, 0x73, 0xd5, 0x55, 0x2f,
    0x84, 0xe0, 0xa7, 0x05, 0xef, 0x73, 0xeb, 0x5f, 0xff, 0xf4, 0x2e, 0x57, 0xfd, 0x6f, 0x83, 0xb8,
    0xea, 0x7f, 0xa5, 0x07, 0xbf, 0xf4, 0x5b, 0xbf, 0xb4, 0xe1, 0xb7, 0x0c, 0xc7, 0xb9, 0xea, 0xaa,
    0x7f, 0x41, 0xc0, 0xc7, 0xdc, 0xfa, 0xd7, 0x3f, 0xfd, 0xd5, 0x5c, 0x75, 0xd5, 0xbf, 0xe0, 0xc1,
    0x2f, 0xfd, 0xd6, 0x1f, 0x9d, 0xf0, 0x55, 0x5c, 0x75, 0xd5, 0x8b, 0x40, 0xf0, 0xd7, 0x82, 0xd7,
    0xb9, 0xf5, 0xaf, 0x7f, 0x7a, 0x97, 0xab, 0xfe, 0x37, 0x41, 0x5c, 0xf5, 0xbf, 0xce, 0x83, 0x5f,
    0xfa, 0xad, 0xdf, 0x3b, 0xe1, 0xbb, 0xb8, 0xea, 0xaa, 0x17, 0x91, 0x60, 0x57, 0xf0, 0x90, 0x5b,
    0xff, 0xfa, 0xa7, 0x77, 0xb9, 0xea, 0xaa, 0x17, 0xe0, 0xc1, 0x2f, 0xfd, 0xd6, 0xc7, 0x0d, 0x4f,
    0x37, 0x1c, 0xe7, 0xaa, 0xab, 0x5e, 0x44, 0x82, 0xbf, 0x16, 0xbc, 0xcf, 0xad, 0x7f, 0xfd, 0xd3,
    0x7f, 0xcd, 0x55, 0xff, 0x5b, 0x20, 0xae, 0xfa, 0x5f, 0xe5, 0xc1, 0x2f, 0xfd, 0xd6, 0xef, 0x9d,
    0xf0, 0x5d, 0x5c, 0x75, 0xd5, 0xbf, 0xde, 0xf7, 0xdc, 0xf6, 0xd7, 0x3f, 0xfd, 0xde, 0x5c, 0x75,
    0xd5, 0x0b, 0x70, 0xcb, 0x4b, 0xbf, 0xf5, 0x57, 0x03, 0x1f, 0xc5, 0x55, 0x57, 0xfd, 0x2b, 0x09,
    0x76, 0x05, 0xaf, 0x73, 0xeb, 0x5f, 0xff, 0xf4, 0x5f, 0x73, 0xd5, 0xff, 0x06, 0x88, 0xab, 0xfe,
    0xd7, 0xb8, 0xe5, 0xa5, 0xdf, 0xfa, 0xbb, 0x80, 0xf7, 0xe6, 0xaa, 0xab, 0xfe, 0x8d, 0x02, 0x5e,
    0xe7, 0xd6, 0xbf, 0xfe, 0xe9, 0xdf, 0xe6, 0xaa, 0xab, 0x9e, 0xcb, 0x83, 0x5f, 0xfa, 0xad, 0x5f,
    0x3b, 0xe1, 0xb7, 0xb8, 0xea, 0xaa, 0x7f, 0x23, 0xc1, 0xae, 0xe0, 0x7d, 0x6e, 0xfd, 0xeb, 0x9f,
    0xfe, 0x69, 0xae, 0xfa, 0x9f, 0x0e, 0x71, 0xd5, 0xff, 0x0a, 0xb7, 0xbc, 0xf4, 0x5b, 0x7f, 0x17,
    0xf0, 0xde, 0x5c, 0x75, 0xd5, 0xbf, 0x83, 0xe0, 0xd6, 0x67, 0xfc, 0xf5, 0x4f, 0x3f, 0x84, 0xab,
    0xae, 0x7a, 0x2e, 0x0f, 0x7a, 0xe9, 0xb7, 0xfe, 0x2b, 0xc3, 0x4b, 0x73, 0xd5, 0x55, 0xff, 0x4e,
    0x01, 0xef, 0x73, 0xeb, 0x5f, 0xff, 0xf4, 0x77, 0x73, 0xd5, 0xff, 0x64, 0x88, 0xab, 0xfe, 0x47,
    0x7b, 0xf0, 0x4b, 0xbf, 0xf5, 0x71, 0xc3, 0x6f, 0x19, 0x5e, 0x9a, 0xab, 0xae, 0xfa, 0x8f, 0xf1,
    0x39, 0xb7, 0xfd, 0xf5, 0x4f, 0x7f, 0x36, 0x57, 0x5d, 0xf5, 0x4c, 0xb7, 0xbc, 0xf4, 0x5b, 0x7f,
    0x36, 0xf0, 0x59, 0x5c, 0x75, 0xd5, 0x7f, 0x9c, 0xcf, 0xbe, 0xed, 0xaf, 0x7f, 0xfa, 0x73, 0xb8,
    0xea, 0x7f, 0x2a, 0xc4, 0x55, 0xff, 0x63, 0x3d, 0xf8, 0xa5, 0xdf, 0xfa, 0xb8, 0xe1, 0xb7, 0x0c,
    0x2f, 0xcd, 0x55, 0x57, 0xfd, 0x07, 0x0a, 0x78, 0x99, 0x5b, 0xff, 0xfa, 0xa7, 0xff, 0x9a, 0xab,
    0xfe, 0xdf, 0x7b, 0xf0, 0x4b, 0xbf, 0xf5, 0x4b, 0x27, 0xfc, 0x15, 0x57, 0x5d, 0xf5, 0x1f, 0xef,
    0xbb, 0x6f, 0xfb, 0xeb, 0x9f, 0x7e, 0x1f, 0xae, 0xfa, 0x9f, 0x08, 0x71, 0xd5, 0xff, 0x48, 0x0f,
    0x7e, 0xe9, 0xb7, 0x7e, 0x69, 0xc3, 0x6f, 0x19, 0x8e, 0x73, 0xd5, 0x55, 0xff, 0xc1, 0x04, 0xb7,
    0x0a, 0x5e, 0xe6, 0xd6, 0xbf, 0xfe, 0xe9, 0x5d, 0xae, 0xfa, 0x7f, 0xeb, 0xc1, 0x2f, 0xfd, 0xd6,
    0xc7, 0x0d, 0x7f, 0x65, 0x78, 0x30, 0x57, 0x5d, 0xf5, 0x9f, 0x40, 0xf0, 0xd3, 0x82, 0xf7, 0xb9,
    0xf5, 0xaf, 0x7f, 0x7a, 0x97, 0xab, 0xfe, 0x27, 0x41, 0x5c, 0xf5, 0x3f, 0xce, 0x83, 0x5f, 0xfa,
    0xad, 0x5f, 0xda, 0xf0, 0x5b, 0x86, 0xe3, 0x5c, 0x75, 0xd5, 0x7f, 0x9e, 0xef, 0xbe, 0xed, 0xaf,
    0x7f, 0xfa, 0x7d, 0xb8, 0xea, 0xff, 0xad, 0x5b, 0x5e, 0xfa, 0xad, 0xbf, 0x0b, 0x78, 0x6f, 0xae,
    0xba, 0xea, 0x3f, 0x91, 0xe0, 0xaf, 0x05, 0xaf, 0x73, 0xeb, 0x5f, 0xff, 0xf4, 0x2e, 0x57, 0xfd,
    0x4f, 0x81, 0xb8, 0xea, 0x7f, 0x94, 0x07, 0xbf, 0xf4, 0x5b, 0xbf, 0x77, 0xc2, 0x77, 0x71, 0xd5,
    0x55, 0xff, 0x05, 0x02, 0xde, 0xe7, 0xd6, 0xbf, 0xfe, 0xe9, 0xef, 0xe6, 0xaa, 0xff, 0x77, 0x1e,
    0xfc, 0xd2, 0x6f, 0xfd, 0xde, 0x09, 0xdf, 0xc5, 0x55, 0x57, 0xfd, 0x17, 0x10, 0xfc, 0xb5, 0xe0,
    0x7d, 0x6e, 0xfd, 0xeb, 0x9f, 0xfe, 0x6b, 0xae, 0xfa, 0x9f, 0x00, 0x71, 0xd5, 0xff, 0x18, 0x0f,
    0x7e, 0xe9, 0xb7, 0x7e, 0xef, 0x84, 0xef, 0xe2, 0xaa, 0xab, 0xfe, 0x8b, 0x08, 0x76, 0x05, 0xaf,
    0x73, 0xeb, 0x5f, 0xff, 0xf4, 0x5f, 0x73, 0xd5, 0xff, 0x1b, 0x0f, 0x7e, 0xe9, 0xb7, 0x7e, 0x69,
    0xc3, 0x6f, 0x19, 0x8e, 0x73, 0xd5, 0x55, 0xff, 0x45, 0x04, 0xbb, 0x82, 0xd7, 0xb9, 0xf5, 0xaf,
    0x7f, 0xfa, 0xaf, 0xb9, 0xea, 0xbf, 0x1b, 0xe2, 0xaa, 0xff, 0x11, 0x6e, 0x79, 0xe9, 0xb7, 0xfe,
    0x2e, 0xe0, 0xbd, 0xb9, 0xea, 0xaa, 0xff, 0x62, 0x82, 0x5b, 0x05, 0x2f, 0x73, 0xeb, 0x5f, 0xff,
    0xf4, 0x2e, 0x57, 0xfd, 0x9f, 0xf7, 0xe0, 0x97, 0x7e, 0xeb, 0xe3, 0x86, 0xbf, 0x32, 0x3c, 0x98,
    0xab, 0xae, 0xfa, 0x2f, 0x26, 0xd8, 0x15, 0xbc, 0xcf, 0xad, 0x7f, 0xfd, 0xd3, 0x3f, 0xcd, 0x55,
    0xff, 0x9d, 0x10, 0x57, 0xfd, 0xb7, 0xbb, 0xe5, 0xa5, 0xdf, 0xfa, 0xbb, 0x80, 0xf7, 0xe6, 0xaa,
    0xab, 0xfe, 0x9b, 0x08, 0xfe, 0xfa, 0x19, 0x7f, 0xfd, 0xd3, 0x2f, 0xc3, 0x55, 0xff, 0xe7, 0x3d,
    0xe8, 0xa5, 0xdf, 0xfa, 0xaf, 0x0c, 0x2f, 0xcd, 0x55, 0x57, 0xfd, 0x37, 0x0a, 0x78, 0x9f, 0x5b,
    0xff, 0xfa, 0xa7, 0xbf, 0x9b, 0xab, 0xfe, 0xbb, 0x20, 0xae, 0xfa, 0x6f, 0xf3, 0xe0, 0x97, 0x7e,
    0xeb, 0xe3, 0x86, 0xdf, 0x32, 0xbc, 0x34, 0x57, 0x5d, 0xf5, 0xdf, 0xef, 0xbb, 0x6f, 0xfb, 0xeb,
    0x9f, 0x7e, 0x1f, 0xae, 0xfa, 0x3f, 0xeb, 0x96, 0x97, 0x7e, 0xeb, 0xef, 0x02, 0xde, 0x9b, 0xab,
    0xae, 0xfa, 0x9f, 0xe1, 0xb3, 0x6f, 0xfb, 0xeb, 0x9f, 0xfe, 0x1c, 0xae, 0xfa, 0xef, 0x80, 0xb8,
    0xea, 0xbf, 0xc5, 0x83, 0x5f, 0xfa, 0xad, 0x8f, 0x1b, 0x7e, 0xcb, 0xf0, 0xd2, 0x5c, 0x75, 0xd5,
    0xff, 0x1c, 0x5f, 0x73, 0xdb, 0x5f, 0xff, 0xf4, 0x47, 0x73, 0xd5, 0xff, 0x39, 0xb7, 0xbc, 0xf4,
    0x5b, 0x7f, 0x35, 0xf0, 0x51, 0x5c, 0x75, 0xd5, 0xff, 0x2c, 0xdf, 0x7d, 0xdb, 0x5f, 0xff, 0xf4,
    0xfb, 0x70, 0xd5, 0x7f, 0x35, 0xc4, 0x55, 0xff, 0xe5, 0x1e, 0xfc, 0xd2, 0x6f, 0xfd, 0xd2, 0x86,
    0xdf, 0x32, 0x1c, 0xe7, 0xaa, 0xab, 0xfe, 0x87, 0x09, 0x78, 0x9f, 0x5b, 0xff, 0xfa, 0xa7, 0xbf,
    0x9b, 0xab, 0xfe, 0xcf, 0x78, 0xf0, 0x4b, 0xbf, 0xf5, 0x7b, 0x27, 0x7c, 0x17, 0x57, 0x5d, 0xf5,
    0x3f, 0x90, 0xe0, 0xa7, 0x05, 0xef, 0x73, 0xeb, 0x5f, 0xff, 0xf4, 0x2e, 0x57, 0xfd, 0x57, 0x41,
    0x5c, 0xf5, 0x5f, 0xea, 0xc1, 0x2f, 0xfd, 0xd6, 0x2f, 0x6d, 0xf8, 0x2d, 0xc3, 0x71, 0xae, 0xba,
    0xea, 0x7f, 0xa8, 0x80, 0xf7, 0xb9, 0xf5, 0xaf, 0x7f, 0xfa, 0xbb, 0xb9, 0xea, 0x7f, 0xbd, 0x07,
    0xbf, 0xf4, 0x5b, 0xbf, 0x77, 0xc2, 0x77, 0x71, 0xd5, 0x55, 0xff, 0x83, 0x09, 0xfe, 0x5a, 0xf0,
    0x3a, 0xb7, 0xfe, 0xf5, 0x4f, 0xef, 0x72, 0xd5, 0x7f, 0x05, 0xc4, 0x55, 0xff, 0x65, 0x1e, 0xfc,
    0xd2, 0x6f, 0xfd, 0xde, 0x09, 0xdf, 0xc5, 0x55, 0x57, 0xfd, 0x2f, 0x10, 0xf0, 0x3e, 0xb7, 0xfe,
    0xf5, 0x4f, 0x7f, 0x37, 0x57, 0xfd, 0xaf, 0xf5, 0xe0, 0x97, 0x7e, 0xeb, 0xf7, 0x4e, 0xf8, 0x2e,
    0xae, 0xba, 0xea, 0x7f, 0x01, 0xc1, 0x5f, 0x0b, 0xde, 0xe7, 0xd6, 0xbf, 0xfe, 0xe9, 0xbf, 0xe6,
    0xaa, 0xff, 0x6c, 0x88, 0xab, 0xfe, 0x4b, 0x3c, 0xf8, 0xa5, 0xdf, 0xfa, 0xbd, 0x13, 0xbe, 0x8b,
    0xab, 0xae, 0xfa, 0x5f, 0x24, 0xe0, 0x7d, 0x6e, 0xfd, 0xeb, 0x9f, 0xfe, 0x6e, 0xae, 0xfa, 0x5f,
    0xe7, 0xc1, 0x2f, 0xfd, 0xd6, 0xef, 0x9d, 0xf0, 0x5d, 0x5c, 0x75, 0xd5, 0xff, 0x22, 0x82, 0x5d,
    0xc1, 0xeb, 0xdc, 0xfa, 0xd7, 0x3f, 0xfd, 0xd7, 0x5c, 0xf5, 0x9f, 0x09, 0x71, 0xd5, 0x7f, 0xba,
    0x5b, 0x5e, 0xfa, 0xad, 0xbf, 0x0b, 0x78, 0x6f, 0xae, 0xba, 0xea, 0x7f, 0xa1, 0x80, 0xf7, 0xb9,
    0xf5, 0xaf, 0x7f, 0xfa, 0xbb, 0xb9, 0xea, 0x7f, 0x8d, 0x07, 0xbf, 0xf4, 0x5b, 0xbf, 0x77, 0xc2,
    0x77, 0x71, 0xd5, 0x55, 0xff, 0x0b, 0x09, 0x76, 0x05, 0xef, 0x73, 0xeb, 0x5f, 0xff, 0xf4, 0x4f,
    0x73, 0xd5, 0x7f, 0x16, 0xc4, 0x55, 0xff, 0xa9, 0x6e, 0x79, 0xe9, 0xb7, 0xfe, 0x2e, 0xe0, 0xbd,
    0xb9, 0xea, 0xaa, 0xff, 0xdd, 0x3e, 0xfb, 0xb6, 0xbf, 0xfe, 0xe9, 0xcf, 0xe1, 0xaa, 0xff, 0xf1,
    0x6e, 0x79, 0xe9, 0xb7, 0xfe, 0x2a, 0xe0, 0xa3, 0xb9, 0xea, 0xaa, 0xff, 0xe5, 0x02, 0xde, 0xe7,
    0xd6, 0xbf, 0xfe, 0xe9, 0xef, 0xe6, 0xaa, 0xff, 0x0c, 0x88, 0xab, 0xfe, 0x53, 0x3c, 0xf8, 0xa5,
    0xdf, 0xfa, 0xb8, 0xe1, 0xb7, 0x0c, 0x2f, 0xcd, 0x55, 0x57, 0xfd, 0xdf, 0xf0, 0xdd, 0xb7, 0xfd,
    0xf5, 0x4f, 0xbf, 0x0f, 0x57, 0xfd, 0x8f, 0x75, 0xcb, 0x4b, 0xbf, 0xf5, 0x77, 0x01, 0xef, 0xcd,
    0x55, 0x57, 0xfd, 0xdf, 0xf1, 0xd9, 0xb7, 0xfd, 0xf5, 0x4f, 0x7f, 0x0e, 0x57, 0xfd, 0x47, 0x43,
    0x5c, 0xf5, 0x1f, 0xee, 0xc1, 0x2f, 0xfd, 0xd6, 0xc7, 0x0d, 0xbf, 0x65, 0x78, 0x69, 0xae, 0xba,
    0xea, 0xff, 0x10, 0xc1, 0x5f, 0x0b, 0x5e, 0xe7, 0xd6, 0xbf, 0xfe, 0xe9, 0x5d, 0xae, 0xfa, 0x1f,
    0xe3, 0xc1, 0x2f, 0xfd, 0xd6, 0xc7, 0x0d, 0xbf, 0x65, 0x78, 0x69, 0xae, 0xba, 0xea, 0xff, 0x9e,
    0xef, 0xbe, 0xed, 0xaf, 0x7f, 0xfa, 0x7d, 0xb8, 0xea, 0x3f, 0x12, 0xe2, 0xaa, 0xff, 0x50, 0x0f,
    0x7e, 0xe9, 0xb7, 0x7e, 0x69, 0xc3, 0x6f, 0x19, 0x8e, 0x73, 0xd5, 0x55, 0xff, 0x07, 0x09, 0x6e,
    0x15, 0xbc, 0xcd, 0xad, 0x7f, 0xfd, 0xd3, 0x7f, 0xcd, 0x55, 0xff, 0xed, 0x1e, 0xfc, 0xd2, 0x6f,
    0xfd, 0xd2, 0x86, 0x9f, 0x32, 0x3c, 0x98, 0xab, 0xae, 0xfa, 0x3f, 0x4a, 0xf0, 0xd3, 0x82, 0xf7,
    0xb9, 0xf5, 0xaf, 0x7f, 0x7a, 0x97, 0xab, 0xfe, 0x23, 0x20, 0xae, 0xfa, 0x0f, 0xf3, 0xe0, 0x97,
    0x7e, 0xeb, 0x97, 0x36, 0xfc, 0x96, 0xe1, 0x38, 0x57, 0x5d, 0xf5, 0x7f, 0x98, 0x60, 0x57, 0xf0,
    0x31, 0xb7, 0xfe, 0xf5, 0x4f, 0x7f, 0x37, 0x57, 0xfd, 0xb7, 0x79, 0xf0, 0x4b, 0xbf, 0xf5, 0x7b,
    0x27, 0x7c, 0x17, 0x57, 0x5d, 0xf5, 0xff, 0x80, 0xe0, 0xaf, 0x05, 0xaf, 0x73, 0xeb, 0x5f, 0xff,
    0xf4, 0x2e, 0x57, 0xfd, 0x7b, 0x21, 0xae, 0xfa, 0x0f, 0xf1, 0xe0, 0x97, 0x7e, 0xeb, 0xf7, 0x4e,
    0xf8, 0x2e, 0xae, 0xba, 0xea, 0xff, 0x97, 0xef, 0x0e, 0xf8, 0x98, 0x5b, 0xff, 0xfa, 0xa7, 0x77,
    0xb9, 0xea, 0xbf, 0xcc, 0x83, 0x5f, 0xfa, 0xad, 0x8f, 0x27, 0x7c, 0x15, 0xf0, 0xde, 0x5c, 0x75,
    0xd5, 0xff, 0x23, 0x82, 0xbf, 0x16, 0xbc, 0xcf, 0xad, 0x7f, 0xfd, 0xd3, 0x7f, 0xcd, 0x55, 0xff,
    0x1e, 0x88, 0xab, 0xfe, 0xdd, 0x1e, 0xfc, 0xd2, 0x6f, 0xfd, 0xde, 0x09, 0xdf, 0xc5, 0x55, 0x57,
    0xfd, 0x3f, 0x24, 0xb8, 0x55, 0xf0, 0x36, 0xb7, 0xfe, 0xf5, 0x4f, 0xff, 0x35, 0x57, 0xfd, 0xa7,
    0x7b, 0xf0, 0x4b, 0xbf, 0xf5, 0x4b, 0x1b, 0x7e, 0xca, 0xf0, 0x60, 0xae, 0xba, 0xea, 0xff, 0x21,
    0xc1, 0xae, 0xe0, 0x75, 0x6e, 0xfd, 0xeb, 0x9f, 0xfe, 0x6b, 0xae, 0xfa, 0xb7, 0x42, 0x5c, 0xf5,
    0xef, 0x72, 0xcb, 0x4b, 0xbf, 0xf5, 0x57, 0x01, 0x1f, 0xcd, 0x55, 0x57, 0x5d, 0xf5, 0xd9, 0xb7,
    0xfd, 0xf5, 0x4f, 0x7f, 0x0e, 0x57, 0xfd, 0xa7, 0xb9, 0xe5, 0xa5, 0xdf, 0xfa, 0xb3, 0x80, 0xcf,
    0xe6, 0xaa, 0xab, 0xfe, 0x9f, 0x13, 0xec, 0x0a, 0xde, 0xe7, 0xd6, 0xbf, 0xfe, 0xe9, 0x9f, 0xe6,
    0xaa, 0x7f, 0x0b, 0xc4, 0x55, 0xff, 0x66, 0xb7, 0xbc, 0xf4, 0x5b, 0x7f, 0x17, 0xf0, 0xde, 0x5c,
    0x75, 0xd5, 0x55, 0x97, 0x09, 0xfe, 0x5a, 0xf0, 0x31, 0xb7, 0xfe, 0xf5, 0x4f, 0xff, 0x36, 0x57,
    0xfd, 0x87, 0x79, 0xf0, 0x4b, 0xbf, 0xf5, 0x6b, 0x1b, 0xbe, 0xcb, 0xf0, 0x60, 0xae, 0xba, 0xea,
    0xaa, 0x67, 0x09, 0x78, 0x9f, 0x5b, 0xff, 0xfa, 0xa7, 0xbf, 0x9b, 0xab, 0xfe, 0xb5, 0x10, 0x57,
    0xfd, 0xab, 0x3d, 0xf8, 0xa5, 0xdf, 0xfa, 0xb8, 0xe1, 0xa7, 0x0c, 0xaf, 0xcd, 0x55, 0x57, 0x5d,
    0xf5, 0xfc, 0x7c, 0x75, 0xc0, 0xe7, 0xdc, 0xfa, 0xd7, 0x3f, 0xbd, 0xcb, 0x55, 0xff, 0x66, 0x0f,
    0x7e, 0xe9, 0xb7, 0x3e, 0x9e, 0xf0, 0x55, 0xc0, 0x7b, 0x73, 0xd5, 0x55, 0x57, 0xbd, 0x20, 0x9f,
    0x7d, 0xdb, 0x5f, 0xff, 0xf4, 0xe7, 0x70, 0xd5, 0xbf, 0x06, 0xe2, 0xaa, 0x7f, 0x95, 0x07, 0xbf,
    0xf4, 0x5b, 0x1f, 0x37, 0xfc, 0x96, 0xe1, 0xa5, 0xb9, 0xea, 0xaa, 0xab, 0x5e, 0x20, 0xc1, 0xae,
    0xe0, 0xb3, 0x6f, 0xfd, 0xeb, 0x9f, 0xfe, 0x1a, 0xae, 0xfa, 0x57, 0xbb, 0xe5, 0xa5, 0xdf, 0xfa,
    0xb3, 0x04, 0x1f, 0x6d, 0x38, 0xce, 0x55, 0x57, 0x5d, 0xf5, 0x2f, 0xf9, 0xee, 0xdb, 0xfe, 0xfa,
    0xa7, 0xdf, 0x87, 0xab, 0x5e, 0x54, 0x88, 0xab, 0x5e, 0x64, 0x0f, 0x7e, 0xe9, 0xb7, 0x7e, 0x69,
    0xc3, 0x4f, 0x19, 0x1e, 0xcc, 0x55, 0x57, 0x5d, 0xf5, 0x22, 0x11, 0xdc, 0x2a, 0xf8, 0x98, 0x5b,
    0xff, 0xfa, 0xa7, 0x7f, 0x9a, 0xab, 0xfe, 0x45, 0x0f, 0x7e, 0xe9, 0xb7, 0x79, 0x2f, 0xe3, 0xcf,
    0x36, 0x3c, 0x98, 0xab, 0xae, 0xba, 0xea, 0x5f, 0xe3, 0xbb, 0x6f, 0xfb, 0xeb, 0x9f, 0x7e, 0x1f,
    0xae, 0x7a, 0x51, 0x20, 0xae, 0x7a, 0x91, 0x3c, 0xf8, 0xa5, 0xdf, 0xfa, 0xa5, 0x0d, 0xbf, 0x65,
    0x38, 0xce, 0x55, 0x57, 0x5d, 0xf5, 0xaf, 0x26, 0xf8, 0x6d, 0xc1, 0xe7, 0xdc, 0xfa, 0xd7, 0x3f,
    0xfd, 0xdb, 0x5c, 0xf5, 0x3c, 0x1e, 0xfc, 0xd2, 0x6f, 0xfd, 0xd6, 0x86, 0xaf, 0x32, 0x3c, 0x98,
    0xab, 0xae, 0xba, 0xea, 0xdf, 0xea, 0xbb, 0x03, 0x3e, 0xe6, 0xd6, 0xbf, 0xfe, 0xe9, 0x5d, 0xae,
    0x7a, 0x61, 0x10, 0x57, 0xfd, 0x8b, 0x1e, 0xfc, 0xd2, 0x6f, 0xfd, 0x60, 0xc3, 0x5f, 0x19, 0x8e,
    0x73, 0xd5, 0x55, 0x57, 0xfd, 0xbb, 0x08, 0x7e, 0x5b, 0xe8, 0xbb, 0x6f, 0xfd, 0xeb, 0x9f, 0xfa,
    0x1e, 0xae, 0xe2, 0xc1, 0x2f, 0xfd, 0x36, 0xef, 0x65, 0xfc, 0xd9, 0x86, 0x07, 0x73, 0xd5, 0x55,
    0x57, 0xfd, 0xbb, 0x09, 0x7e, 0xfa, 0x19, 0x7f, 0xfd, 0xd3, 0x6f, 0xc3, 0x55, 0x2f, 0x0c, 0xe2,
    0xaa, 0x17, 0xea, 0xc1, 0x2f, 0xfd, 0xd6, 0xc7, 0x0d, 0xbf, 0x65, 0x78, 0x69, 0xae, 0xba, 0xea,
    0xaa, 0xff, 0x30, 0x82, 0x5b, 0x05, 0x5f, 0x0d, 0x7c, 0xcf, 0xad, 0x7f, 0xfd, 0xd3, 0xbb, 0xfc,
    0x3f, 0xf2, 0xe0, 0x97, 0x7e, 0xeb, 0xe3, 0xc0, 0x7b, 0x19, 0x3e, 0xda, 0xf0, 0x60, 0xae, 0xba,
    0xea, 0xaa, 0xff, 0x68, 0xdf, 0x7d, 0xdb, 0x5f, 0xff, 0xf4, 0xfb, 0x70, 0xd5, 0x0b, 0x82, 0xb8,
    0xea, 0x85, 0x7a, 0xd0, 0x4b, 0xbf, 0xf5, 0x6f, 0x19, 0x5e, 0x9b, 0xab, 0xae, 0xba, 0xea, 0x3f,
    0x85, 0x60, 0xd7, 0xf0, 0xd3, 0x01, 0xdf, 0x73, 0xeb, 0x5f, 0xff, 0xf4, 0x6f, 0xf3, 0x7f, 0xd8,
    0x83, 0x5f, 0xfa, 0xad, 0x5f, 0x3b, 0xe1, 0xbd, 0x80, 0xf7, 0xe6, 0xaa, 0xab, 0xae, 0xfa, 0x4f,
    0x15, 0xf0, 0x31, 0xb7, 0xfe, 0xf5, 0x4f, 0x7f, 0x35, 0x57, 0x3d, 0x3f, 0x88, 0xab, 0x5e, 0xa0,
    0x07, 0xbf, 0xf4, 0x5b, 0x7f, 0x74, 0xc2, 0x57, 0x71, 0xd5, 0x55, 0x57, 0xfd, 0x97, 0x10, 0xdc,
    0x6a, 0xf8, 0xee, 0x80, 0xef, 0xb9, 0xf5, 0xaf, 0x7f, 0xfa, 0x56, 0xfe, 0x0f, 0x78, 0xf0, 0x4b,
    0xbf, 0xf5, 0x4b, 0x27, 0xbc, 0x97, 0xe0, 0xad, 0x0d, 0x0f, 0xe6, 0xaa, 0xab, 0xae, 0xfa, 0x2f,
    0x21, 0xd8, 0x15, 0xbc, 0xce, 0xad, 0x7f, 0xfd, 0xd3, 0x7f, 0xcd, 0x55, 0xcf, 0x0d, 0x71, 0xd5,
    0xf3, 0xf5, 0xe0, 0x97, 0x7e, 0xeb, 0x97, 0x4e, 0xf8, 0x2b, 0xae, 0xba, 0xea, 0xaa, 0xff, 0x16,
    0x82, 0xbf, 0x36, 0xfc, 0x74, 0xc0, 0xcf, 0xdc, 0xfa, 0xd7, 0x3f, 0xfd, 0xd7, 0xfc, 0x2f, 0xf2,
    0xe0, 0x97, 0x79, 0x9b, 0xd7, 0x4a, 0xfb, 0xad, 0x05, 0x6f, 0x6d, 0x78, 0x30, 0x57, 0x5d, 0x75,
    0xd5, 0x7f, 0x0b, 0xc1, 0x5f, 0x3f, 0xe3, 0xaf, 0x7f, 0xfa, 0x65, 0xb8, 0xea, 0xb9, 0x21, 0xae,
    0x7a, 0xbe, 0x1e, 0xf4, 0xd2, 0x6f, 0xfd, 0x5b, 0x86, 0xd7, 0xe6, 0xaa, 0xab, 0xae, 0xfa, 0x6f,
    0x27, 0xd8, 0x35, 0xfc, 0x74, 0xa0, 0xdf, 0x06, 0xff, 0xcd, 0xad, 0x7f, 0xfd, 0xd3, 0x7f, 0xcd,
    0xff, 0x20, 0x0f, 0x7e, 0xe9, 0xb7, 0x7e, 0x69, 0xe0, 0xb5, 0x0c, 0xaf, 0x0d, 0xbc, 0xb6, 0xe1,
    0x38, 0x57, 0x5d, 0x75, 0xd5, 0xff, 0x14, 0x9f, 0x73, 0xdb, 0x5f, 0xff, 0xf4, 0x67, 0x73, 0xd5,
    0x03, 0x21, 0xae, 0x7a, 0x1e, 0x0f, 0x7e, 0xe9, 0xb7, 0x7e, 0xef, 0x84, 0xef, 0xe2, 0xaa, 0xab,
    0xae, 0xfa, 0x1f, 0x49, 0xb0, 0x0b, 0xfc, 0xb6, 0xe1, 0xaf, 0x03, 0xfd, 0x35, 0xf8, 0x6f, 0x6e,
    0xfd, 0xeb, 0x9f, 0xbe, 0x95, 0xff, 0x02, 0x0f, 0x7e, 0xe9, 0xb7, 0x7e, 0x69, 0xd0, 0x83, 0x12,
    0xbf, 0xb4, 0xe0, 0xb5, 0x81, 0x97, 0x36, 0x1c, 0xe7, 0xaa, 0xab, 0xae, 0xfa, 0x1f, 0x49, 0xb0,
    0x2b, 0x78, 0x99, 0x5b, 0xff, 0xfa, 0xa7, 0x6f, 0xe5, 0xaa, 0xfb, 0x21, 0xae, 0x7a, 0x1e, 0x0f,
    0x7a, 0xe9, 0xb7, 0x7e, 0xba, 0xe1, 0xc1, 0x5c, 0x75, 0xd5, 0x55, 0xff, 0xab, 0x08, 0xfe, 0x1a,
    0xd8, 0x35, 0xfc, 0x36, 0x40, 0xa0, 0xbf, 0x46, 0xec, 0x02, 0x60, 0x3f, 0xe3, 0xd6, 0xbf, 0xfe,
    0xe9, 0x5b, 0x79, 0x21, 0x1e, 0xfc, 0xd2, 0x6f, 0xfd, 0x60, 0xa4, 0x07, 0x01, 0x60, 0x1e, 0x9c,
    0xf8, 0xc1, 0xc0, 0x71, 0xc1, 0x4b, 0x03, 0xc7, 0x0d, 0x2f, 0xcd, 0x55, 0x57, 0x5d, 0xf5, 0xbf,
    0xd1, 0xf7, 0xdc, 0xf6, 0xd7, 0x3f, 0xfd, 0xde, 0x5c, 0x75, 0x3f, 0xc4, 0x55, 0xcf, 0xe1, 0xc1,
    0x2f, 0xfd, 0xd6, 0xef, 0x9d, 0xf0, 0x5d, 0x5c, 0x75, 0xd5, 0x55, 0x57, 0x5d, 0x75, 0xd5, 0x55,
    0xff, 0x67, 0x04, 0x3c, 0xe4, 0xd6, 0xbf, 0xfe, 0xe9, 0x5b, 0xb9, 0x0a, 0x00, 0x71, 0xd5, 0x73,
    0x78, 0xd0, 0x4b, 0xbf, 0xf5, 0xd3, 0x0d, 0x0f, 0xe6, 0xaa, 0xab, 0xae, 0xba, 0xea, 0xaa, 0xab,
    0xae, 0xfa, 0xbf, 0xe4, 0x6b, 0x6e, 0xfb, 0xeb, 0x9f, 0xfe, 0x68, 0xae, 0x02, 0x40, 0x5c, 0xf5,
    0x2c, 0x0f, 0x7e, 0xe9, 0xb7, 0x7e, 0xeb, 0x84, 0x9f, 0xe2, 0xaa, 0xab, 0xae, 0xba, 0xea, 0xaa,
    0xab, 0xae, 0xfa, 0x3f, 0x45, 0xb0, 0xfb, 0x8c, 0xbf, 0xfe, 0xe9, 0x13, 0x5c, 0x05, 0x80, 0xb8,
    0xea, 0x59, 0x6e, 0x79, 0xe9, 0xb7, 0xfe, 0x6e, 0xe0, 0xbd, 0xb8, 0xea, 0xaa, 0xab, 0xae, 0xba,
    0xea, 0xaa, 0xab, 0xfe, 0xcf, 0x09, 0x78, 0x9b, 0x5b, 0xff, 0xfa, 0xa7, 0x7f, 0x9a, 0xab, 0x10,
    0x57, 0x3d, 0xcb, 0x2d, 0x2f, 0xfd, 0xd6, 0xe6, 0xaa, 0xab, 0xae, 0xba, 0xea, 0xaa, 0xab, 0xae,
    0xfa, 0xbf, 0xea, 0x7b, 0x6e, 0xfb, 0xeb, 0x9f, 0x7e, 0x6f, 0xae, 0x42, 0x5c, 0x75, 0xd9, 0x83,
    0x5f, 0xfa, 0xad, 0xdf, 0x3a, 0xe1, 0xa7, 0xb8, 0xea, 0xaa, 0xab, 0xae, 0xba, 0xea, 0xaa, 0xab,
    0xfe, 0x4f, 0x12, 0xec, 0x3e, 0xe3, 0xaf, 0x7f, 0xfa, 0x04, 0x57, 0x21, 0xae, 0xba, 0xec, 0x96,
    0x97, 0x7e, 0xeb, 0xaf, 0x06, 0x3e, 0x8a, 0xab, 0xae, 0xba, 0xea, 0xaa, 0xab, 0xae, 0xba, 0xea,
    0xff, 0xac, 0x80, 0x97, 0xb9, 0xf5, 0xaf, 0x7f, 0xfa, 0xaf, 0xf9, 0xff, 0x0d, 0x71, 0xd5, 0x65,
    0x0f, 0x7a, 0xe9, 0xb7, 0xfe, 0x6d, 0xc3, 0x6b, 0x71, 0xd5, 0x55, 0x57, 0x5d, 0x75, 0xd5, 0x55,
    0x57, 0xfd, 0x9f, 0x15, 0xf0, 0x31, 0xb7, 0xfe, 0xf5, 0x4f, 0x7f, 0x35, 0xff, 0xbf, 0x21, 0xae,
    0xba, 0xec, 0x96, 0x97, 0x7e, 0x6b, 0x73, 0xd5, 0x55, 0x57, 0x5d, 0x75, 0xd5, 0x55, 0x57, 0xfd,
    0x5f, 0xf7, 0x3d, 0xb7, 0xfd, 0xf5, 0x4f, 0xbf, 0x37, 0xff, 0xbf, 0x21, 0xae, 0xe2, 0xc1, 0x2f,
    0xfd, 0xd6, 0x2f, 0x9d, 0xf0, 0x57, 0x5c, 0x75, 0xd5, 0x55, 0x57, 0x5d, 0x75, 0xd5, 0x55, 0xff,
    0xa7, 0x09, 0x7e, 0xe7, 0x19, 0x7f, 0xfd, 0xd3, 0xaf, 0xcd, 0xff, 0x6f, 0x88, 0xab, 0x78, 0xf0,
    0x4b, 0xbf, 0xf5, 0x6b, 0x27, 0xfc, 0x16, 0x57, 0x5d, 0x75, 0xd5, 0x55, 0x57, 0x5d, 0x75, 0xd5,
    0xff, 0x69, 0x82, 0xdd, 0x67, 0xfc, 0xf5, 0x4f, 0x9f, 0xe0, 0xff, 0x37, 0xc4, 0x55, 0x3c, 0xf8,
    0xa5, 0xdf, 0xfa, 0xbd, 0x13, 0xbe, 0x8b, 0xab, 0xae, 0xba, 0xea, 0xaa, 0xab, 0xae, 0xba, 0xea,
    0xff, 0xbc, 0xdb, 0xfe, 0xfa, 0xa7, 0xc5, 0xff, 0x6f, 0x88, 0xab, 0xb8, 0xe5, 0xa5, 0xdf, 0xfa,
    0xb3, 0x81, 0xcf, 0xe2, 0xaa, 0xab, 0xae, 0xba, 0xea, 0xaa, 0xab, 0xae, 0xfa, 0x3f, 0xef, 0xb6,
    0xbf, 0xfe, 0x69, 0xf1, 0xff, 0x1b, 0xe2, 0x2a, 0x6e, 0x79, 0xe9, 0xb7, 0xfe, 0x6c, 0xe0, 0xb3,
    0xb8, 0xea, 0xaa, 0xab, 0xae, 0xba, 0xea, 0xaa, 0xab, 0xfe, 0xcf, 0xbb, 0xed, 0xaf, 0x7f, 0x5a,
    0xfc, 0xff, 0x86, 0xb8, 0x8a, 0x5b, 0x5e, 0xfa, 0xad, 0x3f, 0x1b, 0xf8, 0x2c, 0xae, 0xba, 0xea,
    0xaa, 0xab, 0xae, 0xba, 0xea, 0xaa, 0xff, 0xf3, 0x02, 0x5e, 0xe6, 0xd6, 0xbf, 0xfe, 0xe9, 0xbf,
    0xe6, 0xff, 0x2f, 0xc4, 0x55, 0xdc, 0xf2, 0xd2, 0x6f, 0xfd, 0xd9, 0xc0, 0x67, 0x71, 0xd5, 0x55,
    0x57, 0x5d, 0x75, 0xd5, 0x55, 0x57, 0xfd, 0x9f, 0x77, 0xdb, 0x5f, 0xff, 0xb4, 0xf8, 0xff, 0x0d,
    0x71, 0x15, 0x0f, 0x7e, 0xe9, 0xb7, 0xfe, 0xe8, 0x84, 0xaf, 0xe2, 0xaa, 0xab, 0xae, 0xba, 0xea,
    0xaa, 0xab, 0xae, 0xfa, 0x3f, 0xef, 0xb6, 0xbf, 0xfe, 0x69, 0xf1, 0xff, 0x1b, 0xe2, 0x2a, 0x1e,
    0xfc, 0xd2, 0x6f, 0xfd, 0xda, 0x09, 0xbf, 0xc5, 0x55, 0x57, 0x5d, 0x75, 0xd5, 0x55, 0x57, 0x5d,
    0xf5, 0x7f, 0xde, 0x6d, 0x7f, 0xfd, 0xd3, 0xe2, 0xff, 0x37, 0xc4, 0x55, 0x3c, 0xf8, 0xa5, 0xdf,
    0xfa, 0xa5, 0x13, 0xfe, 0x8a, 0xab, 0xae, 0xba, 0xea, 0xaa, 0xab, 0xae, 0xba, 0xea, 0xff, 0x34,
    0xc1, 0xef, 0x3c, 0xe3, 0xaf, 0x7f, 0xfa, 0xb5, 0xf9, 0xff, 0x0d, 0x71, 0xd5, 0x65, 0xb7, 0xbc,
    0xf4, 0x5b, 0x9b, 0xab, 0xae, 0xba, 0xea, 0xaa, 0xab, 0xae, 0xba, 0xea, 0xff, 0xba, 0x9f, 0xb9,
    0xed, 0xaf, 0x7f, 0xfa, 0xad, 0xf9, 0xff, 0x0d, 0x71, 0xd5, 0x65, 0x0f, 0x7a, 0xe9, 0xb7, 0xfe,
    0x6b, 0xc3, 0x4b, 0x71, 0xd5, 0x55, 0x57, 0x5d, 0x75, 0xd5, 0x55, 0x57, 0xfd, 0x5f, 0xf6, 0x39,
    0xb7, 0xfd, 0xf5, 0x4f, 0x7f, 0x36, 0xff, 0xbf, 0x21, 0xae, 0xba, 0xec, 0x96, 0x97, 0x7e, 0xeb,
    0xef, 0x06, 0xde, 0x8b, 0xab, 0xae, 0xba, 0xea, 0xaa, 0xab, 0xae, 0xba, 0xea, 0xff, 0xac, 0x80,
    0xd7, 0xb9, 0xf5, 0xaf, 0x7f, 0xfa, 0xb7, 0xf9, 0xff, 0x0d, 0x71, 0xd5, 0x65, 0x0f, 0x7e, 0xe9,
    0xb7, 0x7e, 0xef, 0x84, 0xef, 0xe2, 0xaa, 0xab, 0xae, 0xba, 0xea, 0xaa, 0xab, 0xae, 0xfa, 0x3f,
    0xeb, 0xb6, 0xbf, 0xfe, 0x69, 0x71, 0x15, 0xe2, 0xaa, 0xcb, 0x1e, 0xfc, 0xd2, 0x6f, 0x7d, 0x3c,
    0xe1, 0x22, 0x57, 0x5d, 0x75, 0xd5, 0x55, 0x57, 0x5d, 0x75, 0xd5, 0xff, 0x55, 0x3f, 0x73, 0xdb,
    0x5f, 0xff, 0xf4, 0x5b, 0x73, 0x15, 0xe2, 0xaa, 0x67, 0xb9, 0xe5, 0xa5, 0xdf, 0xfa, 0xa7, 0x81,
    0xb7, 0xe2, 0xaa, 0xab, 0xae, 0xba, 0xea, 0xaa, 0xab, 0xae, 0xfa, 0x3f, 0x27, 0xe0, 0x7d, 0x6e,
    0xfd, 0xeb, 0x9f, 0xfe, 0x6e, 0xae, 0x42, 0x5c, 0xf5, 0x2c, 0x0f, 0x7e, 0xe9, 0xb7, 0x7e, 0xef,
    0x84, 0xef, 0xe2, 0xaa, 0xab, 0xae, 0xba, 0xea, 0xaa, 0xab, 0xae, 0xfa, 0x3f, 0x27, 0xe0, 0xc4,
    0xad, 0x7f, 0xfd, 0xd3, 0xbb, 0x5c, 0x85, 0xb8, 0xea, 0x39, 0x3c, 0xe8, 0xa5, 0xdf, 0x7a, 0xd7,
    0x70, 0x8c, 0xab, 0xae, 0xba, 0xea, 0xaa, 0xab, 0xae, 0xba, 0xea, 0xff, 0x92, 0xef, 0xb9, 0xed,
    0xaf, 0x7f, 0xfa, 0xbd, 0xb9, 0x0a, 0x00, 0x71, 0xd5, 0x73, 0xb8, 0xe5, 0xa5, 0xdf, 0xfa, 0xb3,
    0x81, 0xcf, 0xe2, 0xaa, 0xab, 0xae, 0xba, 0xea, 0xaa, 0xab, 0xae, 0xfa, 0x3f, 0x23, 0xe0, 0x75,
    0x6e, 0xfd, 0xeb, 0x9f, 0xfe, 0x6d, 0xae, 0x02, 0x40, 0x5c, 0xf5, 0x1c, 0x1e, 0xfc, 0xd2, 0x6f,
    0x7d, 0xdc, 0x70, 0xab, 0xe1, 0x18, 0x57, 0x5d, 0x75, 0xd5, 0x55, 0x57, 0x5d, 0x75, 0xd5, 0xff,
    0x7a, 0x82, 0xdf, 0x79, 0xc6, 0x5f, 0xff, 0xf4, 0x6b, 0x73, 0xd5, 0xfd, 0x10, 0x57, 0x3d, 0x8f,
    0x5b, 0x5e, 0xfa, 0xad, 0x3f, 0x1b, 0xf8, 0x2c, 0xae, 0xba, 0xea, 0xaa, 0xab, 0xae, 0xba, 0xea,
    0xaa, 0xff, 0xf5, 0x02, 0x5e, 0xe7, 0xd6, 0xbf, 0xfe, 0xe9, 0xdf, 0xe6, 0xaa, 0xfb, 0x21, 0xae,
    0x7a, 0x1e, 0x0f, 0x7e, 0xe9, 0xb7, 0x3e, 0x6e, 0xb8, 0xd5, 0x70, 0x8c, 0xab, 0xae, 0xba, 0xea,
    0xaa, 0xab, 0xae, 0xba, 0xea, 0x7f, 0xb3, 0x9f, 0xb9, 0xed, 0xaf, 0x7f, 0xfa, 0xad, 0xb9, 0xea,
    0x81, 0x10, 0x57, 0x3d, 0x5f, 0x0f, 0x7e, 0xe9, 0xb7, 0x7e, 0xef, 0x84, 0xef, 0xe2, 0xaa, 0xab,
    0xae, 0xba, 0xea, 0xaa, 0xab, 0xae, 0xfa, 0x5f, 0x49, 0x70, 0x49, 0xf0, 0xd2, 0xb7, 0xfe, 0xf5,
    0x4f, 0xdf, 0xca, 0x55, 0x0f, 0x84, 0xb8, 0xea, 0x05, 0x7a, 0xd0, 0x4b, 0xbf, 0xf5, 0x5f, 0x1b,
    0x5e, 0x8a, 0xab, 0xae, 0xba, 0xea, 0xaa, 0xab, 0xae, 0xba, 0xea, 0x7f, 0xa3, 0xcf, 0xb9, 0xed,
    0xaf, 0x7f, 0xfa, 0xb3, 0xb9, 0xea, 0xb9, 0x21, 0xae, 0x7a, 0x81, 0x1e, 0xfc, 0xd2, 0x6f, 0xfd,
    0xda, 0x09, 0xbf, 0xc5, 0x55, 0x57, 0x5d, 0x75, 0xd5, 0x55, 0x57, 0x5d, 0xf5, 0xbf, 0x8a, 0xe0,
    0x19, 0x82, 0x97, 0xbe, 0xf5, 0xaf, 0x7f, 0x7a, 0x97, 0xab, 0x9e, 0x1b, 0xe2, 0xaa, 0x17, 0xea,
    0x96, 0x97, 0x7e, 0xeb, 0x9f, 0x06, 0xde, 0x8a, 0xab, 0xae, 0xba, 0xea, 0xaa, 0xab, 0xae, 0xba,
    0xea, 0x7f, 0x8d, 0x80, 0xf7, 0xb9, 0xf5, 0xaf, 0x7f, 0xfa, 0xbb, 0xb9, 0xea, 0xf9, 0x41, 0x5c,
    0xf5, 0x42, 0x3d, 0xf8, 0xa5, 0xdf, 0xfa, 0xc1, 0x86, 0xbf, 0x36, 0x1c, 0xe3, 0xaa, 0xab, 0xae,
    0xba, 0xea, 0xaa, 0xab, 0xae, 0xfa, 0x1f, 0x4f, 0xf0, 0x3b, 0xcf, 0xf8, 0xeb, 0x9f, 0x7e, 0x6d,
    0xae, 0x7a, 0x41, 0x10, 0x57, 0xfd, 0x8b, 0x6e, 0x79, 0xe9, 0xb7, 0xfe, 0x6c, 0xe0, 0xb3, 0xb8,
    0xea, 0xaa, 0xab, 0xae, 0xba, 0xea, 0xaa, 0xab, 0xfe, 0xc7, 0x0b, 0x78, 0x9d, 0x5b, 0xff, 0xfa,
    0xa7, 0x7f, 0x9b, 0xab, 0x5e, 0x10, 0xc4, 0x55, 0xff, 0xa2, 0x07, 0xbf, 0xf4, 0x5b, 0x1f, 0x37,
    0xfc, 0xb5, 0xe1, 0x41, 0x5c, 0x75, 0xd5, 0x55, 0x57, 0x5d, 0x75, 0xd5, 0x55, 0xff, 0x93, 0x7d,
    0xcf, 0x6d, 0x7f, 0xfd, 0xd3, 0xef, 0xcd, 0x55, 0x2f, 0x0c, 0xe2, 0xaa, 0x17, 0xc9, 0x83, 0x5f,
    0xfa, 0xad, 0xdf, 0x3b, 0xe1, 0xbb, 0xb8, 0xea, 0xaa, 0xab, 0xae, 0xba, 0xea, 0xaa, 0xab, 0xfe,
    0x47, 0x12, 0x5c, 0x12, 0x3c, 0xf8, 0xd6, 0xbf, 0xfe, 0xe9, 0x5d, 0xae, 0x7a, 0x61, 0x10, 0x57,
    0xbd, 0xc8, 0x1e, 0xf4, 0xd2, 0x6f, 0xfd, 0xdb, 0x86, 0xd7, 0xe2, 0xaa, 0xab, 0xae, 0xba, 0xea,
    0xaa, 0xab, 0xae, 0xfa, 0x9f, 0xe8, 0x73, 0x6e, 0xfb, 0xeb, 0x9f, 0xfe, 0x6c, 0xae, 0xfa, 0x97,
    0x20, 0xae, 0x7a, 0x91, 0x3d, 0xf8, 0xa5, 0xdf, 0xfa, 0xb5, 0x13, 0x7e, 0x8b, 0xab, 0xae, 0xba,
    0xea, 0xaa, 0xab, 0xae, 0xba, 0xea, 0x7f, 0x14, 0xc1, 0x33, 0x9e, 0xf1, 0xd7, 0x3f, 0xfd, 0x60,
    0xae, 0x7a, 0x51, 0x20, 0xae, 0xfa, 0x57, 0xb9, 0xe5, 0xa5, 0xdf, 0xfa, 0xbb, 0x81, 0xf7, 0xe2,
    0xaa, 0xab, 0xae, 0xba, 0xea, 0xaa, 0xab, 0xae, 0xfa, 0x1f, 0x23, 0xe0, 0x6d, 0x6e, 0xfd, 0xeb,
    0x9f, 0xfe, 0x69, 0xae, 0x7a, 0x51, 0x20, 0xae, 0xfa, 0x57, 0x79, 0xf0, 0x4b, 0xbf, 0xf5, 0x71,
    0xc3, 0xad, 0x86, 0x63, 0x5c, 0x75, 0xd5, 0x55, 0x57, 0x5d, 0x75, 0xd5, 0x55, 0xff, 0xed, 0x04,
    0xbf, 0xf3, 0x8c, 0xbf, 0xfe, 0xe9, 0xd7, 0xe6, 0xaa, 0x17, 0x15, 0xe2, 0xaa, 0x7f, 0xb5, 0x5b,
    0x5e, 0xfa, 0xad, 0x3f, 0x1b, 0xf8, 0x2c, 0xae, 0xba, 0xea, 0xaa, 0xab, 0xae, 0xba, 0xea, 0xaa,
    0xff, 0x76, 0x01, 0x2f, 0x73, 0xeb, 0x5f, 0xff, 0xf4, 0x5f, 0x73, 0xd5, 0x8b, 0x0a, 0x71, 0xd5,
    0xbf, 0xc9, 0x83, 0x5e, 0xfa, 0xad, 0x6f, 0x35, 0x3c, 0x88, 0xab, 0xae, 0xba, 0xea, 0xaa, 0xab,
    0xae, 0xba, 0xea, 0xbf, 0xd3, 0xd7, 0xdc, 0xf6, 0xd7, 0x3f, 0xfd, 0xd1, 0x5c, 0xf5, 0xaf, 0x81,
    0xb8, 0xea, 0xdf, 0xe4, 0xc1, 0x2f, 0xfd, 0xd6, 0x6f, 0x9d, 0xf0, 0x53, 0x5c, 0x75, 0xd5, 0x55,
    0x57, 0x5d, 0x75, 0xd5, 0x55, 0xff, 0x2d, 0x04, 0x97, 0x04, 0x0f, 0xbe, 0xf5, 0xaf, 0x7f, 0x7a,
    0x97, 0xab, 0xfe, 0x35, 0x10, 0x57, 0xfd, 0x9b, 0x3d, 0xe8, 0xa5, 0xdf, 0xfa, 0xb7, 0x0d, 0xaf,
    0xc5, 0x55, 0x57, 0x5d, 0x75, 0xd5, 0x55, 0x57, 0x5d, 0xf5, 0x5f, 0x2e, 0xe0, 0x63, 0x6e, 0xfd,
    0xeb, 0x9f, 0xfe, 0x6a, 0xae, 0xfa, 0xd7, 0x42, 0x5c, 0xf5, 0x6f, 0xf6, 0xe0, 0x97, 0x7e, 0xeb,
    0x07, 0x27, 0x3c, 0x9d, 0xab, 0xae, 0xba, 0xea, 0xaa, 0xab, 0xae, 0xba, 0xea, 0xbf, 0x94, 0xe0,
    0x19, 0xcf, 0xf8, 0xeb, 0x9f, 0x7e, 0x30, 0x57, 0xfd, 0x5b, 0x20, 0xae, 0xfa, 0x77, 0xb9, 0xe5,
    0xa5, 0xdf, 0xfa, 0xab, 0x81, 0x8f, 0xe2, 0xaa, 0xab, 0xae, 0xba, 0xea, 0xaa, 0xab, 0xae, 0xfa,
    0x2f, 0x13, 0xf0, 0x3a, 0xb7, 0xfe, 0xf5, 0x4f, 0xff, 0x36, 0x57, 0xfd, 0x5b, 0x20, 0xae, 0xfa,
    0x77, 0x79, 0xf0, 0x4b, 0xbf, 0xf5, 0x71, 0xc3, 0xad, 0x86, 0x63, 0x5c, 0x75, 0xd5, 0x55, 0x57,
    0x5d, 0x75, 0xd5, 0x55, 0xff, 0x15, 0x7e, 0xe6, 0xb6, 0xbf, 0xfe, 0xe9, 0xb7, 0xe6, 0xaa, 0x7f,
    0x2b, 0xc4, 0x55, 0xff, 0x6e, 0x0f, 0x7e, 0xe9, 0xb7, 0xfe, 0xe8, 0x84, 0xaf, 0xe2, 0xaa, 0xab,
    0xae, 0xba, 0xea, 0xaa, 0xab, 0xae, 0xfa, 0x4f, 0x17, 0xf0, 0x90, 0x5b, 0xff, 0xfa, 0xa7, 0x6f,
    0xe5, 0xaa, 0x7f, 0x2b, 0xc4, 0x55, 0xff, 0x21, 0x1e, 0xf4, 0xd2, 0x6f, 0x7d, 0xab, 0xe1, 0x41,
    0x5c, 0x75, 0xd5, 0x55, 0x57, 0x5d, 0x75, 0xd5, 0x55, 0xff, 0x99, 0x3e, 0xe7, 0xb6, 0xbf, 0xfe,
    0xe9, 0xcf, 0xe6, 0xaa, 0x7f, 0x0f, 0xc4, 0x55, 0xff, 0x21, 0x1e, 0xfc, 0xd2, 0x6f, 0xfd, 0xda,
    0x09, 0xbf, 0xc5, 0x55, 0x57, 0x5d, 0x75, 0xd5, 0x55, 0x57, 0x5d, 0xf5, 0x9f, 0x42, 0x70, 0x49,
    0xf0, 0xe0, 0x5b, 0xff, 0xfa, 0xa7, 0x77, 0xb9, 0xea, 0xdf, 0x03, 0x71, 0xd5, 0x7f, 0x98, 0x5b,
    0x5e, 0xfa, 0xad, 0x7f, 0x1a, 0x78, 0x2b, 0xae, 0xba, 0xea, 0xaa, 0xab, 0xae, 0xba, 0xea, 0xaa,
    0xff, 0x70, 0x01, 0xef, 0x73, 0xeb, 0x5f, 0xff, 0xf4, 0x77, 0x73, 0xd5, 0xbf, 0x17, 0xe2, 0xaa,
    0xff, 0x30, 0x0f, 0x7e, 0xe9, 0xb7, 0x7e, 0x70, 0xc2, 0xd3, 0xb9, 0xea, 0xaa, 0xab, 0xae, 0xba,
    0xea, 0xaa, 0xab, 0xfe, 0x43, 0x09, 0xfe, 0xe6, 0x19, 0x7f, 0xfd, 0xd3, 0x2f, 0xcd, 0x55, 0xff,
    0x11, 0x10, 0x57, 0xfd, 0x87, 0xba, 0xe5, 0xa5, 0xdf, 0xfa, 0xb3, 0x81, 0xcf, 0xe2, 0xaa, 0xab,
    0xae, 0xba, 0xea, 0xaa, 0xab, 0xae, 0xfa, 0x0f, 0x13, 0xf0, 0x3a, 0xb7, 0xfe, 0xf5, 0x4f, 0xff,
    0x36, 0x57, 0xfd, 0x47, 0x40, 0x5c, 0xf5, 0x1f, 0xea, 0xc1, 0x2f, 0xfd, 0xd6, 0xc7, 0x0d, 0xb7,
    0x1a, 0x8e, 0x71, 0xd5, 0x55, 0x57, 0x5d, 0x75, 0xd5, 0x55, 0x57, 0xfd, 0x47, 0xf8, 0x9e, 0xdb,
    0xfe, 0xfa, 0xa7, 0xdf, 0x9b, 0xab, 0xfe, 0xa3, 0x20, 0xae, 0xfa, 0x0f, 0xf7, 0xe0, 0x97, 0x7e,
    0xeb, 0xf7, 0x4e, 0xf8, 0x2e, 0xae, 0xba, 0xea, 0xaa, 0xab, 0xae, 0xba, 0xea, 0xaa, 0x7f, 0x17,
    0xc1, 0x25, 0xc1, 0x4b, 0xdf, 0xfa, 0xd7, 0x3f, 0x7d, 0x2b, 0x57, 0xfd, 0x47, 0x41, 0x5c, 0xf5,
    0x9f, 0xe2, 0x41, 0x2f, 0xfd, 0xd6, 0x7f, 0x6d, 0x78, 0x29, 0xae, 0xba, 0xea, 0xaa, 0xab, 0xae,
    0xba, 0xea, 0xaa, 0x7f, 0x8f, 0xcf, 0xb9, 0xed, 0xaf, 0x7f, 0xfa, 0xb3, 0xb9, 0xea, 0x3f, 0x12,
    0xe2, 0xaa, 0xff, 0x14, 0x0f, 0x7e, 0xe9, 0xb7, 0x7e, 0xed, 0x84, 0xdf, 0xe2, 0xaa, 0xab, 0xae,
    0xba, 0xea, 0xaa, 0xab, 0xae, 0xfa, 0x37, 0x11, 0x3c, 0x43, 0xf0, 0xd2, 0xb7, 0xfe, 0xf5, 0x4f,
    0xef, 0x72, 0xd5, 0x7f, 0x24, 0xc4, 0x55, 0xff, 0x69, 0x6e, 0x79, 0xe9, 0xb7, 0xfe, 0x6e, 0xe0,
    0xbd, 0xb8, 0xea, 0xaa, 0xab, 0xae, 0xba, 0xea, 0xaa, 0xab, 0xfe, 0xd5, 0x02, 0xde, 0xe7, 0xd6,
    0xbf, 0xfe, 0xe9, 0xef, 0xe6, 0xaa, 0xff, 0x68, 0x88, 0xab, 0xfe, 0xd3, 0x3c, 0xf8, 0xa5, 0xdf,
    0xfa, 0xc1, 0x86, 0xbf, 0x36, 0x1c, 0xe3, 0xaa, 0xab, 0xae, 0xba, 0xea, 0xaa, 0xab, 0xae, 0x7a,
    0x91, 0x09, 0x7e, 0xe7, 0x19, 0x7f, 0xfd, 0xd3, 0xaf, 0xcd, 0x55, 0xff, 0x19, 0x10, 0x57, 0xfd,
    0xa7, 0xba, 0xe5, 0xa5, 0xdf, 0xfa, 0xb3, 0x81, 0xcf, 0xe2, 0xaa, 0xab, 0xae, 0xba, 0xea, 0xaa,
    0xab, 0xae, 0x7a, 0x91, 0x05, 0xbc, 0xcc, 0xad, 0x7f, 0xfd, 0xd3, 0x7f, 0xcd, 0x55, 0xff, 0x19,
    0x10, 0x57, 0xfd, 0xa7, 0x7a, 0xf0, 0x4b, 0xbf, 0xf5, 0x71, 0xc3, 0x5f, 0x1b, 0x1e, 0xc4, 0x55,
    0x57, 0x5d, 0x75, 0xd5, 0x55, 0x57, 0x5d, 0xf5, 0xa2, 0xf8, 0x9e, 0xdb, 0xfe, 0xfa, 0xa7, 0xdf,
    0x9b, 0xab, 0xfe, 0xb3, 0x20, 0xae, 0xfa, 0x4f, 0xf7, 0xe0, 0x97, 0x7e, 0xeb, 0xf7, 0x4e, 0xf8,
    0x2e, 0xae, 0xba, 0xea, 0xaa, 0xab, 0xae, 0xba, 0xea, 0xaa, 0x17, 0x4a, 0x70, 0x49, 0xf0, 0xe0,
    0x5b, 0xff, 0xfa, 0xa7, 0x77, 0xb9, 0xea, 0x3f, 0x0b, 0xe2, 0xaa, 0xff, 0x12, 0x0f, 0x7a, 0xe9,
    0xb7, 0xfe, 0x6d, 0xc3, 0x6b, 0x71, 0xd5, 0x55, 0x57, 0x5d, 0x75, 0xd5, 0x55, 0x57, 0xbd, 0x30,
    0x9f, 0x73, 0xdb, 0x5f, 0xff, 0xf4, 0x67, 0x73, 0xd5, 0x7f, 0x26, 0xc4, 0x55, 0xff, 0x25, 0x1e,
    0xfc, 0xd2, 0x6f, 0xfd, 0xd2, 0x09, 0x7f, 0xc5, 0x55, 0x57, 0x5d, 0x75, 0xd5, 0x55, 0x57, 0x5d,
    0xf5, 0x7c, 0x09, 0x9e, 0xf1, 0x8c, 0xbf, 0xfe, 0xe9, 0x07, 0x73, 0xd5, 0x7f, 0x36, 0xc4, 0x55,
    0xff, 0x65, 0x6e, 0x79, 0xe9, 0xb7, 0xfe, 0x6e, 0xe0, 0xbd, 0xb8, 0xea, 0xaa, 0xab, 0xae, 0xba,
    0xea, 0xaa, 0xab, 0x9e, 0x47, 0xc0, 0xdb, 0xdc, 0xfa, 0xd7, 0x3f, 0xfd, 0xd3, 0x5c, 0xf5, 0x9f,
    0x0d, 0x71, 0xd5, 0x7f, 0x99, 0x07, 0xbf, 0xf4, 0x5b, 0x1f, 0x37, 0xdc, 0x6a, 0x38, 0xc6, 0x55,
    0x57, 0x5d, 0x75, 0xd5, 0x55, 0x57, 0x5d, 0xf5, 0x2c, 0x82, 0xdf, 0x79, 0xc6, 0x5f, 0xff, 0xf4,
    0x6b, 0x73, 0xd5, 0x7f, 0x05, 0xc4, 0x55, 0xff, 0xa5, 0x6e, 0x79, 0xe9, 0xb7, 0xfe, 0x6c, 0xe0,
    0xb3, 0xb8, 0xea, 0xaa, 0xab, 0xae, 0xba, 0xea, 0xaa, 0xab, 0x9e, 0x25, 0xe0, 0x21, 0xb7, 0xfe,
    0xf5, 0x4f, 0xdf, 0xca, 0x55, 0xff, 0x15, 0x10, 0x57, 0xfd, 0x97, 0x7b, 0xd0, 0x4b, 0xbf, 0xf5,
    0xad, 0x86, 0x07, 0x71, 0xd5, 0x55, 0x57, 0x5d, 0x75, 0xd5, 0x55, 0x57, 0x01, 0x7c, 0xcd, 0x6d,
    0x7f, 0xfd, 0xd3, 0x1f, 0xcd, 0x55, 0xff, 0x55, 0x10, 0x57, 0xfd, 0x97, 0x7b, 0xf0, 0x4b, 0xbf,
    0xf5, 0x5b, 0x27, 0xfc, 0x14, 0x57, 0x5d, 0x75, 0xd5, 0x55, 0x57, 0x5d, 0xf5, 0xff, 0x9c, 0xe0,
    0x92, 0xe0, 0xc1, 0xb7, 0xfe, 0xf5, 0x4f, 0xef, 0x72, 0xd5, 0x7f, 0x15, 0xc4, 0x55, 0xff, 0x2d,
    0x1e, 0xf4, 0xd2, 0x6f, 0xfd, 0xdb, 0x86, 0xd7, 0xe2, 0xaa, 0xab, 0xae, 0xba, 0xea, 0xaa, 0xab,
    0xfe, 0x1f, 0x0b, 0xf8, 0x98, 0x5b, 0xff, 0xfa, 0xa7, 0xbf, 0x9a, 0xab, 0xfe, 0x2b, 0x21, 0xae,
    0xfa, 0x6f, 0xf1, 0xe0, 0x97, 0x7e, 0xeb, 0x07, 0x27, 0x3c, 0x9d, 0xab, 0xfe, 0xd7, 0x11, 0x3c,
    0xc3, 0xf0, 0x20, 0xae, 0xba, 0xea, 0xaa, 0xff, 0x31, 0x04, 0xcf, 0x30, 0x3c, 0x88, 0xab, 0xfe,
    0x57, 0x11, 0x3c, 0xe3, 0x19, 0x7f, 0xfd, 0xd3, 0x0f, 0xe6, 0xaa, 0xff, 0x6a, 0x88, 0xab, 0xfe,
    0xdb, 0xdc, 0xf2, 0xd2, 0x6f, 0xfd, 0xd5, 0xc0, 0x47, 0x71, 0xd5, 0xff, 0x78, 0x82, 0xbf, 0x11,
    0x7c, 0x37, 0xf0, 0xd3, 0xb7, 0xfe, 0xf5, 0x4f, 0xdf, 0xfa, 0xe0, 0x97, 0x7e, 0xeb, 0x8f, 0x4e,
    0xf8, 0x2a, 0xae, 0xba, 0xea, 0xaa, 0xff, 0x56, 0x82, 0x4b, 0x82, 0xcf, 0xbe, 0xf5, 0xaf, 0x7f,
    0xfa, 0xab, 0x1f, 0xfc, 0xd2, 0x6f, 0xfd, 0x60, 0xe0, 0xad, 0x0d, 0xef, 0x6d, 0x78, 0x29, 0xae,
    0xfa, 0x1f, 0x2f, 0xe0, 0x75, 0x6e, 0xfd, 0xeb, 0x9f, 0xfe, 0x6d, 0xae, 0xfa, 0xaf, 0x86, 0xb8,
    0xea, 0xbf, 0xcd, 0x83, 0x5f, 0xfa, 0xad, 0x8f, 0x1b, 0x6e, 0x35, 0x1c, 0xe3, 0xaa, 0xff, 0x71,
    0x04, 0x7f, 0x23, 0xf8, 0x6e, 0xe0, 0xa7, 0x6f, 0xfd, 0xeb, 0x9f, 0xbe, 0x95, 0xe7, 0xf2, 0xe0,
    0x97, 0x7e, 0xeb, 0x97, 0x36, 0x7c, 0xb7, 0xe1, 0xa5, 0xb8, 0xea, 0xaa, 0xab, 0xfe, 0xcb, 0x09,
    0xfe, 0x46, 0xf0, 0xde, 0xb7, 0xfe, 0xf5, 0x4f, 0xff, 0x35, 0xcf, 0xe5, 0xc1, 0x2f, 0xfd, 0xd6,
    0x0f, 0x06, 0xde, 0xda, 0xf0, 0xde, 0x86, 0x97, 0xe2, 0xaa, 0xff, 0x89, 0x7e, 0xe6, 0xb6, 0xbf,
    0xfe, 0xe9, 0xb7, 0xe6, 0xaa, 0xff, 0x0e, 0x88, 0xab, 0xfe, 0x5b, 0x3d, 0xf8, 0xa5, 0xdf, 0xfa,
    0xa3, 0x13, 0xbe, 0x8a, 0xab, 0xfe, 0x47, 0x10, 0xfc, 0x8d, 0xe0, 0xbb, 0x81, 0x9f, 0xbe, 0xf5,
    0xaf, 0x7f, 0xfa, 0x56, 0x5e, 0x04, 0xb7, 0xbc, 0xf4, 0x5b, 0x7f, 0x35, 0xf0, 0x51, 0x5c, 0x75,
    0xd5, 0x55, 0xff, 0x95, 0xbe, 0xe6, 0xb6, 0xbf, 0xfe, 0xe9, 0x8f, 0xe6, 0x45, 0xf0, 0xe0, 0x97,
    0x7e, 0xeb, 0x07, 0x03, 0x6f, 0x6d, 0x78, 0x6f, 0xc3, 0x4b, 0x71, 0xd5, 0xff, 0x08, 0x01, 0x0f,
    0xb9, 0xf5, 0xaf, 0x7f, 0xfa, 0x56, 0xae, 0xfa, 0xef, 0x80, 0xb8, 0xea, 0xbf, 0xdd, 0x83, 0x5e,
    0xfa, 0xad, 0xff, 0xda, 0xf0, 0x52, 0x5c, 0xf5, 0xdf, 0x42, 0xf0, 0x37, 0x82, 0xef, 0x06, 0x7e,
    0xfa, 0xd6, 0xbf, 0xfe, 0xe9, 0x5b, 0xf9, 0x37, 0x78, 0xf0, 0x4b, 0xbf, 0xf5, 0x6b, 0x1b, 0x7e,
    0xda, 0x70, 0x8c, 0xab, 0xae, 0xba, 0xea, 0x3f, 0x8d, 0xe0, 0x19, 0x82, 0xf7, 0xbe, 0xf5, 0xaf,
    0x7f, 0xfa, 0xb7, 0xf9, 0x37, 0x78, 0xf0, 0x4b, 0xbf, 0xf5, 0x83, 0x81, 0xb7, 0x36, 0xbc, 0xb7,
    0xe1, 0xa5, 0xb8, 0xea, 0xbf, 0xcb, 0xe7, 0xdc, 0xf6, 0xd7, 0x3f, 0xfd, 0xd9, 0x5c, 0xf5, 0xdf,
    0x05, 0x71, 0xd5, 0x7f, 0xbb, 0x07, 0xbf, 0xf4, 0x5b, 0xbf, 0x76, 0xc2, 0x6f, 0x71, 0xd5, 0x7f,
    0x19, 0xc1, 0xdf, 0x08, 0xbe, 0x1b, 0xf8, 0xe9, 0x5b, 0xff, 0xfa, 0xa7, 0x6f, 0xe5, 0x3f, 0xc0,
    0x83, 0x5f, 0xfa, 0xad, 0x8f, 0x27, 0x7c, 0x37, 0xf0, 0x56, 0x5c, 0x75, 0xd5, 0x55, 0xff, 0x19,
    0x7e, 0x26, 0xe0, 0xbd, 0x6f, 0xfd, 0xeb, 0x9f, 0xde, 0xe5, 0x3f, 0xc0, 0x83, 0x5f, 0xfa, 0xad,
    0x1f, 0x0c, 0xbc, 0xb5, 0xe1, 0xbd, 0x0d, 0x2f, 0xc5, 0x55, 0xff, 0x25, 0x04, 0x97, 0x04, 0x0f,
    0xbe, 0xf5, 0xaf, 0x7f, 0x7a, 0x97, 0xab, 0xfe, 0xbb, 0x20, 0xae, 0xfa, 0x1f, 0xe1, 0x96, 0x97,
    0x7e, 0xeb, 0x9f, 0x06, 0xde, 0x8a, 0xab, 0xfe, 0xd3, 0x08, 0xfe, 0x46, 0xf0, 0xdd, 0xc0, 0x4f,
    0xdf, 0xfa, 0xd7, 0x3f, 0x7d, 0x2b, 0xff, 0x49, 0x1e, 0xfc, 0xd2, 0x6f, 0xfd, 0xd1, 0x86, 0xcf,
    0x36, 0x1c, 0xe3, 0xaa, 0xab, 0xae, 0xfa, 0x77, 0x13, 0x5c, 0x12, 0x7c, 0xf4, 0xad, 0x7f, 0xfd,
    0xd3, 0xdf, 0xcd, 0x7f, 0x92, 0x07, 0xbf, 0xf4, 0x5b, 0x3f, 0x18, 0x78, 0x6b, 0xc3, 0x7b, 0x1b,
    0x5e, 0x8a, 0xab, 0xfe, 0xd3, 0x04, 0xbc, 0xcf, 0xad, 0x7f, 0xfd, 0xd3, 0xdf, 0xcd, 0x55, 0xff,
    0x9d, 0x10, 0x57, 0xfd, 0x8f, 0xf0, 0xe0, 0x97, 0x7e, 0xeb, 0x07, 0x27, 0x3c, 0x9d, 0xab, 0xfe,
    0x43, 0x09, 0xfe, 0x46, 0xf0, 0xdd, 0xc0, 0x4f, 0xdf, 0xfa, 0xd7, 0x3f, 0x7d, 0x2b, 0xff, 0x45,
    0x1e, 0xfc, 0xd2, 0x6f, 0xfd, 0x60, 0xc3, 0x77, 0x1b, 0x5e, 0x8b, 0xab, 0xae, 0xba, 0xea, 0xdf,
    0x4c, 0xf0, 0x3b, 0x82, 0xf7, 0xbe, 0xf5, 0xaf, 0x7f, 0xfa, 0x56, 0xfe, 0x8b, 0x3c, 0xf8, 0xa5,
    0xdf, 0xfa, 0xc1, 0xc0, 0x5b, 0x1b, 0xde, 0xdb, 0xf0, 0x52, 0x5c, 0xf5, 0x1f, 0x46, 0xf0, 0x37,
    0xcf, 0xf8, 0xeb, 0x9f, 0x7e, 0x69, 0xae, 0xfa, 0xef, 0x86, 0xb8, 0xea, 0x7f, 0x8c, 0x5b, 0x5e,
    0xfa, 0xad, 0x3f, 0x1b, 0xf8, 0x2c, 0xae, 0xfa, 0x77, 0x11, 0xfc, 0x8d, 0xe0, 0xbb, 0x81, 0x9f,
    0xbe, 0xf5, 0xaf, 0x7f, 0xfa, 0x56, 0xfe, 0x1b, 0x3d, 0xf8, 0xa5, 0xdf, 0xfa, 0xbd, 0x0d, 0x5f,
    0x6d, 0x38, 0xc6, 0x55, 0x57, 0x5d, 0xf5, 0x22, 0x13, 0x5c, 0x12, 0xbc, 0xf7, 0xad, 0x7f, 0xfd,
    0xd3, 0x3f, 0xcd, 0x7f, 0xa3, 0x07, 0xbf, 0xf4, 0x5b, 0x3f, 0x18, 0x78, 0x6b, 0xc3, 0x7b, 0x1b,
    0x5e, 0x8a, 0xab, 0xfe, 0x5d, 0x02, 0x5e, 0xe7, 0xd6, 0xbf, 0xfe, 0xe9, 0xdf, 0xe6, 0xaa, 0xff,
    0x6e, 0x88, 0xab, 0xfe, 0xc7, 0x78, 0xf0, 0x4b, 0xbf, 0xf5, 0x71, 0xc3, 0x5f, 0x1b, 0x1e, 0xc4,
    0x55, 0xff, 0x2a, 0x82, 0xdf, 0x11, 0xfc, 0x34, 0xf0, 0xd3, 0xb7, 0xfe, 0xf5, 0x4f, 0xdf, 0xca,
    0xff, 0x20, 0x0f, 0x7e, 0xe9, 0xb7, 0x3e, 0x9e, 0xf0, 0xd5, 0xc0, 0x7b, 0x71, 0xd5, 0x55, 0x57,
    0xbd, 0x28, 0xbe, 0x26, 0xe0, 0xb3, 0x6f, 0xfd, 0xeb, 0x9f, 0xde, 0xe5, 0x7f, 0x90, 0x07, 0xbf,
    0xf4, 0x5b, 0x3f, 0x18, 0x78, 0x6b, 0xc3, 0x7b, 0x1b, 0x5e, 0x8a, 0xab, 0xfe, 0xb5, 0xbe, 0xe6,
    0xb6, 0xbf, 0xfe, 0xe9, 0x8f, 0xe6, 0xaa, 0xff, 0x09, 0x10, 0x57, 0xfd, 0x8f, 0xf2, 0xe0, 0x97,
    0x7e, 0xeb, 0xd7, 0x4e, 0xf8, 0x2d, 0xae, 0x7a, 0x51, 0xfc, 0x4c, 0xc0, 0x4f, 0x03, 0x3f, 0x7d,
    0xeb, 0x5f, 0xff, 0xf4, 0x2e, 0xff, 0xc3, 0x3d, 0xf8, 0xa5, 0xdf, 0xfa, 0xb5, 0x0d, 0xdf, 0x6d,
    0x78, 0x10, 0x57, 0x5d, 0x75, 0xd5, 0xf3, 0x10, 0xfc, 0x8d, 0xe0, 0xbd, 0x6f, 0xfd, 0xeb, 0x9f,
    0xfe, 0x6b, 0xfe, 0x87, 0x7b, 0xf0, 0x4b, 0xbf, 0xf5, 0x83, 0x81, 0xb7, 0x36, 0xbc, 0xb7, 0xe1,
    0xa5, 0xb8, 0xea, 0x85, 0x12, 0x3c, 0x43, 0xf0, 0xd2, 0xb7, 0xfe, 0xf5, 0x4f, 0xef, 0x72, 0xd5,
    0xff, 0x04, 0x88, 0xab, 0xfe, 0xc7, 0xb9, 0xe5, 0xa5, 0xdf, 0xfa, 0xab, 0x81, 0x8f, 0xe2, 0xaa,
    0xe7, 0xe7, 0x67, 0x02, 0x7e, 0x1a, 0xf8, 0xe9, 0x5b, 0xff, 0xfa, 0xa7, 0x77, 0xf9, 0x5f, 0xe8,
    0x96, 0x97, 0x7e, 0xeb, 0xcf, 0x06, 0x3e, 0x8b, 0xab, 0xae, 0xba, 0xea, 0x32, 0xc1, 0x25, 0xc1,
    0x67, 0xdf, 0xfa, 0xd7, 0x3f, 0xfd, 0xd5, 0xfc, 0x2f, 0xf4, 0xe0, 0x97, 0x7e, 0xeb, 0x07, 0x03,
    0x6f, 0x6d, 0x78, 0x6f, 0xc3, 0x4b, 0x71, 0xd5, 0xf3, 0x08, 0x78, 0x9d, 0x5b, 0xff, 0xfa, 0xa7,
    0x7f, 0x9b, 0xab, 0xfe, 0xa7, 0x40, 0x5c, 0xf5, 0x3f, 0xce, 0x83, 0x5f, 0xfa, 0xad, 0x8f, 0x1b,
    0x7e, 0xdb, 0xf0, 0x52, 0x5c, 0x05, 0xf0, 0x33, 0x01, 0x3f, 0x0d, 0xfc, 0xf4, 0xad, 0x7f, 0xfd,
    0xd3, 0xbb, 0xfc, 0x1f, 0xf0, 0xe0, 0x97, 0x7e, 0xeb, 0x07, 0x1b, 0xbe, 0xdb, 0xf0, 0x5a, 0x5c,
    0x75, 0xd5, 0xff, 0x6f, 0x3f, 0x13, 0xf0, 0xd1, 0xb7, 0xfe, 0xf5, 0x4f, 0xdf, 0xca, 0xff, 0x01,
    0x0f, 0x7e, 0xe9, 0xb7, 0x7e, 0x30, 0xf0, 0xd6, 0x86, 0xf7, 0x36, 0xbc, 0x14, 0x57, 0x01, 0x7c,
    0xcd, 0x6d, 0x7f, 0xfd, 0xd3, 0x1f, 0xcd, 0x55, 0xff, 0x93, 0x20, 0xae, 0xfa, 0x1f, 0xe9, 0xc1,
    0x2f, 0xfd, 0xd6, 0xc7, 0x0d, 0xb7, 0x1a, 0x8e, 0xf1, 0xff, 0xd3, 0xcf, 0x04, 0xfc, 0x34, 0xf0,
    0xd3, 0xb7, 0xfe, 0xf5, 0x4f, 0xef, 0xf2, 0x7f, 0xd4, 0x83, 0x5f, 0xfa, 0xad, 0xdf, 0xdb, 0xf0,
    0xd9, 0x86, 0x07, 0x71, 0xd5, 0x55, 0xff, 0x8f, 0x08, 0x9e, 0x21, 0x78, 0xef, 0x5b, 0xff, 0xfa,
    0xa7, 0x7f, 0x9b, 0xff, 0xa3, 0x1e, 0xfc, 0xd2, 0x6f, 0xfd, 0x60, 0xe0, 0xad, 0x0d, 0xef, 0x6d,
    0x78, 0x29, 0xfe, 0x7f, 0xfa, 0x9e, 0xdb, 0xfe, 0xfa, 0xa7, 0xdf, 0x9b, 0xab, 0xfe, 0xa7, 0x41,
    0x5c, 0xf5, 0x3f, 0xd6, 0x83, 0x5f, 0xfa, 0xad, 0x5f, 0xda, 0xf0, 0xdb, 0x86, 0x63, 0xfc, 0xff,
    0xf0, 0x33, 0x01, 0x3f, 0x0d, 0xfc, 0xf4, 0xad, 0x7f, 0xfd, 0xd3, 0xbb, 0xfc, 0x3f, 0x72, 0xcb,
    0x4b, 0xbf, 0xf5, 0x67, 0x0b, 0x3e, 0xda, 0x70, 0x8c, 0xab, 0xae, 0xfa, 0x3f, 0x4c, 0xf0, 0x0c,
    0xc1, 0x67, 0xdf, 0xfa, 0xd7, 0x3f, 0xfd, 0xdd, 0xfc, 0x3f, 0xf2, 0xe0, 0x97, 0x7e, 0xeb, 0x07,
    0x03, 0x6f, 0x6d, 0x78, 0x6f, 0xc3, 0x4b, 0xf1, 0xff, 0x80, 0xe0, 0x6f, 0x9e, 0xf1, 0xd7, 0x3f,
    0xfd, 0xd2, 0x5c, 0xf5, 0x3f, 0x11, 0xe2, 0xaa, 0xff, 0xd1, 0x1e, 0xfc, 0xd2, 0x6f, 0xfd, 0xda,
    0x86, 0x9f, 0x36, 0x1c, 0xe3, 0xff, 0xa6, 0x9f, 0x09, 0xf8, 0x69, 0xe0, 0xa7, 0x6f, 0xfd, 0xeb,
    0x9f, 0xde, 0xe5, 0xff, 0xb1, 0x07, 0xbf, 0xf4, 0x5b, 0x1f, 0x4f, 0xf8, 0x68, 0xc1, 0x47, 0x1b,
    0x8e, 0x71, 0xd5, 0x55, 0xff, 0x87, 0x08, 0x2e, 0x19, 0xbe, 0xfa, 0xb6, 0xbf, 0xfe, 0xe9, 0xcf,
    0xe6, 0xff, 0xb9, 0x07, 0xbf, 0xf4, 0x5b, 0x3f, 0x18, 0x78, 0x6b, 0xc3, 0x7b, 0x1b, 0x5e, 0x8a,
    0xff, 0x83, 0x04, 0x7f, 0x23, 0x78, 0xed, 0x5b, 0xff, 0xfa, 0xa7, 0x77, 0xb9, 0xea, 0x7f, 0x22,
    0xc4, 0x55, 0xff, 0xe3, 0x3d, 0xf8, 0xa5, 0xdf, 0xfa, 0xa5, 0x0d, 0xbf, 0x6d, 0x38, 0xc6, 0xff,
    0x0d, 0x3f, 0x13, 0xf0, 0xd3, 0xc0, 0x4f, 0xdf, 0xfa, 0xd7, 0x3f, 0xbd, 0xcb, 0x55, 0xcf, 0xe1,
    0xc1, 0x2f, 0xfd, 0xd6, 0x0f, 0x4e, 0xf8, 0x6c, 0xe0, 0xbd, 0xb8, 0xea, 0xaa, 0xff, 0x1b, 0x3e,
    0x27, 0xe0, 0xab, 0x6f, 0xfd, 0xeb, 0x9f, 0xde, 0xe5, 0xaa, 0xe7, 0xf0, 0xe0, 0x97, 0x7e, 0xeb,
    0x07, 0x03, 0x6f, 0x6d, 0x78, 0x6f, 0xc3, 0x4b, 0xf1, 0x7f, 0x80, 0xe0, 0x77, 0x04, 0x6f, 0x7d,
    0xeb, 0x5f, 0xff, 0xf4, 0x2e, 0x57, 0xfd, 0x4f, 0x85, 0xb8, 0xea, 0x7f, 0x85, 0x07, 0xbf, 0xf4,
    0x5b, 0xbf, 0xb4, 0xe1, 0xbb, 0x0d, 0x2f, 0xc5, 0xff, 0x4e, 0x3f, 0x13, 0xf0, 0xd3, 0xc0, 0x4f,
    0xdf, 0xfa, 0xd7, 0x3f, 0xbd, 0xcb, 0x55, 0xff, 0xa2, 0x07, 0xbf, 0xf4, 0x5b, 0x3f, 0xd8, 0xf0,
    0xdd, 0x86, 0xd7, 0xe2, 0xaa, 0xab, 0xfe, 0x77, 0xfa, 0x9e, 0x80, 0xcf, 0xbe, 0xf5, 0xaf, 0x7f,
    0xfa, 0x56, 0xae, 0xfa, 0x17, 0x3d, 0xf8, 0xa5, 0xdf, 0xfa, 0xc1, 0xc0, 0x5b, 0x1b, 0xde, 0xdb,
    0xf0, 0x52, 0xfc, 0xef, 0xf4, 0x3d, 0xb7, 0xfd, 0xf5, 0x4f, 0xbf, 0x37, 0x57, 0xfd, 0x4f, 0x87,
    0xb8, 0xea, 0x7f, 0x8d, 0x07, 0xbf, 0xf4, 0x5b, 0x1f, 0x4f, 0xf8, 0x6e, 0xe0, 0xad, 0xf8, 0xdf,
    0xe1, 0x67, 0x02, 0x7e, 0x1a, 0xf8, 0xe9, 0x5b, 0xff, 0xfa, 0xa7, 0x77, 0xb9, 0xea, 0xdf, 0xe4,
    0xc1, 0x2f, 0xfd, 0xd6, 0xaf, 0x6d, 0xf8, 0x6c, 0xc3, 0x6b, 0x71, 0xd5, 0x55, 0xff, 0x0b, 0x08,
    0x7e, 0x47, 0xf0, 0xde, 0xb7, 0xfe, 0xf5, 0x4f, 0xdf, 0xca, 0x55, 0xff, 0x26, 0x0f, 0x7e, 0xe9,
    0xb7, 0x7e, 0x30, 0xf0, 0xd6, 0x86, 0xf7, 0x36, 0xbc, 0x14, 0xff, 0xc3, 0x09, 0x2e, 0x09, 0x3e,
    0xfb, 0xd6, 0xbf, 0xfe, 0xe9, 0xaf, 0xe6, 0xaa, 0xff, 0x0d, 0x10, 0x57, 0xfd, 0xaf, 0xf3, 0xe0,
    0x97, 0x7e, 0xeb, 0xb7, 0x36, 0x7c, 0xb7, 0xe1, 0x18, 0xff, 0x83, 0x08, 0x2e, 0x19, 0x7e, 0x3a,
    0xe0, 0xa7, 0x6f, 0xfd, 0xeb, 0x9f, 0xfe, 0x69, 0xae, 0xfa, 0x0f, 0xf5, 0xe0, 0x97, 0x7e, 0xeb,
    0xd7, 0x36, 0x7c, 0xb6, 0xe1, 0xb5, 0xb8, 0xea, 0xaa, 0xff, 0x99, 0xbe, 0x27, 0xe0, 0xb3, 0x6f,
    0xfd, 0xeb, 0x9f, 0xbe, 0x95, 0xab, 0xfe, 0xc3, 0x3c, 0xf8, 0xa5, 0xdf, 0xfa, 0x38, 0xf0, 0xd6,
    0x09, 0x6f, 0x0d, 0xbc, 0x15, 0xff, 0xc3, 0x08, 0x7e, 0x47, 0xf0, 0xde, 0xb7, 0xfe, 0xf5, 0x4f,
    0xdf, 0xca, 0x55, 0xff, 0x5b, 0x20, 0xae, 0xfa, 0x5f, 0xe9, 0xc1, 0x2f, 0xfd, 0xd6, 0xc7, 0x13,
    0xbe, 0x1b, 0x78, 0x2b, 0xfe, 0x1b, 0x09, 0x2e, 0x19, 0x7e, 0x3a, 0xe0, 0xa7, 0x6f, 0xfd, 0xeb,
    0x9f, 0xfe, 0x69, 0xae, 0xfa, 0x4f, 0xf7, 0xe0, 0x97, 0x7e, 0xeb, 0x07, 0x27, 0x7c, 0x36, 0xf0,
    0x5e, 0x5c, 0x75, 0xd5, 0xff, 0x0c, 0xdf, 0x13, 0xf0, 0xd9, 0xb7, 0xfe, 0xf5, 0x4f, 0xdf, 0xca,
    0x55, 0xff, 0xa9, 0x1e, 0xfc, 0xd2, 0x6f, 0x7d, 0x1c, 0x78, 0xeb, 0x84, 0xb7, 0x06, 0xde, 0x8a,
    0xff, 0x46, 0x82, 0x4b, 0x82, 0xcf, 0xbe, 0xf5, 0xaf, 0x7f, 0xfa, 0xab, 0xb9, 0xea, 0x7f, 0x1b,
    0xc4, 0x55, 0xff, 0xab, 0x3d, 0xf8, 0xa5, 0xdf, 0xfa, 0xa5, 0x13, 0x3e, 0x1a, 0x78, 0x2f, 0xfe,
    0x8b, 0x08, 0x2e, 0x19, 0x7e, 0x3a, 0xe0, 0xa7, 0x6f, 0xfd, 0xeb, 0x9f, 0xfe, 0x69, 0xae, 0xfa,
    0x6f, 0xf1, 0xe0, 0x97, 0x7e, 0xeb, 0x07, 0x27, 0x7c, 0xb4, 0xe0, 0xbd, 0x0d, 0xc7, 0xb8, 0xea,
    0xaa, 0xff, 0x42, 0x82, 0x4b, 0x86, 0xaf, 0x0e, 0xf8, 0xea, 0x5b, 0xff, 0xfa, 0xa7, 0x77, 0xb9,
    0xea, 0xbf, 0xdc, 0x83, 0x5f, 0xfa, 0xad, 0x8f, 0x03, 0x6f, 0x9d, 0xf0, 0xd6, 0xc0, 0x5b, 0xf1,
    0x5f, 0x44, 0x70, 0xc9, 0xf0, 0xd5, 0x01, 0x5f, 0x7d, 0xeb, 0x5f, 0xff, 0xf4, 0x2e, 0x57, 0xfd,
    0x6f, 0x84, 0xb8, 0xea, 0xff, 0x84, 0x07, 0xbf, 0xf4, 0x5b, 0x3f, 0x38, 0xe1, 0xb3, 0x05, 0x6f,
    0x6d, 0x38, 0xc6, 0x7f, 0x30, 0xc1, 0x25, 0xc3, 0x4f, 0x07, 0xfc, 0xf4, 0xad, 0x7f, 0xfd, 0xd3,
    0x3f, 0xcd, 0x55, 0xff, 0x63, 0x3c, 0xf8, 0xa5, 0xdf, 0xfa, 0x78, 0xc2, 0x47, 0x0b, 0x3e, 0xda,
    0x70, 0x8c, 0xab, 0xae, 0xfa, 0x4f, 0x24, 0xb8, 0x64, 0xf8, 0xea, 0x80, 0xaf, 0xbe, 0xf5, 0xaf,
    0x7f, 0x7a, 0x97, 0xab, 0xfe, 0x47, 0x78, 0xf0, 0x4b, 0xbf, 0xf5, 0x71, 0xe0, 0xad, 0x13, 0xde,
    0x1a, 0x78, 0x2b, 0xfe, 0x13, 0x08, 0xfe, 0x46, 0xf0, 0xdd, 0xc0, 0x77, 0xdf, 0xfa, 0xd7, 0x3f,
    0xbd, 0xcb, 0x55, 0xff, 0x9b, 0x21, 0xae, 0xfa, 0x3f, 0xe7, 0xc1, 0x2f, 0xfd, 0xd6, 0x6f, 0x9d,
    0xf0, 0xd6, 0x82, 0xb7, 0x36, 0x1c, 0xe3, 0xdf, 0x48, 0xf0, 0x0c, 0xc3, 0x4f, 0x07, 0xfc, 0xf6,
    0xad, 0x7f, 0xfd, 0xd3, 0x3f, 0xcd, 0x55, 0xff, 0xe3, 0x3d, 0xf8, 0xa5, 0xdf, 0xfa, 0xbd, 0x13,
    0xbe, 0x8b, 0xab, 0xae, 0xfa, 0x4f, 0x10, 0xf0, 0x3e, 0xb7, 0xfe, 0xf5, 0x4f, 0x7f, 0x37, 0x57,
    0xfd, 0x8f, 0xf6, 0xe0, 0x97, 0x7e, 0xeb, 0xe3, 0xc0, 0x5b, 0x27, 0xbc, 0xb5, 0xe0, 0xb5, 0x0d,
    0xc7, 0xf8, 0x37, 0x12, 0xfc, 0x8d, 0xe0, 0xbb, 0x81, 0x9f, 0xbe, 0xf5, 0xaf, 0x7f, 0xfa, 0x56,
    0xae, 0xfa, 0xbf, 0x02, 0x71, 0xd5, 0xff, 0x69, 0x0f, 0x7e, 0xe9, 0xb7, 0x7e, 0x30, 0xf0, 0xd2,
    0x09, 0x2f, 0x2d, 0x78, 0x6d, 0x9e, 0xed, 0xc1, 0x86, 0x07, 0x01, 0x08, 0x7e, 0x07, 0xc0, 0xb0,
    0x0b, 0xfc, 0x75, 0xc0, 0x5f, 0x03, 0x7f, 0x7d, 0xeb, 0x5f, 0xff, 0xf4, 0xad, 0x5c, 0xf5, 0xbf,
    0xce, 0x83, 0x5e, 0xfa, 0xad, 0x77, 0x0d, 0xc7, 0xb8, 0xea, 0xaa, 0xff, 0x40, 0x82, 0x4b, 0xcf,
    0xf8, 0xeb, 0x9f, 0x3e, 0xce, 0x55, 0xff, 0xeb, 0x3c, 0xf8, 0xa5, 0xdf, 0xfa, 0xa5, 0x81, 0x97,
    0x4e, 0x78, 0xb0, 0xe0, 0xb5, 0x79, 0x26, 0xc3, 0x6b, 0x01, 0x08, 0x7e, 0x87, 0x67, 0x32, 0xdc,
    0x1a, 0xf0, 0xd7, 0xc0, 0x5f, 0xdf, 0xfa, 0xd7, 0x3f, 0xfd, 0xdb, 0x5c, 0xf5, 0x7f, 0x15, 0xe2,
    0xaa, 0xab, 0xae, 0xfa, 0x3f, 0xe5, 0x41, 0x2f, 0xfd, 0xd6, 0xbf, 0x6d, 0x78, 0x2d, 0xae, 0xba,
    0xea, 0x3f, 0x90, 0xe0, 0x77, 0x9e, 0xf1, 0xd7, 0x3f, 0xfd, 0xda, 0x5c, 0x75, 0xd5, 0x55, 0xff,
    0x17, 0x20, 0xae, 0xba, 0xea, 0xaa, 0xff, 0x53, 0x6e, 0x79, 0xe9, 0xb7, 0xfe, 0x6c, 0xe0, 0xb3,
    0xb8, 0xea, 0xaa, 0xff, 0x58, 0x9f, 0x73, 0xdb, 0x5f, 0xff, 0xf4, 0x67, 0x73, 0xd5, 0x55, 0x57,
    0xfd, 0x5f, 0x80, 0xb8, 0xea, 0xaa, 0xab, 0xfe, 0x4f, 0x79, 0xf0, 0x4b, 0xbf, 0xf5, 0x5b, 0x27,
    0xfc, 0x14, 0x57, 0x5d, 0xf5, 0x1f, 0x28, 0xe0, 0x75, 0x6e, 0xfd, 0xeb, 0x9f, 0xfe, 0x6d, 0xae,
    0xba, 0xea, 0xaa, 0xff, 0x0b, 0x10, 0x57, 0x5d, 0x75, 0xd5, 0xff, 0x29, 0x0f, 0x7e, 0xe9, 0xb7,
    0x3e, 0x9e, 0x70, 0x91, 0xab, 0xae, 0xfa, 0x0f, 0x14, 0x70, 0xe2, 0xd6, 0xbf, 0xfe, 0xe9, 0x5d,
    0xae, 0xba, 0xea, 0xaa, 0xff, 0x0b, 0x10, 0x57, 0x5d, 0x75, 0xd5, 0xff, 0x39, 0x0f, 0x7a, 0xe9,
    0xb7, 0xbe, 0xd5, 0xf0, 0x20, 0xae, 0xba, 0xea, 0x3f, 0x80, 0xe0, 0x19, 0xcf, 0xf8, 0xeb, 0x9f,
    0x7e, 0x30, 0x57, 0x5d, 0x75, 0xd5, 0xff, 0x15, 0x88, 0xab, 0xae, 0xba, 0xea, 0xff, 0x9c, 0x5b,
    0x5e, 0xfa, 0xad, 0x7f, 0x1a, 0x78, 0x2b, 0xae, 0xba, 0xea, 0x3f, 0xc6, 0xcf, 0xdc, 0xf6, 0xd7,
    0x3f, 0xfd, 0xd6, 0x5c, 0x75, 0xd5, 0x55, 0xff, 0x57, 0x20, 0xae, 0xba, 0xea, 0xaa, 0xff, 0x73,
    0x6e, 0x79, 0xe9, 0xb7, 0xfe, 0x6c, 0xe0, 0xb3, 0xb8, 0xea, 0xaa, 0xff, 0x18, 0x9f, 0x73, 0xdb,
    0x5f, 0xff, 0xf4, 0x67, 0x73, 0xd5, 0x55, 0x57, 0xfd, 0x5f, 0x81, 0xb8, 0xea, 0xaa, 0xab, 0xfe,
    0xcf, 0x79, 0xf0, 0x4b, 0xbf, 0xf5, 0x6b, 0x27, 0xfc, 0x16, 0x57, 0x5d, 0xf5, 0x1f, 0x20, 0xe0,
    0x75, 0x6e, 0xfd, 0xeb, 0x9f, 0xfe, 0x6d, 0xae, 0xba, 0xea, 0xaa, 0xff, 0x2b, 0x10, 0x57, 0x5d,
    0x75, 0xd5, 0xff, 0x39, 0x0f, 0x7e, 0xe9, 0xb7, 0x3e, 0x9e, 0x70, 0x91, 0xab, 0xae, 0xfa, 0x0f,
    0x10, 0x70, 0xe2, 0xd6, 0xbf, 0xfe, 0xe9, 0x5d, 0xae, 0xba, 0xea, 0xaa, 0xff, 0x2b, 0x10, 0x57,
    0x5d, 0x75, 0xd5, 0xff, 0x49, 0x0f, 0x7a, 0xe9, 0xb7, 0xbe, 0xd5, 0xf0, 0x20, 0xae, 0xba, 0xea,
    0xdf, 0x41, 0xf0, 0x8c, 0x67, 0xfc, 0xf5, 0x4f, 0x3f, 0x98, 0xab, 0xae, 0xba, 0xea, 0xff, 0x12,
    0xc4, 0x55, 0x57, 0x5d, 0xf5, 0x7f, 0xd2, 0x2d, 0x2f, 0xfd, 0xd6, 0x3f, 0x0d, 0xbc, 0x15, 0x57,
    0x5d, 0xf5, 0xef, 0xf3, 0x3d, 0xb7, 0xfd, 0xf5, 0x4f, 0xbf, 0x37, 0x57, 0x5d, 0x75, 0xd5, 0xff,
    0x25, 0x88, 0xab, 0xae, 0xba, 0xea, 0xff, 0xa4, 0x07, 0xbf, 0xf4, 0x5b, 0x7f, 0x74, 0xc2, 0x57,
    0x71, 0xd5, 0x55, 0xff, 0x0e, 0x01, 0x1f, 0x73, 0xeb, 0x5f, 0xff, 0xf4, 0x57, 0x73, 0xd5, 0x55,
    0x57, 0xfd, 0x5f, 0x82, 0xb8, 0xea, 0xaa, 0xab, 0xfe, 0x4f, 0x7a, 0xf0, 0x4b, 0xbf, 0xf5, 0x6b,
    0x27, 0xfc, 0x16, 0x57, 0x5d, 0xf5, 0xef, 0x10, 0xf0, 0x3a, 0xb7, 0xfe, 0xf5, 0x4f, 0xff, 0x36,
    0x57, 0x5d, 0x75, 0xd5, 0xff, 0x25, 0x88, 0xab, 0xae, 0xba, 0xea, 0xff, 0xac, 0x5b, 0x5e, 0xfa,
    0xad, 0xcd, 0x55, 0x57, 0xfd, 0x3b, 0xdc, 0xf6, 0xd7, 0x3f, 0x2d, 0xae, 0xba, 0xea, 0xaa, 0xff,
    0x6b, 0x10, 0x57, 0x5d, 0x75, 0xd5, 0xff, 0x59, 0x0f, 0x7a, 0xe9, 0xb7, 0xfe, 0x6b, 0xc3, 0x4b,
    0x71, 0xd5, 0x55, 0xff, 0x06, 0x82, 0xbf, 0x79, 0xc6, 0x5f, 0xff, 0xf4, 0x4b, 0x73, 0xd5, 0x55,
    0x57, 0xfd, 0x5f, 0x83, 0xb8, 0xea, 0xaa, 0xab, 0xfe, 0xcf, 0xba, 0xe5, 0xa5, 0xdf, 0xfa, 0xbb,
    0x81, 0xf7, 0xe2, 0xaa, 0xab, 0xfe, 0x6d, 0xbe, 0xe7, 0xb6, 0xbf, 0xfe, 0xe9, 0xf7, 0xe6, 0xaa,
    0xab, 0xae, 0xfa, 0xbf, 0x06, 0x71, 0xd5, 0x55, 0x57, 0xfd, 0x9f, 0xf5, 0xe0, 0x97, 0x7e, 0xeb,
    0x8f, 0x4e, 0xf8, 0x2a, 0xae, 0xba, 0xea, 0xdf, 0x20, 0xe0, 0x63, 0x6e, 0xfd, 0xeb, 0x9f, 0xfe,
    0x6a, 0xae, 0xba, 0xea, 0xaa, 0xff, 0x6b, 0x10, 0x57, 0x5d, 0x75, 0xd5, 0xff, 0x59, 0x0f, 0x7e,
    0xe9, 0xb7, 0x7e, 0xed, 0x84, 0xdf, 0xe2, 0xaa, 0xab, 0xfe, 0x0d, 0x02, 0x5e, 0xe6, 0xd6, 0xbf,
    0xfe, 0xe9, 0xbf, 0xe6, 0xaa, 0xab, 0xae, 0xfa, 0xbf, 0x06, 0x71, 0xd5, 0x55, 0x57, 0xfd, 0x9f,
    0x76, 0xcb, 0x4b, 0xbf, 0xb5, 0xb9, 0xea, 0xaa, 0x7f, 0x83, 0xdb, 0xfe, 0xfa, 0xa7, 0xc5, 0x55,
    0x57, 0x5d, 0xf5, 0x7f, 0x11, 0xe2, 0xaa, 0xab, 0xae, 0xfa, 0x3f, 0xed, 0x41, 0x2f, 0xfd, 0xd6,
    0x7f, 0x6d, 0x78, 0x29, 0xae, 0xba, 0xea, 0x5f, 0x41, 0xf0, 0x3b, 0xcf, 0xf8, 0xeb, 0x9f, 0x7e,
    0x6d, 0xae, 0xba, 0xea, 0xaa, 0xff, 0x8b, 0x10, 0x57, 0x5d, 0x75, 0xd5, 0xff, 0x69, 0xb7, 0xbc,
    0xf4, 0x5b, 0x7f, 0x35, 0xf0, 0x51, 0x5c, 0x75, 0xd5, 0xbf, 0xce, 0xd7, 0xdc, 0xf6, 0xd7, 0x3f,
    0xfd, 0xd1, 0x5c, 0x75, 0xd5, 0x55, 0xff, 0x17, 0x21, 0xae, 0xba, 0xea, 0xaa, 0xff, 0xd3, 0x1e,
    0xfc, 0xd2, 0x6f, 0xfd, 0xde, 0x09, 0xdf, 0xc5, 0x55, 0x57, 0xfd, 0x2b, 0x04, 0xbc, 0xcf, 0xad,
    0x7f, 0xfd, 0xd3, 0xdf, 0xcd, 0x55, 0x57, 0x5d, 0xf5, 0x7f, 0x11, 0xe2, 0xaa, 0xab, 0xae, 0xfa,
    0x3f, 0xed, 0xc1, 0x2f, 0xfd, 0xd6, 0x2f, 0x9d, 0xf0, 0x57, 0x5c, 0x75, 0xd5, 0xbf, 0x42, 0xc0,
    0xcb, 0xdc, 0xfa, 0xd7, 0x3f, 0xfd, 0xd7, 0x5c, 0x75, 0xd5, 0x55, 0xff, 0x17, 0x21, 0xae, 0xba,
    0xea, 0xaa, 0xff, 0xf3, 0x6e, 0x79, 0xe9, 0xb7, 0x36, 0x57, 0x5d, 0xf5, 0xaf, 0x70, 0xdb, 0x5f,
    0xff, 0xb4, 0xb8, 0xea, 0xaa, 0xab, 0xfe, 0xaf, 0x42, 0x5c, 0x75, 0xd5, 0x55, 0xff, 0xe7, 0x3d,
    0xe8, 0xa5, 0xdf, 0xfa, 0xb7, 0x0d, 0xaf, 0xc5, 0x55, 0x57, 0xbd, 0x08, 0x04, 0xbf, 0xf3, 0x8c,
    0xbf, 0xfe, 0xe9, 0xd7, 0xe6, 0xaa, 0xab, 0xae, 0xfa, 0xbf, 0x0a, 0x71, 0xd5, 0x55, 0x57, 0xfd,
    0x9f, 0x77, 0xcb, 0x4b, 0xbf, 0xf5, 0x57, 0x03, 0x1f, 0xc5, 0x55, 0x57, 0xbd, 0x68, 0xbe, 0xe6,
    0xb6, 0xbf, 0xfe, 0xe9, 0x8f, 0xe6, 0xaa, 0xab, 0xae, 0xfa, 0xbf, 0x0a, 0x71, 0xd5, 0x55, 0x57,
    0xfd, 0x9f, 0xf7, 0xe0, 0x97, 0x7e, 0xeb, 0xf7, 0x4e, 0xf8, 0x2e, 0xae, 0xba, 0xea, 0x45, 0x10,
    0xf0, 0x36, 0xb7, 0xfe, 0xf5, 0x4f, 0xff, 0x34, 0x57, 0x5d, 0x75, 0xd5, 0xff, 0x55, 0x88, 0xab,
    0xae, 0xba, 0xea, 0xff, 0xbc, 0x07, 0xbf, 0xf4, 0x5b, 0x3f, 0x38, 0xe1, 0xe9, 0x5c, 0x75, 0xd5,
    0x8b, 0x20, 0xe0, 0x21, 0xb7, 0xfe, 0xf5, 0x4f, 0xdf, 0xca, 0x55, 0x57, 0x5d, 0xf5, 0x7f, 0x15,
    0xe2, 0xaa, 0xab, 0xae, 0xfa, 0x7f, 0xe1, 0x41, 0x2f, 0xfd, 0xd6, 0xbb, 0x86, 0x63, 0x5c, 0x75,
    0xd5, 0x0b, 0x21, 0xb8, 0xf4, 0x8c, 0xbf, 0xfe, 0xe9, 0xe3, 0x5c, 0x75, 0xd5, 0x55, 0xff, 0x97,
    0x21, 0xae, 0xba, 0xea, 0xaa, 0xff, 0x17, 0x1e, 0xf4, 0xd2, 0x6f, 0xfd, 0xdb, 0x86, 0xd7, 0xe2,
    0xaa, 0xab, 0x5e, 0x08, 0xc1, 0xef, 0x3c, 0xe3, 0xaf, 0x7f, 0xfa, 0xb5, 0xb9, 0xea, 0xaa, 0xab,
    0xfe, 0x2f, 0x43, 0x5c, 0x75, 0xd5, 0x55, 0xff, 0x2f, 0xdc, 0xf2, 0xd2, 0x6f, 0xfd, 0xd9, 0xc0,
    0x67, 0x71, 0xd5, 0x55, 0x2f, 0xdc, 0xe7, 0xdc, 0xf6, 0xd7, 0x3f, 0xfd, 0xd9, 0x5c, 0x75, 0xd5,
    0x55, 0xff, 0x97, 0x21, 0xae, 0xba, 0xea, 0xaa, 0xff, 0x17, 0x1e, 0xfc, 0xd2, 0x6f, 0xfd, 0xd6,
    0x09, 0x3f, 0xc5, 0x55, 0x57, 0xbd, 0x10, 0x01, 0x6f, 0x73, 0xeb, 0x5f, 0xff, 0xf4, 0x4f, 0x73,
    0xd5, 0x55, 0x57, 0xfd, 0x5f, 0x86, 0xb8, 0xea, 0xaa, 0xab, 0xfe, 0x5f, 0x78, 0xf0, 0x4b, 0xbf,
    0xf5, 0x83, 0x13, 0x9e, 0xce, 0x55, 0x57, 0xbd, 0x10, 0x01, 0x0f, 0xb9, 0xf5, 0xaf, 0x7f, 0xfa,
    0x56, 0xae, 0xba, 0xea, 0xaa, 0xff, 0xcb, 0x10, 0x57, 0x5d, 0x75, 0xd5, 0xff, 0x1b, 0x0f, 0x7a,
    0xe9, 0xb7, 0xde, 0x35, 0x1c, 0xe3, 0xaa, 0xab, 0x9e, 0x0f, 0xc1, 0xa5, 0x67, 0xfc, 0xf5, 0x4f,
    0x1f, 0xe7, 0xaa, 0xab, 0xae, 0xfa, 0xbf, 0x0e, 0x71, 0xd5, 0x55, 0x57, 0xfd, 0xbf, 0xf1, 0xa0,
    0x97, 0x7e, 0xeb, 0xdf, 0x36, 0xbc, 0x16, 0x57, 0x5d, 0xf5, 0xfc, 0xfd, 0xcc, 0x6d, 0x7f, 0xfd,
    0xd3, 0x6f, 0xcd, 0x55, 0x57, 0x5d, 0xf5, 0x7f, 0x1d, 0xe2, 0xaa, 0xab, 0xae, 0xfa, 0x7f, 0xe3,
    0x96, 0x97, 0x7e, 0xeb, 0xcf, 0x06, 0x3e, 0x8b, 0xab, 0xae, 0x7a, 0xfe, 0x3e, 0xe7, 0xb6, 0xbf,
    0xfe, 0xe9, 0xcf, 0xe6, 0xaa, 0xab, 0xae, 0xfa, 0xbf, 0x0e, 0x71, 0xd5, 0x55, 0x57, 0xfd, 0xbf,
    0xf1, 0xe0, 0x97, 0x7e, 0xeb, 0xd7, 0x4e, 0xf8, 0x2d, 0xae, 0xba, 0xea, 0xf9, 0x08, 0x78, 0x9d,
    0x5b, 0xff, 0xfa, 0xa7, 0x7f, 0x9b, 0xab, 0xae, 0xba, 0xea, 0xff, 0x3a, 0xc4, 0x55, 0x57, 0x5d,
    0xf5, 0xff, 0xc6, 0x83, 0x5f, 0xfa, 0xad, 0x8f, 0x27, 0x5c, 0xe4, 0xaa, 0xab, 0x9e, 0x8f, 0x80,
    0x13, 0xb7, 0xfe, 0xf5, 0x4f, 0xef, 0x72, 0xd5, 0x55, 0x57, 0xfd, 0x5f, 0x87, 0xb8, 0xea, 0xaa,
    0xab, 0xfe, 0x5f, 0x79, 0xd0, 0x4b, 0xbf, 0xf5, 0xad, 0x86, 0x07, 0x71, 0xd5, 0x55, 0x0f, 0x20,
    0x78, 0xc6, 0x33, 0xfe, 0xfa, 0xa7, 0x1f, 0xcc, 0x55, 0x57, 0x5d, 0xf5, 0xff, 0x01, 0xe2, 0xaa,
    0xab, 0xae, 0xfa, 0x7f, 0xe5, 0x96, 0x97, 0x7e, 0xeb, 0x9f, 0x06, 0xde, 0x8a, 0xab, 0xae, 0x7a,
    0x4e, 0x3f, 0x73, 0xdb, 0x5f, 0xff, 0xf4, 0x5b, 0x73, 0xd5, 0x55, 0x57, 0xfd, 0x7f, 0x80, 0xb8,
    0xea, 0xaa, 0xab, 0xfe, 0x5f, 0xb9, 0xe5, 0xa5, 0xdf, 0xfa, 0xb3, 0x81, 0xcf, 0xe2, 0xaa, 0xab,
    0x9e, 0xd3, 0xe7, 0xdc, 0xf6, 0xd7, 0x3f, 0xfd, 0xd9, 0x5c, 0x75, 0xd5, 0x55, 0xff, 0x1f, 0x20,
    0xae, 0xba, 0xea, 0xaa, 0xff, 0x57, 0x1e, 0xfc, 0xd2, 0x6f, 0xfd, 0xda, 0x09, 0xbf, 0xc5, 0x55,
    0x57, 0x3d, 0x40, 0xc0, 0xeb, 0xdc, 0xfa, 0xd7, 0x3f, 0xfd, 0xdb, 0x5c, 0x75, 0xd5, 0x55, 0xff,
    0x1f, 0x20, 0xae, 0xba, 0xea, 0xaa, 0xff, 0x57, 0x1e, 0xfc, 0xd2, 0x6f, 0x7d, 0x3c, 0xe1, 0x22,
    0x57, 0x5d, 0xf5, 0x00, 0x01, 0x27, 0x6e, 0xfd, 0xeb, 0x9f, 0xde, 0xe5, 0xaa, 0xab, 0xae, 0xfa,
    0xff, 0x00, 0x71, 0xd5, 0x55, 0x57, 0xfd, 0xbf, 0xf3, 0xa0, 0x97, 0x7e, 0xeb, 0x5b, 0x0d, 0x0f,
    0xe2, 0xaa, 0xab, 0x00, 0xc1, 0xdf, 0x3c, 0xe3, 0xaf, 0x7f, 0xfa, 0xa5, 0xb9, 0xea, 0xaa, 0xab,
    0xfe, 0xbf, 0x40, 0x5c, 0x75, 0xd5, 0x55, 0xff, 0xef, 0xdc, 0xf2, 0xd2, 0x6f, 0xfd, 0xdd, 0xc0,
    0x7b, 0x71, 0xd5, 0x55, 0x57, 0x7c, 0xcf, 0x6d, 0x7f, 0xfd, 0xd3, 0xef, 0xcd, 0x55, 0x57, 0x5d,
    0xf5, 0xff, 0x05, 0xe2, 0xaa, 0xab, 0xae, 0xfa, 0x7f, 0xe7, 0xc1, 0x2f, 0xfd, 0xd6, 0x1f, 0x9d,
    0xf0, 0x55, 0x5c, 0x75, 0x15, 0x10, 0xf0, 0x31, 0xb7, 0xfe, 0xf5, 0x4f, 0x7f, 0x35, 0x57, 0x5d,
    0x75, 0xd5, 0xff, 0x17, 0x88, 0xab, 0xae, 0xba, 0xea, 0xff, 0x9d, 0x07, 0xbf, 0xf4, 0x5b, 0xbf,
    0x76, 0xc2, 0x6f, 0x71, 0xd5, 0x55, 0x40, 0xc0, 0xeb, 0xdc, 0xfa, 0xd7, 0x3f, 0xfd, 0xdb, 0x5c,
    0x75, 0xd5, 0x55, 0xff, 0x5f, 0x20, 0xae, 0xba, 0xea, 0xaa, 0xff, 0x97, 0x6e, 0x79, 0xe9, 0xb7,
    0x36, 0x57, 0x5d, 0x05, 0xdc, 0xf6, 0xd7, 0x3f, 0x2d, 0xae, 0xba, 0xea, 0xaa, 0xff, 0x4f, 0x10,
    0x57, 0x5d, 0x75, 0xd5, 0xff, 0x4b, 0x0f, 0x7a, 0xe9, 0xb7, 0xfe, 0x6b, 0xc3, 0x4b, 0x71, 0xd5,
    0xff, 0x6b, 0x82, 0xbf, 0x79, 0xc6, 0x5f, 0xff, 0xf4, 0x4b, 0x73, 0xd5, 0x55, 0x57, 0xfd, 0x7f,
    0x82, 0xb8, 0xea, 0xaa, 0xab, 0xfe, 0x5f, 0xba, 0xe5, 0xa5, 0xdf, 0xfa, 0xbb, 0x81, 0xf7, 0xe2,
    0xaa, 0xff, 0xef, 0xbe, 0xe7, 0xb6, 0xbf, 0xfe, 0xe9, 0xf7, 0xe6, 0xaa, 0xab, 0xae, 0xfa, 0xff,
    0x04, 0x71, 0xd5, 0x55, 0x57, 0xfd, 0xbf, 0xf4, 0xe0, 0x97, 0x7e, 0xeb, 0x8f, 0x4e, 0xf8, 0x2a,
    0xae, 0xfa, 0x7f, 0x2d, 0xe0, 0x63, 0x6e, 0xfd, 0xeb, 0x9f, 0xfe, 0x6a, 0xae, 0xba, 0xea, 0xaa,
    0xff, 0x4f, 0x10, 0x57, 0x5d, 0x75, 0xd5, 0xff, 0x4b, 0x0f, 0x7e, 0xe9, 0xb7, 0x7e, 0xed, 0x84,
    0xdf, 0xe2, 0xaa, 0xff, 0xd7, 0x02, 0x5e, 0xe6, 0xd6, 0xbf, 0xfe, 0xe9, 0xbf, 0xe6, 0xaa, 0xab,
    0xae, 0xfa, 0xff, 0x04, 0x71, 0xd5, 0x55, 0x57, 0xfd, 0xbf, 0x75, 0xcb, 0x4b, 0xbf, 0xb5, 0xb9,
    0xea, 0xff, 0xb5, 0xdb, 0xfe, 0xfa, 0xa7, 0xc5, 0x55, 0x57, 0x5d, 0xf5, 0xff, 0x0d, 0xe2, 0xaa,
    0xab, 0xae, 0xfa, 0x7f, 0xeb, 0x41, 0x2f, 0xfd, 0xd6, 0xbf, 0x6d, 0x78, 0x2d, 0xae, 0xfa, 0x7f,
    0x49, 0xf0, 0x3b, 0xcf, 0xf8, 0xeb, 0x9f, 0x7e, 0x6d, 0xae, 0xba, 0xea, 0xaa, 0xff, 0x6f, 0x10,
    0x57, 0x5d, 0x75, 0xd5, 0xff, 0x5b, 0xb7, 0xbc, 0xf4, 0x5b, 0x7f, 0x35, 0xf0, 0x51, 0x5c, 0xf5,
    0xff, 0xd5, 0xd7, 0xdc, 0xf6, 0xd7, 0x3f, 0xfd, 0xd1, 0x5c, 0x75, 0xd5, 0x55, 0xff, 0xdf, 0x20,
    0xae, 0xba, 0xea, 0xaa, 0xff, 0xb7, 0x1e, 0xfc, 0xd2, 0x6f, 0xfd, 0xde, 0x09, 0xdf, 0xc5, 0x55,
    0xff, 0x2f, 0x05, 0xbc, 0xcf, 0xad, 0x7f, 0xfd, 0xd3, 0xdf, 0xcd, 0x55, 0x57, 0x5d, 0xf5, 0xff,
    0x0d, 0xe2, 0xaa, 0xab, 0xae, 0xfa, 0x7f, 0xeb, 0xc1, 0x2f, 0xfd, 0xd6, 0x2f, 0x9d, 0xf0, 0x57,
    0x5c, 0xf5, 0xff, 0x52, 0xc0, 0xcb, 0xdc, 0xfa, 0xd7, 0x3f, 0xfd, 0xd7, 0x5c, 0x75, 0xd5, 0x55,
    0xff, 0xdf, 0x20, 0xae, 0xba, 0xea, 0xaa, 0xff, 0xd7, 0x6e, 0x79, 0xe9, 0xb7, 0x36, 0x57, 0xfd,
    0xbf, 0x74, 0xdb, 0x5f, 0xff, 0xb4, 0xb8, 0xea, 0xaa, 0xab, 0xfe, 0x3f, 0x42, 0x5c, 0x75, 0xd5,
    0x55, 0xff, 0xaf, 0x3d, 0xe8, 0xa5, 0xdf, 0xfa, 0xb7, 0x0d, 0xaf, 0xc5, 0x55, 0xff, 0xaf, 0x08,
    0x7e, 0xe7, 0x19, 0x7f, 0xfd, 0xd3, 0xaf, 0xcd, 0x55, 0x57, 0x5d, 0xf5, 0xff, 0x11, 0xe2, 0xaa,
    0xab, 0xae, 0xfa, 0x7f, 0xed, 0x96, 0x97, 0x7e, 0xeb, 0xaf, 0x06, 0x3e, 0x8a, 0xab, 0xfe, 0xbf,
    0xf9, 0x9a, 0xdb, 0xfe, 0xfa, 0xa7, 0x3f, 0x9a, 0xab, 0xae, 0xba, 0xea, 0xff, 0x23, 0xc4, 0x55,
    0x57, 0x5d, 0xf5, 0xff, 0xda, 0x83, 0x5f, 0xfa, 0xad, 0xdf, 0x3b, 0xe1, 0xbb, 0xb8, 0xea, 0xff,
    0x95, 0x80, 0xb7, 0xb9, 0xf5, 0xaf, 0x7f, 0xfa, 0xa7, 0xb9, 0xea, 0xaa, 0xab, 0xfe, 0x3f, 0x42,
    0x5c, 0x75, 0xd5, 0x55, 0xff, 0xaf, 0x3d, 0xf8, 0xa5, 0xdf, 0xfa, 0xc1, 0x09, 0x4f, 0xe7, 0xaa,
    0xff, 0x57, 0x02, 0x1e, 0x72, 0xeb, 0x5f, 0xff, 0xf4, 0xad, 0x5c, 0x75, 0xd5, 0x55, 0xff, 0x1f,
    0x21, 0xae, 0xba, 0xea, 0xaa, 0xff, 0xf7, 0x1e, 0xf4, 0xd2, 0x6f, 0xbd, 0x6b, 0x38, 0xc6, 0x55,
    0xff, 0x2f, 0x08, 0x2e, 0x3d, 0xe3, 0xaf, 0x7f, 0xfa, 0x38, 0x57, 0x5d, 0x75, 0xd5, 0xff, 0x57,
    0x88, 0xab, 0xae, 0xba, 0xea, 0xff, 0xbd, 0x07, 0xbd, 0xf4, 0x5b, 0xff, 0xb6, 0xe1, 0xb5, 0xb8,
    0xea, 0xff, 0x05, 0xc1, 0xef, 0x3c, 0xe3, 0xaf, 0x7f, 0xfa, 0xb5, 0xb9, 0xea, 0xaa, 0xab, 0xfe,
    0xbf, 0x42, 0x5c, 0x75, 0xd5, 0x55, 0xff, 0xef, 0xdd, 0xf2, 0xd2, 0x6f, 0xfd, 0xd9, 0xc0, 0x67,
    0x71, 0xd5, 0xff, 0x17, 0x9f, 0x73, 0xdb, 0x5f, 0xff, 0xf4, 0x67, 0x73, 0xd5, 0x55, 0x57, 0xfd,
    0x7f, 0x85, 0xb8, 0xea, 0xaa, 0xab, 0xfe, 0xdf, 0x7b, 0xf0, 0x4b, 0xbf, 0xf5, 0x5b, 0x27, 0xfc,
    0x14, 0x57, 0xfd, 0xbf, 0x10, 0xf0, 0x36, 0xb7, 0xfe, 0xf5, 0x4f, 0xff, 0x34, 0x57, 0x5d, 0x75,
    0xd5, 0xff, 0x57, 0x88, 0xab, 0xae, 0xba, 0xea, 0xff, 0xbd, 0x07, 0xbf, 0xf4, 0x5b, 0x3f, 0x38,
    0xe1, 0xe9, 0x5c, 0xf5, 0xff, 0x42, 0xc0, 0x43, 0x6e, 0xfd, 0xeb, 0x9f, 0xbe, 0x95, 0xab, 0xae,
    0xba, 0xea, 0xff, 0x2b, 0xc4, 0x55, 0x57, 0x5d, 0x75, 0x15, 0xf0, 0xa0, 0x97, 0x7e, 0xeb, 0x5d,
    0xc3, 0x31, 0xae, 0xfa, 0x3f, 0x4d, 0x70, 0xe9, 0x19, 0x7f, 0xfd, 0xd3, 0xc7, 0xb9, 0xea, 0xaa,
    0xab, 0xfe, 0x3f, 0x43, 0x5c, 0x75, 0xd5, 0x55, 0x57, 0x01, 0xb7, 0xbc, 0xf4, 0x5b, 0xff, 0x34,
    0xf0, 0x56, 0x5c, 0xf5, 0x7f, 0xdd, 0xcf, 0xdc, 0xf6, 0xd7, 0x3f, 0xfd, 0xd6, 0x5c, 0x75, 0xd5,
    0x55, 0xff, 0x9f, 0x21, 0xae, 0xba, 0xea, 0xaa, 0xab, 0x80, 0x07, 0xbf, 0xf4, 0x5b, 0x7f, 0x74,
    0xc2, 0x57, 0x71, 0xd5, 0xff, 0x69, 0x01, 0x1f, 0x73, 0xeb, 0x5f, 0xff, 0xf4, 0x57, 0x73, 0xd5,
    0x55, 0x57, 0xfd, 0x7f, 0x86, 0xb8, 0xea, 0xaa, 0xab, 0xae, 0x02, 0x1e, 0xfc, 0xd2, 0x6f, 0xfd,
    0xd2, 0x09, 0x7f, 0xc5, 0x55, 0xff, 0xa7, 0x05, 0xbc, 0xcc, 0xad, 0x7f, 0xfd, 0xd3, 0x7f, 0xcd,
    0x55, 0x57, 0x5d, 0xf5, 0xff, 0x19, 0xe2, 0xaa, 0xab, 0xae, 0xba, 0xea, 0x99, 0x1e, 0xf4, 0xd2,
    0x6f, 0xbd, 0x6b, 0x38, 0xc6, 0x55, 0xff, 0x27, 0x09, 0x9e, 0xf1, 0x8c, 0xbf, 0xfe, 0xe9, 0x07,
    0x73, 0xd5, 0x55, 0x57, 0xfd, 0x7f, 0x87, 0xb8, 0xea, 0xaa, 0xab, 0xae, 0x7a, 0xa6, 0x5b, 0x5e,
    0xfa, 0xad, 0xbf, 0x1b, 0x78, 0x2f, 0xae, 0xfa, 0xbf, 0xea, 0x6b, 0x6e, 0xfb, 0xeb, 0x9f, 0xfe,
    0x68, 0xae, 0xba, 0xea, 0xaa, 0xff, 0xef, 0x10, 0x57, 0x5d, 0x75, 0xd5, 0x55, 0xcf, 0xf4, 0xe0,
    0x97, 0x7e, 0xeb, 0x97, 0x4e, 0xf8, 0x2b, 0xae, 0xfa, 0x3f, 0x29, 0xe0, 0x65, 0x6e, 0xfd, 0xeb,
    0x9f, 0xfe, 0x6b, 0xae, 0xba, 0xea, 0xaa, 0xff, 0xef, 0x10, 0x57, 0x5d, 0x75, 0xd5, 0x55, 0x0f,
    0xf0, 0xa0, 0x97, 0x7e, 0xeb, 0x5b, 0x0d, 0x0f, 0xe2, 0xaa, 0xff, 0x53, 0x04, 0x7f, 0xf3, 0x8c,
    0xbf, 0xfe, 0xe9, 0x97, 0xe6, 0xaa, 0xab, 0xae, 0xba, 0x0a, 0x10, 0x57, 0x5d, 0x75, 0xd5, 0x55,
    0x0f, 0xf0, 0xe0, 0x97, 0x7e, 0xeb, 0xf7, 0x4e, 0xf8, 0x2e, 0xae, 0xfa, 0x3f, 0x25, 0xe0, 0x7d,
    0x6e, 0xfd, 0xeb, 0x9f, 0xfe, 0x6e, 0xae, 0xba, 0xea, 0xaa, 0xab, 0x00, 0x71, 0xd5, 0x55, 0x57,
    0x5d, 0xf5, 0x5c, 0x1e, 0xf4, 0xd2, 0x6f, 0x7d, 0xab, 0xe1, 0x41, 0x5c, 0xf5, 0x7f, 0x82, 0xe0,
    0x19, 0xcf, 0xf8, 0xeb, 0x9f, 0x7e, 0x30, 0x57, 0x5d, 0x75, 0xd5, 0x55, 0x57, 0x20, 0xae, 0xba,
    0xea, 0xaa, 0xab, 0x9e, 0xcb, 0x83, 0x5f, 0xfa, 0xad, 0xdf, 0x3b, 0xe1, 0xbb, 0xb8, 0xea, 0xff,
    0x84, 0x80, 0xb7, 0xb9, 0xf5, 0xaf, 0x7f, 0xfa, 0xa7, 0xb9, 0xea, 0xaa, 0xab, 0xae, 0xba, 0x02,
    0x71, 0xd5, 0x55, 0x57, 0x5d, 0xf5, 0x7c, 0x3c, 0xe8, 0xa5, 0xdf, 0xfa, 0xaf, 0x0d, 0x2f, 0xc5,
    0x55, 0xff, 0xab, 0x09, 0x7e, 0xe7, 0x19, 0x7f, 0xfd, 0xd3, 0xaf, 0xcd, 0x55, 0x57, 0x5d, 0x75,
    0xd5, 0xb3, 0x21, 0xae, 0xba, 0xea, 0xaa, 0xab, 0x9e, 0x8f, 0x07, 0xbf, 0xf4, 0x5b, 0xbf, 0x74,
    0xc2, 0x5f, 0x71, 0xd5, 0xff, 0x5a, 0x82, 0x4b, 0x82, 0xd7, 0xbe, 0xf5, 0xaf, 0x7f, 0xfa, 0xaf,
    0xb9, 0xea, 0xaa, 0xab, 0xae, 0x7a, 0x36, 0xc4, 0x55, 0x57, 0x5d, 0x75, 0xd5, 0x0b, 0x70, 0xcb,
    0x4b, 0xbf, 0xf5, 0x67, 0x03, 0x9f, 0xc5, 0x55, 0xff, 0x2b, 0x05, 0x7c, 0xcc, 0xad, 0x7f, 0xfd,
    0xd3, 0x5f, 0xcd, 0x55, 0x57, 0x5d, 0x75, 0xd5, 0x73, 0x42, 0x5c, 0x75, 0xd5, 0x55, 0x57, 0xbd,
    0x10, 0x0f, 0x7a, 0xe9, 0xb7, 0xfe, 0x6d, 0xc3, 0x6b, 0x71, 0xd5, 0xff, 0x36, 0x3f, 0x73, 0xdb,
    0x5f, 0xff, 0xf4, 0x5b, 0x73, 0xd5, 0x55, 0x57, 0x5d, 0xf5, 0xbc, 0x10, 0x57, 0x5d, 0x75, 0xd5,
    0x55, 0x2f, 0xc4, 0x83, 0x5f, 0xfa, 0xad, 0x8f, 0x1b, 0xfe, 0xda, 0xf0, 0x20, 0xae, 0xfa, 0x5f,
    0x41, 0xf0, 0x37, 0x82, 0xd7, 0xbe, 0xf5, 0xaf, 0x7f, 0x7a, 0x97, 0xab, 0xae, 0xba, 0xea, 0xaa,
    0xe7, 0x85, 0xb8, 0xea, 0xaa, 0xab, 0xae, 0xfa, 0x17, 0x3c, 0xf8, 0xa5, 0xdf, 0xfa, 0xa5, 0x0d,
    0xbf, 0x6d, 0x38, 0xc6, 0x55, 0xff, 0xa3, 0x09, 0x2e, 0x09, 0x5e, 0xfb, 0xd6, 0xbf, 0xfe, 0xe9,
    0xbf, 0xe6, 0xaa, 0xab, 0xae, 0xba, 0xea, 0xf9, 0x43, 0x5c, 0x75, 0xd5, 0x55, 0x57, 0xbd, 0x08,
    0x1e, 0xfc, 0xd2, 0x6f, 0xfd, 0xd2, 0x86, 0xdf, 0x36, 0x1c, 0xe3, 0xaa, 0xff, 0x91, 0x04, 0x97,
    0x04, 0xaf, 0x7d, 0xeb, 0x5f, 0xff, 0xf4, 0x5f, 0x73, 0xd5, 0x55, 0x57, 0x5d, 0xf5, 0x82, 0x21,
    0xae, 0xba, 0xea, 0xaa, 0xab, 0x5e, 0x44, 0x0f, 0x7e, 0xe9, 0xb7, 0x7e, 0x69, 0xc3, 0x6f, 0x1b,
    0x8e, 0x71, 0xd5, 0xff, 0x28, 0x82, 0x4b, 0x82, 0xd7, 0xbe, 0xf5, 0xaf, 0x7f, 0xfa, 0xaf, 0xb9,
    0xea, 0xaa, 0xab, 0xae, 0x7a, 0xe1, 0x10, 0x57, 0x5d, 0x75, 0xd5, 0x55, 0xff, 0x0a, 0x0f, 0x7e,
    0xe9, 0xb7, 0x7e, 0xb0, 0xe1, 0xa7, 0x0d, 0x2f, 0xc5, 0x55, 0xff, 0x23, 0x08, 0xfe, 0x46, 0xf0,
    0xda, 0xb7, 0xfe, 0xf5, 0x4f, 0xef, 0x72, 0xd5, 0x55, 0x57, 0x5d, 0xf5, 0x2f, 0x43, 0x5c, 0x75,
    0xd5, 0x55, 0x57, 0xfd, 0x2b, 0x3d, 0xf8, 0xa5, 0xdf, 0xfa, 0x78, 0xc2, 0x57, 0x03, 0xef, 0xc5,
    0x55, 0xff, 0xdd, 0xbe, 0x27, 0xe0, 0xa3, 0x6f, 0xfd, 0xeb, 0x9f, 0xde, 0xe5, 0xaa, 0xab, 0xae,
    0xba, 0xea, 0x45, 0x83, 0xb8, 0xea, 0xaa, 0xab, 0xae, 0xfa, 0x37, 0x7a, 0xf0, 0x4b, 0xbf, 0xf5,
    0x7b, 0x1b, 0xbe, 0xda, 0x70, 0x8c, 0xab, 0xfe, 0x4b, 0x09, 0x2e, 0x09, 0xde, 0xfb, 0xd6, 0xbf,
    0xfe, 0xe9, 0x9f, 0xe6, 0xaa, 0xab, 0xae, 0xba, 0xea, 0x5f, 0x07, 0x71, 0xd5, 0x55, 0x57, 0x5d,
    0xf5, 0xef, 0xf0, 0xe0, 0x97, 0x7e, 0xeb, 0xe3, 0x09, 0x5f, 0x0d, 0xbc, 0x17, 0x57, 0xfd, 0x57,
    0xf9, 0x9e, 0x80, 0x8f, 0xbe, 0xf5, 0xaf, 0x7f, 0x7a, 0x97, 0xab, 0xae, 0xba, 0xea, 0xaa, 0x7f,
    0x3d, 0xc4, 0x55, 0x57, 0x5d, 0x75, 0xd5, 0x7f, 0x80, 0x07, 0xbf, 0xf4, 0x5b, 0xbf, 0xb6, 0xe1,
    0xb3, 0x0d, 0xaf, 0xc5, 0x55, 0xff, 0x59, 0x7e, 0x26, 0xe0, 0xa3, 0x6f, 0xfd, 0xeb, 0x9f, 0xbe,
    0x95, 0xab, 0xae, 0xba, 0xea, 0xaa, 0x7f, 0x3b, 0xc4, 0x55, 0x57, 0x5d, 0x75, 0xd5, 0x7f, 0xa0,
    0x07, 0xbf, 0xf4, 0x5b, 0xbf, 0x74, 0xc2, 0x47, 0x0b, 0xde, 0xda, 0x70, 0x8c, 0xab, 0xfe, 0x5d,
    0x04, 0x97, 0x0c, 0x3f, 0x1d, 0xf0, 0xd5, 0xb7, 0xfe, 0xf5, 0x4f, 0xff, 0x35, 0x57, 0x5d, 0x75,
    0xd5, 0x55, 0xff, 0x7e, 0x88, 0xab, 0xae, 0xba, 0xea, 0xaa, 0xff, 0x04, 0x0f, 0x7e, 0xe9, 0xb7,
    0x3e, 0x0e, 0xbc, 0x75, 0xc2, 0x6b, 0x0b, 0xde, 0xda, 0x70, 0x8c, 0xab, 0x5e, 0x24, 0x82, 0x4b,
    0x86, 0x9f, 0x0e, 0xf8, 0x69, 0xe0, 0xb7, 0x6f, 0xfd, 0xeb, 0x9f, 0xde, 0xe5, 0xaa, 0xab, 0xae,
    0xba, 0xea, 0x3f, 0x0e, 0xe2, 0xaa, 0xab, 0xae, 0xba, 0xea, 0xbf, 0xc0, 0x83, 0x5f, 0xfa, 0xad,
    0x5f, 0x1a, 0x78, 0xe9, 0x84, 0x07, 0x0b, 0x5e, 0x1b, 0x38, 0x6e, 0x78, 0x29, 0xfe, 0x9f, 0x13,
    0xfc, 0x0d, 0xb0, 0x6b, 0xf8, 0xed, 0x80, 0x5b, 0x81, 0xbf, 0xbe, 0xf5, 0xaf, 0x7f, 0xfa, 0xaf,
    0xb9, 0xea, 0xaa, 0xab, 0xae, 0xfa, 0xcf, 0x83, 0xb8, 0xea, 0xaa, 0xab, 0xae, 0xba, 0xea, 0xaa,
    0xab, 0xae, 0xba, 0xea, 0xff, 0x13, 0xc4, 0x55, 0x57, 0x5d, 0x75, 0xd5, 0x55, 0x57, 0x5d, 0x75,
    0xd5, 0x55, 0xff, 0x9f, 0x20, 0xae, 0xba, 0xea, 0xaa, 0xab, 0xae, 0xba, 0xea, 0xaa, 0xab, 0xae,
    0xfa, 0xff, 0x04, 0x71, 0xd5, 0x55, 0x57, 0x5d, 0x75, 0xd5, 0x55, 0x57, 0x5d, 0x75, 0xd5, 0xff,
    0x27, 0x88, 0xab, 0xae, 0xba, 0xea, 0xaa, 0xab, 0xae, 0xba, 0xea, 0xaa, 0xab, 0xfe, 0x3f, 0x41,
    0x5c, 0x75, 0xd5, 0x55, 0x57, 0x5d, 0x75, 0xd5, 0x55, 0x57, 0x5d, 0xf5, 0xff, 0x09, 0xe2, 0xaa,
    0xab, 0xae, 0xba, 0xea, 0xaa, 0xab, 0xae, 0xba, 0xea, 0xaa, 0xff, 0x4f, 0x10, 0x57, 0x5d, 0x75,
    0xd5, 0x55, 0x57, 0x5d, 0x75, 0xd5, 0x55, 0x57, 0xfd, 0x7f, 0x82, 0xb8, 0xea, 0xaa, 0xab, 0xae,
    0xba, 0xea, 0xaa, 0xab, 0xae, 0xba, 0xea, 0xff, 0x13, 0xc4, 0x55, 0x57, 0x5d, 0x75, 0xd5, 0x55,
    0x57, 0x5d, 0x75, 0xd5, 0x55, 0xff, 0x9f, 0x20, 0xae, 0xba, 0xea, 0xaa, 0xab, 0xae, 0xba, 0xea,
    0xaa, 0xab, 0xae, 0xfa, 0xff, 0x04, 0x71, 0xd5, 0x55, 0x57, 0x5d, 0x75, 0xd5, 0x55, 0x57, 0x5d,
    0x75, 0xd5, 0xff, 0x27, 0x88, 0xab, 0xae, 0xba, 0xea, 0xaa, 0xab, 0xae, 0xba, 0xea, 0xaa, 0xab,
    0xfe, 0x3f, 0x41, 0x5c, 0x75, 0xd5, 0x55, 0x57, 0x5d, 0x75, 0xd5, 0x55, 0x57, 0x5d, 0xf5, 0xff,
    0x09, 0xe2, 0xaa, 0xab, 0xae, 0xba, 0xea, 0xaa, 0xab, 0xae, 0xba, 0xea, 0xaa, 0xff, 0x4f, 0x10,
    0x57, 0x5d, 0x75, 0xd5, 0x55, 0x57, 0x5d, 0x75, 0xd5, 0x55, 0x57, 0xfd, 0x7f, 0x82, 0xb8, 0xea,
    0xaa, 0xab, 0xae, 0xba, 0xea, 0xaa, 0xab, 0xae, 0xba, 0xea, 0xff, 0x13, 0xc4, 0x55, 0x57, 0x5d,
    0x75, 0xd5, 0x55, 0x57, 0x5d, 0x75, 0xd5, 0x55, 0xff, 0x9f, 0x20, 0xae, 0xba, 0xea, 0xaa, 0xab,
    0xae, 0xba, 0xea, 0xaa, 0xab, 0xae, 0xfa, 0xff, 0x04, 0x71, 0xd5, 0x55, 0x57, 0x5d, 0x75, 0xd5,
    0x55, 0x57, 0x5d, 0x75, 0xd5, 0xff, 0x27, 0x88, 0xab, 0xae, 0xba, 0xea, 0xaa, 0xab, 0xae, 0xba,
    0xea, 0xaa, 0xab, 0xfe, 0x3f, 0x41, 0x5c, 0x75, 0xd5, 0x55, 0x57, 0x5d, 0x75, 0xd5, 0x55, 0x57,
    0x5d, 0xf5, 0xff, 0x09, 0xe2, 0xaa, 0xab, 0xae, 0xba, 0xea, 0xaa, 0xab, 0xae, 0xba, 0xea, 0xaa,
    0xff, 0x4f, 0x10, 0x57, 0x5d, 0x75, 0xd5, 0x55, 0x57, 0x5d, 0x75, 0xd5, 0x55, 0x57, 0xfd, 0x7f,
    0x82, 0xb8, 0xea, 0xaa, 0xab, 0xae, 0xba, 0xea, 0xaa, 0xab, 0xae, 0xba, 0xea, 0xff, 0x13, 0xc4,
    0x55, 0x57, 0x5d, 0x75, 0xd5, 0x55, 0x57, 0x5d, 0x75, 0xd5, 0x55, 0xff, 0x9f, 0x20, 0xae, 0xba,
    0xea, 0xaa, 0xab, 0xae, 0xba, 0xea, 0xaa, 0xab, 0xae, 0xfa, 0xff, 0x04, 0x71, 0xd5, 0x55, 0x57,
    0x5d, 0x75, 0xd5, 0x55, 0x57, 0x5d, 0x75, 0xd5, 0xff, 0x27, 0x88, 0xab, 0xae, 0xba, 0xea, 0xaa,
    0xab, 0xae, 0xba, 0xea, 0xaa, 0xab, 0xfe, 0x3f, 0x41, 0x5c, 0x75, 0xd5, 0x55, 0x57, 0x5d, 0x75,
    0xd5, 0x55, 0x57, 0x5d, 0xf5, 0xff, 0x09, 0xe2, 0xaa, 0xab, 0xae, 0xba, 0xea, 0xaa, 0xab, 0xae,
    0xba, 0xea, 0xaa, 0xff, 0x4f, 0x10, 0x57, 0x5d, 0x75, 0xd5, 0x55, 0x57, 0x5d, 0x75, 0xd5, 0x55,
    0x57, 0xfd, 0x7f, 0x82, 0xb8, 0xea, 0xaa, 0xab, 0xae, 0xba, 0xea, 0xaa, 0xab, 0xae, 0xba, 0xea,
    0xff, 0x13, 0xc4, 0x55, 0x57, 0x5d, 0x75, 0xd5, 0x55, 0x57, 0x5d, 0x75, 0xd5, 0x55, 0xff, 0x9f,
    0x20, 0xae, 0xba, 0xea, 0xaa, 0xab, 0xae, 0xba, 0xea, 0xaa, 0xab, 0xae, 0xfa, 0xff, 0x04, 0x71,
    0xd5, 0x55, 0x57, 0x5d, 0x75, 0xd5, 0x55, 0x57, 0x5d, 0x75, 0xd5, 0xff, 0x27, 0x88, 0xab, 0xae,
    0xba, 0xea, 0xaa, 0xab, 0xae, 0xba, 0xea, 0xaa, 0xab, 0xfe, 0x3f, 0x41, 0x5c, 0x75, 0xd5, 0x55,
    0x57, 0x5d, 0x75, 0xd5, 0x55, 0x57, 0x5d, 0xf5, 0xff, 0x09, 0xe2, 0xaa, 0xab, 0xae, 0xba, 0xea,
    0xaa, 0xab, 0xae, 0xba, 0xea, 0xaa, 0xff, 0x4f, 0x10, 0x57, 0x5d, 0x75, 0xd5, 0x55, 0x57, 0x5d,
    0x75, 0xd5, 0x55, 0x57, 0xfd, 0x7f, 0x82, 0xb8, 0xea, 0xaa, 0xab, 0xae, 0xba, 0xea, 0xaa, 0xab,
    0xae, 0xba, 0xea, 0xff, 0x13, 0xc4, 0x55, 0x57, 0x5d, 0x75, 0xd5, 0x55, 0x57, 0x5d, 0x75, 0xd5,
    0x55, 0xff, 0x9f, 0x20, 0xae, 0xba, 0xea, 0xaa, 0xab, 0xae, 0xba, 0xea, 0xaa, 0xab, 0xae, 0xfa,
    0xff, 0x04, 0x71, 0xd5, 0x55, 0x57, 0x5d, 0x75, 0xd5, 0x55, 0x57, 0x5d, 0x75, 0xd5, 0xff, 0x27,
    0x88, 0xab, 0xae, 0xba, 0xea, 0xaa, 0xab, 0xae, 0xba, 0xea, 0xaa, 0xab, 0xfe, 0x3f, 0x41, 0x5c,
    0x75, 0xd5, 0x55, 0x57, 0x5d, 0x75, 0xd5, 0x55, 0x57, 0x5d, 0xf5, 0xff, 0x09, 0xe2, 0xaa, 0xab,
    0xae, 0xba, 0xea, 0xaa, 0xab, 0xae, 0xba, 0xea, 0xaa, 0xff, 0x4f, 0x10, 0x57, 0x5d, 0x75, 0xd5,
    0x55, 0x57, 0x5d, 0x75, 0xd5, 0x55, 0x57, 0xfd, 0x7f, 0xc2, 0x3f, 0x02, 0x0e, 0x60, 0x90, 0xad,
    0x74, 0x27, 0x2c, 0xa0, 0x00, 0x00, 0x00, 0x00, 0x49, 0x45, 0x4e, 0x44, 0xae, 0x42, 0x60, 0x82
};
const unsigned int Icons::Data::SettingsSize = 26160u;

const unsigned char Icons::Data::Scanner[] = {
    0x89, 0x50, 0x4e, 0x47, 0x0d, 0x0a, 0x1a, 0x0a, 0x00, 0x00, 0x00, 0x0d, 0x49, 0x48, 0x44, 0x52,
    0x00, 0x00, 0x02, 0x80, 0x00, 0x00, 0x02, 0x80, 0x08, 0x06, 0x00, 0x00, 0x00, 0x0c, 0xcd, 0xc9,
    0x23, 0x00, 0x00, 0x68, 0xe0, 0x49, 0x44, 0x41, 0x54, 0x78, 0x01, 0xed, 0xc0, 0x03, 0xa0, 0x24,
    0x59, 0x96, 0xc6, 0xf1, 0xff, 0x77, 0xee, 0x8d, 0xc8, 0xcc, 0xa7, 0x72, 0x4b, 0x63, 0xae, 0x6d,
    0xdb, 0xb6, 0x6d, 0xdb, 0xb6, 0x6d, 0xdb, 0xb6, 0x6d, 0x69, 0x8c, 0x9e, 0x96, 0x4a, 0xaf, 0x9e,
    0x32, 0x33, 0x22, 0xee, 0xf9, 0x76, 0xb7, 0x6a, 0x7a, 0xa6, 0x87, 0x3b, 0x6b, 0xd5, 0x4f, 0x5c,
    0x75, 0xd5, 0x55, 0x57, 0x5d, 0x75, 0xd5, 0x55, 0x57, 0x5d, 0xf5, 0xff, 0x09, 0xe2, 0xaa, 0xab,
    0xae, 0xba, 0xea, 0xaa, 0xab, 0xae, 0xba, 0xea, 0xaa, 0xff, 0x4f, 0x10, 0x57, 0x5d, 0x75, 0xd5,
    0x55, 0x57, 0x5d, 0x75, 0xd5, 0x55, 0x57, 0xfd, 0x7f, 0x82, 0xb8, 0xea, 0xaa, 0xab, 0xae, 0xba,
    0xea, 0xaa, 0xab, 0xae, 0xba, 0xea, 0xff, 0x13, 0xc4, 0x55, 0x57, 0x5d, 0x75, 0xd5, 0x55, 0x57,
    0x5d, 0x75, 0xd5, 0x55, 0xff, 0x9f, 0x20, 0xae, 0xba, 0xea, 0xaa, 0xab, 0xae, 0xba, 0xea, 0xaa,
    0xab, 0xae, 0xfa, 0xff, 0x04, 0x71, 0xd5, 0x55, 0x57, 0x5d, 0x75, 0xd5, 0x55, 0x57, 0x5d, 0x75,
    0xd5, 0xff, 0x27, 0x88, 0xab, 0xae, 0xba, 0xea, 0xaa, 0xab, 0xae, 0xba, 0xea, 0xaa, 0xab, 0xfe,
    0x3f, 0x41, 0x5c, 0x75, 0xd5, 0x55, 0x57, 0x5d, 0x75, 0xd5, 0x55, 0x57, 0x5d, 0xf5, 0xff, 0x09,
    0xe2, 0xaa, 0xab, 0xae, 0xba, 0xea, 0xaa, 0xab, 0xae, 0xba, 0xea, 0xaa, 0xff, 0x4f, 0x10, 0x57,
    0x5d, 0x75, 0xd5, 0x55, 0x57, 0x5d, 0x75, 0xd5, 0x55, 0x57, 0xfd, 0x7f, 0x82, 0xb8, 0xea, 0xaa,
    0xab, 0xae, 0xba, 0xea, 0xaa, 0xab, 0xae, 0xba, 0xea, 0xff, 0x13, 0xc4, 0x55, 0x57, 0x5d, 0x75,
    0xd5, 0x55, 0x57, 0x5d, 0x75, 0xd5, 0x55, 0xff, 0x9f, 0x20, 0xae, 0xba, 0xea, 0xaa, 0xab, 0xae,
    0xba, 0xea, 0xaa, 0xab, 0xae, 0xfa, 0xff, 0x04, 0x71, 0xd5, 0x55, 0x57, 0x5d, 0x75, 0xd5, 0x55,
    0x57, 0x5d, 0x75, 0xd5, 0xff, 0x27, 0x88, 0xab, 0xae, 0xba, 0xea, 0xaa, 0xab, 0xae, 0xba, 0xea,
    0xaa, 0xab, 0xfe, 0x3f, 0x41, 0x5c, 0x75, 0xd5, 0x55, 0x57, 0x5d, 0x75, 0xd5, 0x55, 0x57, 0x5d,
    0xf5, 0xff, 0x09, 0xe2, 0xaa, 0xab, 0xae, 0xba, 0xea, 0xaa, 0xab, 0xae, 0xba, 0xea, 0xaa, 0xff,
    0x4f, 0x10, 0x57, 0x5d, 0x75, 0xd5, 0x55, 0x57, 0x5d, 0x75, 0xd5, 0x55, 0x57, 0xfd, 0x7f, 0x82,
    0xb8, 0xea, 0xaa, 0xab, 0xae, 0xba, 0xea, 0xaa, 0xab, 0xae, 0xba, 0xea, 0xff, 0x13, 0xc4, 0x55,
    0x57, 0x5d, 0x75, 0xd5, 0x55, 0x57, 0x5d, 0x75, 0xd5, 0x55, 0xff, 0x9f, 0x20, 0xae, 0xba, 0xea,
    0xaa, 0xab, 0xae, 0xba, 0xea, 0xaa, 0xab, 0xae, 0xfa, 0xff, 0x04, 0x71, 0xd5, 0x55, 0x57, 0x5d,
    0x75, 0xd5, 0x55, 0x57, 0x5d, 0x75, 0xd5, 0xff, 0x27, 0x88, 0xab, 0xae, 0xba, 0xea, 0xaa, 0xab,
    0xae, 0xba, 0xea, 0xaa, 0xab, 0xfe, 0x3f, 0x41, 0x5c, 0x75, 0xd5, 0x55, 0x57, 0x5d, 0x75, 0xd5,
    0x55, 0x57, 0x5d, 0xf5, 0xff, 0x09, 0xe2, 0xaa, 0xab, 0xae, 0xba, 0xea, 0xaa, 0xab, 0xae, 0xba,
    0xea, 0xaa, 0xff, 0x4f, 0x10, 0x57, 0x5d, 0x75, 0xd5, 0x55, 0x57, 0x5d, 0x75, 0xd5, 0x55, 0x57,
    0xfd, 0x7f, 0x82, 0xb8, 0xea, 0xaa, 0xab, 0xae, 0xba, 0xea, 0xaa, 0xab, 0xae, 0xba, 0xea, 0xff,
    0x13, 0xc4, 0x55, 0x57, 0x5d, 0x75, 0xd5, 0x55, 0x57, 0x5d, 0x75, 0xd5, 0x55, 0xff, 0x9f, 0x20,
    0xae, 0xba, 0xea, 0xaa, 0xab, 0xae, 0xba, 0xea, 0xaa, 0xab, 0xae, 0xfa, 0xff, 0x04, 0x71, 0xd5,
    0x55, 0x57, 0x5d, 0x75, 0xd5, 0x55, 0x57, 0x5d, 0x75, 0xd5, 0xff, 0x27, 0x88, 0xab, 0xae, 0xba,
    0xea, 0xaa, 0xab, 0xae, 0xba, 0xea, 0xaa, 0xab, 0xfe, 0x3f, 0x41, 0x5c, 0x75, 0xd5, 0x55, 0x57,
    0x5d, 0x75, 0xd5, 0x55, 0x57, 0x5d, 0xf5, 0xff, 0x09, 0xe2, 0xaa, 0xab, 0xae, 0xba, 0xea, 0xaa,
    0xab, 0xae, 0xba, 0xea, 0xaa, 0xff, 0x4f, 0x10, 0x57, 0x5d, 0x75, 0xd5, 0x55, 0x57, 0x5d, 0x75,
    0xd5, 0x55, 0x57, 0xfd, 0x7f, 0x82, 0xb8, 0xea, 0xaa, 0xab, 0xae, 0xba, 0xea, 0xaa, 0xab, 0xae,
    0xba, 0xea, 0xff, 0x13, 0xc4, 0x55, 0x57, 0x5d, 0x75, 0xd5, 0x55, 0x57, 0x5d, 0x75, 0xd5, 0x55,
    0xff, 0x9f, 0x20, 0xae, 0xba, 0xea, 0xaa, 0xab, 0xae, 0xba, 0xea, 0xaa, 0xab, 0xae, 0xfa, 0xff,
    0x04, 0x71, 0xd5, 0x55, 0x57, 0x5d, 0x75, 0xd5, 0x55, 0x57, 0x5d, 0x75, 0xd5, 0xff, 0x27, 0x88,
    0xab, 0xae, 0xba, 0xea, 0xaa, 0xab, 0xae, 0xba, 0xea, 0xaa, 0xab, 0xfe, 0x3f, 0x41, 0x5c, 0x75,
    0xd5, 0x55, 0x57, 0x5d, 0x75, 0xd5, 0x55, 0x57, 0x5d, 0xf5, 0xff, 0x09, 0xe2, 0xaa, 0xab, 0xae,
    0xba, 0xea, 0xaa, 0xab, 0xae, 0xba, 0xea, 0xaa, 0xff, 0x4f, 0x10, 0x57, 0x5d, 0x75, 0xd5, 0x55,
    0x57, 0x5d, 0x75, 0xd5, 0x55, 0x57, 0xfd, 0x7f, 0x82, 0xb8, 0xea, 0xaa, 0xab, 0xae, 0xba, 0xea,
    0xaa, 0xab, 0xae, 0xba, 0xea, 0xff, 0x13, 0xc4, 0x55, 0x57, 0x5d, 0x75, 0xd5, 0x55, 0x57, 0x5d,
    0x75, 0xd5, 0x55, 0xff, 0x9f, 0x20, 0xae, 0xba, 0xea, 0xaa, 0xab, 0xae, 0xba, 0xea, 0xaa, 0xab,
    0xae, 0xfa, 0xff, 0x04, 0x71, 0xd5, 0x55, 0x57, 0x5d, 0x75, 0xd5, 0x55, 0x57, 0x5d, 0x75, 0xd5,
    0xff, 0x27, 0x88, 0xab, 0xae, 0xba, 0xea, 0xaa, 0xab, 0xae, 0xba, 0xea, 0xaa, 0xab, 0xfe, 0x3f,
    0x41, 0x5c, 0x75, 0xd5, 0x55, 0x57, 0x5d, 0x75, 0xd5, 0x55, 0x57, 0x5d, 0xf5, 0xff, 0x09, 0xe2,
    0xaa, 0xab, 0xae, 0xba, 0xea, 0xaa, 0xab, 0xae, 0xba, 0xea, 0xaa, 0xff, 0x4f, 0x10, 0x57, 0x5d,
    0x75, 0xd5, 0x55, 0x57, 0x5d, 0x75, 0xd5, 0x55, 0x57, 0xfd, 0x7f, 0x82, 0xb8, 0xea, 0xaa, 0xab,
    0xae, 0xba, 0xea, 0xaa, 0xab, 0xae, 0xba, 0xea, 0xff, 0x13, 0xc4, 0x55, 0x57, 0x5d, 0x75, 0xd5,
    0x55, 0x57, 0x5d, 0x75, 0xd5, 0x55, 0xff, 0x9f, 0x20, 0xae, 0xba, 0xea, 0xaa, 0xab, 0xae, 0xba,
    0xea, 0xaa, 0xab, 0xae, 0xfa, 0xff, 0x04, 0x71, 0xd5, 0x55, 0x57, 0x5d, 0x75, 0xd5, 0x55, 0x57,
    0x5d, 0x75, 0xd5, 0xff, 0x27, 0x88, 0xab, 0xae, 0xba, 0xea, 0xaa, 0xab, 0xae, 0xba, 0xea, 0xaa,
    0xab, 0xfe, 0x3f, 0x41, 0x5c, 0x75, 0xd5, 0x55, 0x57, 0x5d, 0x75, 0xd5, 0x55, 0x57, 0x5d, 0xf5,
    0xff, 0x09, 0xe2, 0xaa, 0xab, 0xae, 0xba, 0xea, 0xaa, 0xab, 0xae, 0xba, 0xea, 0xaa, 0xff, 0x4f,
    0x10, 0x57, 0x5d, 0x75, 0xd5, 0x55, 0x57, 0x5d, 0x75, 0xd5, 0x55, 0x57, 0xfd, 0x7f, 0x82, 0xb8,
    0xea, 0xaa, 0xab, 0xae, 0xba, 0xea, 0xaa, 0xab, 0xae, 0xba, 0xea, 0xff, 0x13, 0xc4, 0x55, 0x57,
    0x5d, 0x75, 0xd5, 0x55, 0x57, 0x5d, 0x75, 0xd5, 0x55, 0xff, 0x9f, 0x20, 0xae, 0xba, 0xea, 0xaa,
    0xab, 0xae, 0xba, 0xea, 0xaa, 0xab, 0xae, 0xfa, 0xff, 0x04, 0x71, 0xd5, 0x55, 0x57, 0x5d, 0x75,
    0xd5, 0x55, 0x57, 0x5d, 0x75, 0xd5, 0xff, 0x27, 0x88, 0xab, 0xae, 0xba, 0xea, 0xaa, 0xab, 0xae,
    0xba, 0xea, 0xaa, 0xab, 0xfe, 0x3f, 0x41, 0x5c, 0x75, 0xd5, 0x55, 0x57, 0x5d, 0x75, 0xd5, 0x55,
    0x57, 0x5d, 0xf5, 0xff, 0x09, 0xe2, 0xaa, 0xab, 0xae, 0xba, 0xea, 0xaa, 0xab, 0xae, 0xba, 0xea,
    0xaa, 0xff, 0x4f, 0x10, 0x57, 0x5d, 0x75, 0xd5, 0x55, 0x57, 0x5d, 0x75, 0xd5, 0x55, 0x57, 0xfd,
    0x7f, 0x82, 0xb8, 0xea, 0xaa, 0xab, 0xae, 0xba, 0xea, 0xaa, 0xab, 0xae, 0xba, 0xea, 0xff, 0x13,
    0xc4, 0x55, 0x57, 0x5d, 0x75, 0xd5, 0x55, 0x57, 0x5d, 0x75, 0xd5, 0x55, 0xff, 0x9f, 0x20, 0xae,
    0xba, 0xea, 0xaa, 0xab, 0xae, 0xba, 0xea, 0xaa, 0xab, 0xae, 0xfa, 0xff, 0x04, 0x71, 0xd5, 0x55,
    0x57, 0x5d, 0x75, 0xd5, 0x55, 0x57, 0x5d, 0x75, 0xd5, 0xff, 0x27, 0x88, 0xab, 0xae, 0xba, 0xea,
    0xaa, 0xab, 0xae, 0xba, 0xea, 0xaa, 0xab, 0xfe, 0x3f, 0x41, 0x5c, 0x75, 0xd5, 0x55, 0x57, 0x5d,
    0x75, 0xd5, 0x55, 0x57, 0x5d, 0xf5, 0xff, 0x09, 0xe2, 0xaa, 0xab, 0xae, 0xba, 0xea, 0xaa, 0xab,
    0xae, 0xba, 0xea, 0xaa, 0xff, 0x4f, 0x10, 0x57, 0x5d, 0x75, 0xd5, 0x55, 0x57, 0x5d, 0x75, 0xd5,
    0x55, 0x57, 0xfd, 0x7f, 0x82, 0xb8, 0xea, 0xaa, 0xab, 0xae, 0xba, 0xea, 0xaa, 0xab, 0xae, 0xba,
    0xea, 0xff, 0x13, 0xc4, 0x55, 0x57, 0x5d, 0x75, 0xd5, 0x55, 0x57, 0x5d, 0x75, 0xd5, 0x55, 0xff,
    0x9f, 0x20, 0xae, 0xba, 0xea, 0xaa, 0xab, 0xae, 0xba, 0xea, 0xaa, 0xab, 0xae, 0xfa, 0xff, 0x04,
    0x71, 0xd5, 0x55, 0x57, 0x5d, 0x75, 0xd5, 0x55, 0x57, 0x5d, 0x75, 0xd5, 0xff, 0x27, 0x88, 0xab,
    0xae, 0xba, 0xea, 0xaa, 0xab, 0xae, 0xba, 0xea, 0xaa, 0xab, 0xfe, 0x3f, 0x41, 0x5c, 0x75, 0xd5,
    0x55, 0x57, 0x5d, 0x75, 0xd5, 0x55, 0x57, 0x5d, 0xf5, 0xff, 0x09, 0xe2, 0xaa, 0xab, 0xae, 0xba,
    0xea, 0xaa, 0xab, 0xae, 0xba, 0xea, 0xaa, 0xff, 0x4f, 0x10, 0x57, 0x5d, 0x75, 0xd5, 0x55, 0x57,
    0x5d, 0x75, 0xd5, 0x55, 0x57, 0xfd, 0x7f, 0x82, 0xb8, 0xea, 0xaa, 0xab, 0xae, 0xba, 0xea, 0xaa,
    0xab, 0xae, 0xba, 0xea, 0xff, 0x13, 0xc4, 0x55, 0x57, 0x5d, 0x75, 0xd5, 0x55, 0x57, 0x5d, 0x75,
    0xd5, 0x55, 0xff, 0x9f, 0x20, 0xae, 0xba, 0xea, 0xaa, 0xab, 0xae, 0xba, 0xea, 0xaa, 0xab, 0xae,
    0xfa, 0xff, 0x04, 0x71, 0xd5, 0x55, 0x57, 0x5d, 0x75, 0xd5, 0x55, 0x57, 0x5d, 0x75, 0xd5, 0xff,
    0x27, 0x88, 0xab, 0xae, 0xba, 0xea, 0xaa, 0xab, 0xae, 0xba, 0xea, 0xaa, 0xab, 0xfe, 0x3f, 0x41,
    0x5c, 0x75, 0xd5, 0x55, 0x57, 0x5d, 0x75, 0xd5, 0x55, 0x57, 0x5d, 0xf5, 0xff, 0x09, 0xe2, 0xaa,
    0xab, 0xae, 0xba, 0xea, 0xaa, 0xab, 0xae, 0xba, 0xea, 0xaa, 0xff, 0x4f, 0x10, 0x57, 0x5d, 0x75,
    0xd5, 0x55, 0x57, 0x5d, 0x75, 0xd5, 0x55, 0x57, 0xfd, 0x7f, 0x82, 0xb8, 0xea, 0xaa, 0xab, 0xae,
    0xba, 0xea, 0xaa, 0xab, 0xae, 0xba, 0xea, 0xff, 0x13, 0xc4, 0x55, 0x57, 0x5d, 0x75, 0xd5, 0x55,
    0x57, 0x5d, 0x75, 0xd5, 0x55, 0xff, 0x9f, 0x20, 0xae, 0xba, 0xea, 0xaa, 0xab, 0xae, 0xba, 0xea,
    0xaa, 0xab, 0xae, 0xfa, 0xff, 0x04, 0x71, 0xd5, 0x55, 0x57, 0x5d, 0x75, 0xd5, 0x55, 0x57, 0x5d,
    0x75, 0xd5, 0xff, 0x27, 0x88, 0xab, 0xae, 0xba, 0xea, 0xaa, 0xab, 0xae, 0xba, 0xea, 0xaa, 0xab,
    0xfe, 0x3f, 0x41, 0x5c, 0x75, 0xd5, 0x7f, 0x82, 0x07, 0xbf, 0xcc, 0xdb, 0xbc, 0x16, 0xe6, 0xc1,
    0x89, 0x1f, 0x2c, 0x78, 0x69, 0xe0, 0x38, 0xcf, 0xf6, 0x60, 0xc3, 0x83, 0xb9, 0xea, 0xaa, 0xab,
    0xae, 0xba, 0x0a, 0xc1, 0xad, 0xc0, 0xad, 0x3c, 0xdb, 0xae, 0xe1, 0xaf, 0x03, 0xdd, 0x8a, 0xb8,
    0xf5, 0xd6, 0xbf, 0xfa, 0xa9, 0xdf, 0xe1, 0xaa, 0xab, 0xfe, 0x63, 0x21, 0xae, 0xba, 0xea, 0xdf,
    0xe9, 0xc1, 0x2f, 0xfd, 0x36, 0x6f, 0x95, 0xf8, 0xb5, 0x05, 0x2f, 0x0d, 0xbc, 0xb4, 0xe1, 0x38,
    0x57, 0x5d, 0x75, 0xd5, 0x55, 0x57, 0xfd, 0x87, 0x11, 0xec, 0x02, 0x7f, 0x6d, 0xf8, 0xeb, 0x40,
    0xbf, 0x7d, 0xeb, 0x5f, 0xff, 0xd4, 0xcf, 0x70, 0xd5, 0x55, 0xff, 0x76, 0x88, 0xab, 0xae, 0xfa,
    0x57, 0x7a, 0xf0, 0xcb, 0xbc, 0xcd, 0x6b, 0xa5, 0xfd, 0xda, 0x82, 0xd7, 0x36, 0xbc, 0x36, 0x57,
    0x5d, 0x75, 0xd5, 0x55, 0x57, 0xfd, 0x97, 0x13, 0xfc, 0xb6, 0xe1, 0xb7, 0x43, 0xfa, 0xed, 0x5b,
    0xff, 0xea, 0xa7, 0x7e, 0x87, 0xab, 0xae, 0x7a, 0xd1, 0x21, 0xae, 0xba, 0xea, 0x45, 0xf0, 0xe0,
    0x97, 0x7e, 0xeb, 0x97, 0x4e, 0x78, 0x2f, 0xc1, 0x7b, 0x1b, 0x8e, 0x73, 0xd5, 0x55, 0x57, 0x5d,
    0x75, 0xd5, 0xff, 0x18, 0x82, 0x5d, 0xc3, 0x77, 0x07, 0x7c, 0xcf, 0xad, 0x7f, 0xfd, 0xd3, 0x7f,
    0xcd, 0x55, 0x57, 0xbd, 0x70, 0x88, 0xab, 0xae, 0x7a, 0x01, 0x1e, 0xfc, 0xd2, 0x6f, 0xfd, 0x60,
    0xe0, 0xad, 0x0c, 0x1f, 0x6d, 0x78, 0x30, 0x57, 0x5d, 0x75, 0xd5, 0x55, 0x57, 0xfd, 0x8f, 0x27,
    0xb8, 0x55, 0xf0, 0xd5, 0xc0, 0xcf, 0xdc, 0xfa, 0xd7, 0x3f, 0x7d, 0x2b, 0x57, 0x5d, 0xf5, 0xbc,
    0x10, 0x57, 0x5d, 0xf5, 0x5c, 0x1e, 0xfc, 0xd2, 0x6f, 0xfd, 0xd2, 0x09, 0x1f, 0x05, 0xbc, 0x37,
    0x57, 0x5d, 0x75, 0xd5, 0x55, 0x57, 0xfd, 0x6f, 0xf6, 0xdd, 0x01, 0x5f, 0x73, 0xeb, 0x5f, 0xff,
    0xf4, 0x5f, 0x73, 0xd5, 0x55, 0xcf, 0x86, 0xb8, 0xea, 0xaa, 0x67, 0x7a, 0xf0, 0x4b, 0xbf, 0xf5,
    0x6b, 0x1b, 0x3e, 0xcb, 0xf0, 0xda, 0x5c, 0x75, 0xd5, 0x55, 0x57, 0x5d, 0xf5, 0x7f, 0x86, 0xe0,
    0xb7, 0x05, 0x9f, 0x73, 0xeb, 0x5f, 0xff, 0xf4, 0x6f, 0x73, 0xd5, 0x55, 0x80, 0xb8, 0xea, 0xff,
    0xbd, 0x07, 0xbf, 0xf4, 0x5b, 0xbf, 0xb6, 0xe1, 0xb3, 0x0c, 0xaf, 0xcd, 0x55, 0x57, 0x5d, 0x75,
    0xd5, 0x55, 0xff, 0x67, 0x09, 0x7e, 0x5b, 0xf0, 0x39, 0xb7, 0xfe, 0xf5, 0x4f, 0xff, 0x36, 0x57,
    0xfd, 0x7f, 0x86, 0xb8, 0xea, 0xff, 0xad, 0x07, 0xbf, 0xf4, 0x5b, 0x1f, 0x37, 0x7c, 0x97, 0xe1,
    0xad, 0xb9, 0xea, 0xaa, 0xab, 0xae, 0xba, 0xea, 0xff, 0x0d, 0xc1, 0x4f, 0x0b, 0xde, 0xe7, 0xd6,
    0xbf, 0xfe, 0xe9, 0x5d, 0xae, 0xfa, 0xff, 0x08, 0x71, 0xd5, 0xff, 0x4b, 0x0f, 0x7e, 0xe9, 0xb7,
    0xfe, 0x28, 0xc3, 0x67, 0x1b, 0x8e, 0x73, 0xd5, 0x55, 0x57, 0x5d, 0x75, 0xd5, 0xff, 0x3b, 0x82,
    0x5d, 0xc1, 0x67, 0xdf, 0xfa, 0xd7, 0x3f, 0xfd, 0x35, 0x5c, 0xf5, 0xff, 0x0d, 0xe2, 0xaa, 0xff,
    0x57, 0x1e, 0xfc, 0xd2, 0x6f, 0xfd, 0xda, 0x86, 0xaf, 0x32, 0xbc, 0x34, 0x57, 0x5d, 0x75, 0xd5,
    0x55, 0x57, 0xfd, 0xbf, 0x27, 0xf8, 0x6b, 0xc1, 0xc7, 0xdc, 0xfa, 0xd7, 0x3f, 0xfd, 0xdb, 0x5c,
    0xf5, 0xff, 0x05, 0xe2, 0xaa, 0xff, 0x37, 0x6e, 0x79, 0xe9, 0xb7, 0xfe, 0x2c, 0xe0, 0xb3, 0xb9,
    0xea, 0xaa, 0xab, 0xae, 0xba, 0xea, 0xaa, 0xe7, 0xf5, 0xd9, 0xb7, 0xfd, 0xf5, 0x4f, 0x7f, 0x0e,
    0x57, 0xfd, 0x7f, 0x80, 0xb8, 0xea, 0xff, 0xbc, 0x07, 0xbf, 0xf4, 0x5b, 0x1f, 0x37, 0xfc, 0x94,
    0xe1, 0xb5, 0xb9, 0xea, 0xaa, 0xab, 0xae, 0xba, 0xea, 0xaa, 0x17, 0x40, 0xf0, 0xdb, 0x82, 0xb7,
    0xb9, 0xf5, 0xaf, 0x7f, 0x7a, 0x97, 0xab, 0xfe, 0x2f, 0x43, 0x5c, 0xf5, 0x7f, 0xda, 0x83, 0x5f,
    0xfa, 0xad, 0x5f, 0xdb, 0xf0, 0x53, 0x86, 0xe3, 0x5c, 0x75, 0xd5, 0x55, 0x57, 0x5d, 0x75, 0xd5,
    0xbf, 0x40, 0xb0, 0x2b, 0x78, 0x9b, 0x5b, 0xff, 0xfa, 0xa7, 0x7f, 0x9b, 0xab, 0xfe, 0xaf, 0x42,
    0x5c, 0xf5, 0x7f, 0xd6, 0x2d, 0x2f, 0xfd, 0xd6, 0x9f, 0x05, 0x7c, 0x36, 0x57, 0x5d, 0x75, 0xd5,
    0x55, 0x57, 0x5d, 0xf5, 0xaf, 0xf7, 0xd9, 0xb7, 0xfd, 0xf5, 0x4f, 0x7f, 0x0e, 0x57, 0xfd, 0x5f,
    0x84, 0xb8, 0xea, 0xff, 0xa4, 0x5b, 0x5e, 0xfa, 0xad, 0xbf, 0x0b, 0x78, 0x6f, 0xae, 0xba, 0xea,
    0xaa, 0xab, 0xae, 0xba, 0xea, 0xdf, 0xee, 0xbb, 0x6f, 0xfb, 0xeb, 0x9f, 0x7e, 0x1f, 0xae, 0xfa,
    0xbf, 0x06, 0x71, 0xd5, 0xff, 0x29, 0x0f, 0x7e, 0xe9, 0xb7, 0x3e, 0x6e, 0xf8, 0x2e, 0xc3, 0x5b,
    0x73, 0xd5, 0x55, 0x57, 0x5d, 0x75, 0xd5, 0x55, 0xff, 0x4e, 0x82, 0x9f, 0x16, 0xbc, 0xcf, 0xad,
    0x7f, 0xfd, 0xd3, 0xbb, 0x5c, 0xf5, 0x7f, 0x05, 0xe2, 0xaa, 0xff, 0x33, 0x1e, 0xfc, 0xd2, 0x6f,
    0x7d, 0xdc, 0xf0, 0x5b, 0x86, 0x97, 0xe6, 0xaa, 0xab, 0xae, 0xba, 0xea, 0xaa, 0xab, 0xfe, 0x83,
    0x08, 0xfe, 0x5a, 0xf0, 0x3a, 0xb7, 0xfe, 0xf5, 0x4f, 0xef, 0x72, 0xd5, 0xff, 0x05, 0x88, 0xab,
    0xfe, 0x4f, 0x78, 0xf0, 0x4b, 0xbf, 0xf5, 0x71, 0xc3, 0x6f, 0x19, 0x5e, 0x9a, 0xab, 0xae, 0xba,
    0xea, 0xaa, 0xab, 0xae, 0xfa, 0x0f, 0x26, 0xf8, 0x6b, 0xc1, 0xeb, 0xdc, 0xfa, 0xd7, 0x3f, 0xbd,
    0xcb, 0x55, 0xff, 0xdb, 0x21, 0xae, 0xfa, 0x5f, 0xef, 0xc1, 0x2f, 0xfd, 0xd6, 0xc7, 0x0d, 0xbf,
    0x65, 0x78, 0x69, 0xae, 0xba, 0xea, 0xaa, 0xab, 0xae, 0xba, 0xea, 0x3f, 0x89, 0xe0, 0xaf, 0x05,
    0xaf, 0x73, 0xeb, 0x5f, 0xff, 0xf4, 0x2e, 0x57, 0xfd, 0x6f, 0x86, 0xb8, 0xea, 0x7f, 0xb5, 0x07,
    0xbf, 0xf4, 0x5b, 0x1f, 0x37, 0xfc, 0x96, 0xe1, 0xa5, 0xb9, 0xea, 0xaa, 0xab, 0xae, 0xba, 0xea,
    0xaa, 0xff, 0x64, 0x82, 0xbf, 0x16, 0xbc, 0xce, 0xad, 0x7f, 0xfd, 0xd3, 0xbb, 0x5c, 0xf5, 0xbf,
    0x15, 0xe2, 0xaa, 0xff, 0xd5, 0x1e, 0xf4, 0xd2, 0x6f, 0xfd, 0x53, 0x86, 0xb7, 0xe6, 0xaa, 0xab,
    0xae, 0xba, 0xea, 0xaa, 0xab, 0xfe, 0x8b, 0x08, 0x7e, 0xfa, 0x19, 0x7f, 0xfd, 0xd3, 0x6f, 0xc3,
    0x55, 0xff, 0x5b, 0x21, 0xae, 0xfa, 0x5f, 0xeb, 0x96, 0x97, 0x7e, 0xeb, 0xef, 0x02, 0xde, 0x9b,
    0xab, 0xae, 0xba, 0xea, 0xaa, 0xab, 0xae, 0xfa, 0xaf, 0xf7, 0xdd, 0xb7, 0xfd, 0xf5, 0x4f, 0xbf,
    0x0f, 0x57, 0xfd, 0x6f, 0x84, 0xb8, 0xea, 0x7f, 0xa5, 0x5b, 0x5e, 0xfa, 0xad, 0x3f, 0x1b, 0xf8,
    0x2c, 0xae, 0xba, 0xea, 0xaa, 0xab, 0xae, 0xba, 0xea, 0xbf, 0xcf, 0xe7, 0xdc, 0xf6, 0xd7, 0x3f,
    0xfd, 0xd9, 0x5c, 0xf5, 0xbf, 0x0d, 0xe2, 0xaa, 0xff, 0x75, 0x1e, 0xfc, 0xd2, 0x6f, 0xfd, 0xda,
    0x09, 0xbf, 0xc5, 0x55, 0x57, 0x5d, 0x75, 0xd5, 0x55, 0x57, 0xfd, 0x37, 0x0b, 0x78, 0x9d, 0x5b,
    0xff, 0xfa, 0xa7, 0x7f, 0x9b, 0xab, 0xfe, 0x37, 0x41, 0x5c, 0xf5, 0xbf, 0xca, 0x83, 0x5f, 0xfa,
    0xad, 0x8f, 0x1b, 0x9e, 0x6e, 0x38, 0xce, 0x55, 0x57, 0x5d, 0x75, 0xd5, 0x55, 0x57, 0xfd, 0x37,
    0x13, 0xec, 0x0a, 0x1e, 0x72, 0xeb, 0x5f, 0xff, 0xf4, 0x2e, 0x57, 0xfd, 0x6f, 0x81, 0xb8, 0xea,
    0x7f, 0x95, 0x07, 0xbd, 0xf4, 0x5b, 0xff, 0x96, 0xe1, 0xb5, 0xb9, 0xea, 0xaa, 0xab, 0xae, 0xba,
    0xea, 0xaa, 0xff, 0x21, 0x04, 0xbf, 0xfd, 0x8c, 0xbf, 0xfe, 0xe9, 0xd7, 0xe1, 0xaa, 0xff, 0x2d,
    0x10, 0x57, 0xfd, 0xaf, 0x71, 0xcb, 0x4b, 0xbf, 0xf5, 0x67, 0x03, 0x9f, 0xc5, 0x55, 0x57, 0x5d,
    0x75, 0xd5, 0x55, 0x57, 0xfd, 0xcf, 0xf3, 0x39, 0xb7, 0xfd, 0xf5, 0x4f, 0x7f, 0x36, 0x57, 0xfd,
    0x6f, 0x80, 0xb8, 0xea, 0x7f, 0x85, 0x07, 0xbf, 0xf4, 0x5b, 0xbf, 0x76, 0xc2, 0x6f, 0x71, 0xd5,
    0x55, 0x57, 0x5d, 0x75, 0xd5, 0x55, 0xff, 0x43, 0x05, 0xbc, 0xce, 0xad, 0x7f, 0xfd, 0xd3, 0xbf,
    0xcd, 0x55, 0xff, 0xd3, 0x21, 0xae, 0xfa, 0x5f, 0xe1, 0x41, 0x2f, 0xfd, 0xd6, 0x7f, 0x65, 0x78,
    0x69, 0xae, 0xba, 0xea, 0xaa, 0xab, 0xae, 0xba, 0xea, 0x7f, 0x28, 0xc1, 0x5f, 0x3f, 0xe3, 0xaf,
    0x7f, 0xfa, 0x65, 0xb8, 0xea, 0x7f, 0x3a, 0xc4, 0x55, 0xff, 0xe3, 0x3d, 0xf8, 0xa5, 0xdf, 0xfa,
    0xa3, 0x13, 0xbe, 0x8a, 0xab, 0xae, 0xba, 0xea, 0xaa, 0xab, 0xae, 0xfa, 0x1f, 0x2e, 0xe0, 0x63,
    0x6e, 0xfd, 0xeb, 0x9f, 0xfe, 0x6a, 0xae, 0xfa, 0x9f, 0x0c, 0x71, 0xd5, 0xff, 0x68, 0x0f, 0x7e,
    0xe9, 0xb7, 0x3e, 0x6e, 0x78, 0xba, 0xe1, 0x38, 0x57, 0x5d, 0x75, 0xd5, 0x55, 0x57, 0x5d, 0xf5,
    0x3f, 0x9c, 0x60, 0x57, 0xf0, 0x90, 0x5b, 0xff, 0xfa, 0xa7, 0x77, 0xb9, 0xea, 0x7f, 0x2a, 0xc4,
    0x55, 0xff, 0xa3, 0x3d, 0xe8, 0xa5, 0xdf, 0xfa, 0xa7, 0x0c, 0x6f, 0xcd, 0x55, 0x57, 0x5d, 0x75,
    0xd5, 0x55, 0x57, 0xfd, 0xef, 0xf1, 0x3d, 0xb7, 0xfd, 0xf5, 0x4f, 0xbf, 0x37, 0x57, 0xfd, 0x4f,
    0x85, 0xb8, 0xea, 0x7f, 0xac, 0x07, 0xbf, 0xf4, 0x5b, 0xbf, 0x76, 0xc2, 0x6f, 0x71, 0xd5, 0x55,
    0x57, 0x5d, 0x75, 0xd5, 0x55, 0xff, 0xcb, 0x04, 0xbc, 0xce, 0xad, 0x7f, 0xfd, 0xd3, 0xbf, 0xcd,
    0x55, 0xff, 0x13, 0x21, 0xae, 0xfa, 0x1f, 0xeb, 0x41, 0x2f, 0xfd, 0xd6, 0xbf, 0x65, 0x78, 0x6d,
    0xae, 0xba, 0xea, 0xaa, 0xab, 0xae, 0xba, 0xea, 0x7f, 0x19, 0xc1, 0x6f, 0x3f, 0xe3, 0xaf, 0x7f,
    0xfa, 0x75, 0xb8, 0xea, 0x7f, 0x22, 0xc4, 0x55, 0xff, 0x23, 0x3d, 0xf8, 0xa5, 0xdf, 0xfa, 0xb5,
    0x13, 0x7e, 0x8b, 0xab, 0xae, 0xba, 0xea, 0xaa, 0xab, 0xae, 0xfa, 0x5f, 0x2a, 0xe0, 0x75, 0x6e,
    0xfd, 0xeb, 0x9f, 0xfe, 0x6d, 0xae, 0xfa, 0x9f, 0x06, 0x71, 0xd5, 0xff, 0x48, 0x0f, 0x7a, 0xe9,
    0xb7, 0xfe, 0x2d, 0xc3, 0x6b, 0x73, 0xd5, 0x55, 0x57, 0x5d, 0x75, 0xd5, 0x55, 0xff, 0x4b, 0x09,
    0x7e, 0xfb, 0x19, 0x7f, 0xfd, 0xd3, 0xaf, 0xc3, 0x55, 0xff, 0xd3, 0x20, 0xae, 0xfa, 0x1f, 0xe7,
    0xc1, 0x2f, 0xfd, 0xd6, 0x2f, 0x9d, 0xf0, 0x57, 0x5c, 0x75, 0xd5, 0x55, 0x57, 0x5d, 0x75, 0xd5,
    0xff, 0x72, 0x01, 0x0f, 0xb9, 0xf5, 0xaf, 0x7f, 0xfa, 0x56, 0xae, 0xfa, 0x9f, 0x04, 0x71, 0xd5,
    0xff, 0x38, 0xb7, 0xbc, 0xf4, 0x5b, 0x7f, 0x37, 0xf0, 0x5e, 0x5c, 0x75, 0xd5, 0x55, 0x57, 0x5d,
    0x75, 0xd5, 0xff, 0x7e, 0xdf, 0x73, 0xdb, 0x5f, 0xff, 0xf4, 0x7b, 0x73, 0xd5, 0xff, 0x24, 0x88,
    0xab, 0xfe, 0x47, 0x79, 0xf0, 0x4b, 0xbf, 0xf5, 0x83, 0x13, 0x9e, 0xce, 0x55, 0x57, 0x5d, 0x75,
    0xd5, 0x55, 0x57, 0xfd, 0x1f, 0x11, 0xf0, 0x90, 0x5b, 0xff, 0xfa, 0xa7, 0x6f, 0xe5, 0xaa, 0xff,
    0x29, 0x10, 0x57, 0xfd, 0x8f, 0xf2, 0xe0, 0x97, 0x7e, 0xeb, 0x8f, 0x4e, 0xf8, 0x2a, 0xae, 0xba,
    0xea, 0xaa, 0xab, 0xae, 0xba, 0xea, 0xff, 0x88, 0x80, 0x8f, 0xb9, 0xf5, 0xaf, 0x7f, 0xfa, 0xab,
    0xb9, 0xea, 0x7f, 0x0a, 0xc4, 0x55, 0xff, 0xa3, 0x3c, 0xe8, 0xa5, 0xdf, 0xfa, 0xe9, 0x86, 0x07,
    0x73, 0xd5, 0x55, 0x57, 0x5d, 0x75, 0xd5, 0x55, 0xff, 0x47, 0x08, 0x6e, 0x7d, 0xc6, 0x5f, 0xff,
    0xf4, 0x43, 0xb8, 0xea, 0x7f, 0x0a, 0xc4, 0x55, 0xff, 0x63, 0x3c, 0xf8, 0xa5, 0xdf, 0xfa, 0xa5,
    0x13, 0xfe, 0x8a, 0xab, 0xae, 0xba, 0xea, 0xaa, 0xab, 0xae, 0xfa, 0x3f, 0x26, 0xe0, 0x65, 0x6e,
    0xfd, 0xeb, 0x9f, 0xfe, 0x6b, 0xae, 0xfa, 0x9f, 0x00, 0x71, 0xd5, 0xff, 0x18, 0xb7, 0xbc, 0xf4,
    0x5b, 0x7f, 0x35, 0xf0, 0x51, 0x5c, 0x75, 0xd5, 0x55, 0x57, 0x5d, 0x75, 0xd5, 0xff, 0x3d, 0x5f,
    0x73, 0xdb, 0x5f, 0xff, 0xf4, 0x47, 0x73, 0xd5, 0xff, 0x04, 0x88, 0xab, 0xfe, 0xc7, 0x78, 0xd0,
    0x4b, 0xbf, 0xf5, 0x45, 0xc3, 0x71, 0xae, 0xba, 0xea, 0xaa, 0xab, 0xae, 0xba, 0xea, 0xff, 0x18,
    0xc1, 0xee, 0x33, 0xfe, 0xfa, 0xa7, 0x4f, 0x70, 0xd5, 0xff, 0x04, 0x88, 0xab, 0xfe, 0x47, 0x78,
    0xf0, 0x4b, 0xbf, 0xf5, 0x6b, 0x27, 0xfc, 0x16, 0x57, 0x5d, 0x75, 0xd5, 0x55, 0x57, 0x5d, 0xf5,
    0x7f, 0x54, 0xc0, 0xeb, 0xdc, 0xfa, 0xd7, 0x3f, 0xfd, 0xdb, 0x5c, 0xf5, 0xdf, 0x0d, 0x71, 0xd5,
    0xff, 0x08, 0xb7, 0xbc, 0xf4, 0x5b, 0x7f, 0x36, 0xf0, 0x59, 0x5c, 0x75, 0xd5, 0x55, 0x57, 0x5d,
    0x75, 0xd5, 0xff, 0x5d, 0x9f, 0x73, 0xdb, 0x5f, 0xff, 0xf4, 0x67, 0x73, 0xd5, 0x7f, 0x37, 0xc4,
    0x55, 0xff, 0x23, 0x3c, 0xe8, 0xa5, 0xdf, 0xfa, 0xb7, 0x0d, 0xaf, 0xc5, 0x55, 0x57, 0x5d, 0x75,
    0xd5, 0x55, 0x57, 0xfd, 0x1f, 0x25, 0xf8, 0x9d, 0x67, 0xfc, 0xf5, 0x4f, 0xbf, 0x36, 0x57, 0xfd,
    0x77, 0x43, 0x5c, 0xf5, 0xdf, 0xee, 0xc1, 0x2f, 0xfd, 0xd6, 0xc7, 0x13, 0x2e, 0x72, 0xd5, 0x55,
    0x57, 0x5d, 0x75, 0xd5, 0x55, 0xff, 0xc7, 0xdd, 0xf6, 0xd7, 0x3f, 0x2d, 0xae, 0xfa, 0xef, 0x86,
    0xb8, 0xea, 0xbf, 0xdd, 0x83, 0x5f, 0xfa, 0xad, 0xdf, 0x3a, 0xe1, 0xa7, 0xb8, 0xea, 0xaa, 0xab,
    0xae, 0xba, 0xea, 0xaa, 0xff, 0xe3, 0x02, 0xde, 0xe6, 0xd6, 0xbf, 0xfe, 0xe9, 0x9f, 0xe6, 0xaa,
    0xff, 0x4e, 0x88, 0xab, 0xfe, 0xdb, 0xdd, 0xf2, 0xd2, 0x6f, 0xfd, 0xd5, 0xc0, 0x47, 0x71, 0xd5,
    0x55, 0x57, 0x5d, 0x75, 0xd5, 0x55, 0xff, 0xf7, 0x7d, 0xcd, 0x6d, 0x7f, 0xfd, 0xd3, 0x1f, 0xcd,
    0x55, 0xff, 0x9d, 0x10, 0x57, 0xfd, 0xb7, 0x7b, 0xd0, 0x4b, 0xbf, 0xf5, 0x6f, 0x1b, 0x5e, 0x8b,
    0xab, 0xae, 0xba, 0xea, 0xaa, 0xab, 0xae, 0xfa, 0x3f, 0x4e, 0xf0, 0x3b, 0xcf, 0xf8, 0xeb, 0x9f,
    0x7e, 0x6d, 0xae, 0xfa, 0xef, 0x84, 0xb8, 0xea, 0xbf, 0xdd, 0x83, 0x5e, 0xfa, 0xad, 0x2f, 0x1a,
    0x8e, 0x73, 0xd5, 0x55, 0x57, 0x5d, 0x75, 0xd5, 0x55, 0xff, 0xc7, 0x09, 0x76, 0x9f, 0xf1, 0xd7,
    0x3f, 0x7d, 0x82, 0xab, 0xfe, 0x3b, 0x21, 0xae, 0xfa, 0x6f, 0x77, 0xcb, 0x4b, 0xbf, 0xb5, 0xb9,
    0xea, 0xaa, 0xab, 0xae, 0xba, 0xea, 0xaa, 0xff, 0x27, 0x6e, 0xfb, 0xeb, 0x9f, 0x16, 0x57, 0xfd,
    0x77, 0x42, 0x5c, 0xf5, 0xdf, 0xea, 0xc1, 0x2f, 0xfd, 0xd6, 0xaf, 0x9d, 0xf0, 0x5b, 0x5c, 0x75,
    0xd5, 0x55, 0x57, 0x5d, 0x75, 0xd5, 0xff, 0x13, 0x01, 0xaf, 0x73, 0xeb, 0x5f, 0xff, 0xf4, 0x6f,
    0x73, 0xd5, 0x7f, 0x17, 0xc4, 0x55, 0xff, 0xad, 0x1e, 0xfc, 0xd2, 0x6f, 0xfd, 0xde, 0x09, 0xdf,
    0xc5, 0x55, 0x57, 0x5d, 0x75, 0xd5, 0x55, 0x57, 0xfd, 0x3f, 0x11, 0xf0, 0x3e, 0xb7, 0xfe, 0xf5,
    0x4f, 0x7f, 0x37, 0x57, 0xfd, 0x77, 0x41, 0x5c, 0xf5, 0xdf, 0xea, 0x96, 0x97, 0x7e, 0xeb, 0xcf,
    0x06, 0x3e, 0x8b, 0xab, 0xae, 0xba, 0xea, 0xaa, 0xab, 0xae, 0xfa, 0xff, 0xe3, 0x73, 0x6e, 0xfb,
    0xeb, 0x9f, 0xfe, 0x6c, 0xae, 0xfa, 0xef, 0x82, 0xb8, 0xea, 0xbf, 0xd5, 0x2d, 0x2f, 0xfd, 0xd6,
    0x3f, 0x0d, 0xbc, 0x15, 0x57, 0x5d, 0x75, 0xd5, 0x55, 0x57, 0x5d, 0xf5, 0xff, 0xc7, 0xcf, 0xdc,
    0xf6, 0xd7, 0x3f, 0xfd, 0xd6, 0x5c, 0xf5, 0xdf, 0x05, 0x71, 0xd5, 0x7f, 0xab, 0x07, 0xbd, 0xf4,
    0x5b, 0xff, 0xb6, 0xe1, 0xb5, 0xb8, 0xea, 0xaa, 0xab, 0xae, 0xba, 0xea, 0xaa, 0xff, 0x27, 0x04,
    0xbf, 0xf3, 0x8c, 0xbf, 0xfe, 0xe9, 0xd7, 0xe6, 0xaa, 0xff, 0x2e, 0x88, 0xab, 0xfe, 0x5b, 0x3d,
    0xe8, 0xa5, 0xdf, 0xfa, 0xb7, 0x0d, 0xaf, 0xc5, 0x55, 0x57, 0x5d, 0x75, 0xd5, 0x55, 0x57, 0xfd,
    0x3f, 0x21, 0xf8, 0x9d, 0x67, 0xfc, 0xf5, 0x4f, 0xbf, 0x36, 0x57, 0xfd, 0x77, 0x41, 0x5c, 0xf5,
    0xdf, 0xea, 0x41, 0x2f, 0xfd, 0xd6, 0xbf, 0x6d, 0x78, 0x2d, 0xae, 0xba, 0xea, 0xaa, 0xab, 0xae,
    0xba, 0xea, 0xff, 0x09, 0xc1, 0xef, 0x3c, 0xe3, 0xaf, 0x7f, 0xfa, 0xb5, 0xb9, 0xea, 0xbf, 0x0b,
    0xe2, 0xaa, 0xff, 0x56, 0x0f, 0x7a, 0xe9, 0xb7, 0x7e, 0xba, 0xe1, 0xc1, 0x5c, 0x75, 0xd5, 0x55,
    0x57, 0x5d, 0x75, 0xd5, 0xff, 0x13, 0x82, 0x5b, 0x9f, 0xf1, 0xd7, 0x3f, 0xfd, 0x10, 0xae, 0xfa,
    0xef, 0x82, 0xb8, 0xea, 0xbf, 0xd5, 0x2d, 0x2f, 0xfd, 0xd6, 0xe6, 0xaa, 0xab, 0xae, 0xba, 0xea,
    0xaa, 0xab, 0xfe, 0x9f, 0xb9, 0xed, 0xaf, 0x7f, 0x5a, 0x5c, 0xf5, 0xdf, 0x05, 0x71, 0xd5, 0x7f,
    0xab, 0x5b, 0x5e, 0xfa, 0xad, 0xcd, 0x55, 0x57, 0x5d, 0x75, 0xd5, 0x55, 0x57, 0xfd, 0x3f, 0x73,
    0xdb, 0x5f, 0xff, 0xb4, 0xb8, 0xea, 0xbf, 0x0b, 0xe2, 0xaa, 0xff, 0x56, 0xb7, 0xbc, 0xf4, 0x5b,
    0x9b, 0xab, 0xae, 0xba, 0xea, 0xaa, 0xab, 0xae, 0xfa, 0x7f, 0xe6, 0xb6, 0xbf, 0xfe, 0x69, 0x71,
    0xd5, 0x7f, 0x17, 0xc4, 0x55, 0xff, 0xad, 0x6e, 0x79, 0xe9, 0xb7, 0x36, 0x57, 0x5d, 0x75, 0xd5,
    0x55, 0x57, 0x5d, 0xf5, 0xff, 0xcc, 0x6d, 0x7f, 0xfd, 0xd3, 0xe2, 0xaa, 0xff, 0x2e, 0x88, 0xab,
    0xfe, 0x5b, 0xdd, 0xf2, 0xd2, 0x6f, 0x6d, 0xae, 0xba, 0xea, 0xaa, 0xab, 0xae, 0xba, 0xea, 0xff,
    0x99, 0xdb, 0xfe, 0xfa, 0xa7, 0xc5, 0x55, 0xff, 0x5d, 0x10, 0x57, 0xfd, 0xb7, 0xba, 0xe5, 0xa5,
    0xdf, 0xda, 0x5c, 0x75, 0xd5, 0x55, 0x57, 0x5d, 0x75, 0xd5, 0xff, 0x33, 0xb7, 0xfd, 0xf5, 0x4f,
    0x8b, 0xab, 0xfe, 0xbb, 0x20, 0xae, 0xfa, 0x6f, 0x75, 0xcb, 0x4b, 0xbf, 0xb5, 0xb9, 0xea, 0xaa,
    0xe7, 0x43, 0xf0, 0x37, 0x86, 0x5b, 0x81, 0xbf, 0x0e, 0xb8, 0x15, 0xb8, 0x95, 0x2b, 0x6e, 0xbd,
    0xf5, 0xaf, 0x7f, 0xfa, 0x56, 0xfe, 0x07, 0x79, 0xf0, 0x4b, 0xbf, 0xf5, 0x83, 0x81, 0x07, 0x73,
    0xc5, 0x83, 0x13, 0x1e, 0x2c, 0x78, 0x6d, 0xe0, 0xb8, 0xe1, 0xa5, 0xb8, 0xea, 0x3f, 0x95, 0xe0,
    0x6f, 0x0c, 0xbf, 0x1d, 0xf0, 0xdb, 0xc0, 0xad, 0xb7, 0xfe, 0xf5, 0x4f, 0xff, 0x35, 0xff, 0x81,
    0x1e, 0xfc, 0xd2, 0x6f, 0xfd, 0xd2, 0xc0, 0x83, 0x13, 0x5e, 0x5b, 0xf0, 0xda, 0x86, 0x97, 0xe2,
    0xaa, 0xab, 0xfe, 0x9d, 0x6e, 0xfb, 0xeb, 0x9f, 0x16, 0x57, 0xfd, 0x77, 0x41, 0x5c, 0xf5, 0xdf,
    0xea, 0x96, 0x97, 0x7e, 0x6b, 0x73, 0xd5, 0x55, 0x80, 0xe0, 0x6f, 0x0c, 0xbf, 0x1d, 0xf0, 0xdb,
    0xc0, 0x6f, 0xdf, 0xfa, 0xd7, 0x3f, 0xbd, 0xcb, 0xff, 0x01, 0x0f, 0x7e, 0xe9, 0xb7, 0x3e, 0x0e,
    0xbc, 0x76, 0xc2, 0x6b, 0x0b, 0x5e, 0xdb, 0xf0, 0x52, 0x5c, 0xf5, 0xef, 0x26, 0x78, 0x86, 0xe1,
    0xbb, 0x03, 0xbe, 0xfb, 0xd6, 0xbf, 0xfe, 0xe9, 0x5b, 0xf9, 0x2f, 0xf4, 0xe0, 0x97, 0x7e, 0xeb,
    0x07, 0x27, 0xbc, 0xb7, 0xe0, 0xbd, 0x0d, 0x0f, 0xe2, 0xaa, 0xab, 0xfe, 0x0d, 0x6e, 0xfb, 0xeb,
    0x9f, 0x16, 0x57, 0xfd, 0x77, 0x41, 0x5c, 0xf5, 0xdf, 0xea, 0x96, 0x97, 0x7e, 0x6b, 0x73, 0xd5,
    0xff, 0x5b, 0x82, 0x67, 0x18, 0xbe, 0x3b, 0xe0, 0xbb, 0x6f, 0xfd, 0xeb, 0x9f, 0xbe, 0x95, 0xff,
    0x07, 0x1e, 0xfc, 0xd2, 0x6f, 0xfd, 0xe0, 0x84, 0xf7, 0x16, 0xbc, 0xb7, 0xe1, 0x41, 0x5c, 0xf5,
    0xaf, 0x22, 0xb8, 0x24, 0xf8, 0xec, 0x5b, 0xff, 0xfa, 0xa7, 0xbf, 0x9a, 0xff, 0x01, 0x1e, 0xfc,
    0xd2, 0x6f, 0xfd, 0xd1, 0x86, 0xcf, 0x36, 0x1c, 0xe3, 0xaa, 0xab, 0xfe, 0x15, 0x6e, 0xfb, 0xeb,
    0x9f, 0x16, 0x57, 0xfd, 0x77, 0x41, 0x5c, 0xf5, 0xdf, 0xea, 0x96, 0x97, 0x7e, 0x6b, 0x73, 0xd5,
    0xff, 0x47, 0xdf, 0x13, 0xf0, 0xd5, 0xb7, 0xfe, 0xf5, 0x4f, 0xff, 0x35, 0xff, 0x8f, 0x3d, 0xf8,
    0xa5, 0xdf, 0xfa, 0xa5, 0x13, 0x3e, 0x1a, 0x78, 0x2f, 0xae, 0x7a, 0x51, 0xfc, 0x4c, 0xc0, 0x7b,
    0xdf, 0xfa, 0xd7, 0x3f, 0xbd, 0xcb, 0xff, 0x20, 0x0f, 0x7e, 0xe9, 0xb7, 0x3e, 0x9e, 0xf0, 0xdd,
    0xc0, 0x5b, 0x71, 0xd5, 0x55, 0x2f, 0xa2, 0xdb, 0xfe, 0xfa, 0xa7, 0xc5, 0x55, 0xff, 0x5d, 0x10,
    0x57, 0xfd, 0xb7, 0xba, 0xe5, 0xa5, 0xdf, 0xda, 0x5c, 0xf5, 0xff, 0xc9, 0xf7, 0x04, 0x7c, 0xf6,
    0xad, 0x7f, 0xfd, 0xd3, 0xb7, 0x72, 0xd5, 0xb3, 0x3c, 0xf8, 0xa5, 0xdf, 0xfa, 0xc1, 0x09, 0x9f,
    0x0d, 0xbc, 0x17, 0x57, 0x3d, 0x5f, 0x01, 0x1f, 0x73, 0xeb, 0x5f, 0xff, 0xf4, 0x57, 0xf3, 0x3f,
    0xd8, 0x83, 0x5f, 0xfa, 0xad, 0x3f, 0x3a, 0xe1, 0xab, 0xb8, 0xea, 0xaa, 0x17, 0xc1, 0x6d, 0x7f,
    0xfd, 0xd3, 0xe2, 0xaa, 0xff, 0x2e, 0x88, 0xab, 0xfe, 0x5b, 0xdd, 0xf2, 0xd2, 0x6f, 0x6d, 0xae,
    0xfa, 0xff, 0xe0, 0x7b, 0x02, 0x3e, 0xfb, 0xd6, 0xbf, 0xfe, 0xe9, 0x5b, 0xb9, 0xea, 0x05, 0x7a,
    0xf0, 0x4b, 0xbf, 0xf5, 0x83, 0x13, 0x3e, 0x1b, 0x78, 0x2f, 0xae, 0xba, 0x4c, 0x70, 0x49, 0xf0,
    0xd1, 0xb7, 0xfe, 0xf5, 0x4f, 0x7f, 0x37, 0xff, 0x0b, 0x3c, 0xf8, 0xa5, 0xdf, 0xfa, 0xbd, 0x13,
    0xbe, 0x8b, 0xab, 0xae, 0xfa, 0x17, 0xdc, 0xf6, 0xd7, 0x3f, 0x2d, 0xae, 0xfa, 0xef, 0x82, 0xb8,
    0xea, 0xbf, 0xd5, 0x2d, 0x2f, 0xfd, 0xd6, 0xe6, 0xaa, 0xff, 0xb3, 0x04, 0x7f, 0x23, 0xf8, 0xe8,
    0x5b, 0xff, 0xfa, 0xa7, 0x7f, 0x9b, 0xab, 0x5e, 0x64, 0x0f, 0x7e, 0xe9, 0xb7, 0x7e, 0x6d, 0xc3,
    0x57, 0x1b, 0x5e, 0x8a, 0xff, 0xe7, 0x02, 0xde, 0xe7, 0xd6, 0xbf, 0xfe, 0xe9, 0xef, 0xe6, 0x7f,
    0x91, 0x07, 0xbf, 0xf4, 0x5b, 0xbf, 0x77, 0xc2, 0x77, 0x71, 0xd5, 0x55, 0x2f, 0xc4, 0x6d, 0x7f,
    0xfd, 0xd3, 0xe2, 0xaa, 0xff, 0x2e, 0x88, 0xab, 0xfe, 0x5b, 0xdd, 0xf2, 0xd2, 0x6f, 0x6d, 0xae,
    0xfa, 0x3f, 0x29, 0xe0, 0x63, 0x6e, 0xfd, 0xeb, 0x9f, 0xfe, 0x6a, 0xae, 0xfa, 0x37, 0xbb, 0xe5,
    0xa5, 0xdf, 0xfa, 0xb3, 0x81, 0xcf, 0xe2, 0xff, 0xa9, 0x80, 0x8f, 0xb9, 0xf5, 0xaf, 0x7f, 0xfa,
    0xab, 0xf9, 0x5f, 0xe8, 0xc1, 0x2f, 0xfd, 0xd6, 0x1f, 0x9d, 0xf0, 0x55, 0x5c, 0x75, 0xd5, 0x0b,
    0x70, 0xdb, 0x5f, 0xff, 0xb4, 0xb8, 0xea, 0xbf, 0x0b, 0xe2, 0xaa, 0xff, 0x56, 0xb7, 0xbc, 0xf4,
    0x5b, 0x9b, 0xab, 0xfe, 0x4f, 0x11, 0x3c, 0x43, 0xf0, 0xd6, 0xb7, 0xfe, 0xf5, 0x4f, 0xff, 0x35,
    0x57, 0xfd, 0xbb, 0x3d, 0xf8, 0xa5, 0xdf, 0xfa, 0xa5, 0x0d, 0x3f, 0x6d, 0x78, 0x10, 0xff, 0xbf,
    0xfc, 0xcc, 0x6d, 0x7f, 0xfd, 0xd3, 0x6f, 0xcd, 0xff, 0x62, 0xb7, 0xbc, 0xf4, 0x5b, 0xff, 0x34,
    0xf0, 0x56, 0x5c, 0x75, 0xd5, 0xf3, 0x71, 0xdb, 0x5f, 0xff, 0xb4, 0xb8, 0xea, 0xbf, 0x0b, 0xe2,
    0xaa, 0xff, 0x56, 0xb7, 0xbc, 0xf4, 0x5b, 0x9b, 0xab, 0xfe, 0x2f, 0xf9, 0x99, 0x80, 0xf7, 0xbe,
    0xf5, 0xaf, 0x7f, 0x7a, 0x97, 0xab, 0xfe, 0xc3, 0x3c, 0xf8, 0xa5, 0xdf, 0xfa, 0x78, 0xc2, 0x77,
    0x03, 0x6f, 0xc5, 0xff, 0x03, 0x82, 0x4b, 0x82, 0x07, 0xdf, 0xfa, 0xd7, 0x3f, 0xbd, 0xcb, 0xff,
    0x62, 0x0f, 0x7e, 0xe9, 0xb7, 0x3e, 0x6e, 0xb8, 0xd5, 0x70, 0x8c, 0xab, 0xae, 0x7a, 0x2e, 0xb7,
    0xfd, 0xf5, 0x4f, 0x8b, 0xab, 0xfe, 0xbb, 0x20, 0xae, 0xfa, 0x6f, 0x75, 0xcb, 0x4b, 0xbf, 0xb5,
    0xb9, 0xea, 0xff, 0x8a, 0xcf, 0xb9, 0xed, 0xaf, 0x7f, 0xfa, 0xb3, 0xb9, 0xea, 0x3f, 0xcd, 0x2d,
    0x2f, 0xfd, 0xd6, 0x5f, 0x0d, 0x7c, 0x14, 0xff, 0xc7, 0x05, 0x7c, 0xcc, 0xad, 0x7f, 0xfd, 0xd3,
    0x5f, 0xcd, 0xff, 0x01, 0x0f, 0x7e, 0xe9, 0xb7, 0xfe, 0xe8, 0x84, 0xaf, 0xe2, 0xaa, 0xab, 0x9e,
    0xcb, 0x6d, 0x7f, 0xfd, 0xd3, 0xe2, 0xaa, 0xff, 0x2e, 0x88, 0xab, 0xfe, 0x5b, 0xdd, 0xf2, 0xd2,
    0x6f, 0x6d, 0xae, 0xfa, 0x5f, 0x2f, 0xe0, 0x7d, 0x6e, 0xfd, 0xeb, 0x9f, 0xfe, 0x6e, 0xae, 0xfa,
    0x4f, 0xf7, 0xe0, 0x97, 0x7e, 0xeb, 0xf7, 0x4e, 0xf8, 0x2e, 0xfe, 0x8f, 0x12, 0x3c, 0xe3, 0x19,
    0x7f, 0xfd, 0xd3, 0x0f, 0xe6, 0xff, 0x90, 0x07, 0xbd, 0xf4, 0x5b, 0xdf, 0x6a, 0x78, 0x10, 0x57,
    0x5d, 0xf5, 0x00, 0xb7, 0xfd, 0xf5, 0x4f, 0x8b, 0xab, 0xfe, 0xbb, 0x20, 0xae, 0xfa, 0x6f, 0x75,
    0xcb, 0x4b, 0xbf, 0xb5, 0xb9, 0xea, 0x7f, 0xb5, 0x80, 0xf7, 0xb9, 0xf5, 0xaf, 0x7f, 0xfa, 0xbb,
    0xb9, 0xea, 0xbf, 0xcc, 0x83, 0x5f, 0xfa, 0xad, 0xdf, 0x3b, 0xe1, 0xbb, 0xf8, 0xbf, 0xe9, 0x73,
    0x6e, 0xfb, 0xeb, 0x9f, 0xfe, 0x6c, 0xfe, 0x0f, 0xb9, 0xe5, 0xa5, 0xdf, 0xfa, 0xb3, 0x81, 0xcf,
    0xe2, 0xaa, 0xab, 0x1e, 0xe0, 0xb6, 0xbf, 0xfe, 0x69, 0x71, 0xd5, 0x7f, 0x17, 0xc4, 0x55, 0xff,
    0xad, 0x6e, 0x79, 0xe9, 0xb7, 0x36, 0x57, 0xfd, 0xaf, 0x15, 0xf0, 0x3e, 0xb7, 0xfe, 0xf5, 0x4f,
    0x7f, 0x37, 0x57, 0xfd, 0x97, 0x7b, 0xf0, 0x4b, 0xbf, 0xf5, 0x7b, 0x27, 0x7c, 0x17, 0xff, 0xc7,
    0x04, 0x3c, 0xe4, 0xd6, 0xbf, 0xfe, 0xe9, 0x5b, 0xf9, 0x3f, 0xe4, 0xc1, 0x2f, 0xfd, 0xd6, 0x0f,
    0x4e, 0x78, 0x3a, 0x57, 0x5d, 0xf5, 0x00, 0xb7, 0xfd, 0xf5, 0x4f, 0x8b, 0xab, 0xfe, 0xbb, 0x20,
    0xae, 0xfa, 0x6f, 0x75, 0xcb, 0x4b, 0xbf, 0xb5, 0xb9, 0xea, 0x7f, 0xa5, 0x80, 0xf7, 0xb9, 0xf5,
    0xaf, 0x7f, 0xfa, 0xbb, 0xb9, 0xea, 0xbf, 0xcd, 0x83, 0x5f, 0xfa, 0xad, 0xdf, 0x3b, 0xe1, 0xbb,
    0xf8, 0x3f, 0x42, 0xf0, 0x37, 0xcf, 0xf8, 0xeb, 0x9f, 0x7e, 0x69, 0xfe, 0x0f, 0x7a, 0xd0, 0x4b,
    0xbf, 0xf5, 0x5f, 0x1b, 0x5e, 0x8a, 0xab, 0xae, 0x7a, 0xa6, 0xdb, 0xfe, 0xfa, 0xa7, 0xc5, 0x55,
    0xff, 0x5d, 0x10, 0x57, 0xfd, 0xb7, 0xba, 0xe5, 0xa5, 0xdf, 0xda, 0x5c, 0xf5, 0xbf, 0xd1, 0xe7,
    0xdc, 0xf6, 0xd7, 0x3f, 0xfd, 0xd9, 0x5c, 0xf5, 0xdf, 0xee, 0x96, 0x97, 0x7e, 0xeb, 0xaf, 0x06,
    0x3e, 0x8a, 0xff, 0x1b, 0xbe, 0xe6, 0xb6, 0xbf, 0xfe, 0xe9, 0x8f, 0xe6, 0xff, 0xa0, 0x5b, 0x5e,
    0xfa, 0xad, 0xbf, 0x1a, 0xf8, 0x28, 0xae, 0xba, 0xea, 0x99, 0x6e, 0xfb, 0xeb, 0x9f, 0x16, 0x57,
    0xfd, 0x77, 0x41, 0x5c, 0xf5, 0xdf, 0xea, 0x96, 0x97, 0x7e, 0x6b, 0x73, 0xd5, 0xff, 0x36, 0x3f,
    0x73, 0xdb, 0x5f, 0xff, 0xf4, 0x5b, 0x73, 0xd5, 0xff, 0x18, 0xb7, 0xbc, 0xf4, 0x5b, 0xff, 0x34,
    0xf0, 0x56, 0xfc, 0x2f, 0x17, 0xf0, 0x36, 0xb7, 0xfe, 0xf5, 0x4f, 0xff, 0x34, 0xff, 0x07, 0x3d,
    0xf8, 0xa5, 0xdf, 0xfa, 0xad, 0x13, 0x7e, 0x8a, 0xab, 0xae, 0x7a, 0xa6, 0xdb, 0xfe, 0xfa, 0xa7,
    0xc5, 0x55, 0xff, 0x5d, 0x10, 0x57, 0xfd, 0xb7, 0xba, 0xe5, 0xa5, 0xdf, 0xda, 0x5c, 0xf5, 0xbf,
    0x86, 0xe0, 0x19, 0x82, 0x97, 0xbe, 0xf5, 0xaf, 0x7f, 0x7a, 0x97, 0xab, 0xfe, 0xc7, 0x78, 0xf0,
    0x4b, 0xbf, 0xf5, 0x71, 0xc3, 0x5f, 0x1b, 0x1e, 0xc4, 0xff, 0x62, 0x01, 0x2f, 0x73, 0xeb, 0x5f,
    0xff, 0xf4, 0x5f, 0xf3, 0x7f, 0xd0, 0x83, 0x5f, 0xfa, 0xad, 0x5f, 0x3a, 0xe1, 0xaf, 0xb8, 0xea,
    0xaa, 0x67, 0xba, 0xed, 0xaf, 0x7f, 0x5a, 0x5c, 0xf5, 0xdf, 0x05, 0x71, 0xd5, 0x7f, 0xab, 0x5b,
    0x5e, 0xfa, 0xad, 0xcd, 0x55, 0xff, 0x6b, 0x04, 0xbc, 0xcc, 0xad, 0x7f, 0xfd, 0xd3, 0x7f, 0xcd,
    0x55, 0xff, 0xe3, 0x3c, 0xf8, 0xa5, 0xdf, 0xfa, 0xa5, 0x13, 0xfe, 0x8a, 0xff, 0xc5, 0x6e, 0xfb,
    0xeb, 0x9f, 0x16, 0xff, 0x87, 0xdd, 0xf2, 0xd2, 0x6f, 0x6d, 0xae, 0xba, 0xea, 0x99, 0x6e, 0xfb,
    0xeb, 0x9f, 0x16, 0x57, 0xfd, 0x77, 0x41, 0x5c, 0xf5, 0xdf, 0xea, 0x96, 0x97, 0x7e, 0x6b, 0x73,
    0xd5, 0xff, 0x0a, 0x01, 0x1f, 0x73, 0xeb, 0x5f, 0xff, 0xf4, 0x57, 0x73, 0xd5, 0xff, 0x58, 0xb7,
    0xbc, 0xf4, 0x5b, 0x7f, 0x36, 0xf0, 0x59, 0xfc, 0x2f, 0x75, 0xdb, 0x5f, 0xff, 0xb4, 0xf8, 0x3f,
    0xec, 0x96, 0x97, 0x7e, 0x6b, 0x73, 0xd5, 0x55, 0xcf, 0x74, 0xdb, 0x5f, 0xff, 0xb4, 0xb8, 0xea,
    0xbf, 0x0b, 0xe2, 0xaa, 0xff, 0x56, 0xb7, 0xbc, 0xf4, 0x5b, 0x9b, 0xab, 0xfe, 0xc7, 0x13, 0xfc,
    0xcd, 0x33, 0xfe, 0xfa, 0xa7, 0x5f, 0x9a, 0xab, 0xfe, 0xc7, 0x7b, 0xd0, 0x4b, 0xbf, 0xf5, 0x5f,
    0x1b, 0x5e, 0x8a, 0xff, 0x85, 0x6e, 0xfb, 0xeb, 0x9f, 0x16, 0xff, 0x87, 0xdd, 0xf2, 0xd2, 0x6f,
    0x6d, 0xae, 0xba, 0xea, 0x99, 0x6e, 0xfb, 0xeb, 0x9f, 0x16, 0x57, 0xfd, 0x77, 0x41, 0x5c, 0xf5,
    0xdf, 0xea, 0x96, 0x97, 0x7e, 0x6b, 0x73, 0xd5, 0xff, 0x78, 0x01, 0xaf, 0x73, 0xeb, 0x5f, 0xff,
    0xf4, 0x6f, 0x73, 0xd5, 0xff, 0x78, 0x0f, 0x7e, 0xe9, 0xb7, 0x7e, 0xed, 0x84, 0xdf, 0xe2, 0x7f,
    0xa1, 0x80, 0x87, 0xdc, 0xfa, 0xd7, 0x3f, 0x7d, 0x2b, 0xff, 0x47, 0xdd, 0xf2, 0xd2, 0x6f, 0x6d,
    0xae, 0xba, 0xea, 0x99, 0x6e, 0xfb, 0xeb, 0x9f, 0x16, 0x57, 0xfd, 0x77, 0x41, 0x5c, 0xf5, 0xdf,
    0xea, 0x96, 0x97, 0x7e, 0x6b, 0x73, 0xd5, 0xff, 0x74, 0xdf, 0x73, 0xdb, 0x5f, 0xff, 0xf4, 0x7b,
    0x73, 0xd5, 0xff, 0x1a, 0xb7, 0xbc, 0xf4, 0x5b, 0x7f, 0x37, 0xf0, 0x5e, 0xfc, 0x2f, 0x13, 0xf0,
    0x3a, 0xb7, 0xfe, 0xf5, 0x4f, 0xff, 0x36, 0xff, 0x47, 0xdd, 0xf2, 0xd2, 0x6f, 0x6d, 0xae, 0xba,
    0xea, 0x99, 0x6e, 0xfb, 0xeb, 0x9f, 0x16, 0x57, 0xfd, 0x77, 0x41, 0x5c, 0xf5, 0xdf, 0xea, 0x96,
    0x97, 0x7e, 0x6b, 0x73, 0xd5, 0xff, 0x68, 0x01, 0x0f, 0xb9, 0xf5, 0xaf, 0x7f, 0xfa, 0x56, 0xae,
    0xfa, 0x5f, 0xe3, 0xc1, 0x2f, 0xfd, 0xd6, 0x0f, 0x4e, 0x78, 0x3a, 0xff, 0xcb, 0x04, 0xbc, 0xcd,
    0xad, 0x7f, 0xfd, 0xd3, 0x3f, 0xcd, 0xff, 0x51, 0xb7, 0xbc, 0xf4, 0x5b, 0x9b, 0xab, 0xae, 0x7a,
    0xa6, 0xdb, 0xfe, 0xfa, 0xa7, 0xc5, 0x55, 0xff, 0x5d, 0x10, 0x57, 0xfd, 0xb7, 0xba, 0xe5, 0xa5,
    0xdf, 0xda, 0x5c, 0xf5, 0x3f, 0xd9, 0xf7, 0xdc, 0xf6, 0xd7, 0x3f, 0xfd, 0xde, 0x5c, 0xf5, 0xbf,
    0xce, 0x2d, 0x2f, 0xfd, 0xd6, 0xdf, 0x0d, 0xbc, 0x17, 0xff, 0xbb, 0x7c, 0xcd, 0x6d, 0x7f, 0xfd,
    0xd3, 0x1f, 0xcd, 0xff, 0x51, 0xb7, 0xbc, 0xf4, 0x5b, 0x9b, 0xab, 0xae, 0x7a, 0xa6, 0xdb, 0xfe,
    0xfa, 0xa7, 0xc5, 0x55, 0xff, 0x5d, 0x10, 0x57, 0xfd, 0xb7, 0xba, 0xe5, 0xa5, 0xdf, 0xda, 0x5c,
    0xf5, 0x3f, 0x56, 0xc0, 0x43, 0x6e, 0xfd, 0xeb, 0x9f, 0xbe, 0x95, 0xab, 0xfe, 0xd7, 0x79, 0xf0,
    0x4b, 0xbf, 0xf5, 0x83, 0x13, 0x9e, 0xce, 0xff, 0x22, 0x82, 0xbf, 0x7e, 0xc6, 0x5f, 0xff, 0xf4,
    0xcb, 0xf0, 0x7f, 0xd4, 0x2d, 0x2f, 0xfd, 0xd6, 0xe6, 0xaa, 0xab, 0x9e, 0xe9, 0xb6, 0xbf, 0xfe,
    0x69, 0x71, 0xd5, 0x7f, 0x17, 0xc4, 0x55, 0xff, 0xad, 0x6e, 0x79, 0xe9, 0xb7, 0x36, 0x57, 0xfd,
    0x4f, 0xf5, 0x3d, 0xb7, 0xfd, 0xf5, 0x4f, 0xbf, 0x37, 0x57, 0xfd, 0xaf, 0x75, 0xcb, 0x4b, 0xbf,
    0xf5, 0x77, 0x03, 0xef, 0xc5, 0xff, 0x22, 0x01, 0x0f, 0xb9, 0xf5, 0xaf, 0x7f, 0xfa, 0x56, 0xfe,
    0x0f, 0xba, 0xe5, 0xa5, 0xdf, 0xda, 0x5c, 0x75, 0xd5, 0x33, 0xdd, 0xf6, 0xd7, 0x3f, 0x2d, 0xae,
    0xfa, 0xef, 0x82, 0xb8, 0xea, 0xbf, 0xd5, 0x2d, 0x2f, 0xfd, 0xd6, 0xe6, 0xaa, 0xff, 0x91, 0x02,
    0x5e, 0xe6, 0xd6, 0xbf, 0xfe, 0xe9, 0xbf, 0xe6, 0xaa, 0xff, 0xb5, 0x1e, 0xfc, 0xd2, 0x6f, 0xfd,
    0xd2, 0x09, 0x7f, 0xc5, 0xff, 0x2e, 0x9f, 0x73, 0xdb, 0x5f, 0xff, 0xf4, 0x67, 0xf3, 0x7f, 0xd0,
    0x2d, 0x2f, 0xfd, 0xd6, 0xe6, 0xaa, 0xab, 0x9e, 0xe9, 0xb6, 0xbf, 0xfe, 0x69, 0x71, 0xd5, 0x7f,
    0x17, 0xc4, 0x55, 0xff, 0xad, 0x6e, 0x79, 0xe9, 0xb7, 0x36, 0x57, 0xfd, 0x8f, 0x23, 0x78, 0xc6,
    0x33, 0xfe, 0xfa, 0xa7, 0x1f, 0xcc, 0x55, 0xff, 0xeb, 0x3d, 0xe8, 0xa5, 0xdf, 0xfa, 0x56, 0xc3,
    0x83, 0xf8, 0x5f, 0x42, 0xb0, 0x2b, 0x78, 0xc8, 0xad, 0x7f, 0xfd, 0xd3, 0xbb, 0xfc, 0x1f, 0x73,
    0xcb, 0x4b, 0xbf, 0xb5, 0xb9, 0xea, 0xaa, 0x67, 0xba, 0xed, 0xaf, 0x7f, 0x5a, 0x5c, 0xf5, 0xdf,
    0x05, 0x71, 0xd5, 0x7f, 0xab, 0x5b, 0x5e, 0xfa, 0xad, 0xcd, 0x55, 0xff, 0x13, 0x7d, 0xce, 0x6d,
    0x7f, 0xfd, 0xd3, 0x9f, 0xcd, 0x55, 0xff, 0xeb, 0xdd, 0xf2, 0xd2, 0x6f, 0xfd, 0xd9, 0xc0, 0x67,
    0xf1, 0xbf, 0x48, 0xc0, 0xc7, 0xdc, 0xfa, 0xd7, 0x3f, 0xfd, 0xd5, 0xfc, 0x1f, 0x73, 0xcb, 0x4b,
    0xbf, 0xb5, 0xb9, 0xea, 0xaa, 0x67, 0xba, 0xed, 0xaf, 0x7f, 0x5a, 0x5c, 0xf5, 0xdf, 0x05, 0x71,
    0xd5, 0x7f, 0xab, 0x5b, 0x5e, 0xfa, 0xad, 0xcd, 0x55, 0xff, 0xe3, 0x04, 0x3c, 0xe4, 0xd6, 0xbf,
    0xfe, 0xe9, 0x5b, 0xb9, 0xea, 0x7f, 0xbd, 0x07, 0xbf, 0xf4, 0x5b, 0x3f, 0x38, 0xe1, 0xe9, 0xfc,
    0x2f, 0x22, 0xd8, 0x15, 0x3c, 0xe4, 0xd6, 0xbf, 0xfe, 0xe9, 0x5d, 0xfe, 0x0f, 0xb9, 0xe5, 0xa5,
    0xdf, 0xda, 0x5c, 0x75, 0xd5, 0x33, 0xdd, 0xf6, 0xd7, 0x3f, 0x2d, 0xae, 0xfa, 0xef, 0x82, 0xb8,
    0xea, 0xbf, 0xd5, 0x2d, 0x2f, 0xfd, 0xd6, 0xe6, 0xaa, 0xff, 0x51, 0x04, 0x7f, 0xf3, 0x8c, 0xbf,
    0xfe, 0xe9, 0x97, 0xe6, 0xaa, 0xff, 0x33, 0x1e, 0xf4, 0xd2, 0x6f, 0xfd, 0xd7, 0x86, 0x97, 0xe2,
    0x7f, 0x11, 0xc1, 0x6f, 0x3f, 0xe3, 0xaf, 0x7f, 0xfa, 0x75, 0xf8, 0x3f, 0xe4, 0x96, 0x97, 0x7e,
    0x6b, 0x73, 0xd5, 0x55, 0xcf, 0x74, 0xdb, 0x5f, 0xff, 0xb4, 0xb8, 0xea, 0xbf, 0x0b, 0xe2, 0xaa,
    0xff, 0x56, 0xb7, 0xbc, 0xf4, 0x5b, 0x9b, 0xab, 0xfe, 0xa7, 0xf9, 0x9a, 0xdb, 0xfe, 0xfa, 0xa7,
    0x3f, 0x9a, 0xab, 0xfe, 0xcf, 0xb8, 0xe5, 0xa5, 0xdf, 0xfa, 0xab, 0x81, 0x8f, 0xe2, 0x7f, 0x99,
    0x80, 0x8f, 0xb9, 0xf5, 0xaf, 0x7f, 0xfa, 0xab, 0xf9, 0x3f, 0xe2, 0x96, 0x97, 0x7e, 0x6b, 0x73,
    0xd5, 0x55, 0xcf, 0x74, 0xdb, 0x5f, 0xff, 0xb4, 0xb8, 0xea, 0xbf, 0x0b, 0xe2, 0xaa, 0xff, 0x56,
    0xb7, 0xbc, 0xf4, 0x5b, 0x9b, 0xab, 0xfe, 0x47, 0x09, 0x78, 0x9b, 0x5b, 0xff, 0xfa, 0xa7, 0x7f,
    0x9a, 0xab, 0xfe, 0xcf, 0x78, 0xf0, 0x4b, 0xbf, 0xf5, 0x5b, 0x27, 0xfc, 0x14, 0xff, 0x0b, 0x05,
    0xbc, 0xcf, 0xad, 0x7f, 0xfd, 0xd3, 0xdf, 0xcd, 0xff, 0x01, 0xb7, 0xbc, 0xf4, 0x5b, 0x9b, 0xab,
    0xae, 0x7a, 0xa6, 0xdb, 0xfe, 0xfa, 0xa7, 0xc5, 0x55, 0xff, 0x5d, 0x10, 0x57, 0xfd, 0xb7, 0xba,
    0xe5, 0xa5, 0xdf, 0xda, 0x5c, 0xf5, 0x3f, 0x4a, 0xc0, 0x89, 0x5b, 0xff, 0xfa, 0xa7, 0x77, 0xb9,
    0xea, 0xff, 0x8c, 0x07, 0xbf, 0xf4, 0x5b, 0x1f, 0x4f, 0xb8, 0xc8, 0xff, 0x52, 0x01, 0xef, 0x73,
    0xeb, 0x5f, 0xff, 0xf4, 0x77, 0xf3, 0xbf, 0xdc, 0x2d, 0x2f, 0xfd, 0xd6, 0xe6, 0xaa, 0xab, 0x9e,
    0xe9, 0xb6, 0xbf, 0xfe, 0x69, 0x71, 0xd5, 0x7f, 0x17, 0xc4, 0x55, 0xff, 0xad, 0x6e, 0x79, 0xe9,
    0xb7, 0x36, 0x57, 0xfd, 0x8f, 0x21, 0xf8, 0x9b, 0x67, 0xfc, 0xf5, 0x4f, 0xbf, 0x34, 0x57, 0xfd,
    0x9f, 0xf3, 0xa0, 0x97, 0x7e, 0xeb, 0xbf, 0x36, 0xbc, 0x14, 0xff, 0x7b, 0x7d, 0xf6, 0x6d, 0x7f,
    0xfd, 0xd3, 0x9f, 0xc3, 0xff, 0x62, 0xb7, 0xbc, 0xf4, 0x5b, 0x9b, 0xab, 0xae, 0x7a, 0xa6, 0xdb,
    0xfe, 0xfa, 0xa7, 0xc5, 0x55, 0xff, 0x5d, 0x10, 0x57, 0xfd, 0xb7, 0xba, 0xe5, 0xa5, 0xdf, 0xda,
    0x5c, 0xf5, 0x3f, 0xc9, 0xcf, 0xdc, 0xf6, 0xd7, 0x3f, 0xfd, 0xd6, 0x5c, 0xf5, 0x7f, 0xce, 0x83,
    0x5e, 0xfa, 0xad, 0x7f, 0xdb, 0xf0, 0x5a, 0xfc, 0x2f, 0x26, 0xf8, 0x6d, 0xc1, 0xdb, 0xdc, 0xfa,
    0xd7, 0x3f, 0xbd, 0xcb, 0xff, 0x42, 0xb7, 0xbc, 0xf4, 0x5b, 0x9b, 0xab, 0xae, 0x7a, 0xa6, 0xdb,
    0xfe, 0xfa, 0xa7, 0xc5, 0x55, 0xff, 0x5d, 0x10, 0x57, 0xfd, 0xb7, 0xba, 0xe5, 0xa5, 0xdf, 0xda,
    0x5c, 0xf5, 0x3f, 0xc9, 0xe7, 0xdc, 0xf6, 0xd7, 0x3f, 0xfd, 0xd9, 0x5c, 0xf5, 0x7f, 0xce, 0x2d,
    0x2f, 0xfd, 0xd6, 0x9f, 0x0d, 0x7c, 0x16, 0xff, 0xcb, 0x09, 0x76, 0x0d, 0x5f, 0x1d, 0xf0, 0x35,
    0xb7, 0xfe, 0xf5, 0x4f, 0xef, 0xf2, 0xbf, 0xc8, 0x2d, 0x2f, 0xfd, 0xd6, 0xe6, 0xaa, 0xab, 0x9e,
    0xe9, 0xb6, 0xbf, 0xfe, 0x69, 0x71, 0xd5, 0x7f, 0x17, 0xc4, 0x55, 0xff, 0xad, 0x6e, 0x79, 0xe9,
    0xb7, 0x36, 0x57, 0xfd, 0x8f, 0x11, 0xf0, 0x3e, 0xb7, 0xfe, 0xf5, 0x4f, 0x7f, 0x37, 0x57, 0xfd,
    0x9f, 0xf3, 0xe0, 0x97, 0x7e, 0xeb, 0xf7, 0x4e, 0xf8, 0x2e, 0xfe, 0x8f, 0x10, 0xec, 0x1a, 0xbe,
    0x3a, 0xe0, 0x7b, 0x6e, 0xfd, 0xeb, 0x9f, 0xbe, 0x95, 0xff, 0x05, 0x6e, 0x79, 0xe9, 0xb7, 0x36,
    0x57, 0x5d, 0xf5, 0x4c, 0xb7, 0xfd, 0xf5, 0x4f, 0x8b, 0xab, 0xfe, 0xbb, 0x20, 0xae, 0xfa, 0x6f,
    0x75, 0xcb, 0x4b, 0xbf, 0xb5, 0xb9, 0xea, 0x7f, 0x8c, 0x80, 0xd7, 0xb9, 0xf5, 0xaf, 0x7f, 0xfa,
    0xb7, 0xb9, 0xea, 0xff, 0x9c, 0x07, 0xbf, 0xf4, 0x5b, 0xbf, 0x76, 0xc2, 0x6f, 0xf1, 0x7f, 0x90,
    0xe0, 0x56, 0xc3, 0x4f, 0xdf, 0xf6, 0xd7, 0x3f, 0xfd, 0x31, 0xfc, 0x0f, 0x76, 0xcb, 0x4b, 0xbf,
    0xb5, 0xb9, 0xea, 0xaa, 0x67, 0xba, 0xed, 0xaf, 0x7f, 0x5a, 0x5c, 0xf5, 0xdf, 0x05, 0x71, 0xd5,
    0x7f, 0xab, 0x5b, 0x5e, 0xfa, 0xad, 0xcd, 0x55, 0xff, 0x63, 0x04, 0xbc, 0xce, 0xad, 0x7f, 0xfd,
    0xd3, 0xbf, 0xcd, 0xff, 0x60, 0x0f, 0x7e, 0xe9, 0xb7, 0x7e, 0xb0, 0xe1, 0xab, 0x80, 0x97, 0x36,
    0x3c, 0x98, 0xff, 0x46, 0x82, 0x5b, 0x81, 0xbf, 0x16, 0x7c, 0xcc, 0xad, 0x7f, 0xfd, 0xd3, 0xb7,
    0xf2, 0x3f, 0xd8, 0x83, 0x5f, 0xfa, 0xad, 0x5f, 0x3b, 0xe1, 0xb7, 0xf8, 0x3f, 0xec, 0xb6, 0xbf,
    0xfe, 0x69, 0xf1, 0x3f, 0xd8, 0x2d, 0x2f, 0xfd, 0xd6, 0xe6, 0xaa, 0xab, 0x9e, 0xe9, 0xb6, 0xbf,
    0xfe, 0x69, 0x71, 0xd5, 0x7f, 0x17, 0xc4, 0x55, 0xff, 0xad, 0x6e, 0x79, 0xe9, 0xb7, 0x36, 0x57,
    0xfd, 0x8f, 0x11, 0xf0, 0x90, 0x5b, 0xff, 0xfa, 0xa7, 0x6f, 0xe5, 0x7f, 0xa8, 0x07, 0xbf, 0xf4,
    0x5b, 0x3f, 0xd8, 0xf0, 0x57, 0x86, 0xe3, 0xfc, 0x0f, 0x22, 0xd8, 0x15, 0xbc, 0xcc, 0xad, 0x7f,
    0xfd, 0xd3, 0xb7, 0xf2, 0x3f, 0xd4, 0x83, 0x5f, 0xfa, 0xad, 0x1f, 0x9c, 0xf0, 0x74, 0xfe, 0x0f,
    0xbb, 0xed, 0xaf, 0x7f, 0x5a, 0xfc, 0x0f, 0x76, 0xcb, 0x4b, 0xbf, 0xb5, 0xb9, 0xea, 0xaa, 0x67,
    0xba, 0xed, 0xaf, 0x7f, 0x5a, 0x5c, 0xf5, 0xdf, 0x05, 0x71, 0xd5, 0x7f, 0xab, 0x5b, 0x5e, 0xfa,
    0xad, 0xcd, 0x55, 0xff, 0x63, 0xdc, 0xf6, 0xd7, 0x3f, 0x2d, 0xfe, 0x07, 0xbb, 0xe5, 0xa5, 0xdf,
    0xfa, 0xa7, 0x81, 0xb7, 0xe2, 0x7f, 0xa6, 0x9f, 0xb9, 0xed, 0xaf, 0x7f, 0xfa, 0xad, 0xf9, 0x1f,
    0xec, 0x96, 0x97, 0x7e, 0x6b, 0xf3, 0x7f, 0xd8, 0x6d, 0x7f, 0xfd, 0xd3, 0xe2, 0x7f, 0xb0, 0x5b,
    0x5e, 0xfa, 0xad, 0xcd, 0x55, 0x57, 0x3d, 0xd3, 0x6d, 0x7f, 0xfd, 0xd3, 0xe2, 0xaa, 0xff, 0x2e,
    0x88, 0xab, 0xfe, 0x5b, 0xdd, 0xf2, 0xd2, 0x6f, 0x6d, 0xae, 0xfa, 0x1f, 0xe3, 0xb6, 0xbf, 0xfe,
    0x69, 0xf1, 0x3f, 0xd8, 0x83, 0x5e, 0xfa, 0xad, 0x2f, 0x1a, 0x8e, 0xf3, 0x3f, 0x90, 0xe0, 0xd6,
    0x67, 0xfc, 0xf5, 0x4f, 0x3f, 0x84, 0xff, 0xc1, 0x6e, 0x79, 0xe9, 0xb7, 0x36, 0xff, 0x87, 0xdd,
    0xf6, 0xd7, 0x3f, 0x2d, 0xfe, 0x07, 0xbb, 0xe5, 0xa5, 0xdf, 0xda, 0x5c, 0x75, 0xd5, 0x33, 0xdd,
    0xf6, 0xd7, 0x3f, 0x2d, 0xae, 0xfa, 0xef, 0x82, 0xb8, 0xea, 0xbf, 0xd5, 0x2d, 0x2f, 0xfd, 0xd6,
    0xe6, 0xaa, 0xff, 0x31, 0x6e, 0xfb, 0xeb, 0x9f, 0x16, 0xff, 0x83, 0xdd, 0xf2, 0xd2, 0x6f, 0x6d,
    0xfe, 0x07, 0xbb, 0xed, 0xaf, 0x7f, 0x5a, 0xfc, 0x0f, 0x76, 0xcb, 0x4b, 0xbf, 0xb5, 0xf9, 0x3f,
    0xec, 0xb6, 0xbf, 0xfe, 0x69, 0xf1, 0x3f, 0xd8, 0x2d, 0x2f, 0xfd, 0xd6, 0xe6, 0xaa, 0xab, 0x9e,
    0xe9, 0xb6, 0xbf, 0xfe, 0x69, 0x71, 0xd5, 0x7f, 0x17, 0xc4, 0x55, 0xff, 0xad, 0x6e, 0x79, 0xe9,
    0xb7, 0x36, 0x57, 0xfd, 0x8f, 0x71, 0xdb, 0x5f, 0xff, 0xb4, 0xf8, 0x1f, 0xec, 0x96, 0x97, 0x7e,
    0x6b, 0xf3, 0x3f, 0xd8, 0x6d, 0x7f, 0xfd, 0xd3, 0xe2, 0x7f, 0xb0, 0x5b, 0x5e, 0xfa, 0xad, 0xcd,
    0xff, 0x61, 0xb7, 0xfd, 0xf5, 0x4f, 0x8b, 0xff, 0xc1, 0x6e, 0x79, 0xe9, 0xb7, 0x36, 0x57, 0x5d,
    0xf5, 0x4c, 0xb7, 0xfd, 0xf5, 0x4f, 0x8b, 0xab, 0xfe, 0xbb, 0x20, 0xae, 0xfa, 0x6f, 0x75, 0xcb,
    0x4b, 0xbf, 0xb5, 0xb9, 0xea, 0x7f, 0x8c, 0xdb, 0xfe, 0xfa, 0xa7, 0xc5, 0xff, 0x60, 0xb7, 0xbc,
    0xf4, 0x5b, 0x9b, 0xff, 0xc1, 0x6e, 0xfb, 0xeb, 0x9f, 0x16, 0xff, 0x83, 0xdd, 0xf2, 0xd2, 0x6f,
    0x6d, 0xfe, 0x0f, 0xbb, 0xed, 0xaf, 0x7f, 0x5a, 0xfc, 0x0f, 0x76, 0xcb, 0x4b, 0xbf, 0xb5, 0xb9,
    0xea, 0xaa, 0x67, 0xba, 0xed, 0xaf, 0x7f, 0x5a, 0x5c, 0xf5, 0xdf, 0x05, 0x71, 0xd5, 0x7f, 0xab,
    0x5b, 0x5e, 0xfa, 0xad, 0xcd, 0x55, 0xff, 0x63, 0xdc, 0xf6, 0xd7, 0x3f, 0x2d, 0xfe, 0x07, 0xbb,
    0xe5, 0xa5, 0xdf, 0xda, 0xfc, 0x0f, 0x76, 0xdb, 0x5f, 0xff, 0xb4, 0xf8, 0x1f, 0xec, 0x96, 0x97,
    0x7e, 0x6b, 0xf3, 0x7f, 0xd8, 0x6d, 0x7f, 0xfd, 0xd3, 0xe2, 0x7f, 0xb0, 0x5b, 0x5e, 0xfa, 0xad,
    0xcd, 0x55, 0x57, 0x3d, 0xd3, 0x6d, 0x7f, 0xfd, 0xd3, 0xe2, 0xaa, 0xff, 0x2e, 0x88, 0xab, 0xfe,
    0x5b, 0xdd, 0xf2, 0xd2, 0x6f, 0x6d, 0xae, 0xfa, 0x1f, 0xe3, 0xb6, 0xbf, 0xfe, 0x69, 0xf1, 0x3f,
    0xd8, 0x2d, 0x2f, 0xfd, 0xd6, 0xe6, 0x7f, 0xb0, 0xdb, 0xfe, 0xfa, 0xa7, 0xc5, 0xff, 0x60, 0xb7,
    0xbc, 0xf4, 0x5b, 0x9b, 0xff, 0xc3, 0x6e, 0xfb, 0xeb, 0x9f, 0x16, 0xff, 0x83, 0xdd, 0xf2, 0xd2,
    0x6f, 0x6d, 0xae, 0xba, 0xea, 0x99, 0x6e, 0xfb, 0xeb, 0x9f, 0x16, 0x57, 0xfd, 0x77, 0x41, 0x5c,
    0xf5, 0xdf, 0xea, 0x96, 0x97, 0x7e, 0x6b, 0x73, 0xd5, 0xff, 0x18, 0xb7, 0xfd, 0xf5, 0x4f, 0x8b,
    0xff, 0xc1, 0x6e, 0x79, 0xe9, 0xb7, 0x36, 0xff, 0x83, 0xdd, 0xf6, 0xd7, 0x3f, 0x2d, 0xfe, 0x07,
    0xbb, 0xe5, 0xa5, 0xdf, 0xda, 0xfc, 0x1f, 0x76, 0xdb, 0x5f, 0xff, 0xb4, 0xf8, 0x1f, 0xec, 0x96,
    0x97, 0x7e, 0x6b, 0x73, 0xd5, 0x55, 0xcf, 0x74, 0xdb, 0x5f, 0xff, 0xb4, 0xb8, 0xea, 0xbf, 0x0b,
    0xe2, 0xaa, 0xff, 0x56, 0xb7, 0xbc, 0xf4, 0x5b, 0x9b, 0xab, 0xfe, 0xc7, 0xb8, 0xed, 0xaf, 0x7f,
    0x5a, 0xfc, 0x0f, 0x76, 0xcb, 0x4b, 0xbf, 0xb5, 0xf9, 0x1f, 0xec, 0xb6, 0xbf, 0xfe, 0x69, 0xf1,
    0x3f, 0xd8, 0x2d, 0x2f, 0xfd, 0xd6, 0xe6, 0xff, 0xb0, 0xdb, 0xfe, 0xfa, 0xa7, 0xc5, 0xff, 0x60,
    0xb7, 0xbc, 0xf4, 0x5b, 0x9b, 0xab, 0xae, 0x7a, 0xa6, 0xdb, 0xfe, 0xfa, 0xa7, 0xc5, 0x55, 0xff,
    0x5d, 0x10, 0x57, 0xfd, 0xb7, 0xba, 0xe5, 0xa5, 0xdf, 0xda, 0x5c, 0xf5, 0x3f, 0xc6, 0x6d, 0x7f,
    0xfd, 0xd3, 0xe2, 0x7f, 0xb0, 0x5b, 0x5e, 0xfa, 0xad, 0xcd, 0xff, 0x60, 0xb7, 0xfd, 0xf5, 0x4f,
    0x8b, 0xff, 0xc1, 0x6e, 0x79, 0xe9, 0xb7, 0x36, 0xff, 0x87, 0xdd, 0xf6, 0xd7, 0x3f, 0x2d, 0xfe,
    0x07, 0xbb, 0xe5, 0xa5, 0xdf, 0xda, 0x5c, 0x75, 0xd5, 0x33, 0xdd, 0xf6, 0xd7, 0x3f, 0x2d, 0xae,
    0xfa, 0xef, 0x82, 0xb8, 0xea, 0xbf, 0xd5, 0x2d, 0x2f, 0xfd, 0xd6, 0xe6, 0xaa, 0xff, 0x31, 0x6e,
    0xfb, 0xeb, 0x9f, 0x16, 0xff, 0x83, 0xdd, 0xf2, 0xd2, 0x6f, 0x6d, 0xfe, 0x07, 0xbb, 0xed, 0xaf,
    0x7f, 0x5a, 0xfc, 0x0f, 0x76, 0xcb, 0x4b, 0xbf, 0xb5, 0xf9, 0x3f, 0xec, 0xb6, 0xbf, 0xfe, 0x69,
    0xf1, 0x3f, 0xd8, 0x2d, 0x2f, 0xfd, 0xd6, 0xe6, 0xaa, 0xab, 0x9e, 0xe9, 0xb6, 0xbf, 0xfe, 0x69,
    0x71, 0xd5, 0x7f, 0x17, 0xc4, 0x55, 0xff, 0xad, 0x6e, 0x79, 0xe9, 0xb7, 0x36, 0x57, 0xfd, 0x8f,
    0x71, 0xdb, 0x5f, 0xff, 0xb4, 0xf8, 0x1f, 0xec, 0x96, 0x97, 0x7e, 0x6b, 0xf3, 0x3f, 0xd8, 0x6d,
    0x7f, 0xfd, 0xd3, 0xe2, 0x7f, 0xb0, 0x5b, 0x5e, 0xfa, 0xad, 0xcd, 0xff, 0x61, 0xb7, 0xfd, 0xf5,
    0x4f, 0x8b, 0xff, 0xc1, 0x6e, 0x79, 0xe9, 0xb7, 0x36, 0x57, 0x5d, 0xf5, 0x4c, 0xb7, 0xfd, 0xf5,
    0x4f, 0x8b, 0xab, 0xfe, 0xbb, 0x20, 0xae, 0xfa, 0x6f, 0x75, 0xcb, 0x4b, 0xbf, 0xb5, 0xb9, 0xea,
    0x7f, 0x8c, 0xdb, 0xfe, 0xfa, 0xa7, 0xc5, 0xff, 0x60, 0xb7, 0xbc, 0xf4, 0x5b, 0x9b, 0xff, 0xc1,
    0x6e, 0xfb, 0xeb, 0x9f, 0x16, 0xff, 0x83, 0xdd, 0xf2, 0xd2, 0x6f, 0x6d, 0xfe, 0x0f, 0xbb, 0xed,
    0xaf, 0x7f, 0x5a, 0xfc, 0x0f, 0x76, 0xcb, 0x4b, 0xbf, 0xb5, 0xb9, 0xea, 0xaa, 0x67, 0xba, 0xed,
    0xaf, 0x7f, 0x5a, 0x5c, 0xf5, 0xdf, 0x05, 0x71, 0xd5, 0x7f, 0xab, 0x5b, 0x5e, 0xfa, 0xad, 0xcd,
    0x55, 0xff, 0x63, 0xdc, 0xf6, 0xd7, 0x3f, 0x2d, 0xfe, 0x07, 0xbb, 0xe5, 0xa5, 0xdf, 0xda, 0xfc,
    0x0f, 0x76, 0xdb, 0x5f, 0xff, 0xb4, 0xf8, 0x1f, 0xec, 0x96, 0x97, 0x7e, 0x6b, 0xf3, 0x7f, 0xd8,
    0x6d, 0x7f, 0xfd, 0xd3, 0xe2, 0x7f, 0xb0, 0x5b, 0x5e, 0xfa, 0xad, 0xcd, 0x55, 0x57, 0x3d, 0xd3,
    0x6d, 0x7f, 0xfd, 0xd3, 0xe2, 0xaa, 0xff, 0x2e, 0x88, 0xab, 0xfe, 0x5b, 0xdd, 0xf2, 0xd2, 0x6f,
    0x6d, 0xae, 0xfa, 0x1f, 0xe3, 0xb6, 0xbf, 0xfe, 0x69, 0xf1, 0x3f, 0xd8, 0x2d, 0x2f, 0xfd, 0xd6,
    0xe6, 0x7f, 0xb0, 0xdb, 0xfe, 0xfa, 0xa7, 0xc5, 0xff, 0x60, 0xb7, 0xbc, 0xf4, 0x5b, 0x9b, 0xff,
    0xc3, 0x6e, 0xfb, 0xeb, 0x9f, 0x16, 0xff, 0x83, 0xdd, 0xf2, 0xd2, 0x6f, 0x6d, 0xae, 0xba, 0xea,
    0x99, 0x6e, 0xfb, 0xeb, 0x9f, 0x16, 0x57, 0xfd, 0x77, 0x41, 0x5c, 0xf5, 0xdf, 0xea, 0x96, 0x97,
    0x7e, 0x6b, 0x73, 0xd5, 0xff, 0x18, 0xb7, 0xfd, 0xf5, 0x4f, 0x8b, 0xff, 0xc1, 0x6e, 0x79, 0xe9,
    0xb7, 0x36, 0xff, 0x83, 0xdd, 0xf6, 0xd7, 0x3f, 0x2d, 0xfe, 0x07, 0xbb, 0xe5, 0xa5, 0xdf, 0xda,
    0xfc, 0x1f, 0x76, 0xdb, 0x5f, 0xff, 0xb4, 0xf8, 0x1f, 0xec, 0x96, 0x97, 0x7e, 0x6b, 0x73, 0xd5,
    0x55, 0xcf, 0x74, 0xdb, 0x5f, 0xff, 0xb4, 0xb8, 0xea, 0xbf, 0x0b, 0xe2, 0xaa, 0xff, 0x56, 0xb7,
    0xbc, 0xf4, 0x5b, 0x9b, 0xab, 0xfe, 0xc7, 0xb8, 0xed, 0xaf, 0x7f, 0x5a, 0xfc, 0x0f, 0x76, 0xcb,
    0x4b, 0xbf, 0xb5, 0xf9, 0x1f, 0xec, 0xb6, 0xbf, 0xfe, 0x69, 0xf1, 0x3f, 0xd8, 0x2d, 0x2f, 0xfd,
    0xd6, 0xe6, 0xff, 0xb0, 0xdb, 0xfe, 0xfa, 0xa7, 0xc5, 0xff, 0x60, 0xb7, 0xbc, 0xf4, 0x5b, 0x9b,
    0xab, 0xae, 0x7a, 0xa6, 0xdb, 0xfe, 0xfa, 0xa7, 0xc5, 0x55, 0xff, 0x5d, 0x10, 0x57, 0xfd, 0xb7,
    0xba, 0xe5, 0xa5, 0xdf, 0xda, 0x5c, 0xf5, 0x3f, 0xc6, 0x6d, 0x7f, 0xfd, 0xd3, 0xe2, 0x7f, 0xb0,
    0x5b, 0x5e, 0xfa, 0xad, 0xcd, 0xff, 0x60, 0xb7, 0xfd, 0xf5, 0x4f, 0x8b, 0xff, 0xc1, 0x6e, 0x79,
    0xe9, 0xb7, 0x36, 0xff, 0x87, 0xdd, 0xf6, 0xd7, 0x3f, 0x2d, 0xfe, 0x07, 0xbb, 0xe5, 0xa5, 0xdf,
    0xda, 0x5c, 0x75, 0xd5, 0x33, 0xdd, 0xf6, 0xd7, 0x3f, 0x2d, 0xae, 0xfa, 0xef, 0x82, 0xb8, 0xea,
    0xbf, 0xd5, 0x2d, 0x2f, 0xfd, 0xd6, 0xe6, 0xaa, 0xff, 0x31, 0x6e, 0xfb, 0xeb, 0x9f, 0x16, 0xff,
    0x83, 0xdd, 0xf2, 0xd2, 0x6f, 0x6d, 0xfe, 0x07, 0xbb, 0xed, 0xaf, 0x7f, 0x5a, 0xfc, 0x0f, 0x76,
    0xcb, 0x4b, 0xbf, 0xb5, 0xf9, 0x3f, 0xec, 0xb6, 0xbf, 0xfe, 0x69, 0xf1, 0x3f, 0xd8, 0x2d, 0x2f,
    0xfd, 0xd6, 0xe6, 0xaa, 0xab, 0x9e, 0xe9, 0xb6, 0xbf, 0xfe, 0x69, 0x71, 0xd5, 0x7f, 0x17, 0xc4,
    0x55, 0xff, 0xad, 0x6e, 0x79, 0xe9, 0xb7, 0x36, 0x57, 0xfd, 0x8f, 0x71, 0xdb, 0x5f, 0xff, 0xb4,
    0xf8, 0x1f, 0xec, 0x96, 0x97, 0x7e, 0x6b, 0xf3, 0x3f, 0xd8, 0x6d, 0x7f, 0xfd, 0xd3, 0xe2, 0x7f,
    0xb0, 0x5b, 0x5e, 0xfa, 0xad, 0xcd, 0xff, 0x61, 0xb7, 0xfd, 0xf5, 0x4f, 0x8b, 0xff, 0xc1, 0x6e,
    0x79, 0xe9, 0xb7, 0x36, 0x57, 0x5d, 0xf5, 0x4c, 0xb7, 0xfd, 0xf5, 0x4f, 0x8b, 0xab, 0xfe, 0xbb,
    0x20, 0xae, 0xfa, 0x6f, 0x75, 0xcb, 0x4b, 0xbf, 0xb5, 0xb9, 0xea, 0x7f, 0x8c, 0xdb, 0xfe, 0xfa,
    0xa7, 0xc5, 0xff, 0x60, 0xb7, 0xbc, 0xf4, 0x5b, 0x9b, 0xff, 0xc1, 0x6e, 0xfb, 0xeb, 0x9f, 0x16,
    0xff, 0x83, 0xdd, 0xf2, 0xd2, 0x6f, 0x6d, 0xfe, 0x0f, 0xbb, 0xed, 0xaf, 0x7f, 0x5a, 0xfc, 0x0f,
    0x76, 0xcb, 0x4b, 0xbf, 0xb5, 0xb9, 0xea, 0xaa, 0x67, 0xba, 0xed, 0xaf, 0x7f, 0x5a, 0x5c, 0xf5,
    0xdf, 0x05, 0x71, 0xd5, 0x7f, 0xab, 0x5b, 0x5e, 0xfa, 0xad, 0xcd, 0x55, 0xff, 0x63, 0xdc, 0xf6,
    0xd7, 0x3f, 0x2d, 0xfe, 0x07, 0xbb, 0xe5, 0xa5, 0xdf, 0xda, 0xfc, 0x0f, 0x76, 0xdb, 0x5f, 0xff,
    0xb4, 0xf8, 0x1f, 0xec, 0x96, 0x97, 0x7e, 0x6b, 0xf3, 0x7f, 0xd8, 0x6d, 0x7f, 0xfd, 0xd3, 0xe2,
    0x7f, 0xb0, 0x5b, 0x5e, 0xfa, 0xad, 0xcd, 0x55, 0x57, 0x3d, 0xd3, 0x6d, 0x7f, 0xfd, 0xd3, 0xe2,
    0xaa, 0xff, 0x2e, 0x88, 0xab, 0xfe, 0x5b, 0xdd, 0xf2, 0xd2, 0x6f, 0x6d, 0xae, 0xfa, 0x1f, 0xe3,
    0xb6, 0xbf, 0xfe, 0x69, 0xf1, 0x3f, 0xd8, 0x2d, 0x2f, 0xfd, 0xd6, 0xe6, 0x7f, 0xb0, 0xdb, 0xfe,
    0xfa, 0xa7, 0xc5, 0xff, 0x60, 0xb7, 0xbc, 0xf4, 0x5b, 0x9b, 0xff, 0xc3, 0x6e, 0xfb, 0xeb, 0x9f,
    0x16, 0xff, 0x83, 0xdd, 0xf2, 0xd2, 0x6f, 0x6d, 0xae, 0xba, 0xea, 0x99, 0x6e, 0xfb, 0xeb, 0x9f,
    0x16, 0x57, 0xfd, 0x77, 0x41, 0x5c, 0xf5, 0xdf, 0xea, 0x96, 0x97, 0x7e, 0x6b, 0x73, 0xd5, 0xff,
    0x18, 0xb7, 0xfd, 0xf5, 0x4f, 0x8b, 0xff, 0xc1, 0x6e, 0x79, 0xe9, 0xb7, 0x36, 0xff, 0x83, 0xdd,
    0xf6, 0xd7, 0x3f, 0x2d, 0xfe, 0x07, 0xbb, 0xe5, 0xa5, 0xdf, 0xda, 0xfc, 0x1f, 0x76, 0xdb, 0x5f,
    0xff, 0xb4, 0xf8, 0x1f, 0xec, 0x96, 0x97, 0x7e, 0x6b, 0x73, 0xd5, 0x55, 0xcf, 0x74, 0xdb, 0x5f,
    0xff, 0xb4, 0xb8, 0xea, 0xbf, 0x0b, 0xe2, 0xaa, 0xff, 0x56, 0xb7, 0xbc, 0xf4, 0x5b, 0x9b, 0xab,
    0xfe, 0xc7, 0xb8, 0xed, 0xaf, 0x7f, 0x5a, 0xfc, 0x0f, 0x76, 0xcb, 0x4b, 0xbf, 0xb5, 0xf9, 0x1f,
    0xec, 0xb6, 0xbf, 0xfe, 0x69, 0xf1, 0x3f, 0xd8, 0x2d, 0x2f, 0xfd, 0xd6, 0xe6, 0xff, 0xb0, 0xdb,
    0xfe, 0xfa, 0xa7, 0xc5, 0xff, 0x60, 0xb7, 0xbc, 0xf4, 0x5b, 0x9b, 0xab, 0xae, 0x7a, 0xa6, 0xdb,
    0xfe, 0xfa, 0xa7, 0xc5, 0x55, 0xff, 0x5d, 0x10, 0x57, 0xfd, 0xb7, 0xba, 0xe5, 0xa5, 0xdf, 0xda,
    0x5c, 0xf5, 0x3f, 0xc6, 0x6d, 0x7f, 0xfd, 0xd3, 0xe2, 0x7f, 0xb0, 0x5b, 0x5e, 0xfa, 0xad, 0xcd,
    0xff, 0x60, 0xb7, 0xfd, 0xf5, 0x4f, 0x8b, 0xff, 0xc1, 0x6e, 0x79, 0xe9, 0xb7, 0x36, 0xff, 0x87,
    0xdd, 0xf6, 0xd7, 0x3f, 0x2d, 0xfe, 0x07, 0xbb, 0xe5, 0xa5, 0xdf, 0xda, 0x5c, 0x75, 0xd5, 0x33,
    0xdd, 0xf6, 0xd7, 0x3f, 0x2d, 0xae, 0xfa, 0xef, 0x82, 0xb8, 0xea, 0xbf, 0xd5, 0x2d, 0x2f, 0xfd,
    0xd6, 0xe6, 0xaa, 0xff, 0x31, 0x6e, 0xfb, 0xeb, 0x9f, 0x16, 0xff, 0x83, 0xdd, 0xf2, 0xd2, 0x6f,
    0x6d, 0xfe, 0x07, 0xbb, 0xed, 0xaf, 0x7f, 0x5a, 0xfc, 0x0f, 0x76, 0xcb, 0x4b, 0xbf, 0xb5, 0xf9,
    0x3f, 0xec, 0xb6, 0xbf, 0xfe, 0x69, 0xf1, 0x3f, 0xd8, 0x2d, 0x2f, 0xfd, 0xd6, 0xe6, 0xaa, 0xab,
    0x9e, 0xe9, 0xb6, 0xbf, 0xfe, 0x69, 0x71, 0xd5, 0x7f, 0x17, 0xc4, 0x55, 0xff, 0xad, 0x6e, 0x79,
    0xe9, 0xb7, 0x36, 0x57, 0xfd, 0x8f, 0x71, 0xdb, 0x5f, 0xff, 0xb4, 0xf8, 0x1f, 0xec, 0x96, 0x97,
    0x7e, 0x6b, 0xf3, 0x3f, 0xd8, 0x6d, 0x7f, 0xfd, 0xd3, 0xe2, 0x7f, 0xb0, 0x5b, 0x5e, 0xfa, 0xad,
    0xcd, 0xff, 0x61, 0xb7, 0xfd, 0xf5, 0x4f, 0x8b, 0xff, 0xc1, 0x6e, 0x79, 0xe9, 0xb7, 0x36, 0x57,
    0x5d, 0xf5, 0x4c, 0xb7, 0xfd, 0xf5, 0x4f, 0x8b, 0xab, 0xfe, 0xbb, 0x20, 0xae, 0xfa, 0x6f, 0x75,
    0xcb, 0x4b, 0xbf, 0xb5, 0xb9, 0xea, 0x7f, 0x8c, 0xdb, 0xfe, 0xfa, 0xa7, 0xc5, 0xff, 0x60, 0xb7,
    0xbc, 0xf4, 0x5b, 0x9b, 0xff, 0xc1, 0x6e, 0xfb, 0xeb, 0x9f, 0x16, 0xff, 0x83, 0xdd, 0xf2, 0xd2,
    0x6f, 0x6d, 0xfe, 0x0f, 0xbb, 0xed, 0xaf, 0x7f, 0x5a, 0xfc, 0x0f, 0x76, 0xcb, 0x4b, 0xbf, 0xb5,
    0xb9, 0xea, 0xaa, 0x67, 0xba, 0xed, 0xaf, 0x7f, 0x5a, 0x5c, 0xf5, 0xdf, 0x05, 0x71, 0xd5, 0x7f,
    0xab, 0x5b, 0x5e, 0xfa, 0xad, 0xcd, 0x55, 0xff, 0x63, 0xdc, 0xf6, 0xd7, 0x3f, 0x2d, 0xfe, 0x07,
    0xbb, 0xe5, 0xa5, 0xdf, 0xda, 0xfc, 0x0f, 0x76, 0xdb, 0x5f, 0xff, 0xb4, 0xf8, 0x1f, 0xec, 0x96,
    0x97, 0x7e, 0x6b, 0xf3, 0x7f, 0xd8, 0x6d, 0x7f, 0xfd, 0xd3, 0xe2, 0x7f, 0xb0, 0x5b, 0x5e, 0xfa,
    0xad, 0xcd, 0x55, 0x57, 0x3d, 0xd3, 0x6d, 0x7f, 0xfd, 0xd3, 0xe2, 0xaa, 0xff, 0x2e, 0x88, 0xab,
    0xfe, 0x5b, 0xdd, 0xf2, 0xd2, 0x6f, 0x6d, 0xae, 0xfa, 0x1f, 0xe3, 0xb6, 0xbf, 0xfe, 0x69, 0xf1,
    0x3f, 0xd8, 0x2d, 0x2f, 0xfd, 0xd6, 0xe6, 0x7f, 0xb0, 0xdb, 0xfe, 0xfa, 0xa7, 0xc5, 0xff, 0x60,
    0xb7, 0xbc, 0xf4, 0x5b, 0x9b, 0xff, 0xc3, 0x6e, 0xfb, 0xeb, 0x9f, 0x16, 0xff, 0x83, 0xdd, 0xf2,
    0xd2, 0x6f, 0x6d, 0xae, 0xba, 0xea, 0x99, 0x6e, 0xfb, 0xeb, 0x9f, 0x16, 0x57, 0xfd, 0x77, 0x41,
    0x5c, 0xf5, 0xdf, 0xea, 0x96, 0x97, 0x7e, 0x6b, 0x73, 0xd5, 0xff, 0x18, 0xb7, 0xfd, 0xf5, 0x4f,
    0x8b, 0xff, 0xc1, 0x6e, 0x79, 0xe9, 0xb7, 0x36, 0xff, 0x83, 0xdd, 0xf6, 0xd7, 0x3f, 0x2d, 0xfe,
    0x07, 0xbb, 0xe5, 0xa5, 0xdf, 0xda, 0xfc, 0x1f, 0x76, 0xdb, 0x5f, 0xff, 0xb4, 0xf8, 0x1f, 0xec,
    0x96, 0x97, 0x7e, 0x6b, 0x73, 0xd5, 0x55, 0xcf, 0x74, 0xdb, 0x5f, 0xff, 0xb4, 0xb8, 0xea, 0xbf,
    0x0b, 0xe2, 0xaa, 0xff, 0x56, 0xb7, 0xbc, 0xf4, 0x5b, 0x9b, 0xab, 0xfe, 0xc7, 0xb8, 0xed, 0xaf,
    0x7f, 0x5a, 0xfc, 0x0f, 0x76, 0xcb, 0x4b, 0xbf, 0xb5, 0xf9, 0x1f, 0xec, 0xb6, 0xbf, 0xfe, 0x69,
    0xf1, 0x3f, 0xd8, 0x2d, 0x2f, 0xfd, 0xd6, 0xe6, 0xff, 0xb0, 0xdb, 0xfe, 0xfa, 0xa7, 0xc5, 0xff,
    0x60, 0xb7, 0xbc, 0xf4, 0x5b, 0x9b, 0xab, 0xae, 0x7a, 0xa6, 0xdb, 0xfe, 0xfa, 0xa7, 0xc5, 0x55,
    0xff, 0x5d, 0x10, 0x57, 0xfd, 0xb7, 0xba, 0xe5, 0xa5, 0xdf, 0xda, 0x5c, 0xf5, 0x3f, 0xc6, 0x6d,
    0x7f, 0xfd, 0xd3, 0xe2, 0x7f, 0xb0, 0x5b, 0x5e, 0xfa, 0xad, 0xcd, 0xff, 0x60, 0xb7, 0xfd, 0xf5,
    0x4f, 0x8b, 0xff, 0xc1, 0x6e, 0x79, 0xe9, 0xb7, 0x36, 0xff, 0x87, 0xdd, 0xf6, 0xd7, 0x3f, 0x2d,
    0xfe, 0x07, 0xbb, 0xe5, 0xa5, 0xdf, 0xda, 0x5c, 0x75, 0xd5, 0x33, 0xdd, 0xf6, 0xd7, 0x3f, 0x2d,
    0xae, 0xfa, 0xef, 0x82, 0xb8, 0xea, 0xbf, 0xd5, 0x2d, 0x2f, 0xfd, 0xd6, 0xe6, 0xaa, 0xff, 0x31,
    0x6e, 0xfb, 0xeb, 0x9f, 0x16, 0xff, 0x83, 0xdd, 0xf2, 0xd2, 0x6f, 0x6d, 0xfe, 0x07, 0xbb, 0xed,
    0xaf, 0x7f, 0x5a, 0xfc, 0x0f, 0x76, 0xcb, 0x4b, 0xbf, 0xb5, 0xf9, 0x3f, 0xec, 0xb6, 0xbf, 0xfe,
    0x69, 0xf1, 0x3f, 0xd8, 0x2d, 0x2f, 0xfd, 0xd6, 0xe6, 0xaa, 0xab, 0x9e, 0xe9, 0xb6, 0xbf, 0xfe,
    0x69, 0x71, 0xd5, 0x7f, 0x17, 0xc4, 0x55, 0xff, 0xad, 0x6e, 0x79, 0xe9, 0xb7, 0x36, 0x57, 0xfd,
    0x8f, 0x71, 0xdb, 0x5f, 0xff, 0xb4, 0xf8, 0x1f, 0xec, 0x96, 0x97, 0x7e, 0x6b, 0xf3, 0x3f, 0xd8,
    0x6d, 0x7f, 0xfd, 0xd3, 0xe2, 0x7f, 0xb0, 0x5b, 0x5e, 0xfa, 0xad, 0xcd, 0xff, 0x61, 0xb7, 0xfd,
    0xf5, 0x4f, 0x8b, 0xff, 0xc1, 0x6e, 0x79, 0xe9, 0xb7, 0x36, 0x57, 0x5d, 0xf5, 0x4c, 0xb7, 0xfd,
    0xf5, 0x4f, 0x8b, 0xab, 0xfe, 0xbb, 0x20, 0xae, 0xfa, 0x6f, 0x75, 0xcb, 0x4b, 0xbf, 0xb5, 0xb9,
    0xea, 0x7f, 0x8c, 0xdb, 0xfe, 0xfa, 0xa7, 0xc5, 0xff, 0x60, 0xb7, 0xbc, 0xf4, 0x5b, 0x9b, 0xff,
    0xc1, 0x6e, 0xfb, 0xeb, 0x9f, 0x16, 0xff, 0x83, 0xdd, 0xf2, 0xd2, 0x6f, 0x6d, 0xfe, 0x0f, 0xbb,
    0xed, 0xaf, 0x7f, 0x5a, 0xfc, 0x0f, 0x76, 0xcb, 0x4b, 0xbf, 0xb5, 0xb9, 0xea, 0xaa, 0x67, 0xba,
    0xed, 0xaf, 0x7f, 0x5a, 0x5c, 0xf5, 0xdf, 0x05, 0x71, 0xd5, 0x7f, 0xab, 0x5b, 0x5e, 0xfa, 0xad,
    0xcd, 0x55, 0xff, 0x63, 0xdc, 0xf6, 0xd7, 0x3f, 0x2d, 0xfe, 0x07, 0xbb, 0xe5, 0xa5, 0xdf, 0xda,
    0xfc, 0x0f, 0x76, 0xdb, 0x5f, 0xff, 0xb4, 0xf8, 0x1f, 0xec, 0x96, 0x97, 0x7e, 0x6b, 0xf3, 0x7f,
    0xd8, 0x6d, 0x7f, 0xfd, 0xd3, 0xe2, 0x7f, 0xb0, 0x5b, 0x5e, 0xfa, 0xad, 0xcd, 0x55, 0x57, 0x3d,
    0xd3, 0x6d, 0x7f, 0xfd, 0xd3, 0xe2, 0xaa, 0xff, 0x2e, 0x88, 0xab, 0xfe, 0x5b, 0xdd, 0xf2, 0xd2,
    0x6f, 0x6d, 0xae, 0xfa, 0x1f, 0xe3, 0xb6, 0xbf, 0xfe, 0x69, 0xf1, 0x3f, 0xd8, 0x2d, 0x2f, 0xfd,
    0xd6, 0xe6, 0x7f, 0xb0, 0xdb, 0xfe, 0xfa, 0xa7, 0xc5, 0xff, 0x60, 0xb7, 0xbc, 0xf4, 0x5b, 0x9b,
    0xff, 0xc3, 0x6e, 0xfb, 0xeb, 0x9f, 0x16, 0xff, 0x83, 0xdd, 0xf2, 0xd2, 0x6f, 0x6d, 0xae, 0xba,
    0xea, 0x99, 0x6e, 0xfb, 0xeb, 0x9f, 0x16, 0x57, 0xfd, 0x77, 0x41, 0x5c, 0xf5, 0xdf, 0xea, 0x96,
    0x97, 0x7e, 0x6b, 0x73, 0xd5, 0xff, 0x18, 0xb7, 0xfd, 0xf5, 0x4f, 0x8b, 0xff, 0xc1, 0x6e, 0x79,
    0xe9, 0xb7, 0x36, 0xff, 0x83, 0xdd, 0xf6, 0xd7, 0x3f, 0x2d, 0xfe, 0x07, 0xbb, 0xe5, 0xa5, 0xdf,
    0xda, 0xfc, 0x1f, 0x76, 0xdb, 0x5f, 0xff, 0xb4, 0xf8, 0x1f, 0xec, 0x96, 0x97, 0x7e, 0x6b, 0x73,
    0xd5, 0x55, 0xcf, 0x74, 0xdb, 0x5f, 0xff, 0xb4, 0xb8, 0xea, 0xbf, 0x0b, 0xe2, 0xaa, 0xff, 0x56,
    0xb7, 0xbc, 0xf4, 0x5b, 0x9b, 0xab, 0xfe, 0xc7, 0xb8, 0xed, 0xaf, 0x7f, 0x5a, 0xfc, 0x0f, 0x76,
    0xcb, 0x4b, 0xbf, 0xb5, 0xf9, 0x1f, 0xec, 0xb6, 0xbf, 0xfe, 0x69, 0xf1, 0x3f, 0xd8, 0x2d, 0x2f,
    0xfd, 0xd6, 0xe6, 0xff, 0xb0, 0xdb, 0xfe, 0xfa, 0xa7, 0xc5, 0xff, 0x60, 0xb7, 0xbc, 0xf4, 0x5b,
    0x9b, 0xab, 0xae, 0x7a, 0xa6, 0xdb, 0xfe, 0xfa, 0xa7, 0xc5, 0x55, 0xff, 0x5d, 0x10, 0x57, 0xfd,
    0xb7, 0xba, 0xe5, 0xa5, 0xdf, 0xda, 0x5c, 0xf5, 0x3f, 0xc6, 0x6d, 0x7f, 0xfd, 0xd3, 0xe2, 0x7f,
    0xb0, 0x5b, 0x5e, 0xfa, 0xad, 0xcd, 0xff, 0x60, 0xb7, 0xfd, 0xf5, 0x4f, 0x8b, 0xff, 0xc1, 0x6e,
    0x79, 0xe9, 0xb7, 0x36, 0xff, 0x87, 0xdd, 0xf6, 0xd7, 0x3f, 0x2d, 0xfe, 0x07, 0xbb, 0xe5, 0xa5,
    0xdf, 0xda, 0x5c, 0x75, 0xd5, 0x33, 0xdd, 0xf6, 0xd7, 0x3f, 0x2d, 0xae, 0xfa, 0xef, 0x82, 0xb8,
    0xea, 0xbf, 0xd5, 0x2d, 0x2f, 0xfd, 0xd6, 0xe6, 0xaa, 0xff, 0x31, 0x6e, 0xfb, 0xeb, 0x9f, 0x16,
    0xff, 0x83, 0xdd, 0xf2, 0xd2, 0x6f, 0x6d, 0xfe, 0x07, 0xbb, 0xed, 0xaf, 0x7f, 0x5a, 0xfc, 0x0f,
    0x76, 0xcb, 0x4b, 0xbf, 0xb5, 0xf9, 0x3f, 0xec, 0xb6, 0xbf, 0xfe, 0x69, 0xf1, 0x3f, 0xd8, 0x2d,
    0x2f, 0xfd, 0xd6, 0xe6, 0xaa, 0xab, 0x9e, 0xe9, 0xb6, 0xbf, 0xfe, 0x69, 0x71, 0xd5, 0x7f, 0x17,
    0xc4, 0x55, 0xff, 0xad, 0x6e, 0x79, 0xe9, 0xb7, 0x36, 0x57, 0xfd, 0x8f, 0x71, 0xdb, 0x5f, 0xff,
    0xb4, 0xf8, 0x1f, 0xec, 0x96, 0x97, 0x7e, 0x6b, 0xf3, 0x3f, 0xd8, 0x6d, 0x7f, 0xfd, 0xd3, 0xe2,
    0x7f, 0xb0, 0x5b, 0x5e, 0xfa, 0xad, 0xcd, 0xff, 0x61, 0xb7, 0xfd, 0xf5, 0x4f, 0x8b, 0xff, 0xc1,
    0x6e, 0x79, 0xe9, 0xb7, 0x36, 0x57, 0x5d, 0xf5, 0x4c, 0xb7, 0xfd, 0xf5, 0x4f, 0x8b, 0xab, 0xfe,
    0xbb, 0x20, 0xae, 0xfa, 0x6f, 0x75, 0xcb, 0x4b, 0xbf, 0xb5, 0xb9, 0xea, 0x7f, 0x8c, 0xdb, 0xfe,
    0xfa, 0xa7, 0xc5, 0xff, 0x60, 0xb7, 0xbc, 0xf4, 0x5b, 0x9b, 0xff, 0xc1, 0x6e, 0xfb, 0xeb, 0x9f,
    0x16, 0xff, 0x83, 0xdd, 0xf2, 0xd2, 0x6f, 0x6d, 0xfe, 0x0f, 0xbb, 0xed, 0xaf, 0x7f, 0x5a, 0xfc,
    0x0f, 0x76, 0xcb, 0x4b, 0xbf, 0xb5, 0xb9, 0xea, 0xaa, 0x67, 0xba, 0xed, 0xaf, 0x7f, 0x5a, 0x5c,
    0xf5, 0xdf, 0x05, 0x71, 0xd5, 0x7f, 0xab, 0x5b, 0x5e, 0xfa, 0xad, 0xcd, 0x55, 0xff, 0x63, 0xdc,
    0xf6, 0xd7, 0x3f, 0x2d, 0xfe, 0x07, 0xbb, 0xe5, 0xa5, 0xdf, 0xda, 0xfc, 0x0f, 0x76, 0xdb, 0x5f,
    0xff, 0xb4, 0xf8, 0x1f, 0xec, 0x96, 0x97, 0x7e, 0x6b, 0xf3, 0x7f, 0xd8, 0x6d, 0x7f, 0xfd, 0xd3,
    0xe2, 0x7f, 0xb0, 0x5b, 0x5e, 0xfa, 0xad, 0xcd, 0x55, 0x57, 0x3d, 0xd3, 0x6d, 0x7f, 0xfd, 0xd3,
    0xe2, 0xaa, 0xff, 0x2e, 0x88, 0xab, 0xfe, 0x5b, 0xdd, 0xf2, 0xd2, 0x6f, 0x6d, 0xae, 0xfa, 0x1f,
    0xe3, 0xb6, 0xbf, 0xfe, 0x69, 0xf1, 0x3f, 0xd8, 0x2d, 0x2f, 0xfd, 0xd6, 0xe6, 0x7f, 0xb0, 0xdb,
    0xfe, 0xfa, 0xa7, 0xc5, 0xff, 0x60, 0xb7, 0xbc, 0xf4, 0x5b, 0x9b, 0xff, 0xc3, 0x6e, 0xfb, 0xeb,
    0x9f, 0x16, 0xff, 0x83, 0xdd, 0xf2, 0xd2, 0x6f, 0x6d, 0xae, 0xba, 0xea, 0x99, 0x6e, 0xfb, 0xeb,
    0x9f, 0x16, 0x57, 0xfd, 0x77, 0x41, 0x5c, 0xf5, 0xdf, 0xea, 0x96, 0x97, 0x7e, 0x6b, 0x73, 0xd5,
    0xff, 0x18, 0xb7, 0xfd, 0xf5, 0x4f, 0x8b, 0xff, 0xc1, 0x6e, 0x79, 0xe9, 0xb7, 0x36, 0xff, 0x83,
    0xdd, 0xf6, 0xd7, 0x3f, 0x2d, 0xfe, 0x07, 0xbb, 0xe5, 0xa5, 0xdf, 0xda, 0xfc, 0x1f, 0x76, 0xdb,
    0x5f, 0xff, 0xb4, 0xf8, 0x1f, 0xec, 0x96, 0x97, 0x7e, 0x6b, 0x73, 0xd5, 0x55, 0xcf, 0x74, 0xdb,
    0x5f, 0xff, 0xb4, 0xb8, 0xea, 0xbf, 0x0b, 0xe2, 0xaa, 0xff, 0x56, 0xb7, 0xbc, 0xf4, 0x5b, 0x9b,
    0xab, 0xfe, 0xc7, 0xb8, 0xed, 0xaf, 0x7f, 0x5a, 0xfc, 0x0f, 0x76, 0xcb, 0x4b, 0xbf, 0xb5, 0xf9,
    0x1f, 0xec, 0xb6, 0xbf, 0xfe, 0x69, 0xf1, 0x3f, 0xd8, 0x2d, 0x2f, 0xfd, 0xd6, 0xe6, 0xff, 0xb0,
    0xdb, 0xfe, 0xfa, 0xa7, 0xc5, 0xff, 0x60, 0xb7, 0xbc, 0xf4, 0x5b, 0x9b, 0xab, 0xae, 0x7a, 0xa6,
    0xdb, 0xfe, 0xfa, 0xa7, 0xc5, 0x55, 0xff, 0x5d, 0x10, 0x57, 0xfd, 0xb7, 0xba, 0xe5, 0xa5, 0xdf,
    0xda, 0x5c, 0xf5, 0x3f, 0xc6, 0x6d, 0x7f, 0xfd, 0xd3, 0xe2, 0x7f, 0xb0, 0x5b, 0x5e, 0xfa, 0xad,
    0xcd, 0xff, 0x60, 0xb7, 0xfd, 0xf5, 0x4f, 0x8b, 0xff, 0xc1, 0x6e, 0x79, 0xe9, 0xb7, 0x36, 0xff,
    0x87, 0xdd, 0xf6, 0xd7, 0x3f, 0x2d, 0xfe, 0x07, 0xbb, 0xe5, 0xa5, 0xdf, 0xda, 0x5c, 0x75, 0xd5,
    0x33, 0xdd, 0xf6, 0xd7, 0x3f, 0x2d, 0xae, 0xfa, 0xef, 0x82, 0xb8, 0xea, 0xbf, 0xd5, 0x2d, 0x2f,
    0xfd, 0xd6, 0xe6, 0xaa, 0xff, 0x31, 0x6e, 0xfb, 0xeb, 0x9f, 0x16, 0xff, 0x83, 0x3d, 0xe8, 0xa5,
    0xdf, 0x7a, 0xd7, 0x70, 0x8c, 0xff, 0x81, 0x04, 0xcf, 0x78, 0xc6, 0x5f, 0xff, 0xf4, 0x83, 0xf9,
    0x1f, 0xec, 0x96, 0x97, 0x7e, 0x6b, 0xf3, 0x7f, 0xd8, 0x6d, 0x7f, 0xfd, 0xd3, 0xe2, 0x7f, 0xb0,
    0x5b, 0x5e, 0xfa, 0xad, 0xcd, 0x55, 0x57, 0x3d, 0xd3, 0x6d, 0x7f, 0xfd, 0xd3, 0xe2, 0xaa, 0xff,
    0x2e, 0x88, 0xab, 0xfe, 0x5b, 0xdd, 0xf2, 0xd2, 0x6f, 0x6d, 0xae, 0xfa, 0x1f, 0xe3, 0xb6, 0xbf,
    0xfe, 0x69, 0xf1, 0x3f, 0xd8, 0x2d, 0x2f, 0xfd, 0xd6, 0x3f, 0x0d, 0xbc, 0x15, 0xff, 0x33, 0xfd,
    0xcc, 0x6d, 0x7f, 0xfd, 0xd3, 0x6f, 0xcd, 0xff, 0x60, 0xb7, 0xbc, 0xf4, 0x5b, 0x9b, 0xff, 0xc3,
    0x6e, 0xfb, 0xeb, 0x9f, 0x16, 0xff, 0x83, 0xdd, 0xf2, 0xd2, 0x6f, 0x6d, 0xae, 0xba, 0xea, 0x99,
    0x6e, 0xfb, 0xeb, 0x9f, 0x16, 0x57, 0xfd, 0x77, 0x41, 0x5c, 0xf5, 0xdf, 0xea, 0x96, 0x97, 0x7e,
    0x6b, 0x73, 0xd5, 0xff, 0x18, 0x01, 0x0f, 0xb9, 0xf5, 0xaf, 0x7f, 0xfa, 0x56, 0xfe, 0x87, 0x7a,
    0xf0, 0x4b, 0xbf, 0xf5, 0x83, 0x0d, 0x7f, 0x6d, 0x38, 0xc6, 0xff, 0x20, 0x82, 0x4b, 0x82, 0x97,
    0xbe, 0xf5, 0xaf, 0x7f, 0xfa, 0x56, 0xfe, 0x87, 0x7a, 0xf0, 0x4b, 0xbf, 0xf5, 0x83, 0x13, 0x9e,
    0xce, 0xff, 0x61, 0xb7, 0xfd, 0xf5, 0x4f, 0x8b, 0xff, 0xc1, 0x6e, 0x79, 0xe9, 0xb7, 0x36, 0x57,
    0x5d, 0xf5, 0x4c, 0xb7, 0xfd, 0xf5, 0x4f, 0x8b, 0xab, 0xfe, 0xbb, 0x20, 0xae, 0xfa, 0x6f, 0x75,
    0xcb, 0x4b, 0xbf, 0xb5, 0xb9, 0xea, 0x7f, 0x8c, 0x80, 0xd7, 0xb9, 0xf5, 0xaf, 0x7f, 0xfa, 0xb7,
    0xf9, 0x1f, 0xec, 0xc1, 0x2f, 0xfd, 0xd6, 0x0f, 0x4e, 0xf8, 0x6a, 0xc1, 0x4b, 0x1b, 0x1e, 0xc4,
    0x7f, 0x23, 0xc1, 0x33, 0x0c, 0x7f, 0x1d, 0xf0, 0xd1, 0xb7, 0xfe, 0xf5, 0x4f, 0xdf, 0xca, 0xff,
    0x60, 0x0f, 0x7e, 0xe9, 0xb7, 0x7e, 0xed, 0x84, 0xdf, 0xe2, 0xff, 0xb0, 0xdb, 0xfe, 0xfa, 0xa7,
    0xc5, 0xff, 0x60, 0xb7, 0xbc, 0xf4, 0x5b, 0x9b, 0xab, 0xae, 0x7a, 0xa6, 0xdb, 0xfe, 0xfa, 0xa7,
    0xc5, 0x55, 0xff, 0x5d, 0x10, 0x57, 0xfd, 0xb7, 0xba, 0xe5, 0xa5, 0xdf, 0xda, 0x5c, 0xf5, 0x3f,
    0x46, 0xc0, 0xeb, 0xdc, 0xfa, 0xd7, 0x3f, 0xfd, 0xdb, 0x5c, 0xf5, 0x7f, 0xce, 0x83, 0x5f, 0xfa,
    0xad, 0x5f, 0x3b, 0xe1, 0xb7, 0xf8, 0x3f, 0xec, 0xb6, 0xbf, 0xfe, 0x69, 0xf1, 0x3f, 0xd8, 0x2d,
    0x2f, 0xfd, 0xd6, 0xe6, 0xaa, 0xab, 0x9e, 0xe9, 0xb6, 0xbf, 0xfe, 0x69, 0x71, 0xd5, 0x7f, 0x17,
    0xc4, 0x55, 0xff, 0xad, 0x6e, 0x79, 0xe9, 0xb7, 0x36, 0x57, 0xfd, 0x8f, 0x11, 0xf0, 0x3e, 0xb7,
    0xfe, 0xf5, 0x4f, 0x7f, 0x37, 0x57, 0xfd, 0x9f, 0xf3, 0xe0, 0x97, 0x7e, 0xeb, 0xf7, 0x4e, 0xf8,
    0x2e, 0xfe, 0x0f, 0xbb, 0xed, 0xaf, 0x7f, 0x5a, 0xfc, 0x0f, 0x76, 0xcb, 0x4b, 0xbf, 0xb5, 0xb9,
    0xea, 0xaa, 0x67, 0xba, 0xed, 0xaf, 0x7f, 0x5a, 0x5c, 0xf5, 0xdf, 0x05, 0x71, 0xd5, 0x7f, 0xab,
    0x5b, 0x5e, 0xfa, 0xad, 0xcd, 0x55, 0xff, 0x93, 0x7c, 0xce, 0x6d, 0x7f, 0xfd, 0xd3, 0x9f, 0xcd,
    0x55, 0xff, 0xe7, 0xdc, 0xf2, 0xd2, 0x6f, 0xfd, 0xd9, 0xc0, 0x67, 0xf1, 0x7f, 0xd8, 0x6d, 0x7f,
    0xfd, 0xd3, 0xe2, 0x7f, 0xb0, 0x5b, 0x5e, 0xfa, 0xad, 0xcd, 0x55, 0x57, 0x3d, 0xd3, 0x6d, 0x7f,
    0xfd, 0xd3, 0xe2, 0xaa, 0xff, 0x2e, 0x88, 0xab, 0xfe, 0x5b, 0xdd, 0xf2, 0xd2, 0x6f, 0x6d, 0xae,
    0xfa, 0x1f, 0x43, 0xf0, 0x3b, 0xcf, 0xf8, 0xeb, 0x9f, 0x7e, 0x6d, 0xae, 0xfa, 0x3f, 0xe7, 0x41,
    0x2f, 0xfd, 0xd6, 0xbf, 0x6d, 0x78, 0x2d, 0xfe, 0x0f, 0xbb, 0xed, 0xaf, 0x7f, 0x5a, 0xfc, 0x0f,
    0x76, 0xcb, 0x4b, 0xbf, 0xb5, 0xb9, 0xea, 0xaa, 0x67, 0xba, 0xed, 0xaf, 0x7f, 0x5a, 0x5c, 0xf5,
    0xdf, 0x05, 0x71, 0xd5, 0x7f, 0xab, 0x5b, 0x5e, 0xfa, 0xad, 0xcd, 0x55, 0xff, 0x63, 0x08, 0xfe,
    0xfa, 0x19, 0x7f, 0xfd, 0xd3, 0x2f, 0xc3, 0x55, 0xff, 0xe7, 0x3c, 0xe8, 0xa5, 0xdf, 0xfa, 0xaf,
    0x0c, 0x2f, 0xcd, 0xff, 0x61, 0xb7, 0xfd, 0xf5, 0x4f, 0x8b, 0xff, 0xc1, 0x6e, 0x79, 0xe9, 0xb7,
    0x36, 0x57, 0x5d, 0xf5, 0x4c, 0xb7, 0xfd, 0xf5, 0x4f, 0x8b, 0xab, 0xfe, 0xbb, 0x20, 0xae, 0xfa,
    0x6f, 0x75, 0xcb, 0x4b, 0xbf, 0xb5, 0xb9, 0xea, 0x7f, 0x94, 0x80, 0x13, 0xb7, 0xfe, 0xf5, 0x4f,
    0xef, 0x72, 0xd5, 0xff, 0x19, 0x0f, 0x7e, 0xe9, 0xb7, 0x3e, 0x9e, 0x70, 0x91, 0xff, 0xe3, 0x6e,
    0xfb, 0xeb, 0x9f, 0x16, 0xff, 0x83, 0xdd, 0xf2, 0xd2, 0x6f, 0x6d, 0xae, 0xba, 0xea, 0x99, 0x6e,
    0xfb, 0xeb, 0x9f, 0x16, 0x57, 0xfd, 0x77, 0x41, 0x5c, 0xf5, 0xdf, 0xea, 0x96, 0x97, 0x7e, 0x6b,
    0x73, 0xd5, 0xff, 0x28, 0x01, 0x6f, 0x73, 0xeb, 0x5f, 0xff, 0xf4, 0x4f, 0x73, 0xd5, 0xff, 0x19,
    0x0f, 0x7e, 0xe9, 0xb7, 0x7e, 0xeb, 0x84, 0x9f, 0xe2, 0xff, 0xb8, 0xdb, 0xfe, 0xfa, 0xa7, 0xc5,
    0xff, 0x60, 0xb7, 0xbc, 0xf4, 0x5b, 0x9b, 0xab, 0xae, 0x7a, 0xa6, 0xdb, 0xfe, 0xfa, 0xa7, 0xc5,
    0x55, 0xff, 0x5d, 0x10, 0x57, 0xfd, 0xb7, 0xba, 0xe5, 0xa5, 0xdf, 0xda, 0x5c, 0xf5, 0x3f, 0xcd,
    0xd7, 0xdc, 0xf6, 0xd7, 0x3f, 0xfd, 0xd1, 0x5c, 0xf5, 0x7f, 0xc6, 0x2d, 0x2f, 0xfd, 0xd6, 0x5f,
    0x0d, 0x7c, 0x14, 0xff, 0xc7, 0xdd, 0xf6, 0xd7, 0x3f, 0x2d, 0xfe, 0x07, 0xbb, 0xe5, 0xa5, 0xdf,
    0xda, 0x5c, 0x75, 0xd5, 0x33, 0xdd, 0xf6, 0xd7, 0x3f, 0x2d, 0xae, 0xfa, 0xef, 0x82, 0xb8, 0xea,
    0xbf, 0xd5, 0x2d, 0x2f, 0xfd, 0xd6, 0xe6, 0xaa, 0xff, 0x51, 0x04, 0x7f, 0xfd, 0x8c, 0xbf, 0xfe,
    0xe9, 0x97, 0xe1, 0xaa, 0xff, 0x33, 0x1e, 0xf4, 0xd2, 0x6f, 0xfd, 0x57, 0x86, 0x97, 0xe6, 0xff,
    0xb8, 0xdb, 0xfe, 0xfa, 0xa7, 0xc5, 0xff, 0x60, 0xb7, 0xbc, 0xf4, 0x5b, 0x9b, 0xab, 0xae, 0x7a,
    0xa6, 0xdb, 0xfe, 0xfa, 0xa7, 0xc5, 0x55, 0xff, 0x5d, 0x10, 0x57, 0xfd, 0xb7, 0xba, 0xe5, 0xa5,
    0xdf, 0xda, 0x5c, 0xf5, 0x3f, 0x4e, 0xc0, 0x43, 0x6e, 0xfd, 0xeb, 0x9f, 0xbe, 0x95, 0xab, 0xfe,
    0xd7, 0x7b, 0xf0, 0x4b, 0xbf, 0xf5, 0x83, 0x13, 0x9e, 0xce, 0xff, 0x03, 0xb7, 0xfd, 0xf5, 0x4f,
    0x8b, 0xff, 0xc1, 0x6e, 0x79, 0xe9, 0xb7, 0x36, 0x57, 0x5d, 0xf5, 0x4c, 0xb7, 0xfd, 0xf5, 0x4f,
    0x8b, 0xab, 0xfe, 0xbb, 0x20, 0xae, 0xfa, 0x6f, 0x75, 0xcb, 0x4b, 0xbf, 0xb5, 0xb9, 0xea, 0x7f,
    0xa2, 0xcf, 0xb9, 0xed, 0xaf, 0x7f, 0xfa, 0xb3, 0xb9, 0xea, 0x7f, 0xbd, 0x5b, 0x5e, 0xfa, 0xad,
    0x3f, 0x1b, 0xf8, 0x2c, 0xfe, 0x1f, 0xb8, 0xed, 0xaf, 0x7f, 0x5a, 0xfc, 0x0f, 0x76, 0xcb, 0x4b,
    0xbf, 0xb5, 0xb9, 0xea, 0xaa, 0x67, 0xba, 0xed, 0xaf, 0x7f, 0x5a, 0x5c, 0xf5, 0xdf, 0x05, 0x71,
    0xd5, 0x7f, 0xab, 0x5b, 0x5e, 0xfa, 0xad, 0xcd, 0x55, 0xff, 0xe3, 0x08, 0x6e, 0x7d, 0xc6, 0x5f,
    0xff, 0xf4, 0x43, 0xb8, 0xea, 0x7f, 0xbd, 0x07, 0xbd, 0xf4, 0x5b, 0x3f, 0xdd, 0xf0, 0x60, 0xfe,
    0x1f, 0xb8, 0xed, 0xaf, 0x7f, 0x5a, 0xfc, 0x0f, 0x76, 0xcb, 0x4b, 0xbf, 0xb5, 0xb9, 0xea, 0xaa,
    0x67, 0xba, 0xed, 0xaf, 0x7f, 0x5a, 0x5c, 0xf5, 0xdf, 0x05, 0x71, 0xd5, 0x7f, 0xab, 0x5b, 0x5e,
    0xfa, 0xad, 0xcd, 0x55, 0xff, 0x23, 0x05, 0xbc, 0xcc, 0xad, 0x7f, 0xfd, 0xd3, 0x7f, 0xcd, 0x55,
    0xff, 0x6b, 0x3d, 0xf8, 0xa5, 0xdf, 0xfa, 0xa5, 0x13, 0xfe, 0x8a, 0xff, 0x27, 0x6e, 0xfb, 0xeb,
    0x9f, 0x16, 0xff, 0x83, 0xdd, 0xf2, 0xd2, 0x6f, 0x6d, 0xae, 0xba, 0xea, 0x99, 0x6e, 0xfb, 0xeb,
    0x9f, 0x16, 0x57, 0xfd, 0x77, 0x41, 0x5c, 0xf5, 0xdf, 0xea, 0x96, 0x97, 0x7e, 0x6b, 0x73, 0xd5,
    0xff, 0x54, 0xdf, 0x73, 0xdb, 0x5f, 0xff, 0xf4, 0x7b, 0x73, 0xd5, 0xff, 0x5a, 0xb7, 0xbc, 0xf4,
    0x5b, 0x7f, 0x37, 0xf0, 0x5e, 0xfc, 0x3f, 0x71, 0xdb, 0x5f, 0xff, 0xb4, 0xf8, 0x1f, 0xec, 0x96,
    0x97, 0x7e, 0x6b, 0x73, 0xd5, 0x55, 0xcf, 0x74, 0xdb, 0x5f, 0xff, 0xb4, 0xb8, 0xea, 0xbf, 0x0b,
    0xe2, 0xaa, 0xff, 0x56, 0xb7, 0xbc, 0xf4, 0x5b, 0x9b, 0xab, 0xfe, 0xc7, 0x0a, 0x78, 0xc8, 0xad,
    0x7f, 0xfd, 0xd3, 0xb7, 0x72, 0xd5, 0xff, 0x3a, 0x0f, 0x7e, 0xe9, 0xb7, 0x7e, 0x70, 0xc2, 0xd3,
    0xf9, 0x7f, 0xe4, 0xb6, 0xbf, 0xfe, 0x69, 0xf1, 0x3f, 0xd8, 0x2d, 0x2f, 0xfd, 0xd6, 0xe6, 0xaa,
    0xab, 0x9e, 0xe9, 0xb6, 0xbf, 0xfe, 0x69, 0x71, 0xd5, 0x7f, 0x17, 0xc4, 0x55, 0xff, 0xad, 0x6e,
    0x79, 0xe9, 0xb7, 0x36, 0x57, 0xfd, 0x4f, 0xf6, 0x3d, 0xb7, 0xfd, 0xf5, 0x4f, 0xbf, 0x37, 0x57,
    0xfd, 0xaf, 0x73, 0xcb, 0x4b, 0xbf, 0xf5, 0x77, 0x03, 0xef, 0xc5, 0xff, 0x23, 0xb7, 0xfd, 0xf5,
    0x4f, 0x8b, 0xff, 0xc1, 0x6e, 0x79, 0xe9, 0xb7, 0x36, 0x57, 0x5d, 0xf5, 0x4c, 0xb7, 0xfd, 0xf5,
    0x4f, 0x8b, 0xab, 0xfe, 0xbb, 0x20, 0xae, 0xfa, 0x6f, 0x75, 0xcb, 0x4b, 0xbf, 0xb5, 0xb9, 0xea,
    0x7f, 0xb4, 0x80, 0x87, 0xdc, 0xfa, 0xd7, 0x3f, 0x7d, 0x2b, 0x57, 0xfd, 0xaf, 0xf1, 0xe0, 0x97,
    0x7e, 0xeb, 0x07, 0x27, 0x3c, 0x9d, 0xff, 0x67, 0x6e, 0xfb, 0xeb, 0x9f, 0x16, 0xff, 0x83, 0xdd,
    0xf2, 0xd2, 0x6f, 0x6d, 0xae, 0xba, 0xea, 0x99, 0x6e, 0xfb, 0xeb, 0x9f, 0x16, 0x57, 0xfd, 0x77,
    0x41, 0x5c, 0xf5, 0xdf, 0xea, 0x96, 0x97, 0x7e, 0x6b, 0x73, 0xd5, 0xff, 0x74, 0xdf, 0x73, 0xdb,
    0x5f, 0xff, 0xf4, 0x7b, 0x73, 0xd5, 0xff, 0x1a, 0xb7, 0xbc, 0xf4, 0x5b, 0x7f, 0x37, 0xf0, 0x5e,
    0xfc, 0x3f, 0x73, 0xdb, 0x5f, 0xff, 0xb4, 0xf8, 0x1f, 0xec, 0x96, 0x97, 0x7e, 0x6b, 0x73, 0xd5,
    0x55, 0xcf, 0x74, 0xdb, 0x5f, 0xff, 0xb4, 0xb8, 0xea, 0xbf, 0x0b, 0xe2, 0xaa, 0xff, 0x56, 0xb7,
    0xbc, 0xf4, 0x5b, 0x9b, 0xab, 0xfe, 0xc7, 0x0b, 0x78, 0x9d, 0x5b, 0xff, 0xfa, 0xa7, 0x7f, 0x9b,
    0xab, 0xfe, 0xc7, 0x7b, 0xf0, 0x4b, 0xbf, 0xf5, 0x6b, 0x27, 0xfc, 0x16, 0xff, 0x0f, 0xdd, 0xf6,
    0xd7, 0x3f, 0x2d, 0xfe, 0x07, 0xbb, 0xe5, 0xa5, 0xdf, 0xda, 0x5c, 0x75, 0xd5, 0x33, 0xdd, 0xf6,
    0xd7, 0x3f, 0x2d, 0xae, 0xfa, 0xef, 0x82, 0xb8, 0xea, 0xbf, 0xd5, 0x2d, 0x2f, 0xfd, 0xd6, 0xe6,
    0xaa, 0xff, 0xf1, 0x04, 0x7f, 0xfd, 0x8c, 0xbf, 0xfe, 0xe9, 0x97, 0xe1, 0xaa, 0xff, 0xf1, 0x1e,
    0xf4, 0xd2, 0x6f, 0xfd, 0x57, 0x86, 0x97, 0xe6, 0xff, 0xa1, 0xdb, 0xfe, 0xfa, 0xa7, 0xc5, 0xff,
    0x60, 0xb7, 0xbc, 0xf4, 0x5b, 0x9b, 0xab, 0xae, 0x7a, 0xa6, 0xdb, 0xfe, 0xfa, 0xa7, 0xc5, 0x55,
    0xff, 0x5d, 0x10, 0x57, 0xfd, 0xb7, 0xba, 0xe5, 0xa5, 0xdf, 0xda, 0x5c, 0xf5, 0xbf, 0xc5, 0xe7,
    0xdc, 0xf6, 0xd7, 0x3f, 0xfd, 0xd9, 0x5c, 0xf5, 0x3f, 0xd6, 0x2d, 0x2f, 0xfd, 0xd6, 0x9f, 0x0d,
    0x7c, 0x16, 0xff, 0x4f, 0xdd, 0xf6, 0xd7, 0x3f, 0x2d, 0xfe, 0x07, 0xbb, 0xe5, 0xa5, 0xdf, 0xda,
    0x5c, 0x75, 0xd5, 0x33, 0xdd, 0xf6, 0xd7, 0x3f, 0x2d, 0xae, 0xfa, 0xef, 0x82, 0xb8, 0xea, 0xbf,
    0xd5, 0x2d, 0x2f, 0xfd, 0xd6, 0xe6, 0xaa, 0xff, 0x35, 0x02, 0x5e, 0xe6, 0xd6, 0xbf, 0xfe, 0xe9,
    0xbf, 0xe6, 0xaa, 0xff, 0x71, 0x1e, 0xfc, 0xd2, 0x6f, 0xfd, 0xd2, 0x09, 0x7f, 0xc5, 0xff, 0x63,
    0xb7, 0xfd, 0xf5, 0x4f, 0x8b, 0xff, 0xc1, 0x6e, 0x79, 0xe9, 0xb7, 0x36, 0x57, 0x5d, 0xf5, 0x4c,
    0xb7, 0xfd, 0xf5, 0x4f, 0x8b, 0xab, 0xfe, 0xbb, 0x20, 0xae, 0xfa, 0x6f, 0x75, 0xcb, 0x4b, 0xbf,
    0xb5, 0xb9, 0xea, 0x7f, 0x0d, 0xc1, 0xad, 0x82, 0x97, 0xb9, 0xf5, 0xaf, 0x7f, 0x7a, 0x97, 0xab,
    0xfe, 0xc7, 0x78, 0xf0, 0x4b, 0xbf, 0xf5, 0x71, 0xc3, 0x5f, 0x19, 0x1e, 0xcc, 0xff, 0x63, 0x01,
    0x2f, 0x73, 0xeb, 0x5f, 0xff, 0xf4, 0x5f, 0xf3, 0x3f, 0xd0, 0x83, 0x5f, 0xfa, 0xad, 0x5f, 0x3a,
    0xe1, 0xaf, 0xb8, 0xea, 0xaa, 0x67, 0xba, 0xed, 0xaf, 0x7f, 0x5a, 0x5c, 0xf5, 0xdf, 0x05, 0x71,
    0xd5, 0x7f, 0xab, 0x5b, 0x5e, 0xfa, 0xad, 0xcd, 0x55, 0xff, 0xab, 0x08, 0x7e, 0xfa, 0x19, 0x7f,
    0xfd, 0xd3, 0x6f, 0xc3, 0x55, 0xff, 0x63, 0x3c, 0xe8, 0xa5, 0xdf, 0xfa, 0xa7, 0x0c, 0x6f, 0xcd,
    0xff, 0x73, 0x01, 0x6f, 0x73, 0xeb, 0x5f, 0xff, 0xf4, 0x4f, 0xf3, 0x3f, 0xd0, 0x83, 0x5f, 0xfa,
    0xad, 0xdf, 0x3a, 0xe1, 0xa7, 0xb8, 0xea, 0xaa, 0x67, 0xba, 0xed, 0xaf, 0x7f, 0x5a, 0x5c, 0xf5,
    0xdf, 0x05, 0x71, 0xd5, 0x7f, 0xab, 0x5b, 0x5e, 0xfa, 0xad, 0xcd, 0x55, 0xff, 0x1b, 0x7d, 0xcd,
    0x6d, 0x7f, 0xfd, 0xd3, 0x1f, 0xcd, 0x55, 0xff, 0xed, 0x6e, 0x79, 0xe9, 0xb7, 0xfe, 0x6a, 0xe0,
    0xa3, 0xb8, 0x0a, 0xe0, 0x6b, 0x6e, 0xfb, 0xeb, 0x9f, 0xfe, 0x68, 0xfe, 0x07, 0xba, 0xe5, 0xa5,
    0xdf, 0xfa, 0xab, 0x81, 0x8f, 0xe2, 0xaa, 0xab, 0x9e, 0xe9, 0xb6, 0xbf, 0xfe, 0x69, 0x71, 0xd5,
    0x7f, 0x17, 0xc4, 0x55, 0xff, 0xad, 0x6e, 0x79, 0xe9, 0xb7, 0x36, 0x57, 0xfd, 0xaf, 0x14, 0xf0,
    0x3e, 0xb7, 0xfe, 0xf5, 0x4f, 0x7f, 0x37, 0x57, 0xfd, 0xb7, 0x79, 0xf0, 0x4b, 0xbf, 0xf5, 0x7b,
    0x27, 0x7c, 0x17, 0x57, 0x5d, 0x26, 0xf8, 0xeb, 0x67, 0xfc, 0xf5, 0x4f, 0xbf, 0x0c, 0xff, 0x03,
    0x3d, 0xe8, 0xa5, 0xdf, 0xfa, 0xaf, 0x0c, 0x2f, 0xcd, 0x55, 0x57, 0x3d, 0xd3, 0x6d, 0x7f, 0xfd,
    0xd3, 0xe2, 0xaa, 0xff, 0x2e, 0x88, 0xab, 0xfe, 0x5b, 0xdd, 0xf2, 0xd2, 0x6f, 0x6d, 0xae, 0xfa,
    0x5f, 0x2b, 0xe0, 0x7d, 0x6e, 0xfd, 0xeb, 0x9f, 0xfe, 0x6e, 0xae, 0xfa, 0x2f, 0xf7, 0xe0, 0x97,
    0x7e, 0xeb, 0xf7, 0x4e, 0xf8, 0x2e, 0xae, 0x7a, 0x0e, 0x01, 0x0f, 0xb9, 0xf5, 0xaf, 0x7f, 0xfa,
    0x56, 0xfe, 0x07, 0x79, 0xf0, 0x4b, 0xbf, 0xf5, 0x83, 0x13, 0x9e, 0xce, 0x55, 0x57, 0x3d, 0xc0,
    0x6d, 0x7f, 0xfd, 0xd3, 0xe2, 0xaa, 0xff, 0x2e, 0x88, 0xab, 0xfe, 0x5b, 0xdd, 0xf2, 0xd2, 0x6f,
    0x6d, 0xae, 0xfa, 0x5f, 0x2d, 0xe0, 0x7d, 0x6e, 0xfd, 0xeb, 0x9f, 0xfe, 0x6e, 0xae, 0xfa, 0x2f,
    0xf3, 0xe0, 0x97, 0x7e, 0xeb, 0xf7, 0x4e, 0xf8, 0x2e, 0xae, 0x7a, 0x7e, 0x3e, 0xe7, 0xb6, 0xbf,
    0xfe, 0xe9, 0xcf, 0xe6, 0x7f, 0x90, 0x5b, 0x5e, 0xfa, 0xad, 0x3f, 0x1b, 0xf8, 0x2c, 0xae, 0xba,
    0xea, 0x01, 0x6e, 0xfb, 0xeb, 0x9f, 0x16, 0x57, 0xfd, 0x77, 0x41, 0x5c, 0xf5, 0xdf, 0xea, 0x96,
    0x97, 0x7e, 0x6b, 0x73, 0xd5, 0xff, 0x7a, 0x01, 0xef, 0x73, 0xeb, 0x5f, 0xff, 0xf4, 0x77, 0x73,
    0xd5, 0x7f, 0xba, 0x07, 0xbf, 0xf4, 0x5b, 0xbf, 0x77, 0xc2, 0x77, 0x71, 0xd5, 0xf3, 0x25, 0xb8,
    0xf5, 0x19, 0x7f, 0xfd, 0xd3, 0x0f, 0xe1, 0x7f, 0x90, 0x07, 0xbd, 0xf4, 0x5b, 0x5f, 0x34, 0x1c,
    0xe7, 0xaa, 0xab, 0x1e, 0xe0, 0xb6, 0xbf, 0xfe, 0x69, 0x71, 0xd5, 0x7f, 0x17, 0xc4, 0x55, 0xff,
    0xad, 0x6e, 0x79, 0xe9, 0xb7, 0x36, 0x57, 0xfd, 0x5f, 0xf1, 0xd5, 0xb7, 0xfd, 0xf5, 0x4f, 0x7f,
    0x0c, 0x57, 0xfd, 0xa7, 0xb9, 0xe5, 0xa5, 0xdf, 0xfa, 0xab, 0x80, 0x8f, 0xe6, 0xaa, 0x17, 0x2a,
    0xe0, 0x63, 0x6e, 0xfd, 0xeb, 0x9f, 0xfe, 0x6a, 0xfe, 0x07, 0x78, 0xf0, 0x4b, 0xbf, 0xf5, 0x47,
    0x27, 0x7c, 0x15, 0x57, 0x5d, 0xf5, 0x5c, 0x6e, 0xfb, 0xeb, 0x9f, 0x16, 0x57, 0xfd, 0x77, 0x41,
    0x5c, 0xf5, 0xdf, 0xea, 0x96, 0x97, 0x7e, 0x6b, 0x73, 0xd5, 0xff, 0x19, 0x82, 0x9f, 0x16, 0xbc,
    0xcf, 0xad, 0x7f, 0xfd, 0xd3, 0xbb, 0x5c, 0xf5, 0x1f, 0xe6, 0xc1, 0x2f, 0xfd, 0xd6, 0xc7, 0x0d,
    0xdf, 0x65, 0x78, 0x6b, 0xae, 0xfa, 0x17, 0x09, 0x76, 0x05, 0x0f, 0xb9, 0xf5, 0xaf, 0x7f, 0x7a,
    0x97, 0xff, 0x46, 0x0f, 0x7e, 0xe9, 0xb7, 0x3e, 0x6e, 0x78, 0xba, 0xe1, 0x38, 0x57, 0x5d, 0xf5,
    0x5c, 0x6e, 0xfb, 0xeb, 0x9f, 0x16, 0x57, 0xfd, 0x77, 0x41, 0x5c, 0xf5, 0xdf, 0xea, 0x96, 0x97,
    0x7e, 0x6b, 0x73, 0xd5, 0xff, 0x29, 0x82, 0x5b, 0x05, 0x6f, 0x73, 0xeb, 0x5f, 0xff, 0xf4, 0x5f,
    0x73, 0xd5, 0xbf, 0xdb, 0x83, 0x5f, 0xfa, 0xad, 0x5f, 0xda, 0xf0, 0x53, 0x86, 0x07, 0x73, 0xd5,
    0x8b, 0x4c, 0xf0, 0xd3, 0xcf, 0xf8, 0xeb, 0x9f, 0x7e, 0x1b, 0xfe, 0x1b, 0x3d, 0xe8, 0xa5, 0xdf,
    0xfa, 0xa7, 0x0c, 0x6f, 0xcd, 0x55, 0x57, 0x3d, 0x1f, 0xb7, 0xfd, 0xf5, 0x4f, 0x8b, 0xab, 0xfe,
    0xbb, 0x20, 0xae, 0xfa, 0x6f, 0x75, 0xcb, 0x4b, 0xbf, 0xb5, 0xb9, 0xea, 0xff, 0xaa, 0xcf, 0xbe,
    0xed, 0xaf, 0x7f, 0xfa, 0x73, 0xb8, 0xea, 0xdf, 0xec, 0x96, 0x97, 0x7e, 0xeb, 0xcf, 0x02, 0x3e,
    0x9b, 0xab, 0xfe, 0x4d, 0x02, 0x3e, 0xe6, 0xd6, 0xbf, 0xfe, 0xe9, 0xaf, 0xe6, 0xbf, 0xc1, 0x83,
    0x5f, 0xfa, 0xad, 0x3f, 0x3a, 0xe1, 0xab, 0xb8, 0xea, 0xaa, 0x17, 0xe0, 0xb6, 0xbf, 0xfe, 0x69,
    0x71, 0xd5, 0x7f, 0x17, 0xc4, 0x55, 0xff, 0xad, 0x6e, 0x79, 0xe9, 0xb7, 0x36, 0x57, 0xfd, 0x9f,
    0x25, 0xf8, 0x6b, 0xc1, 0xc7, 0xdc, 0xfa, 0xd7, 0x3f, 0xfd, 0xdb, 0x5c, 0xf5, 0x22, 0x7b, 0xf0,
    0x4b, 0xbf, 0xf5, 0x6b, 0x1b, 0xbe, 0xca, 0xf0, 0xd2, 0x5c, 0xf5, 0xef, 0x12, 0xf0, 0x3e, 0xb7,
    0xfe, 0xf5, 0x4f, 0x7f, 0x37, 0xff, 0x85, 0x1e, 0xfc, 0xd2, 0x6f, 0xfd, 0xde, 0x09, 0xdf, 0xc5,
    0x55, 0x57, 0xbd, 0x10, 0xb7, 0xfd, 0xf5, 0x4f, 0x8b, 0xab, 0xfe, 0xbb, 0x20, 0xae, 0xfa, 0x6f,
    0x75, 0xcb, 0x4b, 0xbf, 0xb5, 0xb9, 0xea, 0xff, 0x83, 0xef, 0x0e, 0xf8, 0x9c, 0x5b, 0xff, 0xfa,
    0xa7, 0x6f, 0xe5, 0xaa, 0x17, 0xe8, 0xc1, 0x2f, 0xfd, 0xd6, 0x0f, 0x4e, 0xf8, 0x2c, 0xe0, 0xbd,
    0xb9, 0xea, 0x3f, 0x84, 0x60, 0x57, 0xf0, 0x31, 0xb7, 0xfe, 0xf5, 0x4f, 0x7f, 0x37, 0xff, 0x05,
    0x1e, 0xfc, 0xd2, 0x6f, 0xfd, 0xde, 0x09, 0xdf, 0xc5, 0x55, 0x57, 0xfd, 0x0b, 0x6e, 0xfb, 0xeb,
    0x9f, 0x16, 0x57, 0xfd, 0x77, 0x41, 0x5c, 0xf5, 0xdf, 0xea, 0x96, 0x97, 0x7e, 0x6b, 0x73, 0xd5,
    0xff, 0x27, 0xdf, 0x1d, 0xf0, 0x39, 0xb7, 0xfe, 0xf5, 0x4f, 0xdf, 0xca, 0x55, 0xcf, 0xf2, 0xe0,
    0x97, 0x7e, 0xeb, 0x07, 0x27, 0x7c, 0x16, 0xf0, 0xde, 0x5c, 0xf5, 0x9f, 0x22, 0xe0, 0xa3, 0x6f,
    0xfd, 0xeb, 0x9f, 0xfe, 0x1a, 0xfe, 0x13, 0x3d, 0xf8, 0xa5, 0xdf, 0xfa, 0xa3, 0x12, 0xbe, 0x9a,
    0xab, 0xae, 0x7a, 0x11, 0xdc, 0xf6, 0xd7, 0x3f, 0x2d, 0xae, 0xfa, 0xef, 0x82, 0xb8, 0xea, 0xbf,
    0xd5, 0x2d, 0x2f, 0xfd, 0xd6, 0xe6, 0xaa, 0xff, 0x8f, 0xbe, 0x3b, 0xe0, 0x6b, 0x6e, 0xfd, 0xeb,
    0x9f, 0xfe, 0x6b, 0xfe, 0x1f, 0x7b, 0xf0, 0x4b, 0xbf, 0xf5, 0x4b, 0x27, 0x7c, 0x14, 0xf0, 0xde,
    0x5c, 0xf5, 0x9f, 0x4e, 0xf0, 0xd3, 0x82, 0xf7, 0xb9, 0xf5, 0xaf, 0x7f, 0x7a, 0x97, 0xff, 0x40,
    0x0f, 0x7e, 0xe9, 0xb7, 0x3e, 0x6e, 0xf8, 0x2e, 0xc3, 0x5b, 0x73, 0xd5, 0x55, 0x2f, 0xa2, 0xdb,
    0xfe, 0xfa, 0xa7, 0xc5, 0x55, 0xff, 0x5d, 0x10, 0x57, 0xfd, 0xb7, 0xba, 0xe5, 0xa5, 0xdf, 0xda,
    0x5c, 0xf5, 0xff, 0x96, 0xe0, 0x56, 0xc3, 0x77, 0x07, 0x7c, 0xcf, 0xad, 0x7f, 0xfd, 0xd3, 0xb7,
    0xf2, 0xff, 0xc0, 0x83, 0x5f, 0xfa, 0xad, 0x1f, 0x9c, 0xf0, 0x5e, 0x82, 0xf7, 0x36, 0x3c, 0x98,
    0xab, 0xfe, 0x4b, 0x09, 0x76, 0x05, 0x9f, 0x7d, 0xeb, 0x5f, 0xff, 0xf4, 0xd7, 0xf0, 0x1f, 0xe0,
    0xc1, 0x2f, 0xfd, 0xd6, 0x1f, 0x65, 0xf8, 0x6c, 0xc3, 0x71, 0xae, 0xba, 0xea, 0x5f, 0xe1, 0xb6,
    0xbf, 0xfe, 0x69, 0x71, 0xd5, 0x7f, 0x17, 0xc4, 0x55, 0xff, 0xad, 0x6e, 0x79, 0xe9, 0xb7, 0x36,
    0x57, 0x5d, 0x05, 0x08, 0xfe, 0xda, 0xf0, 0xdb, 0x81, 0x7e, 0x1b, 0xfc, 0x3b, 0xb7, 0xfe, 0xf5,
    0x4f, 0xef, 0xf2, 0x7f, 0xc0, 0x83, 0x5f, 0xfa, 0xad, 0x8f, 0x83, 0x5e, 0x2b, 0xf1, 0x6b, 0x0b,
    0x5e, 0xdb, 0xf0, 0xd2, 0x5c, 0xf5, 0xdf, 0x4e, 0x70, 0xab, 0xe1, 0xbb, 0x03, 0xbe, 0xe7, 0xd6,
    0xbf, 0xfe, 0xe9, 0x5b, 0xf9, 0x57, 0x78, 0xf0, 0x4b, 0xbf, 0xf5, 0x83, 0x13, 0xde, 0x4b, 0xf0,
    0xde, 0x86, 0x07, 0x73, 0xd5, 0x55, 0xff, 0x06, 0xb7, 0xfd, 0xf5, 0x4f, 0x8b, 0xab, 0xfe, 0xbb,
    0x20, 0xae, 0xfa, 0x6f, 0x75, 0xcb, 0x4b, 0xbf, 0xb5, 0xb9, 0xea, 0xaa, 0xe7, 0x43, 0xf0, 0xd7,
    0xc0, 0xae, 0xe1, 0xb7, 0x03, 0xdd, 0x8a, 0xb8, 0x15, 0x00, 0xfb, 0x19, 0xb7, 0xfe, 0xf5, 0x4f,
    0xdf, 0xca, 0xff, 0x20, 0x0f, 0x7e, 0xe9, 0xb7, 0x7e, 0x30, 0xd2, 0x83, 0x00, 0x30, 0x0f, 0x4e,
    0xfc, 0x60, 0xc1, 0x6b, 0x03, 0xc7, 0x0d, 0x2f, 0xcd, 0x55, 0xff, 0xa3, 0x09, 0xfe, 0xda, 0xf0,
    0xdb, 0x81, 0x7e, 0x1b, 0xfc, 0x8c, 0x5b, 0xff, 0xfa, 0xa7, 0xff, 0x9a, 0x07, 0x78, 0xf0, 0x4b,
    0xbf, 0xf5, 0x4b, 0x83, 0x1e, 0x94, 0xf8, 0xb5, 0x05, 0xaf, 0x6d, 0x78, 0x69, 0xae, 0xba, 0xea,
    0xdf, 0xe9, 0xb6, 0xbf, 0xfe, 0x69, 0x71, 0xd5, 0x7f, 0x17, 0xc4, 0x55, 0xff, 0xad, 0x6e, 0x79,
    0xe9, 0xb7, 0x36, 0x57, 0x5d, 0x75, 0xd5, 0x55, 0x57, 0x5d, 0xf5, 0xff, 0xcc, 0x6d, 0x7f, 0xfd,
    0xd3, 0xe2, 0xaa, 0xff, 0x2e, 0x88, 0xab, 0xfe, 0x5b, 0xdd, 0xf2, 0xd2, 0x6f, 0x6d, 0xae, 0xba,
    0xea, 0xaa, 0xab, 0xae, 0xba, 0xea, 0xff, 0x99, 0xdb, 0xfe, 0xfa, 0xa7, 0xc5, 0x55, 0xff, 0x5d,
    0x10, 0x57, 0xfd, 0xb7, 0xba, 0xe5, 0xa5, 0xdf, 0xda, 0x5c, 0x75, 0xd5, 0x55, 0x57, 0x5d, 0x75,
    0xd5, 0xff, 0x33, 0xb7, 0xfd, 0xf5, 0x4f, 0x8b, 0xab, 0xfe, 0xbb, 0x20, 0xae, 0xfa, 0x6f, 0x75,
    0xcb, 0x4b, 0xbf, 0xb5, 0xb9, 0xea, 0xaa, 0xab, 0xae, 0xba, 0xea, 0xaa, 0xff, 0x67, 0x6e, 0xfb,
    0xeb, 0x9f, 0x16, 0x57, 0xfd, 0x77, 0x41, 0x5c, 0xf5, 0xdf, 0xea, 0x96, 0x97, 0x7e, 0x6b, 0x73,
    0xd5, 0x55, 0x57, 0x5d, 0x75, 0xd5, 0x55, 0xff, 0xcf, 0xdc, 0xf6, 0xd7, 0x3f, 0x2d, 0xae, 0xfa,
    0xef, 0x82, 0xb8, 0xea, 0xbf, 0xd5, 0x2d, 0x2f, 0xfd, 0xd6, 0xe6, 0xaa, 0xab, 0xae, 0xba, 0xea,
    0xaa, 0xab, 0xfe, 0x9f, 0xb9, 0xed, 0xaf, 0x7f, 0x5a, 0x5c, 0xf5, 0xdf, 0x05, 0x71, 0xd5, 0x7f,
    0xab, 0x5b, 0x5e, 0xfa, 0xad, 0xcd, 0x55, 0x57, 0x5d, 0x75, 0xd5, 0x55, 0x57, 0xfd, 0x3f, 0x73,
    0xdb, 0x5f, 0xff, 0xb4, 0xb8, 0xea, 0xbf, 0x0b, 0xe2, 0xaa, 0xff, 0x56, 0xb7, 0xbc, 0xf4, 0x5b,
    0x9b, 0xab, 0xae, 0xba, 0xea, 0xaa, 0xab, 0xae, 0xfa, 0x7f, 0xe6, 0xb6, 0xbf, 0xfe, 0x69, 0x71,
    0xd5, 0x7f, 0x17, 0xc4, 0x55, 0xff, 0xad, 0x6e, 0x79, 0xe9, 0xb7, 0x36, 0x57, 0x5d, 0x75, 0xd5,
    0x55, 0x57, 0x5d, 0xf5, 0xff, 0xcc, 0x6d, 0x7f, 0xfd, 0xd3, 0xe2, 0xaa, 0xff, 0x2e, 0x88, 0xab,
    0xfe, 0x5b, 0xdd, 0xf2, 0xd2, 0x6f, 0x6d, 0xae, 0xba, 0xea, 0xaa, 0xab, 0xae, 0xba, 0xea, 0xff,
    0x99, 0xdb, 0xfe, 0xfa, 0xa7, 0xc5, 0x55, 0xff, 0x5d, 0x10, 0x57, 0xfd, 0xb7, 0xba, 0xe5, 0xa5,
    0xdf, 0xda, 0x5c, 0x75, 0xd5, 0x55, 0x57, 0x5d, 0x75, 0xd5, 0xff, 0x33, 0xb7, 0xfd, 0xf5, 0x4f,
    0x8b, 0xab, 0xfe, 0xbb, 0x20, 0xae, 0xfa, 0x6f, 0x75, 0xcb, 0x4b, 0xbf, 0xb5, 0xb9, 0xea, 0xaa,
    0xab, 0xae, 0xba, 0xea, 0xaa, 0xff, 0x67, 0x6e, 0xfb, 0xeb, 0x9f, 0x16, 0x57, 0xfd, 0x77, 0x41,
    0x5c, 0xf5, 0xdf, 0xea, 0x96, 0x97, 0x7e, 0x6b, 0x73, 0xd5, 0x55, 0x57, 0x5d, 0x75, 0xd5, 0x55,
    0xff, 0xcf, 0xdc, 0xf6, 0xd7, 0x3f, 0x2d, 0xae, 0xfa, 0xef, 0x82, 0xb8, 0xea, 0xbf, 0xd5, 0x2d,
    0x2f, 0xfd, 0xd6, 0xe6, 0xaa, 0xab, 0xae, 0xba, 0xea, 0xaa, 0xab, 0xfe, 0x9f, 0xb9, 0xed, 0xaf,
    0x7f, 0x5a, 0x5c, 0xf5, 0xdf, 0x05, 0x71, 0xd5, 0x7f, 0xab, 0x5b, 0x5e, 0xfa, 0xad, 0xcd, 0x55,
    0x57, 0x5d, 0x75, 0xd5, 0x55, 0x57, 0xfd, 0x3f, 0x73, 0xdb, 0x5f, 0xff, 0xb4, 0xb8, 0xea, 0xbf,
    0x0b, 0xe2, 0xaa, 0xff, 0x56, 0xb7, 0xbc, 0xf4, 0x5b, 0x9b, 0xab, 0xae, 0xba, 0xea, 0xaa, 0xab,
    0xae, 0xfa, 0x7f, 0xe6, 0xb6, 0xbf, 0xfe, 0x69, 0x71, 0xd5, 0x7f, 0x17, 0xc4, 0x55, 0xff, 0xad,
    0x6e, 0x79, 0xe9, 0xb7, 0x36, 0x57, 0x5d, 0x75, 0xd5, 0x55, 0x57, 0x5d, 0xf5, 0xff, 0xcc, 0x6d,
    0x7f, 0xfd, 0xd3, 0xe2, 0xaa, 0xff, 0x2e, 0x88, 0xab, 0xfe, 0x5b, 0xdd, 0xf2, 0xd2, 0x6f, 0x6d,
    0xae, 0xba, 0xea, 0xaa, 0xab, 0xae, 0xba, 0xea, 0xff, 0x99, 0xdb, 0xfe, 0xfa, 0xa7, 0xc5, 0x55,
    0xff, 0x5d, 0x10, 0x57, 0xfd, 0xb7, 0xba, 0xe5, 0xa5, 0xdf, 0xda, 0x5c, 0x75, 0xd5, 0x55, 0x57,
    0x5d, 0x75, 0xd5, 0xff, 0x33, 0xb7, 0xfd, 0xf5, 0x4f, 0x8b, 0xab, 0xfe, 0xbb, 0x20, 0xae, 0xfa,
    0x6f, 0x75, 0xcb, 0x4b, 0xbf, 0xb5, 0xb9, 0xea, 0xaa, 0xab, 0xae, 0xba, 0xea, 0xaa, 0xff, 0x67,
    0x6e, 0xfb, 0xeb, 0x9f, 0x16, 0x57, 0xfd, 0x77, 0x41, 0x5c, 0xf5, 0xdf, 0xea, 0x96, 0x97, 0x7e,
    0x6b, 0x73, 0xd5, 0x55, 0x57, 0x5d, 0x75, 0xd5, 0x55, 0xff, 0xcf, 0xdc, 0xf6, 0xd7, 0x3f, 0x2d,
    0xae, 0xfa, 0xef, 0x82, 0xb8, 0xea, 0xbf, 0xd5, 0x2d, 0x2f, 0xfd, 0xd6, 0xe6, 0xaa, 0xab, 0xae,
    0xba, 0xea, 0xaa, 0xab, 0xfe, 0x9f, 0xb9, 0xed, 0xaf, 0x7f, 0x5a, 0x5c, 0xf5, 0xdf, 0x05, 0x71,
    0xd5, 0x7f, 0xab, 0x5b, 0x5e, 0xfa, 0xad, 0xcd, 0x55, 0x57, 0x5d, 0x75, 0xd5, 0x55, 0x57, 0xfd,
    0x3f, 0x73, 0xdb, 0x5f, 0xff, 0xb4, 0xb8, 0xea, 0xbf, 0x0b, 0xe2, 0xaa, 0xff, 0x56, 0xb7, 0xbc,
    0xf4, 0x5b, 0x9b, 0xab, 0xae, 0xba, 0xea, 0xaa, 0xab, 0xae, 0xfa, 0x7f, 0xe6, 0xb6, 0xbf, 0xfe,
    0x69, 0x71, 0xd5, 0x7f, 0x17, 0xc4, 0x55, 0xff, 0xad, 0x6e, 0x79, 0xe9, 0xb7, 0x36, 0x57, 0x5d,
    0x75, 0xd5, 0x55, 0x57, 0x5d, 0xf5, 0xff, 0xcc, 0x6d, 0x7f, 0xfd, 0xd3, 0xe2, 0xaa, 0xff, 0x2e,
    0x88, 0xab, 0xfe, 0x5b, 0xdd, 0xf2, 0xd2, 0x6f, 0x6d, 0xae, 0xba, 0xea, 0xaa, 0xab, 0xae, 0xba,
    0xea, 0xff, 0x99, 0xdb, 0xfe, 0xfa, 0xa7, 0xc5, 0x55, 0xff, 0x5d, 0x10, 0x57, 0xfd, 0xb7, 0xba,
    0xe5, 0xa5, 0xdf, 0xda, 0x5c, 0x75, 0xd5, 0x55, 0x57, 0x5d, 0x75, 0xd5, 0xff, 0x33, 0xb7, 0xfd,
    0xf5, 0x4f, 0x8b, 0xab, 0xfe, 0xbb, 0x20, 0xae, 0xfa, 0x6f, 0x75, 0xcb, 0x4b, 0xbf, 0xb5, 0xb9,
    0xea, 0xaa, 0xab, 0xae, 0xba, 0xea, 0xaa, 0xff, 0x67, 0x6e, 0xfb, 0xeb, 0x9f, 0x16, 0x57, 0xfd,
    0x77, 0x41, 0x5c, 0xf5, 0xdf, 0xea, 0x96, 0x97, 0x7e, 0x6b, 0x73, 0xd5, 0x55, 0x57, 0x5d, 0x75,
    0xd5, 0x55, 0xff, 0xcf, 0xdc, 0xf6, 0xd7, 0x3f, 0x2d, 0xae, 0xfa, 0xef, 0x82, 0xb8, 0xea, 0xbf,
    0xd5, 0x2d, 0x2f, 0xfd, 0xd6, 0xe6, 0xaa, 0xab, 0xae, 0xba, 0xea, 0xaa, 0xab, 0xfe, 0x9f, 0xb9,
    0xed, 0xaf, 0x7f, 0x5a, 0x5c, 0xf5, 0xdf, 0x05, 0x71, 0xd5, 0x7f, 0xab, 0x5b, 0x5e, 0xfa, 0xad,
    0xcd, 0x55, 0x57, 0x5d, 0x75, 0xd5, 0x55, 0x57, 0xfd, 0x3f, 0x73, 0xdb, 0x5f, 0xff, 0xb4, 0xb8,
    0xea, 0xbf, 0x0b, 0xe2, 0xaa, 0xff, 0x56, 0xb7, 0xbc, 0xf4, 0x5b, 0x9b, 0xab, 0xae, 0xba, 0xea,
    0xaa, 0xab, 0xae, 0xfa, 0x7f, 0xe6, 0xb6, 0xbf, 0xfe, 0x69, 0x71, 0xd5, 0x7f, 0x17, 0xc4, 0x55,
    0xff, 0xad, 0x6e, 0x79, 0xe9, 0xb7, 0x36, 0x57, 0x5d, 0x75, 0xd5, 0x55, 0x57, 0x5d, 0xf5, 0xff,
    0xcc, 0x6d, 0x7f, 0xfd, 0xd3, 0xe2, 0xaa, 0xff, 0x2e, 0x88, 0xab, 0xfe, 0x5b, 0xdd, 0xf2, 0xd2,
    0x6f, 0x6d, 0xae, 0xba, 0xea, 0xaa, 0xab, 0xae, 0xba, 0xea, 0xff, 0x99, 0xdb, 0xfe, 0xfa, 0xa7,
    0xc5, 0x55, 0xff, 0x5d, 0x10, 0x57, 0xfd, 0xb7, 0xba, 0xe5, 0xa5, 0xdf, 0xda, 0x5c, 0x75, 0xd5,
    0x55, 0x57, 0x5d, 0x75, 0xd5, 0xff, 0x33, 0xb7, 0xfd, 0xf5, 0x4f, 0x8b, 0xab, 0xfe, 0xbb, 0x20,
    0xae, 0xfa, 0x6f, 0x75, 0xcb, 0x4b, 0xbf, 0xb5, 0xb9, 0xea, 0xaa, 0xab, 0xae, 0xba, 0xea, 0xaa,
    0xff, 0x67, 0x6e, 0xfb, 0xeb, 0x9f, 0x16, 0x57, 0xfd, 0x77, 0x41, 0x5c, 0xf5, 0xdf, 0xea, 0x96,
    0x97, 0x7e, 0x6b, 0x73, 0xd5, 0x55, 0x57, 0x5d, 0x75, 0xd5, 0x55, 0xff, 0xcf, 0xdc, 0xf6, 0xd7,
    0x3f, 0x2d, 0xae, 0xfa, 0xef, 0x82, 0xb8, 0xea, 0xbf, 0xd5, 0x2d, 0x2f, 0xfd, 0xd6, 0xe6, 0xaa,
    0xab, 0xae, 0xba, 0xea, 0xaa, 0xab, 0xfe, 0x9f, 0xb9, 0xed, 0xaf, 0x7f, 0x5a, 0x5c, 0xf5, 0xdf,
    0x05, 0x71, 0xd5, 0x7f, 0xab, 0x5b, 0x5e, 0xfa, 0xad, 0xcd, 0x55, 0x57, 0x5d, 0x75, 0xd5, 0x55,
    0x57, 0xfd, 0x3f, 0x73, 0xdb, 0x5f, 0xff, 0xb4, 0xb8, 0xea, 0xbf, 0x0b, 0xe2, 0xaa, 0xff, 0x56,
    0xb7, 0xbc, 0xf4, 0x5b, 0x9b, 0xab, 0xae, 0xba, 0xea, 0xaa, 0xab, 0xae, 0xfa, 0x7f, 0xe6, 0xb6,
    0xbf, 0xfe, 0x69, 0x71, 0xd5, 0x7f, 0x17, 0xc4, 0x55, 0xff, 0xad, 0x6e, 0x79, 0xe9, 0xb7, 0x36,
    0x57, 0x5d, 0xf5, 0xef, 0x24, 0xf8, 0x1b, 0xc3, 0x6f, 0x07, 0xfc, 0x36, 0x70, 0xeb, 0xad, 0x7f,
    0xfd, 0xd3, 0x7f, 0xcd, 0x7f, 0xa0, 0x07, 0xbf, 0xf4, 0x5b, 0xbf, 0x34, 0xf0, 0xe0, 0x84, 0xd7,
    0x16, 0xbc, 0xb6, 0xe1, 0xa5, 0xb8, 0xea, 0x3f, 0x95, 0xe0, 0x6f, 0x0c, 0xb7, 0x02, 0x7f, 0x1d,
    0x70, 0x2b, 0x70, 0x2b, 0x57, 0xdc, 0x7a, 0xeb, 0x5f, 0xff, 0xf4, 0xad, 0xfc, 0x0f, 0xf2, 0xe0,
    0x97, 0x7e, 0xeb, 0x07, 0x03, 0x0f, 0xe6, 0x8a, 0x07, 0x27, 0x3c, 0x58, 0xf0, 0xda, 0xc0, 0x71,
    0xc3, 0x4b, 0x71, 0xd5, 0x55, 0xcf, 0xc7, 0x6d, 0x7f, 0xfd, 0xd3, 0xe2, 0xaa, 0xff, 0x2e, 0x88,
    0xab, 0xfe, 0x5b, 0xdd, 0xf2, 0xd2, 0x6f, 0x6d, 0xae, 0xba, 0xea, 0xdf, 0x40, 0xf0, 0x0c, 0xc3,
    0x77, 0x07, 0x7c, 0xf7, 0xad, 0x7f, 0xfd, 0xd3, 0xb7, 0xf2, 0x5f, 0xe8, 0xc1, 0x2f, 0xfd, 0xd6,
    0x0f, 0x4e, 0x78, 0x6f, 0xc1, 0x7b, 0x1b, 0x1e, 0xc4, 0x55, 0xff, 0x6e, 0x82, 0xbf, 0x31, 0xfc,
    0x76, 0xc0, 0x6f, 0x03, 0xbf, 0x7d, 0xeb, 0x5f, 0xff, 0xf4, 0x2e, 0xff, 0x07, 0x3c, 0xf8, 0xa5,
    0xdf, 0xfa, 0x38, 0xf0, 0xda, 0x09, 0xaf, 0x2d, 0x78, 0x6d, 0xc3, 0x4b, 0x71, 0xd5, 0x55, 0xc0,
    0x6d, 0x7f, 0xfd, 0xd3, 0xe2, 0xaa, 0xff, 0x2e, 0x88, 0xab, 0xfe, 0x5b, 0xdd, 0xf2, 0xd2, 0x6f,
    0x6d, 0xae, 0xba, 0xea, 0x5f, 0x41, 0x70, 0x49, 0xf0, 0xd9, 0xb7, 0xfe, 0xf5, 0x4f, 0x7f, 0x35,
    0xff, 0x03, 0x3c, 0xf8, 0xa5, 0xdf, 0xfa, 0xa3, 0x0d, 0x9f, 0x6d, 0x38, 0xc6, 0x55, 0xff, 0x2a,
    0x82, 0x67, 0x18, 0xbe, 0x3b, 0xe0, 0xbb, 0x6f, 0xfd, 0xeb, 0x9f, 0xbe, 0x95, 0xff, 0x07, 0x1e,
    0xfc, 0xd2, 0x6f, 0xfd, 0xe0, 0x84, 0xf7, 0x16, 0xbc, 0xb7, 0xe1, 0x41, 0x5c, 0xf5, 0xff, 0xd6,
    0x6d, 0x7f, 0xfd, 0xd3, 0xe2, 0xaa, 0xff, 0x2e, 0x88, 0xab, 0xfe, 0x5b, 0xdd, 0xf2, 0xd2, 0x6f,
    0x6d, 0xae, 0xba, 0xea, 0x45, 0xf7, 0x33, 0x01, 0xef, 0x7d, 0xeb, 0x5f, 0xff, 0xf4, 0x2e, 0xff,
    0x83, 0x3c, 0xf8, 0xa5, 0xdf, 0xfa, 0x78, 0xc2, 0x77, 0x03, 0x6f, 0xc5, 0x55, 0x2f, 0x8a, 0xef,
    0x09, 0xf8, 0xea, 0x5b, 0xff, 0xfa, 0xa7, 0xff, 0x9a, 0xff, 0xc7, 0x1e, 0xfc, 0xd2, 0x6f, 0xfd,
    0xd2, 0x09, 0x1f, 0x0d, 0xbc, 0x17, 0x57, 0xfd, 0xbf, 0x73, 0xdb, 0x5f, 0xff, 0xb4, 0xb8, 0xea,
    0xbf, 0x0b, 0xe2, 0xaa, 0xff, 0x56, 0xb7, 0xbc, 0xf4, 0x5b, 0x9b, 0xab, 0xae, 0x7a, 0x11, 0x04,
    0x7c, 0xcc, 0xad, 0x7f, 0xfd, 0xd3, 0x5f, 0xcd, 0xff, 0x60, 0x0f, 0x7e, 0xe9, 0xb7, 0xfe, 0xe8,
    0x84, 0xaf, 0xe2, 0xaa, 0x17, 0xe4, 0x7b, 0x02, 0x3e, 0xfb, 0xd6, 0xbf, 0xfe, 0xe9, 0x5b, 0xb9,
    0xea, 0x59, 0x1e, 0xfc, 0xd2, 0x6f, 0xfd, 0xe0, 0x84, 0xcf, 0x06, 0xde, 0x8b, 0xab, 0xfe, 0xdf,
    0xb8, 0xed, 0xaf, 0x7f, 0x5a, 0x5c, 0xf5, 0xdf, 0x05, 0x71, 0xd5, 0x7f, 0xab, 0x5b, 0x5e, 0xfa,
    0xad, 0xcd, 0x55, 0x57, 0xbd, 0x10, 0x82, 0x4b, 0x82, 0x8f, 0xbe, 0xf5, 0xaf, 0x7f, 0xfa, 0xbb,
    0xf9, 0x5f, 0xe0, 0xc1, 0x2f, 0xfd, 0xd6, 0xef, 0x9d, 0xf0, 0x5d, 0x5c, 0xf5, 0x40, 0xdf, 0x13,
    0xf0, 0xd9, 0xb7, 0xfe, 0xf5, 0x4f, 0xdf, 0xca, 0x55, 0x2f, 0xd0, 0x83, 0x5f, 0xfa, 0xad, 0x1f,
    0x9c, 0xf0, 0xd9, 0xc0, 0x7b, 0x71, 0xd5, 0xff, 0x79, 0xb7, 0xfd, 0xf5, 0x4f, 0x8b, 0xab, 0xfe,
    0xbb, 0x20, 0xae, 0xfa, 0x6f, 0x75, 0xcb, 0x4b, 0xbf, 0xb5, 0xb9, 0xea, 0xaa, 0x17, 0x22, 0xe0,
    0x7d, 0x6e, 0xfd, 0xeb, 0x9f, 0xfe, 0x6e, 0xfe, 0x17, 0x79, 0xf0, 0x4b, 0xbf, 0xf5, 0x7b, 0x27,
    0x7c, 0x17, 0xff, 0xcf, 0x09, 0xfe, 0x46, 0xf0, 0xd1, 0xb7, 0xfe, 0xf5, 0x4f, 0xff, 0x36, 0x57,
    0xbd, 0xc8, 0x1e, 0xfc, 0xd2, 0x6f, 0xfd, 0xda, 0x86, 0xaf, 0x36, 0xbc, 0x14, 0x57, 0xfd, 0x9f,
    0x75, 0xdb, 0x5f, 0xff, 0xb4, 0xb8, 0xea, 0xbf, 0x0b, 0xe2, 0xaa, 0xff, 0x56, 0xb7, 0xbc, 0xf4,
    0x5b, 0x9b, 0xab, 0xae, 0x7a, 0x01, 0x02, 0x3e, 0xe6, 0xd6, 0xbf, 0xfe, 0xe9, 0xaf, 0xe6, 0x7f,
    0xa1, 0x07, 0xbf, 0xf4, 0x5b, 0x7f, 0x74, 0xc2, 0x57, 0xf1, 0xff, 0x54, 0xc0, 0xc7, 0xdc, 0xfa,
    0xd7, 0x3f, 0xfd, 0xd5, 0x5c, 0xf5, 0x6f, 0x76, 0xcb, 0x4b, 0xbf, 0xf5, 0x67, 0x03, 0x9f, 0xc5,
    0x55, 0xff, 0x27, 0xdd, 0xf6, 0xd7, 0x3f, 0x2d, 0xae, 0xfa, 0xef, 0x82, 0xb8, 0xea, 0xbf, 0xd5,
    0x2d, 0x2f, 0xfd, 0xd6, 0xe6, 0xaa, 0xab, 0x9e, 0xbf, 0x9f, 0xb9, 0xed, 0xaf, 0x7f, 0xfa, 0xad,
    0xf9, 0x5f, 0xec, 0x96, 0x97, 0x7e, 0xeb, 0x9f, 0x06, 0xde, 0x8a, 0xff, 0x47, 0x04, 0xcf, 0x10,
    0xbc, 0xf5, 0xad, 0x7f, 0xfd, 0xd3, 0x7f, 0xcd, 0x55, 0xff, 0x6e, 0x0f, 0x7e, 0xe9, 0xb7, 0x7e,
    0x69, 0xc3, 0x4f, 0x1b, 0x1e, 0xc4, 0x55, 0xff, 0xa7, 0xdc, 0xf6, 0xd7, 0x3f, 0x2d, 0xae, 0xfa,
    0xef, 0x82, 0xb8, 0xea, 0xbf, 0xd5, 0x2d, 0x2f, 0xfd, 0xd6, 0xe6, 0xaa, 0xab, 0x9e, 0x8b, 0xe0,
    0x92, 0xe0, 0xc1, 0xb7, 0xfe, 0xf5, 0x4f, 0xef, 0xf2, 0xbf, 0xd8, 0x83, 0x5f, 0xfa, 0xad, 0x8f,
    0x1b, 0x6e, 0x35, 0x1c, 0xe3, 0xff, 0x87, 0x9f, 0x09, 0x78, 0xef, 0x5b, 0xff, 0xfa, 0xa7, 0x77,
    0xb9, 0xea, 0x3f, 0xcc, 0x83, 0x5f, 0xfa, 0xad, 0x8f, 0x27, 0x7c, 0x37, 0xf0, 0x56, 0x5c, 0xf5,
    0x7f, 0xc6, 0x6d, 0x7f, 0xfd, 0xd3, 0xe2, 0xaa, 0xff, 0x2e, 0x88, 0xab, 0xfe, 0x5b, 0xdd, 0xf2,
    0xd2, 0x6f, 0x6d, 0xae, 0xba, 0xea, 0xb9, 0x04, 0x7c, 0xcc, 0xad, 0x7f, 0xfd, 0xd3, 0x5f, 0xcd,
    0xff, 0x01, 0x0f, 0x7e, 0xe9, 0xb7, 0xfe, 0xe8, 0x84, 0xaf, 0xe2, 0xff, 0xbe, 0xcf, 0xb9, 0xed,
    0xaf, 0x7f, 0xfa, 0xb3, 0xb9, 0xea, 0x3f, 0xcd, 0x2d, 0x2f, 0xfd, 0xd6, 0x5f, 0x0d, 0x7c, 0x14,
    0x57, 0xfd, 0x9f, 0x70, 0xdb, 0x5f, 0xff, 0xb4, 0xb8, 0xea, 0xbf, 0x0b, 0xe2, 0xaa, 0xff, 0x56,
    0xb7, 0xbc, 0xf4, 0x5b, 0x9b, 0xab, 0xae, 0x7a, 0x00, 0xc1, 0x33, 0x9e, 0xf1, 0xd7, 0x3f, 0xfd,
    0x60, 0xfe, 0x0f, 0x79, 0xd0, 0x4b, 0xbf, 0xf5, 0xad, 0x86, 0x07, 0xf1, 0x7f, 0x54, 0xc0, 0xfb,
    0xdc, 0xfa, 0xd7, 0x3f, 0xfd, 0xdd, 0x5c, 0xf5, 0x9f, 0xee, 0xc1, 0x2f, 0xfd, 0xd6, 0xef, 0x9d,
    0xf0, 0x5d, 0x5c, 0xf5, 0xbf, 0xde, 0x6d, 0x7f, 0xfd, 0xd3, 0xe2, 0xaa, 0xff, 0x2e, 0x88, 0xab,
    0xfe, 0x5b, 0xdd, 0xf2, 0xd2, 0x6f, 0x6d, 0xae, 0xba, 0xea, 0x39, 0x7d, 0xce, 0x6d, 0x7f, 0xfd,
    0xd3, 0x9f, 0xcd, 0xff, 0x21, 0xb7, 0xbc, 0xf4, 0x5b, 0x7f, 0x36, 0xf0, 0x59, 0xfc, 0x1f, 0x14,
    0xf0, 0x3e, 0xb7, 0xfe, 0xf5, 0x4f, 0x7f, 0x37, 0x57, 0xfd, 0x97, 0x79, 0xf0, 0x4b, 0xbf, 0xf5,
    0x7b, 0x27, 0x7c, 0x17, 0x57, 0xfd, 0xaf, 0x76, 0xdb, 0x5f, 0xff, 0xb4, 0xb8, 0xea, 0xbf, 0x0b,
    0xe2, 0xaa, 0xff, 0x56, 0xb7, 0xbc, 0xf4, 0x5b, 0x9b, 0xab, 0xae, 0x7a, 0x80, 0x80, 0x87, 0xdc,
    0xfa, 0xd7, 0x3f, 0x7d, 0x2b, 0xff, 0x87, 0x3c, 0xf8, 0xa5, 0xdf, 0xfa, 0xc1, 0x09, 0x4f, 0xe7,
    0xff, 0x98, 0x80, 0xf7, 0xb9, 0xf5, 0xaf, 0x7f, 0xfa, 0xbb, 0xb9, 0xea, 0xbf, 0xdc, 0x83, 0x5f,
    0xfa, 0xad, 0xdf, 0x3b, 0xe1, 0xbb, 0xb8, 0xea, 0x7f, 0xad, 0xdb, 0xfe, 0xfa, 0xa7, 0xc5, 0x55,
    0xff, 0x5d, 0x10, 0x57, 0xfd, 0xb7, 0xba, 0xe5, 0xa5, 0xdf, 0xda, 0x5c, 0x75, 0xd5, 0x33, 0x09,
    0xfe, 0xe6, 0x19, 0x7f, 0xfd, 0xd3, 0x2f, 0xcd, 0xff, 0x41, 0x0f, 0x7a, 0xe9, 0xb7, 0xfe, 0x6b,
    0xc3, 0x4b, 0xf1, 0x7f, 0x44, 0xc0, 0xfb, 0xdc, 0xfa, 0xd7, 0x3f, 0xfd, 0xdd, 0x5c, 0xf5, 0xdf,
    0xe6, 0xc1, 0x2f, 0xfd, 0xd6, 0xef, 0x9d, 0xf0, 0x5d, 0x5c, 0xf5, 0xbf, 0xd2, 0x6d, 0x7f, 0xfd,
    0xd3, 0xe2, 0xaa, 0xff, 0x2e, 0x88, 0xab, 0xfe, 0x5b, 0xdd, 0xf2, 0xd2, 0x6f, 0x6d, 0xae, 0xba,
    0xea, 0xd9, 0xbe, 0xe6, 0xb6, 0xbf, 0xfe, 0xe9, 0x8f, 0xe6, 0xff, 0xa0, 0x5b, 0x5e, 0xfa, 0xad,
    0xbf, 0x1a, 0xf8, 0x28, 0xfe, 0x6f, 0xf8, 0x9c, 0xdb, 0xfe, 0xfa, 0xa7, 0x3f, 0x9b, 0xab, 0xfe,
    0xdb, 0xdd, 0xf2, 0xd2, 0x6f, 0xfd, 0xd5, 0xc0, 0x47, 0x71, 0xd5, 0xff, 0x3a, 0xb7, 0xfd, 0xf5,
    0x4f, 0x8b, 0xab, 0xfe, 0xbb, 0x20, 0xae, 0xfa, 0x6f, 0x75, 0xcb, 0x4b, 0xbf, 0xb5, 0xb9, 0xea,
    0xaa, 0x67, 0x0a, 0x78, 0x9b, 0x5b, 0xff, 0xfa, 0xa7, 0x7f, 0x9a, 0xff, 0x83, 0x1e, 0xfc, 0xd2,
    0x6f, 0xfd, 0xd6, 0x09, 0x3f, 0xc5, 0xff, 0x7e, 0x3f, 0x73, 0xdb, 0x5f, 0xff, 0xf4, 0x5b, 0x73,
    0xd5, 0xff, 0x18, 0xb7, 0xbc, 0xf4, 0x5b, 0xff, 0x34, 0xf0, 0x56, 0x5c, 0xf5, 0xbf, 0xca, 0x6d,
    0x7f, 0xfd, 0xd3, 0xe2, 0xaa, 0xff, 0x2e, 0x88, 0xab, 0xfe, 0x5b, 0xdd, 0xf2, 0xd2, 0x6f, 0x6d,
    0xae, 0xba, 0xea, 0x99, 0x02, 0x5e, 0xe6, 0xd6, 0xbf, 0xfe, 0xe9, 0xbf, 0xe6, 0xff, 0xa0, 0x07,
    0xbf, 0xf4, 0x5b, 0xbf, 0x74, 0xc2, 0x5f, 0xf1, 0xbf, 0x98, 0xe0, 0x19, 0x82, 0x97, 0xbe, 0xf5,
    0xaf, 0x7f, 0x7a, 0x97, 0xab, 0xfe, 0xc7, 0x78, 0xf0, 0x4b, 0xbf, 0xf5, 0x71, 0xc3, 0x5f, 0x1b,
    0x1e, 0xc4, 0x55, 0xff, 0x6b, 0xdc, 0xf6, 0xd7, 0x3f, 0x2d, 0xae, 0xfa, 0xef, 0x82, 0xb8, 0xea,
    0xbf, 0xd5, 0x2d, 0x2f, 0xfd, 0xd6, 0xe6, 0xaa, 0xab, 0x9e, 0xe9, 0xb6, 0xbf, 0xfe, 0x69, 0xf1,
    0x7f, 0xd8, 0x2d, 0x2f, 0xfd, 0xd6, 0xe6, 0x7f, 0xb1, 0x80, 0x97, 0xb9, 0xf5, 0xaf, 0x7f, 0xfa,
    0xaf, 0xb9, 0xea, 0x7f, 0x9c, 0x07, 0xbf, 0xf4, 0x5b, 0xbf, 0x74, 0xc2, 0x5f, 0x71, 0xd5, 0xff,
    0x1a, 0xb7, 0xfd, 0xf5, 0x4f, 0x8b, 0xab, 0xfe, 0xbb, 0x20, 0xae, 0xfa, 0x6f, 0x75, 0xcb, 0x4b,
    0xbf, 0xb5, 0xb9, 0xea, 0xaa, 0x67, 0xba, 0xed, 0xaf, 0x7f, 0x5a, 0xfc, 0x1f, 0x76, 0xcb, 0x4b,
    0xbf, 0xb5, 0xf9, 0x5f, 0x2a, 0xe0, 0x63, 0x6e, 0xfd, 0xeb, 0x9f, 0xfe, 0x6a, 0xae, 0xfa, 0x1f,
    0xeb, 0x96, 0x97, 0x7e, 0xeb, 0xcf, 0x06, 0x3e, 0x8b, 0xab, 0xfe, 0x57, 0xb8, 0xed, 0xaf, 0x7f,
    0x5a, 0x5c, 0xf5, 0xdf, 0x05, 0x71, 0xd5, 0x7f, 0xab, 0x5b, 0x5e, 0xfa, 0xad, 0xcd, 0x55, 0x57,
    0x3d, 0xd3, 0x6d, 0x7f, 0xfd, 0xd3, 0xe2, 0xff, 0xb0, 0x5b, 0x5e, 0xfa, 0xad, 0xcd, 0xff, 0x42,
    0x82, 0xbf, 0x79, 0xc6, 0x5f, 0xff, 0xf4, 0x4b, 0x73, 0xd5, 0xff, 0x78, 0x0f, 0x7a, 0xe9, 0xb7,
    0xfe, 0x6b, 0xc3, 0x4b, 0x71, 0xd5, 0xff, 0x78, 0xb7, 0xfd, 0xf5, 0x4f, 0x8b, 0xab, 0xfe, 0xbb,
    0x20, 0xae, 0xfa, 0x6f, 0x75, 0xcb, 0x4b, 0xbf, 0xb5, 0xb9, 0xea, 0xaa, 0x67, 0x0a, 0x78, 0xc8,
    0xad, 0x7f, 0xfd, 0xd3, 0xb7, 0xf2, 0x7f, 0xd4, 0x2d, 0x2f, 0xfd, 0xd6, 0xe6, 0x7f, 0xa1, 0x80,
    0xd7, 0xb9, 0xf5, 0xaf, 0x7f, 0xfa, 0xb7, 0xb9, 0xea, 0x7f, 0xbc, 0x07, 0xbf, 0xf4, 0x5b, 0xbf,
    0x76, 0xc2, 0x6f, 0x71, 0xd5, 0xff, 0x78, 0xb7, 0xfd, 0xf5, 0x4f, 0x8b, 0xab, 0xfe, 0xbb, 0x20,
    0xae, 0xfa, 0x6f, 0x75, 0xcb, 0x4b, 0xbf, 0xb5, 0xb9, 0xea, 0xaa, 0x67, 0x0a, 0x78, 0x9d, 0x5b,
    0xff, 0xfa, 0xa7, 0x7f, 0x9b, 0xff, 0xa3, 0x6e, 0x79, 0xe9, 0xb7, 0x36, 0xff, 0xfb, 0x7c, 0xcf,
    0x6d, 0x7f, 0xfd, 0xd3, 0xef, 0xcd, 0x55, 0xff, 0x6b, 0xdc, 0xf2, 0xd2, 0x6f, 0xfd, 0xdd, 0xc0,
    0x7b, 0x71, 0xd5, 0xff, 0x68, 0xb7, 0xfd, 0xf5, 0x4f, 0x8b, 0xab, 0xfe, 0xbb, 0x20, 0xae, 0xfa,
    0x6f, 0x75, 0xcb, 0x4b, 0xbf, 0xb5, 0xb9, 0xea, 0xaa, 0x67, 0x0a, 0x78, 0x9b, 0x5b, 0xff, 0xfa,
    0xa7, 0x7f, 0x9a, 0xff, 0xa3, 0x6e, 0x79, 0xe9, 0xb7, 0x36, 0xff, 0xcb, 0x04, 0x3c, 0xe4, 0xd6,
    0xbf, 0xfe, 0xe9, 0x5b, 0xb9, 0xea, 0x7f, 0x8d, 0x07, 0xbf, 0xf4, 0x5b, 0x3f, 0x38, 0xe1, 0xe9,
    0x5c, 0xf5, 0x3f, 0xda, 0x6d, 0x7f, 0xfd, 0xd3, 0xe2, 0xaa, 0xff, 0x2e, 0x88, 0xab, 0xfe, 0x5b,
    0xdd, 0xf2, 0xd2, 0x6f, 0x6d, 0xae, 0xba, 0xea, 0xd9, 0xbe, 0xe6, 0xb6, 0xbf, 0xfe, 0xe9, 0x8f,
    0xe6, 0xff, 0xa8, 0x5b, 0x5e, 0xfa, 0xad, 0xcd, 0xff, 0x2e, 0xdf, 0x73, 0xdb, 0x5f, 0xff, 0xf4,
    0x7b, 0x73, 0xd5, 0xff, 0x3a, 0xb7, 0xbc, 0xf4, 0x5b, 0x7f, 0x37, 0xf0, 0x5e, 0x5c, 0xf5, 0x3f,
    0xd6, 0x6d, 0x7f, 0xfd, 0xd3, 0xe2, 0xaa, 0xff, 0x2e, 0x88, 0xab, 0xfe, 0x5b, 0xdd, 0xf2, 0xd2,
    0x6f, 0x6d, 0xae, 0xba, 0xea, 0x99, 0x04, 0x7f, 0xfd, 0x8c, 0xbf, 0xfe, 0xe9, 0x97, 0xe1, 0xff,
    0xa8, 0x5b, 0x5e, 0xfa, 0xad, 0xcd, 0xff, 0x22, 0x01, 0x0f, 0xb9, 0xf5, 0xaf, 0x7f, 0xfa, 0x56,
    0xae, 0xfa, 0x5f, 0xe7, 0xc1, 0x2f, 0xfd, 0xd6, 0x0f, 0x4e, 0x78, 0x3a, 0x57, 0xfd, 0x8f, 0x75,
    0xdb, 0x5f, 0xff, 0xb4, 0xb8, 0xea, 0xbf, 0x0b, 0xe2, 0xaa, 0xff, 0x56, 0xb7, 0xbc, 0xf4, 0x5b,
    0x9b, 0xab, 0xae, 0x7a, 0x80, 0x80, 0x87, 0xdc, 0xfa, 0xd7, 0x3f, 0x7d, 0x2b, 0xff, 0x07, 0xdd,
    0xf2, 0xd2, 0x6f, 0x6d, 0xfe, 0xf7, 0xf8, 0x9e, 0xdb, 0xfe, 0xfa, 0xa7, 0xdf, 0x9b, 0xab, 0xfe,
    0xd7, 0xba, 0xe5, 0xa5, 0xdf, 0xfa, 0xbb, 0x81, 0xf7, 0xe2, 0xaa, 0xff, 0x91, 0x6e, 0xfb, 0xeb,
    0x9f, 0x16, 0x57, 0xfd, 0x77, 0x41, 0x5c, 0xf5, 0xdf, 0xea, 0x96, 0x97, 0x7e, 0x6b, 0x73, 0xd5,
    0x55, 0xcf, 0xe9, 0x73, 0x6e, 0xfb, 0xeb, 0x9f, 0xfe, 0x6c, 0xfe, 0x0f, 0xba, 0xe5, 0xa5, 0xdf,
    0xda, 0xfc, 0x2f, 0x11, 0xf0, 0x32, 0xb7, 0xfe, 0xf5, 0x4f, 0xff, 0x35, 0x57, 0xfd, 0xaf, 0xf5,
    0xe0, 0x97, 0x7e, 0xeb, 0x97, 0x4e, 0xf8, 0x2b, 0xae, 0xfa, 0x1f, 0xe9, 0xb6, 0xbf, 0xfe, 0x69,
    0x71, 0xd5, 0x7f, 0x17, 0xc4, 0x55, 0xff, 0xad, 0x6e, 0x79, 0xe9, 0xb7, 0x36, 0x57, 0x5d, 0xf5,
    0x00, 0x82, 0x5d, 0xc1, 0x43, 0x6e, 0xfd, 0xeb, 0x9f, 0xde, 0xe5, 0xff, 0x98, 0x5b, 0x5e, 0xfa,
    0xad, 0xcd, 0xff, 0x02, 0x82, 0x67, 0x3c, 0xe3, 0xaf, 0x7f, 0xfa, 0xc1, 0x5c, 0xf5, 0xbf, 0xde,
    0x83, 0x5e, 0xfa, 0xad, 0x6f, 0x35, 0x3c, 0x88, 0xab, 0xfe, 0xc7, 0xb9, 0xed, 0xaf, 0x7f, 0x5a,
    0x5c, 0xf5, 0xdf, 0x05, 0x71, 0xd5, 0x7f, 0xab, 0x5b, 0x5e, 0xfa, 0xad, 0xcd, 0x55, 0x57, 0x3d,
    0x97, 0x80, 0x8f, 0xb9, 0xf5, 0xaf, 0x7f, 0xfa, 0xab, 0xf9, 0x3f, 0xe6, 0x96, 0x97, 0x7e, 0x6b,
    0xf3, 0xbf, 0xc3, 0xe7, 0xdc, 0xf6, 0xd7, 0x3f, 0xfd, 0xd9, 0x5c, 0xf5, 0xbf, 0xde, 0x2d, 0x2f,
    0xfd, 0xd6, 0x9f, 0x0d, 0x7c, 0x16, 0x57, 0xfd, 0x8f, 0x73, 0xdb, 0x5f, 0xff, 0xb4, 0xb8, 0xea,
    0xbf, 0x0b, 0xe2, 0xaa, 0xff, 0x56, 0xb7, 0xbc, 0xf4, 0x5b, 0x9b, 0xab, 0xae, 0x7a, 0x2e, 0x82,
    0x5d, 0xc1, 0x43, 0x6e, 0xfd, 0xeb, 0x9f, 0xde, 0xe5, 0xff, 0x90, 0x5b, 0x5e, 0xfa, 0xad, 0xcd,
    0xff, 0x02, 0x01, 0x0f, 0xb9, 0xf5, 0xaf, 0x7f, 0xfa, 0x56, 0xae, 0xfa, 0x5f, 0xef, 0xc1, 0x2f,
    0xfd, 0xd6, 0x0f, 0x4e, 0x78, 0x3a, 0x57, 0xfd, 0x8f, 0x73, 0xdb, 0x5f, 0xff, 0xb4, 0xb8, 0xea,
    0xbf, 0x0b, 0xe2, 0xaa, 0xff, 0x56, 0xb7, 0xbc, 0xf4, 0x5b, 0x9b, 0xab, 0xae, 0x7a, 0x3e, 0x04,
    0xbf, 0xfd, 0x8c, 0xbf, 0xfe, 0xe9, 0xd7, 0xe1, 0xff, 0x90, 0x5b, 0x5e, 0xfa, 0xad, 0xcd, 0xff,
    0x70, 0x82, 0xbf, 0x79, 0xc6, 0x5f, 0xff, 0xf4, 0x4b, 0x73, 0xd5, 0xff, 0x19, 0x0f, 0x7a, 0xe9,
    0xb7, 0xfe, 0x6b, 0xc3, 0x4b, 0x71, 0xd5, 0xff, 0x28, 0xb7, 0xfd, 0xf5, 0x4f, 0x8b, 0xab, 0xfe,
    0xbb, 0x20, 0xae, 0xfa, 0x6f, 0x75, 0xcb, 0x4b, 0xbf, 0xb5, 0xb9, 0xea, 0xaa, 0x17, 0x20, 0xe0,
    0x63, 0x6e, 0xfd, 0xeb, 0x9f, 0xfe, 0x6a, 0xfe, 0x8f, 0xb8, 0xe5, 0xa5, 0xdf, 0xda, 0xfc, 0xcf,
    0xf7, 0x35, 0xb7, 0xfd, 0xf5, 0x4f, 0x7f, 0x34, 0x57, 0xfd, 0x9f, 0x71, 0xcb, 0x4b, 0xbf, 0xf5,
    0x57, 0x03, 0x1f, 0xc5, 0x55, 0xff, 0xa3, 0xdc, 0xf6, 0xd7, 0x3f, 0x2d, 0xae, 0xfa, 0xef, 0x82,
    0xb8, 0xea, 0xbf, 0xd5, 0x2d, 0x2f, 0xfd, 0xd6, 0xe6, 0xaa, 0xab, 0x5e, 0x88, 0x80, 0xf7, 0xb9,
    0xf5, 0xaf, 0x7f, 0xfa, 0xbb, 0xf9, 0x3f, 0xe0, 0x96, 0x97, 0x7e, 0x6b, 0xf3, 0x3f, 0x5c, 0xc0,
    0xdb, 0xdc, 0xfa, 0xd7, 0x3f, 0xfd, 0xd3, 0x5c, 0xf5, 0x7f, 0xc6, 0x83, 0x5f, 0xfa, 0xad, 0xdf,
    0x3a, 0xe1, 0xa7, 0xb8, 0xea, 0x7f, 0x94, 0xdb, 0xfe, 0xfa, 0xa7, 0xc5, 0x55, 0xff, 0x5d, 0x10,
    0x57, 0xfd, 0xb7, 0xba, 0xe5, 0xa5, 0xdf, 0xda, 0x5c, 0x75, 0xd5, 0xbf, 0x20, 0xe0, 0x7d, 0x6e,
    0xfd, 0xeb, 0x9f, 0xfe, 0x6e, 0xfe, 0x97, 0xbb, 0xe5, 0xa5, 0xdf, 0xda, 0xfc, 0x0f, 0x17, 0x70,
    0xe2, 0xd6, 0xbf, 0xfe, 0xe9, 0x5d, 0xae, 0xfa, 0x3f, 0xe3, 0xc1, 0x2f, 0xfd, 0xd6, 0xc7, 0x13,
    0x2e, 0x72, 0xd5, 0xff, 0x28, 0xb7, 0xfd, 0xf5, 0x4f, 0x8b, 0xab, 0xfe, 0xbb, 0x20, 0xae, 0xfa,
    0x6f, 0x75, 0xcb, 0x4b, 0xbf, 0xb5, 0xb9, 0xea, 0xaa, 0x17, 0xcd, 0x67, 0xdf, 0xf6, 0xd7, 0x3f,
    0xfd, 0x39, 0xfc, 0x2f, 0x76, 0xcb, 0x4b, 0xbf, 0xb5, 0xf9, 0x1f, 0x4c, 0xf0, 0x37, 0xcf, 0xf8,
    0xeb, 0x9f, 0x7e, 0x69, 0xae, 0xfa, 0x3f, 0xe7, 0x41, 0x2f, 0xfd, 0xd6, 0x7f, 0x6d, 0x78, 0x29,
    0xae, 0xfa, 0x1f, 0xe3, 0xb6, 0xbf, 0xfe, 0x69, 0x71, 0xd5, 0x7f, 0x17, 0xc4, 0x55, 0xff, 0xad,
    0x6e, 0x79, 0xe9, 0xb7, 0x36, 0x57, 0x5d, 0xf5, 0x22, 0x12, 0xfc, 0xb6, 0xe0, 0x6d, 0x6e, 0xfd,
    0xeb, 0x9f, 0xde, 0xe5, 0x7f, 0xa1, 0x5b, 0x5e, 0xfa, 0xad, 0xcd, 0xff, 0x6c, 0x3f, 0x73, 0xdb,
    0x5f, 0xff, 0xf4, 0x5b, 0x73, 0xd5, 0xff, 0x39, 0x0f, 0x7a, 0xe9, 0xb7, 0xfe, 0x6d, 0xc3, 0x6b,
    0x71, 0xd5, 0xff, 0x18, 0xb7, 0xfd, 0xf5, 0x4f, 0x8b, 0xab, 0xfe, 0xbb, 0x20, 0xae, 0xfa, 0x6f,
    0x75, 0xcb, 0x4b, 0xbf, 0xb5, 0xb9, 0xea, 0xaa, 0x7f, 0x05, 0xc1, 0xae, 0xe1, 0xab, 0x03, 0xbe,
    0xe6, 0xd6, 0xbf, 0xfe, 0xe9, 0x5d, 0xfe, 0x17, 0xb9, 0xe5, 0xa5, 0xdf, 0xda, 0xfc, 0xcf, 0xf6,
    0x39, 0xb7, 0xfd, 0xf5, 0x4f, 0x7f, 0x36, 0x57, 0xfd, 0x9f, 0x73, 0xcb, 0x4b, 0xbf, 0xf5, 0x67,
    0x03, 0x9f, 0xc5, 0x55, 0xff, 0x63, 0xdc, 0xf6, 0xd7, 0x3f, 0x2d, 0xae, 0xfa, 0xef, 0x82, 0xb8,
    0xea, 0xbf, 0xd5, 0x2d, 0x2f, 0xfd, 0xd6, 0xe6, 0xaa, 0xab, 0xfe, 0x0d, 0x04, 0xbb, 0x86, 0xaf,
    0x0e, 0xf8, 0x9e, 0x5b, 0xff, 0xfa, 0xa7, 0x6f, 0xe5, 0x7f, 0x81, 0x5b, 0x5e, 0xfa, 0xad, 0xcd,
    0xff, 0x60, 0x01, 0xef, 0x73, 0xeb, 0x5f, 0xff, 0xf4, 0x77, 0x73, 0xd5, 0xff, 0x39, 0x0f, 0x7e,
    0xe9, 0xb7, 0x7e, 0xef, 0x84, 0xef, 0xe2, 0xaa, 0xff, 0x31, 0x6e, 0xfb, 0xeb, 0x9f, 0x16, 0x57,
    0xfd, 0x77, 0x41, 0x5c, 0xf5, 0xdf, 0xea, 0x96, 0x97, 0x7e, 0x6b, 0x73, 0xd5, 0x55, 0xff, 0x4e,
    0x82, 0x5b, 0x0d, 0x3f, 0x7d, 0xdb, 0x5f, 0xff, 0xf4, 0xc7, 0xf0, 0x3f, 0xd8, 0x2d, 0x2f, 0xfd,
    0xd6, 0xe6, 0x7f, 0xb0, 0x80, 0xd7, 0xb9, 0xf5, 0xaf, 0x7f, 0xfa, 0xb7, 0xb9, 0xea, 0xff, 0x9c,
    0x07, 0xbf, 0xf4, 0x5b, 0xbf, 0x76, 0xc2, 0x6f, 0x71, 0xd5, 0xff, 0x18, 0xb7, 0xfd, 0xf5, 0x4f,
    0x8b, 0xab, 0xfe, 0xbb, 0x20, 0xae, 0xfa, 0x6f, 0x75, 0xcb, 0x4b, 0xbf, 0xb5, 0xb9, 0xea, 0xaa,
    0xff, 0x20, 0xb7, 0xfd, 0xf5, 0x4f, 0x8b, 0xff, 0xc1, 0x6e, 0x79, 0xe9, 0xb7, 0x36, 0xff, 0x83,
    0x05, 0xbc, 0xce, 0xad, 0x7f, 0xfd, 0xd3, 0xbf, 0xcd, 0xff, 0x60, 0x0f, 0x7e, 0xe9, 0xb7, 0x7e,
    0xb0, 0xe1, 0xab, 0x80, 0x97, 0x36, 0x3c, 0x98, 0xff, 0x46, 0x82, 0x5b, 0x81, 0xbf, 0x16, 0x7c,
    0xcc, 0xad, 0x7f, 0xfd, 0xd3, 0xb7, 0xf2, 0x3f, 0xd8, 0x83, 0x5f, 0xfa, 0xad, 0x5f, 0x3b, 0xe1,
    0xb7, 0xb8, 0xea, 0x7f, 0x8c, 0xdb, 0xfe, 0xfa, 0xa7, 0xc5, 0x55, 0xff, 0x5d, 0x10, 0x57, 0xfd,
    0xb7, 0xba, 0xe5, 0xa5, 0xdf, 0xda, 0x5c, 0x75, 0xd5, 0x7f, 0x90, 0xdb, 0xfe, 0xfa, 0xa7, 0xc5,
    0xff, 0x60, 0xb7, 0xbc, 0xf4, 0x5b, 0x9b, 0xff, 0xc1, 0x02, 0x1e, 0x72, 0xeb, 0x5f, 0xff, 0xf4,
    0xad, 0xfc, 0x0f, 0xf5, 0xe0, 0x97, 0x7e, 0xeb, 0x07, 0x1b, 0xfe, 0xca, 0x70, 0x9c, 0xff, 0x41,
    0x04, 0xbb, 0x82, 0x97, 0xb9, 0xf5, 0xaf, 0x7f, 0xfa, 0x56, 0xfe, 0x87, 0x7a, 0xf0, 0x4b, 0xbf,
    0xf5, 0x83, 0x13, 0x9e, 0xce, 0x55, 0xff, 0x63, 0xdc, 0xf6, 0xd7, 0x3f, 0x2d, 0xae, 0xfa, 0xef,
    0x82, 0xb8, 0xea, 0xbf, 0xd5, 0x2d, 0x2f, 0xfd, 0xd6, 0xe6, 0xaa, 0xab, 0xfe, 0x83, 0xdc, 0xf6,
    0xd7, 0x3f, 0x2d, 0xfe, 0x07, 0xbb, 0xe5, 0xa5, 0xdf, 0xda, 0xfc, 0x0f, 0x76, 0xdb, 0x5f, 0xff,
    0xb4, 0xf8, 0x1f, 0xec, 0x96, 0x97, 0x7e, 0xeb, 0x9f, 0x06, 0xde, 0x8a, 0xff, 0x99, 0x7e, 0xe6,
    0xb6, 0xbf, 0xfe, 0xe9, 0xb7, 0xe6, 0x7f, 0xb0, 0x5b, 0x5e, 0xfa, 0xad, 0xcd, 0x55, 0xff, 0x63,
    0xdc, 0xf6, 0xd7, 0x3f, 0x2d, 0xae, 0xfa, 0xef, 0x82, 0xb8, 0xea, 0xbf, 0xd5, 0x2d, 0x2f, 0xfd,
    0xd6, 0xe6, 0xaa, 0xab, 0xfe, 0x83, 0xdc, 0xf6, 0xd7, 0x3f, 0x2d, 0xfe, 0x07, 0xbb, 0xe5, 0xa5,
    0xdf, 0xda, 0xfc, 0x0f, 0x76, 0xdb, 0x5f, 0xff, 0xb4, 0xf8, 0x1f, 0xec, 0x41, 0x2f, 0xfd, 0xd6,
    0x17, 0x0d, 0xc7, 0xf9, 0x1f, 0x48, 0x70, 0xeb, 0x33, 0xfe, 0xfa, 0xa7, 0x1f, 0xc2, 0xff, 0x60,
    0xb7, 0xbc, 0xf4, 0x5b, 0x9b, 0xab, 0xfe, 0xc7, 0xb8, 0xed, 0xaf, 0x7f, 0x5a, 0x5c, 0xf5, 0xdf,
    0x05, 0x71, 0xd5, 0x7f, 0xab, 0x5b, 0x5e, 0xfa, 0xad, 0xcd, 0x55, 0x57, 0xfd, 0x07, 0xb9, 0xed,
    0xaf, 0x7f, 0x5a, 0xfc, 0x0f, 0x76, 0xcb, 0x4b, 0xbf, 0xb5, 0xf9, 0x1f, 0xec, 0xb6, 0xbf, 0xfe,
    0x69, 0xf1, 0x3f, 0xd8, 0x2d, 0x2f, 0xfd, 0xd6, 0xe6, 0x7f, 0xb0, 0xdb, 0xfe, 0xfa, 0xa7, 0xc5,
    0xff, 0x60, 0xb7, 0xbc, 0xf4, 0x5b, 0x9b, 0xab, 0xfe, 0xc7, 0xb8, 0xed, 0xaf, 0x7f, 0x5a, 0x5c,
    0xf5, 0xdf, 0x05, 0x71, 0xd5, 0x7f, 0xab, 0x5b, 0x5e, 0xfa, 0xad, 0xcd, 0x55, 0x57, 0xfd, 0x07,
    0xb9, 0xed, 0xaf, 0x7f, 0x5a, 0xfc, 0x0f, 0x76, 0xcb, 0x4b, 0xbf, 0xb5, 0xf9, 0x1f, 0xec, 0xb6,
    0xbf, 0xfe, 0x69, 0xf1, 0x3f, 0xd8, 0x2d, 0x2f, 0xfd, 0xd6, 0xe6, 0x7f, 0xb0, 0xdb, 0xfe, 0xfa,
    0xa7, 0xc5, 0xff, 0x60, 0xb7, 0xbc, 0xf4, 0x5b, 0x9b, 0xab, 0xfe, 0xc7, 0xb8, 0xed, 0xaf, 0x7f,
    0x5a, 0x5c, 0xf5, 0xdf, 0x05, 0x71, 0xd5, 0x7f, 0xab, 0x5b, 0x5e, 0xfa, 0xad, 0xcd, 0x55, 0x57,
    0xfd, 0x07, 0xb9, 0xed, 0xaf, 0x7f, 0x5a, 0xfc, 0x0f, 0x76, 0xcb, 0x4b, 0xbf, 0xb5, 0xf9, 0x1f,
    0xec, 0xb6, 0xbf, 0xfe, 0x69, 0xf1, 0x3f, 0xd8, 0x2d, 0x2f, 0xfd, 0xd6, 0xe6, 0x7f, 0xb0, 0xdb,
    0xfe, 0xfa, 0xa7, 0xc5, 0xff, 0x60, 0xb7, 0xbc, 0xf4, 0x5b, 0x9b, 0xab, 0xfe, 0xc7, 0xb8, 0xed,
    0xaf, 0x7f, 0x5a, 0x5c, 0xf5, 0xdf, 0x05, 0x71, 0xd5, 0x7f, 0xab, 0x5b, 0x5e, 0xfa, 0xad, 0xcd,
    0x55, 0x57, 0xfd, 0x07, 0xb9, 0xed, 0xaf, 0x7f, 0x5a, 0xfc, 0x0f, 0x76, 0xcb, 0x4b, 0xbf, 0xb5,
    0xf9, 0x1f, 0xec, 0xb6, 0xbf, 0xfe, 0x69, 0xf1, 0x3f, 0xd8, 0x2d, 0x2f, 0xfd, 0xd6, 0xe6, 0x7f,
    0xb0, 0xdb, 0xfe, 0xfa, 0xa7, 0xc5, 0xff, 0x60, 0xb7, 0xbc, 0xf4, 0x5b, 0x9b, 0xab, 0xfe, 0xc7,
    0xb8, 0xed, 0xaf, 0x7f, 0x5a, 0x5c, 0xf5, 0xdf, 0x05, 0x71, 0xd5, 0x7f, 0xab, 0x5b, 0x5e, 0xfa,
    0xad, 0xcd, 0x55, 0x57, 0xfd, 0x07, 0xb9, 0xed, 0xaf, 0x7f, 0x5a, 0xfc, 0x0f, 0x76, 0xcb, 0x4b,
    0xbf, 0xb5, 0xf9, 0x1f, 0xec, 0xb6, 0xbf, 0xfe, 0x69, 0xf1, 0x3f, 0xd8, 0x2d, 0x2f, 0xfd, 0xd6,
    0xe6, 0x7f, 0xb0, 0xdb, 0xfe, 0xfa, 0xa7, 0xc5, 0xff, 0x60, 0xb7, 0xbc, 0xf4, 0x5b, 0x9b, 0xab,
    0xfe, 0xc7, 0xb8, 0xed, 0xaf, 0x7f, 0x5a, 0x5c, 0xf5, 0xdf, 0x05, 0x71, 0xd5, 0x7f, 0xab, 0x5b,
    0x5e, 0xfa, 0xad, 0xcd, 0x55, 0x57, 0xfd, 0x07, 0xb9, 0xed, 0xaf, 0x7f, 0x5a, 0xfc, 0x0f, 0x76,
    0xcb, 0x4b, 0xbf, 0xb5, 0xf9, 0x1f, 0xec, 0xb6, 0xbf, 0xfe, 0x69, 0xf1, 0x3f, 0xd8, 0x2d, 0x2f,
    0xfd, 0xd6, 0xe6, 0x7f, 0xb0, 0xdb, 0xfe, 0xfa, 0xa7, 0xc5, 0xff, 0x60, 0xb7, 0xbc, 0xf4, 0x5b,
    0x9b, 0xab, 0xfe, 0xc7, 0xb8, 0xed, 0xaf, 0x7f, 0x5a, 0x5c, 0xf5, 0xdf, 0x05, 0x71, 0xd5, 0x7f,
    0xab, 0x5b, 0x5e, 0xfa, 0xad, 0xcd, 0x55, 0x57, 0xfd, 0x07, 0xb9, 0xed, 0xaf, 0x7f, 0x5a, 0xfc,
    0x0f, 0x76, 0xcb, 0x4b, 0xbf, 0xb5, 0xf9, 0x1f, 0xec, 0xb6, 0xbf, 0xfe, 0x69, 0xf1, 0x3f, 0xd8,
    0x2d, 0x2f, 0xfd, 0xd6, 0xe6, 0x7f, 0xb0, 0xdb, 0xfe, 0xfa, 0xa7, 0xc5, 0xff, 0x60, 0xb7, 0xbc,
    0xf4, 0x5b, 0x9b, 0xab, 0xfe, 0xc7, 0xb8, 0xed, 0xaf, 0x7f, 0x5a, 0x5c, 0xf5, 0xdf, 0x05, 0x71,
    0xd5, 0x7f, 0xab, 0x5b, 0x5e, 0xfa, 0xad, 0xcd, 0x55, 0x57, 0xfd, 0x07, 0xb9, 0xed, 0xaf, 0x7f,
    0x5a, 0xfc, 0x0f, 0x76, 0xcb, 0x4b, 0xbf, 0xb5, 0xf9, 0x1f, 0xec, 0xb6, 0xbf, 0xfe, 0x69, 0xf1,
    0x3f, 0xd8, 0x2d, 0x2f, 0xfd, 0xd6, 0xe6, 0x7f, 0xb0, 0xdb, 0xfe, 0xfa, 0xa7, 0xc5, 0xff, 0x60,
    0xb7, 0xbc, 0xf4, 0x5b, 0x9b, 0xab, 0xfe, 0xc7, 0xb8, 0xed, 0xaf, 0x7f, 0x5a, 0x5c, 0xf5, 0xdf,
    0x05, 0x71, 0xd5, 0x7f, 0xab, 0x5b, 0x5e, 0xfa, 0xad, 0xcd, 0x55, 0x57, 0xfd, 0x07, 0xb9, 0xed,
    0xaf, 0x7f, 0x5a, 0xfc, 0x0f, 0x76, 0xcb, 0x4b, 0xbf, 0xb5, 0xf9, 0x1f, 0xec, 0xb6, 0xbf, 0xfe,
    0x69, 0xf1, 0x3f, 0xd8, 0x2d, 0x2f, 0xfd, 0xd6, 0xe6, 0x7f, 0xb0, 0xdb, 0xfe, 0xfa, 0xa7, 0xc5,
    0xff, 0x60, 0xb7, 0xbc, 0xf4, 0x5b, 0x9b, 0xab, 0xfe, 0xc7, 0xb8, 0xed, 0xaf, 0x7f, 0x5a, 0x5c,
    0xf5, 0xdf, 0x05, 0x71, 0xd5, 0x7f, 0xab, 0x5b, 0x5e, 0xfa, 0xad, 0xcd, 0x55, 0x57, 0xfd, 0x07,
    0xb9, 0xed, 0xaf, 0x7f, 0x5a, 0xfc, 0x0f, 0x76, 0xcb, 0x4b, 0xbf, 0xb5, 0xf9, 0x1f, 0xec, 0xb6,
    0xbf, 0xfe, 0x69, 0xf1, 0x3f, 0xd8, 0x2d, 0x2f, 0xfd, 0xd6, 0xe6, 0x7f, 0xb0, 0xdb, 0xfe, 0xfa,
    0xa7, 0xc5, 0xff, 0x60, 0xb7, 0xbc, 0xf4, 0x5b, 0x9b, 0xab, 0xfe, 0xc7, 0xb8, 0xed, 0xaf, 0x7f,
    0x5a, 0x5c, 0xf5, 0xdf, 0x05, 0x71, 0xd5, 0x7f, 0xab, 0x5b, 0x5e, 0xfa, 0xad, 0xcd, 0x55, 0x57,
    0xfd, 0x07, 0xb9, 0xed, 0xaf, 0x7f, 0x5a, 0xfc, 0x0f, 0x76, 0xcb, 0x4b, 0xbf, 0xb5, 0xf9, 0x1f,
    0xec, 0xb6, 0xbf, 0xfe, 0x69, 0xf1, 0x3f, 0xd8, 0x2d, 0x2f, 0xfd, 0xd6, 0xe6, 0x7f, 0xb0, 0xdb,
    0xfe, 0xfa, 0xa7, 0xc5, 0xff, 0x60, 0xb7, 0xbc, 0xf4, 0x5b, 0x9b, 0xab, 0xfe, 0xc7, 0xb8, 0xed,
    0xaf, 0x7f, 0x5a, 0x5c, 0xf5, 0xdf, 0x05, 0x71, 0xd5, 0x7f, 0xab, 0x5b, 0x5e, 0xfa, 0xad, 0xcd,
    0x55, 0x57, 0xfd, 0x07, 0xb9, 0xed, 0xaf, 0x7f, 0x5a, 0xfc, 0x0f, 0x76, 0xcb, 0x4b, 0xbf, 0xb5,
    0xf9, 0x1f, 0xec, 0xb6, 0xbf, 0xfe, 0x69, 0xf1, 0x3f, 0xd8, 0x2d, 0x2f, 0xfd, 0xd6, 0xe6, 0x7f,
    0xb0, 0xdb, 0xfe, 0xfa, 0xa7, 0xc5, 0xff, 0x60, 0xb7, 0xbc, 0xf4, 0x5b, 0x9b, 0xab, 0xfe, 0xc7,
    0xb8, 0xed, 0xaf, 0x7f, 0x5a, 0x5c, 0xf5, 0xdf, 0x05, 0x71, 0xd5, 0x7f, 0xab, 0x5b, 0x5e, 0xfa,
    0xad, 0xcd, 0x55, 0x57, 0xfd, 0x07, 0xb9, 0xed, 0xaf, 0x7f, 0x5a, 0xfc, 0x0f, 0x76, 0xcb, 0x4b,
    0xbf, 0xb5, 0xf9, 0x1f, 0xec, 0xb6, 0xbf, 0xfe, 0x69, 0xf1, 0x3f, 0xd8, 0x2d, 0x2f, 0xfd, 0xd6,
    0xe6, 0x7f, 0xb0, 0xdb, 0xfe, 0xfa, 0xa7, 0xc5, 0xff, 0x60, 0xb7, 0xbc, 0xf4, 0x5b, 0x9b, 0xab,
    0xfe, 0xc7, 0xb8, 0xed, 0xaf, 0x7f, 0x5a, 0x5c, 0xf5, 0xdf, 0x05, 0x71, 0xd5, 0x7f, 0xab, 0x5b,
    0x5e, 0xfa, 0xad, 0xcd, 0x55, 0x57, 0xfd, 0x07, 0xb9, 0xed, 0xaf, 0x7f, 0x5a, 0xfc, 0x0f, 0x76,
    0xcb, 0x4b, 0xbf, 0xb5, 0xf9, 0x1f, 0xec, 0xb6, 0xbf, 0xfe, 0x69, 0xf1, 0x3f, 0xd8, 0x2d, 0x2f,
    0xfd, 0xd6, 0xe6, 0x7f, 0xb0, 0xdb, 0xfe, 0xfa, 0xa7, 0xc5, 0xff, 0x60, 0xb7, 0xbc, 0xf4, 0x5b,
    0x9b, 0xab, 0xfe, 0xc7, 0xb8, 0xed, 0xaf, 0x7f, 0x5a, 0x5c, 0xf5, 0xdf, 0x05, 0x71, 0xd5, 0x7f,
    0xab, 0x5b, 0x5e, 0xfa, 0xad, 0xcd, 0x55, 0x57, 0xfd, 0x07, 0xb9, 0xed, 0xaf, 0x7f, 0x5a, 0xfc,
    0x0f, 0x76, 0xcb, 0x4b, 0xbf, 0xb5, 0xf9, 0x1f, 0xec, 0xb6, 0xbf, 0xfe, 0x69, 0xf1, 0x3f, 0xd8,
    0x2d, 0x2f, 0xfd, 0xd6, 0xe6, 0x7f, 0xb0, 0xdb, 0xfe, 0xfa, 0xa7, 0xc5, 0xff, 0x60, 0xb7, 0xbc,
    0xf4, 0x5b, 0x9b, 0xab, 0xfe, 0xc7, 0xb8, 0xed, 0xaf, 0x7f, 0x5a, 0x5c, 0xf5, 0xdf, 0x05, 0x71,
    0xd5, 0x7f, 0xab, 0x5b, 0x5e, 0xfa, 0xad, 0xcd, 0x55, 0x57, 0xfd, 0x07, 0xb9, 0xed, 0xaf, 0x7f,
    0x5a, 0xfc, 0x0f, 0x76, 0xcb, 0x4b, 0xbf, 0xb5, 0xf9, 0x1f, 0xec, 0xb6, 0xbf, 0xfe, 0x69, 0xf1,
    0x3f, 0xd8, 0x2d, 0x2f, 0xfd, 0xd6, 0xe6, 0x7f, 0xb0, 0xdb, 0xfe, 0xfa, 0xa7, 0xc5, 0xff, 0x60,
    0xb7, 0xbc, 0xf4, 0x5b, 0x9b, 0xab, 0xfe, 0xc7, 0xb8, 0xed, 0xaf, 0x7f, 0x5a, 0x5c, 0xf5, 0xdf,
    0x05, 0x71, 0xd5, 0x7f, 0xab, 0x5b, 0x5e, 0xfa, 0xad, 0xcd, 0x55, 0x57, 0xfd, 0x07, 0xb9, 0xed,
    0xaf, 0x7f, 0x5a, 0xfc, 0x0f, 0x76, 0xcb, 0x4b, 0xbf, 0xb5, 0xf9, 0x1f, 0xec, 0xb6, 0xbf, 0xfe,
    0x69, 0xf1, 0x3f, 0xd8, 0x2d, 0x2f, 0xfd, 0xd6, 0xe6, 0x7f, 0xb0, 0xdb, 0xfe, 0xfa, 0xa7, 0xc5,
    0xff, 0x60, 0xb7, 0xbc, 0xf4, 0x5b, 0x9b, 0xab, 0xfe, 0xc7, 0xb8, 0xed, 0xaf, 0x7f, 0x5a, 0x5c,
    0xf5, 0xdf, 0x05, 0x71, 0xd5, 0x7f, 0xab, 0x5b, 0x5e, 0xfa, 0xad, 0xcd, 0x55, 0x57, 0xfd, 0x07,
    0xb9, 0xed, 0xaf, 0x7f, 0x5a, 0xfc, 0x0f, 0x76, 0xcb, 0x4b, 0xbf, 0xb5, 0xf9, 0x1f, 0xec, 0xb6,
    0xbf, 0xfe, 0x69, 0xf1, 0x3f, 0xd8, 0x2d, 0x2f, 0xfd, 0xd6, 0xe6, 0x7f, 0xb0, 0xdb, 0xfe, 0xfa,
    0xa7, 0xc5, 0xff, 0x60, 0xb7, 0xbc, 0xf4, 0x5b, 0x9b, 0xab, 0xfe, 0xc7, 0xb8, 0xed, 0xaf, 0x7f,
    0x5a, 0x5c, 0xf5, 0xdf, 0x05, 0x71, 0xd5, 0x7f, 0xab, 0x5b, 0x5e, 0xfa, 0xad, 0xcd, 0x55, 0x57,
    0xfd, 0x07, 0xb9, 0xed, 0xaf, 0x7f, 0x5a, 0xfc, 0x0f, 0x76, 0xcb, 0x4b, 0xbf, 0xb5, 0xf9, 0x1f,
    0xec, 0xb6, 0xbf, 0xfe, 0x69, 0xf1, 0x3f, 0xd8, 0x2d, 0x2f, 0xfd, 0xd6, 0xe6, 0x7f, 0xb0, 0xdb,
    0xfe, 0xfa, 0xa7, 0xc5, 0xff, 0x60, 0xb7, 0xbc, 0xf4, 0x5b, 0x9b, 0xab, 0xfe, 0xc7, 0xb8, 0xed,
    0xaf, 0x7f, 0x5a, 0x5c, 0xf5, 0xdf, 0x05, 0x71, 0xd5, 0x7f, 0xab, 0x5b, 0x5e, 0xfa, 0xad, 0xcd,
    0x55, 0x57, 0xfd, 0x07, 0xb9, 0xed, 0xaf, 0x7f, 0x5a, 0xfc, 0x0f, 0x76, 0xcb, 0x4b, 0xbf, 0xb5,
    0xf9, 0x1f, 0xec, 0xb6, 0xbf, 0xfe, 0x69, 0xf1, 0x3f, 0xd8, 0x2d, 0x2f, 0xfd, 0xd6, 0xe6, 0x7f,
    0xb0, 0xdb, 0xfe, 0xfa, 0xa7, 0xc5, 0xff, 0x60, 0xb7, 0xbc, 0xf4, 0x5b, 0x9b, 0xab, 0xfe, 0xc7,
    0xb8, 0xed, 0xaf, 0x7f, 0x5a, 0x5c, 0xf5, 0xdf, 0x05, 0x71, 0xd5, 0x7f, 0xab, 0x5b, 0x5e, 0xfa,
    0xad, 0xcd, 0x55, 0x57, 0xfd, 0x07, 0xb9, 0xed, 0xaf, 0x7f, 0x5a, 0xfc, 0x0f, 0x76, 0xcb, 0x4b,
    0xbf, 0xb5, 0xf9, 0x1f, 0xec, 0xb6, 0xbf, 0xfe, 0x69, 0xf1, 0x3f, 0xd8, 0x2d, 0x2f, 0xfd, 0xd6,
    0xe6, 0x7f, 0xb0, 0xdb, 0xfe, 0xfa, 0xa7, 0xc5, 0xff, 0x60, 0xb7, 0xbc, 0xf4, 0x5b, 0x9b, 0xab,
    0xfe, 0xc7, 0xb8, 0xed, 0xaf, 0x7f, 0x5a, 0x5c, 0xf5, 0xdf, 0x05, 0x71, 0xd5, 0x7f, 0xab, 0x5b,
    0x5e, 0xfa, 0xad, 0xcd, 0x55, 0x57, 0xfd, 0x07, 0xb9, 0xed, 0xaf, 0x7f, 0x5a, 0xfc, 0x0f, 0x76,
    0xcb, 0x4b, 0xbf, 0xb5, 0xf9, 0x1f, 0xec, 0xb6, 0xbf, 0xfe, 0x69, 0xf1, 0x3f, 0xd8, 0x2d, 0x2f,
    0xfd, 0xd6, 0xe6, 0x7f, 0xb0, 0xdb, 0xfe, 0xfa, 0xa7, 0xc5, 0xff, 0x60, 0xb7, 0xbc, 0xf4, 0x5b,
    0x9b, 0xab, 0xfe, 0xc7, 0xb8, 0xed, 0xaf, 0x7f, 0x5a, 0x5c, 0xf5, 0xdf, 0x05, 0x71, 0xd5, 0x7f,
    0xab, 0x5b, 0x5e, 0xfa, 0xad, 0xcd, 0x55, 0x57, 0xfd, 0x07, 0xb9, 0xed, 0xaf, 0x7f, 0x5a, 0xfc,
    0x0f, 0x76, 0xcb, 0x4b, 0xbf, 0xb5, 0xf9, 0x1f, 0xec, 0xb6, 0xbf, 0xfe, 0x69, 0xf1, 0x3f, 0xd8,
    0x2d, 0x2f, 0xfd, 0xd6, 0xe6, 0x7f, 0xb0, 0xdb, 0xfe, 0xfa, 0xa7, 0xc5, 0xff, 0x60, 0xb7, 0xbc,
    0xf4, 0x5b, 0x9b, 0xab, 0xfe, 0xc7, 0xb8, 0xed, 0xaf, 0x7f, 0x5a, 0x5c, 0xf5, 0xdf, 0x05, 0x71,
    0xd5, 0x7f, 0xab, 0x5b, 0x5e, 0xfa, 0xad, 0xcd, 0x55, 0x57, 0xfd, 0x07, 0xb9, 0xed, 0xaf, 0x7f,
    0x5a, 0xfc, 0x0f, 0x76, 0xcb, 0x4b, 0xbf, 0xb5, 0xf9, 0x1f, 0xec, 0xb6, 0xbf, 0xfe, 0x69, 0xf1,
    0x3f, 0xd8, 0x2d, 0x2f, 0xfd, 0xd6, 0xe6, 0x7f, 0xb0, 0xdb, 0xfe, 0xfa, 0xa7, 0xc5, 0xff, 0x60,
    0xb7, 0xbc, 0xf4, 0x5b, 0x9b, 0xab, 0xfe, 0xc7, 0xb8, 0xed, 0xaf, 0x7f, 0x5a, 0x5c, 0xf5, 0xdf,
    0x05, 0x71, 0xd5, 0x7f, 0xab, 0x5b, 0x5e, 0xfa, 0xad, 0xcd, 0x55, 0x57, 0xfd, 0x07, 0xb9, 0xed,
    0xaf, 0x7f, 0x5a, 0xfc, 0x0f, 0x76, 0xcb, 0x4b, 0xbf, 0xb5, 0xf9, 0x1f, 0xec, 0xb6, 0xbf, 0xfe,
    0x69, 0xf1, 0x3f, 0xd8, 0x2d, 0x2f, 0xfd, 0xd6, 0xe6, 0x7f, 0xb0, 0xdb, 0xfe, 0xfa, 0xa7, 0xc5,
    0xff, 0x60, 0xb7, 0xbc, 0xf4, 0x5b, 0x9b, 0xab, 0xfe, 0xc7, 0xb8, 0xed, 0xaf, 0x7f, 0x5a, 0x5c,
    0xf5, 0xdf, 0x05, 0x71, 0xd5, 0x7f, 0xab, 0x5b, 0x5e, 0xfa, 0xad, 0xcd, 0x55, 0x57, 0xfd, 0x07,
    0xb9, 0xed, 0xaf, 0x7f, 0x5a, 0xfc, 0x0f, 0x76, 0xcb, 0x4b, 0xbf, 0xb5, 0xf9, 0x1f, 0xec, 0xb6,
    0xbf, 0xfe, 0x69, 0xf1, 0x3f, 0xd8, 0x2d, 0x2f, 0xfd, 0xd6, 0xe6, 0x7f, 0xb0, 0xdb, 0xfe, 0xfa,
    0xa7, 0xc5, 0xff, 0x60, 0xb7, 0xbc, 0xf4, 0x5b, 0x9b, 0xab, 0xfe, 0xc7, 0xb8, 0xed, 0xaf, 0x7f,
    0x5a, 0x5c, 0xf5, 0xdf, 0x05, 0x71, 0xd5, 0x7f, 0xab, 0x5b, 0x5e, 0xfa, 0xad, 0xcd, 0x55, 0x57,
    0xfd, 0x07, 0xb9, 0xed, 0xaf, 0x7f, 0x5a, 0xfc, 0x0f, 0x76, 0xcb, 0x4b, 0xbf, 0xb5, 0xf9, 0x1f,
    0xec, 0xb6, 0xbf, 0xfe, 0x69, 0xf1, 0x3f, 0xd8, 0x2d, 0x2f, 0xfd, 0xd6, 0xe6, 0x7f, 0xb0, 0xdb,
    0xfe, 0xfa, 0xa7, 0xc5, 0xff, 0x60, 0xb7, 0xbc, 0xf4, 0x5b, 0x9b, 0xab, 0xfe, 0xc7, 0xb8, 0xed,
    0xaf, 0x7f, 0x5a, 0x5c, 0xf5, 0xdf, 0x05, 0x71, 0xd5, 0x7f, 0xab, 0x5b, 0x5e, 0xfa, 0xad, 0xcd,
    0x55, 0x57, 0xfd, 0x07, 0xb9, 0xed, 0xaf, 0x7f, 0x5a, 0xfc, 0x0f, 0x76, 0xcb, 0x4b, 0xbf, 0xb5,
    0xf9, 0x1f, 0xec, 0xb6, 0xbf, 0xfe, 0x69, 0xf1, 0x3f, 0xd8, 0x2d, 0x2f, 0xfd, 0xd6, 0xe6, 0x7f,
    0xb0, 0xdb, 0xfe, 0xfa, 0xa7, 0xc5, 0xff, 0x60, 0xb7, 0xbc, 0xf4, 0x5b, 0x9b, 0xab, 0xfe, 0xc7,
    0xb8, 0xed, 0xaf, 0x7f, 0x5a, 0x5c, 0xf5, 0xdf, 0x05, 0x71, 0xd5, 0x7f, 0xab, 0x5b, 0x5e, 0xfa,
    0xad, 0xcd, 0x55, 0x57, 0xfd, 0x07, 0xb9, 0xed, 0xaf, 0x7f, 0x5a, 0xfc, 0x0f, 0x76, 0xcb, 0x4b,
    0xbf, 0xb5, 0xf9, 0x1f, 0xec, 0xb6, 0xbf, 0xfe, 0x69, 0xf1, 0x3f, 0xd8, 0x2d, 0x2f, 0xfd, 0xd6,
    0xe6, 0x7f, 0xb0, 0xdb, 0xfe, 0xfa, 0xa7, 0xc5, 0xff, 0x60, 0xb7, 0xbc, 0xf4, 0x5b, 0x9b, 0xab,
    0xfe, 0xc7, 0xb8, 0xed, 0xaf, 0x7f, 0x5a, 0x5c, 0xf5, 0xdf, 0x05, 0x71, 0xd5, 0x7f, 0xab, 0x5b,
    0x5e, 0xfa, 0xad, 0xcd, 0x55, 0x57, 0xfd, 0x07, 0xb9, 0xed, 0xaf, 0x7f, 0x5a, 0xfc, 0x0f, 0x76,
    0xcb, 0x4b, 0xbf, 0xb5, 0xf9, 0x1f, 0xec, 0xb6, 0xbf, 0xfe, 0x69, 0xf1, 0x3f, 0xd8, 0x2d, 0x2f,
    0xfd, 0xd6, 0xe6, 0x7f, 0xb0, 0xdb, 0xfe, 0xfa, 0xa7, 0xc5, 0xff, 0x60, 0xb7, 0xbc, 0xf4, 0x5b,
    0x9b, 0xab, 0xfe, 0xc7, 0xb8, 0xed, 0xaf, 0x7f, 0x5a, 0x5c, 0xf5, 0xdf, 0x05, 0x71, 0xd5, 0x7f,
    0xab, 0x5b, 0x5e, 0xfa, 0xad, 0xcd, 0x55, 0x57, 0xfd, 0x07, 0xb9, 0xed, 0xaf, 0x7f, 0x5a, 0xfc,
    0x0f, 0x76, 0xcb, 0x4b, 0xbf, 0xb5, 0xf9, 0x1f, 0xec, 0xb6, 0xbf, 0xfe, 0x69, 0xf1, 0x3f, 0xd8,
    0x2d, 0x2f, 0xfd, 0xd6, 0xe6, 0x7f, 0xb0, 0xdb, 0xfe, 0xfa, 0xa7, 0xc5, 0xff, 0x60, 0xb7, 0xbc,
    0xf4, 0x5b, 0x9b, 0xab, 0xfe, 0xc7, 0xb8, 0xed, 0xaf, 0x7f, 0x5a, 0x5c, 0xf5, 0xdf, 0x05, 0x71,
    0xd5, 0x7f, 0xab, 0x5b, 0x5e, 0xfa, 0xad, 0xcd, 0x55, 0x57, 0xfd, 0x07, 0xb9, 0xed, 0xaf, 0x7f,
    0x5a, 0xfc, 0x0f, 0x76, 0xcb, 0x4b, 0xbf, 0xb5, 0xf9, 0x1f, 0xec, 0xb6, 0xbf, 0xfe, 0x69, 0xf1,
    0x3f, 0xd8, 0x2d, 0x2f, 0xfd, 0xd6, 0xe6, 0x7f, 0xb0, 0xdb, 0xfe, 0xfa, 0xa7, 0xc5, 0xff, 0x60,
    0xb7, 0xbc, 0xf4, 0x5b, 0x9b, 0xab, 0xfe, 0xc7, 0xb8, 0xed, 0xaf, 0x7f, 0x5a, 0x5c, 0xf5, 0xdf,
    0x05, 0x71, 0xd5, 0x7f, 0xab, 0x5b, 0x5e, 0xfa, 0xad, 0xcd, 0x55, 0x57, 0xfd, 0x07, 0xb9, 0xed,
    0xaf, 0x7f, 0x5a, 0xfc, 0x0f, 0x76, 0xcb, 0x4b, 0xbf, 0xb5, 0xf9, 0x1f, 0xec, 0xb6, 0xbf, 0xfe,
    0x69, 0xf1, 0x3f, 0xd8, 0x2d, 0x2f, 0xfd, 0xd6, 0xe6, 0x7f, 0xb0, 0xdb, 0xfe, 0xfa, 0xa7, 0xc5,
    0xff, 0x60, 0xb7, 0xbc, 0xf4, 0x5b, 0x9b, 0xab, 0xfe, 0xc7, 0xb8, 0xed, 0xaf, 0x7f, 0x5a, 0x5c,
    0xf5, 0xdf, 0x05, 0x71, 0xd5, 0x7f, 0xab, 0x5b, 0x5e, 0xfa, 0xad, 0xcd, 0x55, 0x57, 0xfd, 0x07,
    0xb9, 0xed, 0xaf, 0x7f, 0x5a, 0xfc, 0x0f, 0x76, 0xcb, 0x4b, 0xbf, 0xb5, 0xf9, 0x1f, 0xec, 0xb6,
    0xbf, 0xfe, 0x69, 0xf1, 0x3f, 0xd8, 0x2d, 0x2f, 0xfd, 0xd6, 0xe6, 0x7f, 0xb0, 0xdb, 0xfe, 0xfa,
    0xa7, 0xc5, 0xff, 0x60, 0xb7, 0xbc, 0xf4, 0x5b, 0x9b, 0xab, 0xfe, 0xc7, 0xb8, 0xed, 0xaf, 0x7f,
    0x5a, 0x5c, 0xf5, 0xdf, 0x05, 0x71, 0xd5, 0x7f, 0xab, 0x5b, 0x5e, 0xfa, 0xad, 0xcd, 0x55, 0x57,
    0xfd, 0x07, 0xb9, 0xed, 0xaf, 0x7f, 0x5a, 0xfc, 0x0f, 0x76, 0xcb, 0x4b, 0xbf, 0xb5, 0xf9, 0x1f,
    0xec, 0xb6, 0xbf, 0xfe, 0x69, 0xf1, 0x3f, 0xd8, 0x2d, 0x2f, 0xfd, 0xd6, 0xe6, 0x7f, 0xb0, 0xdb,
    0xfe, 0xfa, 0xa7, 0xc5, 0xff, 0x60, 0xb7, 0xbc, 0xf4, 0x5b, 0x9b, 0xab, 0xfe, 0xc7, 0xb8, 0xed,
    0xaf, 0x7f, 0x5a, 0x5c, 0xf5, 0xdf, 0x05, 0x71, 0xd5, 0x7f, 0xab, 0x5b, 0x5e, 0xfa, 0xad, 0xcd,
    0x55, 0x57, 0xfd, 0x07, 0xb9, 0xed, 0xaf, 0x7f, 0x5a, 0xfc, 0x0f, 0x76, 0xcb, 0x4b, 0xbf, 0xb5,
    0xf9, 0x1f, 0xec, 0xb6, 0xbf, 0xfe, 0x69, 0xf1, 0x3f, 0xd8, 0x2d, 0x2f, 0xfd, 0xd6, 0xe6, 0x7f,
    0xb0, 0xdb, 0xfe, 0xfa, 0xa7, 0xc5, 0xff, 0x60, 0xb7, 0xbc, 0xf4, 0x5b, 0x9b, 0xab, 0xfe, 0xc7,
    0xb8, 0xed, 0xaf, 0x7f, 0x5a, 0x5c, 0xf5, 0xdf, 0x05, 0x71, 0xd5, 0x7f, 0xab, 0x5b, 0x5e, 0xfa,
    0xad, 0xcd, 0x55, 0x57, 0xfd, 0x07, 0xb9, 0xed, 0xaf, 0x7f, 0x5a, 0xfc, 0x0f, 0x76, 0xcb, 0x4b,
    0xbf, 0xb5, 0xf9, 0x1f, 0xec, 0xb6, 0xbf, 0xfe, 0x69, 0xf1, 0x3f, 0xd8, 0x2d, 0x2f, 0xfd, 0xd6,
    0xe6, 0x7f, 0xb0, 0xdb, 0xfe, 0xfa, 0xa7, 0xc5, 0xff, 0x60, 0xb7, 0xbc, 0xf4, 0x5b, 0x9b, 0xab,
    0xfe, 0xc7, 0xb8, 0xed, 0xaf, 0x7f, 0x5a, 0x5c, 0xf5, 0xdf, 0x05, 0x71, 0xd5, 0x7f, 0xab, 0x5b,
    0x5e, 0xfa, 0xad, 0xcd, 0x55, 0x57, 0xfd, 0x07, 0xb9, 0xed, 0xaf, 0x7f, 0x5a, 0xfc, 0x0f, 0x76,
    0xcb, 0x4b, 0xbf, 0xb5, 0xf9, 0x1f, 0xec, 0xb6, 0xbf, 0xfe, 0x69, 0xf1, 0x3f, 0xd8, 0x2d, 0x2f,
    0xfd, 0xd6, 0xe6, 0x7f, 0xb0, 0xdb, 0xfe, 0xfa, 0xa7, 0xc5, 0xff, 0x60, 0xb7, 0xbc, 0xf4, 0x5b,
    0x9b, 0xab, 0xfe, 0xc7, 0xb8, 0xed, 0xaf, 0x7f, 0x5a, 0x5c, 0xf5, 0xdf, 0x05, 0x71, 0xd5, 0x7f,
    0xab, 0x5b, 0x5e, 0xfa, 0xad, 0xcd, 0x55, 0x57, 0xfd, 0x07, 0xb9, 0xed, 0xaf, 0x7f, 0x5a, 0xfc,
    0x0f, 0x76, 0xcb, 0x4b, 0xbf, 0xb5, 0xf9, 0x1f, 0xec, 0xb6, 0xbf, 0xfe, 0x69, 0xf1, 0x3f, 0xd8,
    0x2d, 0x2f, 0xfd, 0xd6, 0xe6, 0x7f, 0xb0, 0xdb, 0xfe, 0xfa, 0xa7, 0xc5, 0xff, 0x60, 0xb7, 0xbc,
    0xf4, 0x5b, 0x9b, 0xab, 0xfe, 0xc7, 0xb8, 0xed, 0xaf, 0x7f, 0x5a, 0x5c, 0xf5, 0xdf, 0x05, 0x71,
    0xd5, 0x7f, 0xab, 0x5b, 0x5e, 0xfa, 0xad, 0xcd, 0x55, 0x57, 0xfd, 0x07, 0xb9, 0xed, 0xaf, 0x7f,
    0x5a, 0xfc, 0x0f, 0x76, 0xcb, 0x4b, 0xbf, 0xb5, 0xf9, 0x1f, 0xec, 0xb6, 0xbf, 0xfe, 0x69, 0xf1,
    0x3f, 0xd8, 0x2d, 0x2f, 0xfd, 0xd6, 0xe6, 0x7f, 0xb0, 0xdb, 0xfe, 0xfa, 0xa7, 0xc5, 0xff, 0x60,
    0xb7, 0xbc, 0xf4, 0x5b, 0x9b, 0xab, 0xfe, 0xc7, 0xb8, 0xed, 0xaf, 0x7f, 0x5a, 0x5c, 0xf5, 0xdf,
    0x05, 0x71, 0xd5, 0x7f, 0xab, 0x5b, 0x5e, 0xfa, 0xad, 0xcd, 0x55, 0x57, 0xfd, 0x07, 0xb9, 0xed,
    0xaf, 0x7f, 0x5a, 0xfc, 0x0f, 0x76, 0xcb, 0x4b, 0xbf, 0xb5, 0xf9, 0x1f, 0xec, 0xb6, 0xbf, 0xfe,
    0x69, 0xf1, 0x3f, 0xd8, 0x2d, 0x2f, 0xfd, 0xd6, 0xe6, 0x7f, 0xb0, 0xdb, 0xfe, 0xfa, 0xa7, 0xc5,
    0xff, 0x60, 0xb7, 0xbc, 0xf4, 0x5b, 0x9b, 0xab, 0xfe, 0xc7, 0xb8, 0xed, 0xaf, 0x7f, 0x5a, 0x5c,
    0xf5, 0xdf, 0x05, 0x71, 0xd5, 0x7f, 0xab, 0x5b, 0x5e, 0xfa, 0xad, 0xcd, 0x55, 0x57, 0xfd, 0x07,
    0xb9, 0xed, 0xaf, 0x7f, 0x5a, 0xfc, 0x0f, 0x76, 0xcb, 0x4b, 0xbf, 0xb5, 0xf9, 0x1f, 0xec, 0xb6,
    0xbf, 0xfe, 0x69, 0xf1, 0x3f, 0xd8, 0x2d, 0x2f, 0xfd, 0xd6, 0xe6, 0x7f, 0xb0, 0xdb, 0xfe, 0xfa,
    0xa7, 0xc5, 0xff, 0x60, 0xb7, 0xbc, 0xf4, 0x5b, 0x9b, 0xab, 0xfe, 0xc7, 0xb8, 0xed, 0xaf, 0x7f,
    0x5a, 0x5c, 0xf5, 0xdf, 0x05, 0x71, 0xd5, 0x7f, 0xab, 0x5b, 0x5e, 0xfa, 0xad, 0xcd, 0x55, 0x57,
    0xfd, 0x07, 0xb9, 0xed, 0xaf, 0x7f, 0x5a, 0xfc, 0x0f, 0x76, 0xcb, 0x4b, 0xbf, 0xb5, 0xf9, 0x1f,
    0xec, 0xb6, 0xbf, 0xfe, 0x69, 0xf1, 0x3f, 0xd8, 0x2d, 0x2f, 0xfd, 0xd6, 0xe6, 0x7f, 0xb0, 0xdb,
    0xfe, 0xfa, 0xa7, 0xc5, 0xff, 0x60, 0xb7, 0xbc, 0xf4, 0x5b, 0x9b, 0xab, 0xfe, 0xc7, 0xb8, 0xed,
    0xaf, 0x7f, 0x5a, 0x5c, 0xf5, 0xdf, 0x05, 0x71, 0xd5, 0x7f, 0xab, 0x5b, 0x5e, 0xfa, 0xad, 0xcd,
    0x55, 0x57, 0xfd, 0x07, 0xb9, 0xed, 0xaf, 0x7f, 0x5a, 0xfc, 0x0f, 0x76, 0xcb, 0x4b, 0xbf, 0xb5,
    0xf9, 0x1f, 0xec, 0xb6, 0xbf, 0xfe, 0x69, 0xf1, 0x3f, 0xd8, 0x2d, 0x2f, 0xfd, 0xd6, 0xe6, 0x7f,
    0xb0, 0xdb, 0xfe, 0xfa, 0xa7, 0xc5, 0xff, 0x60, 0xb7, 0xbc, 0xf4, 0x5b, 0x9b, 0xab, 0xfe, 0xc7,
    0xb8, 0xed, 0xaf, 0x7f, 0x5a, 0x5c, 0xf5, 0xdf, 0x05, 0x71, 0xd5, 0x7f, 0xab, 0x5b, 0x5e, 0xfa,
    0xad, 0xcd, 0x55, 0x57, 0xfd, 0x07, 0xb9, 0xed, 0xaf, 0x7f, 0x5a, 0xfc, 0x0f, 0x76, 0xcb, 0x4b,
    0xbf, 0xb5, 0xf9, 0x1f, 0xec, 0xb6, 0xbf, 0xfe, 0x69, 0xf1, 0x3f, 0xd8, 0x2d, 0x2f, 0xfd, 0xd6,
    0xe6, 0x7f, 0xb0, 0xdb, 0xfe, 0xfa, 0xa7, 0xc5, 0xff, 0x60, 0xb7, 0xbc, 0xf4, 0x5b, 0x9b, 0xab,
    0xfe, 0xc7, 0xb8, 0xed, 0xaf, 0x7f, 0x5a, 0x5c, 0xf5, 0xdf, 0x05, 0x71, 0xd5, 0x7f, 0xab, 0x5b,
    0x5e, 0xfa, 0xad, 0xcd, 0x55, 0x57, 0xfd, 0x07, 0xb9, 0xed, 0xaf, 0x7f, 0x5a, 0xfc, 0x0f, 0x76,
    0xcb, 0x4b, 0xbf, 0xb5, 0xf9, 0x1f, 0xec, 0xb6, 0xbf, 0xfe, 0x69, 0xf1, 0x3f, 0xd8, 0x2d, 0x2f,
    0xfd, 0xd6, 0xe6, 0x7f, 0xb0, 0xdb, 0xfe, 0xfa, 0xa7, 0xc5, 0xff, 0x60, 0xb7, 0xbc, 0xf4, 0x5b,
    0x9b, 0xab, 0xfe, 0xc7, 0xb8, 0xed, 0xaf, 0x7f, 0x5a, 0x5c, 0xf5, 0xdf, 0x05, 0x71, 0xd5, 0x7f,
    0xab, 0x5b, 0x5e, 0xfa, 0xad, 0xcd, 0x55, 0x57, 0xfd, 0x07, 0xb9, 0xed, 0xaf, 0x7f, 0x5a, 0xfc,
    0x0f, 0x76, 0xcb, 0x4b, 0xbf, 0xb5, 0xf9, 0x1f, 0xec, 0xb6, 0xbf, 0xfe, 0x69, 0xf1, 0x3f, 0xd8,
    0x2d, 0x2f, 0xfd, 0xd6, 0xe6, 0x7f, 0xb0, 0xdb, 0xfe, 0xfa, 0xa7, 0xc5, 0xff, 0x60, 0xb7, 0xbc,
    0xf4, 0x5b, 0x9b, 0xab, 0xfe, 0xc7, 0xb8, 0xed, 0xaf, 0x7f, 0x5a, 0x5c, 0xf5, 0xdf, 0x05, 0x71,
    0xd5, 0x7f, 0xab, 0x5b, 0x5e, 0xfa, 0xad, 0xcd, 0x55, 0x57, 0xfd, 0x07, 0xb9, 0xed, 0xaf, 0x7f,
    0x5a, 0xfc, 0x0f, 0x76, 0xcb, 0x4b, 0xbf, 0xb5, 0xf9, 0x1f, 0xec, 0xb6, 0xbf, 0xfe, 0x69, 0xf1,
    0x3f, 0xd8, 0x2d, 0x2f, 0xfd, 0xd6, 0xe6, 0x7f, 0xb0, 0xdb, 0xfe, 0xfa, 0xa7, 0xc5, 0xff, 0x60,
    0xb7, 0xbc, 0xf4, 0x5b, 0x9b, 0xab, 0xfe, 0xc7, 0xb8, 0xed, 0xaf, 0x7f, 0x5a, 0x5c, 0xf5, 0xdf,
    0x05, 0x71, 0xd5, 0x7f, 0xab, 0x5b, 0x5e, 0xfa, 0xad, 0xcd, 0x55, 0x57, 0xfd, 0x07, 0xb9, 0xed,
    0xaf, 0x7f, 0x5a, 0xfc, 0x0f, 0x76, 0xcb, 0x4b, 0xbf, 0xb5, 0xf9, 0x1f, 0xec, 0xb6, 0xbf, 0xfe,
    0x69, 0xf1, 0x3f, 0xd8, 0x83, 0x5e, 0xfa, 0xad, 0x77, 0x0d, 0xc7, 0xf8, 0x1f, 0x48, 0xf0, 0x8c,
    0x67, 0xfc, 0xf5, 0x4f, 0x3f, 0x98, 0xff, 0xc1, 0x6e, 0x79, 0xe9, 0xb7, 0x36, 0x57, 0xfd, 0x8f,
    0x71, 0xdb, 0x5f, 0xff, 0xb4, 0xb8, 0xea, 0xbf, 0x0b, 0xe2, 0xaa, 0xff, 0x56, 0xb7, 0xbc, 0xf4,
    0x5b, 0x9b, 0xab, 0xae, 0xfa, 0x0f, 0x72, 0xdb, 0x5f, 0xff, 0xb4, 0xf8, 0x1f, 0xec, 0x96, 0x97,
    0x7e, 0x6b, 0xf3, 0x3f, 0xd8, 0x6d, 0x7f, 0xfd, 0xd3, 0xe2, 0x7f, 0xb0, 0x5b, 0x5e, 0xfa, 0xad,
    0x7f, 0x1a, 0x78, 0x2b, 0xfe, 0x67, 0xfa, 0x99, 0xdb, 0xfe, 0xfa, 0xa7, 0xdf, 0x9a, 0xff, 0xc1,
    0x6e, 0x79, 0xe9, 0xb7, 0x36, 0x57, 0xfd, 0x8f, 0x71, 0xdb, 0x5f, 0xff, 0xb4, 0xb8, 0xea, 0xbf,
    0x0b, 0xe2, 0xaa, 0xff, 0x56, 0xb7, 0xbc, 0xf4, 0x5b, 0x9b, 0xab, 0xae, 0xfa, 0x0f, 0x72, 0xdb,
    0x5f, 0xff, 0xb4, 0xf8, 0x1f, 0xec, 0x96, 0x97, 0x7e, 0x6b, 0xf3, 0x3f, 0x58, 0xc0, 0x43, 0x6e,
    0xfd, 0xeb, 0x9f, 0xbe, 0x95, 0xff, 0xa1, 0x1e, 0xfc, 0xd2, 0x6f, 0xfd, 0x60, 0xc3, 0x5f, 0x1b,
    0x8e, 0xf1, 0x3f, 0x88, 0xe0, 0x92, 0xe0, 0xa5, 0x6f, 0xfd, 0xeb, 0x9f, 0xbe, 0x95, 0xff, 0xa1,
    0x1e, 0xfc, 0xd2, 0x6f, 0xfd, 0xe0, 0x84, 0xa7, 0x73, 0xd5, 0xff, 0x18, 0xb7, 0xfd, 0xf5, 0x4f,
    0x8b, 0xab, 0xfe, 0xbb, 0x20, 0xae, 0xfa, 0x6f, 0x75, 0xcb, 0x4b, 0xbf, 0xb5, 0xb9, 0xea, 0xaa,
    0xff, 0x20, 0xb7, 0xfd, 0xf5, 0x4f, 0x8b, 0xff, 0xc1, 0x6e, 0x79, 0xe9, 0xb7, 0x36, 0xff, 0x83,
    0x05, 0xbc, 0xce, 0xad, 0x7f, 0xfd, 0xd3, 0xbf, 0xcd, 0xff, 0x60, 0x0f, 0x7e, 0xe9, 0xb7, 0x7e,
    0x70, 0xc2, 0x57, 0x0b, 0x5e, 0xda, 0xf0, 0x20, 0xfe, 0x1b, 0x09, 0x9e, 0x61, 0xf8, 0xeb, 0x80,
    0x8f, 0xbe, 0xf5, 0xaf, 0x7f, 0xfa, 0x56, 0xfe, 0x07, 0x7b, 0xf0, 0x4b, 0xbf, 0xf5, 0x6b, 0x27,
    0xfc, 0x16, 0x57, 0xfd, 0x8f, 0x71, 0xdb, 0x5f, 0xff, 0xb4, 0xb8, 0xea, 0xbf, 0x0b, 0xe2, 0xaa,
    0xff, 0x56, 0xb7, 0xbc, 0xf4, 0x5b, 0x9b, 0xab, 0xae, 0xfa, 0x0f, 0x72, 0xdb, 0x5f, 0xff, 0xb4,
    0xf8, 0x1f, 0xec, 0x96, 0x97, 0x7e, 0x6b, 0xf3, 0x3f, 0x58, 0xc0, 0xeb, 0xdc, 0xfa, 0xd7, 0x3f,
    0xfd, 0xdb, 0x5c, 0xf5, 0x7f, 0xce, 0x83, 0x5f, 0xfa, 0xad, 0x5f, 0x3b, 0xe1, 0xb7, 0xb8, 0xea,
    0x7f, 0x8c, 0xdb, 0xfe, 0xfa, 0xa7, 0xc5, 0x55, 0xff, 0x5d, 0x10, 0x57, 0xfd, 0xb7, 0xba, 0xe5,
    0xa5, 0xdf, 0xda, 0x5c, 0x75, 0xd5, 0x7f, 0x90, 0xdb, 0xfe, 0xfa, 0xa7, 0xc5, 0xff, 0x60, 0xb7,
    0xbc, 0xf4, 0x5b, 0x9b, 0xff, 0xc1, 0x02, 0xde, 0xe7, 0xd6, 0xbf, 0xfe, 0xe9, 0xef, 0xe6, 0xaa,
    0xff, 0x73, 0x1e, 0xfc, 0xd2, 0x6f, 0xfd, 0xde, 0x09, 0xdf, 0xc5, 0x55, 0xff, 0x63, 0xdc, 0xf6,
    0xd7, 0x3f, 0x2d, 0xae, 0xfa, 0xef, 0x82, 0xb8, 0xea, 0xbf, 0xd5, 0x2d, 0x2f, 0xfd, 0xd6, 0xe6,
    0xaa, 0xab, 0xfe, 0x83, 0xdc, 0xf6, 0xd7, 0x3f, 0x2d, 0xfe, 0x07, 0xbb, 0xe5, 0xa5, 0xdf, 0xda,
    0xfc, 0xcf, 0xf6, 0x39, 0xb7, 0xfd, 0xf5, 0x4f, 0x7f, 0x36, 0x57, 0xfd, 0x9f, 0x73, 0xcb, 0x4b,
    0xbf, 0xf5, 0x67, 0x03, 0x9f, 0xc5, 0x55, 0xff, 0x63, 0xdc, 0xf6, 0xd7, 0x3f, 0x2d, 0xae, 0xfa,
    0xef, 0x82, 0xb8, 0xea, 0xbf, 0xd5, 0x2d, 0x2f, 0xfd, 0xd6, 0xe6, 0xaa, 0xab, 0xfe, 0x83, 0xdc,
    0xf6, 0xd7, 0x3f, 0x2d, 0xfe, 0x07, 0xbb, 0xe5, 0xa5, 0xdf, 0xda, 0xfc, 0x0f, 0x26, 0xf8, 0x9d,
    0x67, 0xfc, 0xf5, 0x4f, 0xbf, 0x36, 0x57, 0xfd, 0x9f, 0xf3, 0xa0, 0x97, 0x7e, 0xeb, 0xdf, 0x36,
    0xbc, 0x16, 0x57, 0xfd, 0x8f, 0x71, 0xdb, 0x5f, 0xff, 0xb4, 0xb8, 0xea, 0xbf, 0x0b, 0xe2, 0xaa,
    0xff, 0x56, 0xb7, 0xbc, 0xf4, 0x5b, 0x9b, 0xab, 0xae, 0xfa, 0x0f, 0x72, 0xdb, 0x5f, 0xff, 0xb4,
    0xf8, 0x1f, 0xec, 0x96, 0x97, 0x7e, 0x6b, 0xf3, 0x3f, 0x98, 0xe0, 0xaf, 0x9f, 0xf1, 0xd7, 0x3f,
    0xfd, 0x32, 0x5c, 0xf5, 0x7f, 0xce, 0x83, 0x5e, 0xfa, 0xad, 0xff, 0xca, 0xf0, 0xd2, 0x5c, 0xf5,
    0x3f, 0xc6, 0x6d, 0x7f, 0xfd, 0xd3, 0xe2, 0xaa, 0xff, 0x2e, 0x88, 0xab, 0xfe, 0x5b, 0xdd, 0xf2,
    0xd2, 0x6f, 0x6d, 0xae, 0xba, 0xea, 0x3f, 0xc8, 0x6d, 0x7f, 0xfd, 0xd3, 0xe2, 0x7f, 0xb0, 0x5b,
    0x5e, 0xfa, 0xad, 0xcd, 0xff, 0x70, 0x01, 0x27, 0x6e, 0xfd, 0xeb, 0x9f, 0xde, 0xe5, 0xaa, 0xff,
    0x33, 0x1e, 0xfc, 0xd2, 0x6f, 0x7d, 0x3c, 0xe1, 0x22, 0x57, 0xfd, 0x8f, 0x72, 0xdb, 0x5f, 0xff,
    0xb4, 0xb8, 0xea, 0xbf, 0x0b, 0xe2, 0xaa, 0xff, 0x56, 0xb7, 0xbc, 0xf4, 0x5b, 0x9b, 0xab, 0xae,
    0xfa, 0x0f, 0x72, 0xdb, 0x5f, 0xff, 0xb4, 0xf8, 0x1f, 0xec, 0x96, 0x97, 0x7e, 0x6b, 0xf3, 0x3f,
    0x5c, 0xc0, 0xdb, 0xdc, 0xfa, 0xd7, 0x3f, 0xfd, 0xd3, 0x5c, 0xf5, 0x7f, 0xc6, 0x83, 0x5f, 0xfa,
    0xad, 0xdf, 0x3a, 0xe1, 0xa7, 0xb8, 0xea, 0x7f, 0x94, 0xdb, 0xfe, 0xfa, 0xa7, 0xc5, 0x55, 0xff,
    0x5d, 0x10, 0x57, 0xfd, 0xb7, 0xba, 0xe5, 0xa5, 0xdf, 0xda, 0x5c, 0x75, 0xd5, 0x7f, 0x90, 0xdb,
    0xfe, 0xfa, 0xa7, 0xc5, 0xff, 0x60, 0xb7, 0xbc, 0xf4, 0x5b, 0x9b, 0xff, 0xf9, 0xbe, 0xe6, 0xb6,
    0xbf, 0xfe, 0xe9, 0x8f, 0xe6, 0xaa, 0xff, 0x33, 0x6e, 0x79, 0xe9, 0xb7, 0xfe, 0x6a, 0xe0, 0xa3,
    0xb8, 0xea, 0x7f, 0x94, 0xdb, 0xfe, 0xfa, 0xa7, 0xc5, 0x55, 0xff, 0x5d, 0x10, 0x57, 0xfd, 0xb7,
    0xba, 0xe5, 0xa5, 0xdf, 0xda, 0x5c, 0x75, 0xd5, 0x7f, 0x90, 0xdb, 0xfe, 0xfa, 0xa7, 0xc5, 0xff,
    0x60, 0xb7, 0xbc, 0xf4, 0x5b, 0x9b, 0xff, 0xe1, 0x04, 0x7f, 0xfd, 0x8c, 0xbf, 0xfe, 0xe9, 0x97,
    0xe1, 0xaa, 0xff, 0x33, 0x1e, 0xf4, 0xd2, 0x6f, 0xfd, 0x57, 0x86, 0x97, 0xe6, 0xaa, 0xff, 0x51,
    0x6e, 0xfb, 0xeb, 0x9f, 0x16, 0x57, 0xfd, 0x77, 0x41, 0x5c, 0xf5, 0xdf, 0xea, 0x96, 0x97, 0x7e,
    0x6b, 0x73, 0xd5, 0x55, 0xff, 0x41, 0x6e, 0xfb, 0xeb, 0x9f, 0x16, 0xff, 0x83, 0xdd, 0xf2, 0xd2,
    0x6f, 0x6d, 0xfe, 0x17, 0x08, 0x78, 0xc8, 0xad, 0x7f, 0xfd, 0xd3, 0xb7, 0x72, 0xd5, 0xff, 0x7a,
    0x0f, 0x7e, 0xe9, 0xb7, 0x7e, 0x70, 0xc2, 0xd3, 0xb9, 0xea, 0x7f, 0x9c, 0xdb, 0xfe, 0xfa, 0xa7,
    0xc5, 0x55, 0xff, 0x5d, 0x10, 0x57, 0xfd, 0xb7, 0xba, 0xe5, 0xa5, 0xdf, 0xda, 0x5c, 0x75, 0xd5,
    0x7f, 0x90, 0xdb, 0xfe, 0xfa, 0xa7, 0xc5, 0xff, 0x60, 0xb7, 0xbc, 0xf4, 0x5b, 0x9b, 0xff, 0x1d,
    0x3e, 0xe7, 0xb6, 0xbf, 0xfe, 0xe9, 0xcf, 0xe6, 0xaa, 0xff, 0xf5, 0x6e, 0x79, 0xe9, 0xb7, 0xfe,
    0x6c, 0xe0, 0xb3, 0xb8, 0xea, 0x7f, 0x9c, 0xdb, 0xfe, 0xfa, 0xa7, 0xc5, 0x55, 0xff, 0x5d, 0x10,
    0x57, 0xfd, 0xb7, 0xba, 0xe5, 0xa5, 0xdf, 0xda, 0x5c, 0x75, 0xd5, 0x7f, 0x90, 0xdb, 0xfe, 0xfa,
    0xa7, 0xc5, 0xff, 0x60, 0xb7, 0xbc, 0xf4, 0x5b, 0x9b, 0xff, 0x05, 0x04, 0xb7, 0x3e, 0xe3, 0xaf,
    0x7f, 0xfa, 0x21, 0x5c, 0xf5, 0xbf, 0xde, 0x83, 0x5e, 0xfa, 0xad, 0x9f, 0x6e, 0x78, 0x30, 0x57,
    0xfd, 0x8f, 0x73, 0xdb, 0x5f, 0xff, 0xb4, 0xb8, 0xea, 0xbf, 0x0b, 0xe2, 0xaa, 0xff, 0x56, 0xb7,
    0xbc, 0xf4, 0x5b, 0x9b, 0xab, 0xae, 0xfa, 0x0f, 0x72, 0xdb, 0x5f, 0xff, 0xb4, 0xf8, 0x1f, 0xec,
    0x96, 0x97, 0x7e, 0x6b, 0xf3, 0xbf, 0x44, 0xc0, 0xcb, 0xdc, 0xfa, 0xd7, 0x3f, 0xfd, 0xd7, 0x5c,
    0xf5, 0xbf, 0xd6, 0x83, 0x5f, 0xfa, 0xad, 0x5f, 0x3a, 0xe1, 0xaf, 0xb8, 0xea, 0x7f, 0xa4, 0xdb,
    0xfe, 0xfa, 0xa7, 0xc5, 0x55, 0xff, 0x5d, 0x10, 0x57, 0xfd, 0xb7, 0xba, 0xe5, 0xa5, 0xdf, 0xda,
    0x5c, 0x75, 0xd5, 0x7f, 0x90, 0xdb, 0xfe, 0xfa, 0xa7, 0xc5, 0xff, 0x60, 0xb7, 0xbc, 0xf4, 0x5b,
    0x9b, 0xff, 0x3d, 0xbe, 0xe7, 0xb6, 0xbf, 0xfe, 0xe9, 0xf7, 0xe6, 0xaa, 0xff, 0xb5, 0x6e, 0x79,
    0xe9, 0xb7, 0xfe, 0x6e, 0xe0, 0xbd, 0xb8, 0xea, 0x7f, 0xa4, 0xdb, 0xfe, 0xfa, 0xa7, 0xc5, 0x55,
    0xff, 0x5d, 0x10, 0x57, 0xfd, 0xb7, 0xba, 0xe5, 0xa5, 0xdf, 0xda, 0x5c, 0x75, 0xd5, 0x7f, 0x90,
    0xdb, 0xfe, 0xfa, 0xa7, 0xc5, 0xff, 0x60, 0xb7, 0xbc, 0xf4, 0x5b, 0x9b, 0xff, 0x45, 0x02, 0x1e,
    0x72, 0xeb, 0x5f, 0xff, 0xf4, 0xad, 0x5c, 0xf5, 0xbf, 0xce, 0x83, 0x5f, 0xfa, 0xad, 0x1f, 0x9c,
    0xf0, 0x74, 0xae, 0xfa, 0x1f, 0xeb, 0xb6, 0xbf, 0xfe, 0x69, 0x71, 0xd5, 0x7f, 0x17, 0xc4, 0x55,
    0xff, 0xad, 0x6e, 0x79, 0xe9, 0xb7, 0x36, 0x57, 0x5d, 0xf5, 0x1f, 0xe4, 0xb6, 0xbf, 0xfe, 0x69,
    0xf1, 0x3f, 0xd8, 0x2d, 0x2f, 0xfd, 0xd6, 0xe6, 0x7f, 0x97, 0xef, 0xb9, 0xed, 0xaf, 0x7f, 0xfa,
    0xbd, 0xb9, 0xea, 0x7f, 0x9d, 0x5b, 0x5e, 0xfa, 0xad, 0xbf, 0x1b, 0x78, 0x2f, 0xae, 0xfa, 0x1f,
    0xeb, 0xb6, 0xbf, 0xfe, 0x69, 0x71, 0xd5, 0x7f, 0x17, 0xc4, 0x55, 0xff, 0xad, 0x6e, 0x79, 0xe9,
    0xb7, 0x36, 0x57, 0x5d, 0xf5, 0x1f, 0xe4, 0xb6, 0xbf, 0xfe, 0x69, 0xf1, 0x3f, 0xd8, 0x2d, 0x2f,
    0xfd, 0xd6, 0xe6, 0x7f, 0x99, 0x80, 0x87, 0xdc, 0xfa, 0xd7, 0x3f, 0x7d, 0x2b, 0x57, 0xfd, 0xaf,
    0xf1, 0xe0, 0x97, 0x7e, 0xeb, 0x07, 0x27, 0x3c, 0x9d, 0xab, 0xfe, 0x47, 0xbb, 0xed, 0xaf, 0x7f,
    0x5a, 0x5c, 0xf5, 0xdf, 0x05, 0x71, 0xd5, 0x7f, 0xab, 0x5b, 0x5e, 0xfa, 0xad, 0xcd, 0x55, 0x57,
    0xfd, 0x07, 0xb9, 0xed, 0xaf, 0x7f, 0x5a, 0xfc, 0x0f, 0x76, 0xcb, 0x4b, 0xbf, 0xb5, 0xf9, 0xdf,
    0xe7, 0x7b, 0x6e, 0xfb, 0xeb, 0x9f, 0x7e, 0x6f, 0xae, 0xfa, 0x5f, 0xe3, 0x96, 0x97, 0x7e, 0xeb,
    0xef, 0x06, 0xde, 0x8b, 0xab, 0xfe, 0x47, 0xbb, 0xed, 0xaf, 0x7f, 0x5a, 0x5c, 0xf5, 0xdf, 0x05,
    0x71, 0xd5, 0x7f, 0xab, 0x5b, 0x5e, 0xfa, 0xad, 0xcd, 0x55, 0x57, 0xfd, 0x07, 0xb9, 0xed, 0xaf,
    0x7f, 0x5a, 0xfc, 0x0f, 0x76, 0xcb, 0x4b, 0xbf, 0xb5, 0xf9, 0x5f, 0x28, 0xe0, 0x75, 0x6e, 0xfd,
    0xeb, 0x9f, 0xfe, 0x6d, 0xae, 0xfa, 0x1f, 0xef, 0xc1, 0x2f, 0xfd, 0xd6, 0xaf, 0x9d, 0xf0, 0x5b,
    0x5c, 0xf5, 0x3f, 0xde, 0x6d, 0x7f, 0xfd, 0xd3, 0xe2, 0xaa, 0xff, 0x2e, 0x88, 0xab, 0xfe, 0x5b,
    0xdd, 0xf2, 0xd2, 0x6f, 0x6d, 0xae, 0xba, 0xea, 0x3f, 0xc8, 0x6d, 0x7f, 0xfd, 0xd3, 0xe2, 0x7f,
    0xb0, 0x5b, 0x5e, 0xfa, 0xad, 0xcd, 0xff, 0x42, 0x82, 0xbf, 0x7e, 0xc6, 0x5f, 0xff, 0xf4, 0xcb,
    0x70, 0xd5, 0xff, 0x78, 0x0f, 0x7a, 0xe9, 0xb7, 0xfe, 0x2b, 0xc3, 0x4b, 0x73, 0xd5, 0xff, 0x78,
    0xb7, 0xfd, 0xf5, 0x4f, 0x8b, 0xab, 0xfe, 0xbb, 0x20, 0xae, 0xfa, 0x6f, 0x75, 0xcb, 0x4b, 0xbf,
    0xb5, 0xb9, 0xea, 0xaa, 0xff, 0x20, 0xb7, 0xfd, 0xf5, 0x4f, 0x8b, 0xff, 0xc1, 0x6e, 0x79, 0xe9,
    0xb7, 0x36, 0xff, 0x7b, 0x7d, 0xce, 0x6d, 0x7f, 0xfd, 0xd3, 0x9f, 0xcd, 0x55, 0xff, 0x63, 0xdd,
    0xf2, 0xd2, 0x6f, 0xfd, 0xd9, 0xc0, 0x67, 0x71, 0xd5, 0xff, 0x0a, 0xb7, 0xfd, 0xf5, 0x4f, 0x8b,
    0xab, 0xfe, 0xbb, 0x20, 0xae, 0xfa, 0x6f, 0x75, 0xcb, 0x4b, 0xbf, 0xb5, 0xb9, 0xea, 0xaa, 0xff,
    0x20, 0xb7, 0xfd, 0xf5, 0x4f, 0x8b, 0xff, 0xc1, 0x6e, 0x79, 0xe9, 0xb7, 0x36, 0xff, 0x8b, 0x05,
    0xbc, 0xcc, 0xad, 0x7f, 0xfd, 0xd3, 0x7f, 0xcd, 0x55, 0xff, 0xe3, 0x3c, 0xf8, 0xa5, 0xdf, 0xfa,
    0xa5, 0x13, 0xfe, 0x8a, 0xab, 0xfe, 0xd7, 0xb8, 0xed, 0xaf, 0x7f, 0x5a, 0x5c, 0xf5, 0xdf, 0x05,
    0x71, 0xd5, 0x7f, 0xab, 0x5b, 0x5e, 0xfa, 0xad, 0xcd, 0x55, 0x57, 0xfd, 0x07, 0x09, 0x78, 0x99,
    0x5b, 0xff, 0xfa, 0xa7, 0xff, 0x9a, 0xff, 0x81, 0x1e, 0xfc, 0xd2, 0x6f, 0xfd, 0xd2, 0x09, 0x7f,
    0xc5, 0xff, 0x62, 0x82, 0x5b, 0x05, 0x2f, 0x73, 0xeb, 0x5f, 0xff, 0xf4, 0x2e, 0x57, 0xfd, 0x8f,
    0xf1, 0xe0, 0x97, 0x7e, 0xeb, 0xe3, 0x86, 0xbf, 0x32, 0x3c, 0x98, 0xab, 0xfe, 0xd7, 0xb8, 0xed,
    0xaf, 0x7f, 0x5a, 0x5c, 0xf5, 0xdf, 0x05, 0x71, 0xd5, 0x7f, 0xab, 0x5b, 0x5e, 0xfa, 0xad, 0xcd,
    0x55, 0x57, 0xfd, 0x07, 0x09, 0x78, 0x9b, 0x5b, 0xff, 0xfa, 0xa7, 0x7f, 0x9a, 0xff, 0x81, 0x1e,
    0xfc, 0xd2, 0x6f, 0xfd, 0xd6, 0x09, 0x3f, 0xc5, 0xff, 0x72, 0x82, 0x9f, 0x7e, 0xc6, 0x5f, 0xff,
    0xf4, 0xdb, 0x70, 0xd5, 0xff, 0x18, 0x0f, 0x7a, 0xe9, 0xb7, 0xfe, 0x29, 0xc3, 0x5b, 0x73, 0xd5,
    0xff, 0x2a, 0xb7, 0xfd, 0xf5, 0x4f, 0x8b, 0xab, 0xfe, 0xbb, 0x20, 0xae, 0xfa, 0x6f, 0x75, 0xcb,
    0x4b, 0xbf, 0xb5, 0xb9, 0xea, 0xaa, 0xff, 0x38, 0x5f, 0x73, 0xdb, 0x5f, 0xff, 0xf4, 0x47, 0xf3,
    0x3f, 0xd0, 0x2d, 0x2f, 0xfd, 0xd6, 0x5f, 0x0d, 0x7c, 0x14, 0xff, 0x37, 0x7c, 0xcd, 0x6d, 0x7f,
    0xfd, 0xd3, 0x1f, 0xcd, 0x55, 0xff, 0xed, 0x6e, 0x79, 0xe9, 0xb7, 0xfe, 0x6a, 0xe0, 0xa3, 0xb8,
    0xea, 0x7f, 0x9d, 0xdb, 0xfe, 0xfa, 0xa7, 0xc5, 0x55, 0xff, 0x5d, 0x10, 0x57, 0xfd, 0xb7, 0xba,
    0xe5, 0xa5, 0xdf, 0xda, 0x5c, 0x75, 0xd5, 0x7f, 0x10, 0xc1, 0x5f, 0x3f, 0xe3, 0xaf, 0x7f, 0xfa,
    0x65, 0xf8, 0x1f, 0xe8, 0x41, 0x2f, 0xfd, 0xd6, 0x7f, 0x65, 0x78, 0x69, 0xfe, 0x8f, 0x08, 0x78,
    0x9f, 0x5b, 0xff, 0xfa, 0xa7, 0xbf, 0x9b, 0xab, 0xfe, 0xdb, 0x3c, 0xf8, 0xa5, 0xdf, 0xfa, 0xbd,
    0x13, 0xbe, 0x8b, 0xab, 0xfe, 0x57, 0xba, 0xed, 0xaf, 0x7f, 0x5a, 0x5c, 0xf5, 0xdf, 0x05, 0x71,
    0xd5, 0x7f, 0xab, 0x5b, 0x5e, 0xfa, 0xad, 0xcd, 0x55, 0x57, 0xfd, 0x07, 0x0a, 0x78, 0xc8, 0xad,
    0x7f, 0xfd, 0xd3, 0xb7, 0xf2, 0x3f, 0xc8, 0x83, 0x5f, 0xfa, 0xad, 0x1f, 0x9c, 0xf0, 0x74, 0xfe,
    0x8f, 0x09, 0x78, 0x9f, 0x5b, 0xff, 0xfa, 0xa7, 0xbf, 0x9b, 0xab, 0xfe, 0xcb, 0x3d, 0xf8, 0xa5,
    0xdf, 0xfa, 0xbd, 0x13, 0xbe, 0x8b, 0xab, 0xfe, 0xd7, 0xba, 0xed, 0xaf, 0x7f, 0x5a, 0x5c, 0xf5,
    0xdf, 0x05, 0x71, 0xd5, 0x7f, 0xab, 0x5b, 0x5e, 0xfa, 0xad, 0xcd, 0x55, 0x57, 0xfd, 0xc7, 0xfa,
    0x9c, 0xdb, 0xfe, 0xfa, 0xa7, 0x3f, 0x9b, 0xff, 0x41, 0x6e, 0x79, 0xe9, 0xb7, 0xfe, 0x6c, 0xe0,
    0xb3, 0xf8, 0x3f, 0x28, 0xe0, 0x7d, 0x6e, 0xfd, 0xeb, 0x9f, 0xfe, 0x6e, 0xae, 0xfa, 0x2f, 0xf3,
    0xe0, 0x97, 0x7e, 0xeb, 0xf7, 0x4e, 0xf8, 0x2e, 0xae, 0xfa, 0x5f, 0xed, 0xb6, 0xbf, 0xfe, 0x69,
    0x71, 0xd5, 0x7f, 0x17, 0xc4, 0x55, 0xff, 0xad, 0x6e, 0x79, 0xe9, 0xb7, 0x36, 0x57, 0x5d, 0xf5,
    0x1f, 0x48, 0x70, 0xeb, 0x33, 0xfe, 0xfa, 0xa7, 0x1f, 0xc2, 0xff, 0x20, 0x0f, 0x7a, 0xe9, 0xb7,
    0xbe, 0x68, 0x38, 0xce, 0xff, 0x51, 0x01, 0xef, 0x73, 0xeb, 0x5f, 0xff, 0xf4, 0x77, 0x73, 0xd5,
    0x7f, 0xba, 0x07, 0xbf, 0xf4, 0x5b, 0xbf, 0x77, 0xc2, 0x77, 0x71, 0xd5, 0xff, 0x7a, 0xb7, 0xfd,
    0xf5, 0x4f, 0x8b, 0xab, 0xfe, 0xbb, 0x20, 0xae, 0xfa, 0x6f, 0x75, 0xcb, 0x4b, 0xbf, 0xb5, 0xb9,
    0xea, 0xaa, 0xff, 0x60, 0x01, 0x1f, 0x73, 0xeb, 0x5f, 0xff, 0xf4, 0x57, 0xf3, 0x3f, 0xc0, 0x83,
    0x5f, 0xfa, 0xad, 0x3f, 0x3a, 0xe1, 0xab, 0xf8, 0xbf, 0xef, 0xab, 0x6f, 0xfb, 0xeb, 0x9f, 0xfe,
    0x18, 0xae, 0xfa, 0x4f, 0x73, 0xcb, 0x4b, 0xbf, 0xf5, 0x57, 0x01, 0x1f, 0xcd, 0x55, 0xff, 0x27,
    0xdc, 0xf6, 0xd7, 0x3f, 0x2d, 0xae, 0xfa, 0xef, 0x82, 0xb8, 0xea, 0xbf, 0xd5, 0x2d, 0x2f, 0xfd,
    0xd6, 0xe6, 0xaa, 0xab, 0xfe, 0x83, 0x09, 0x76, 0x05, 0x0f, 0xb9, 0xf5, 0xaf, 0x7f, 0x7a, 0x97,
    0xff, 0x46, 0x0f, 0x7e, 0xe9, 0xb7, 0x3e, 0x6e, 0x78, 0xba, 0xe1, 0x38, 0xff, 0x0f, 0x08, 0x7e,
    0x5a, 0xf0, 0x3e, 0xb7, 0xfe, 0xf5, 0x4f, 0xef, 0x72, 0xd5, 0x7f, 0x98, 0x07, 0xbf, 0xf4, 0x5b,
    0x1f, 0x37, 0x7c, 0x97, 0xe1, 0xad, 0xb9, 0xea, 0xff, 0x8c, 0xdb, 0xfe, 0xfa, 0xa7, 0xc5, 0x55,
    0xff, 0x5d, 0x10, 0x57, 0xfd, 0xb7, 0xba, 0xe5, 0xa5, 0xdf, 0xda, 0x5c, 0x75, 0xd5, 0x7f, 0x02,
    0xc1, 0x4f, 0x3f, 0xe3, 0xaf, 0x7f, 0xfa, 0x6d, 0xf8, 0x6f, 0xf4, 0xa0, 0x97, 0x7e, 0xeb, 0x9f,
    0x32, 0xbc, 0x35, 0xff, 0x8f, 0x08, 0x6e, 0x15, 0xbc, 0xcd, 0xad, 0x7f, 0xfd, 0xd3, 0x7f, 0xcd,
    0x55, 0xff, 0x6e, 0x0f, 0x7e, 0xe9, 0xb7, 0x7e, 0x69, 0xc3, 0x4f, 0x19, 0x1e, 0xcc, 0x55, 0xff,
    0xa7, 0xdc, 0xf6, 0xd7, 0x3f, 0x2d, 0xae, 0xfa, 0xef, 0x82, 0xb8, 0xea, 0xbf, 0xd5, 0x2d, 0x2f,
    0xfd, 0xd6, 0xe6, 0xaa, 0xab, 0xfe, 0x93, 0x04, 0x7c, 0xcc, 0xad, 0x7f, 0xfd, 0xd3, 0x5f, 0xcd,
    0x7f, 0x83, 0x07, 0xbf, 0xf4, 0x5b, 0x7f, 0x74, 0xc2, 0x57, 0xf1, 0xff, 0xd7, 0x67, 0xdf, 0xf6,
    0xd7, 0x3f, 0xfd, 0x39, 0x5c, 0xf5, 0x6f, 0x76, 0xcb, 0x4b, 0xbf, 0xf5, 0x67, 0x01, 0x9f, 0xcd,
    0x55, 0xff, 0x27, 0xdd, 0xf6, 0xd7, 0x3f, 0x2d, 0xae, 0xfa, 0xef, 0x82, 0xb8, 0xea, 0xbf, 0xd5,
    0x2d, 0x2f, 0xfd, 0xd6, 0xe6, 0xaa, 0xab, 0xfe, 0x13, 0x05, 0xbc, 0xcf, 0xad, 0x7f, 0xfd, 0xd3,
    0xdf, 0xcd, 0x7f, 0xa1, 0x07, 0xbf, 0xf4, 0x5b, 0xbf, 0x77, 0xc2, 0x77, 0xf1, 0xff, 0x9c, 0xe0,
    0xaf, 0x05, 0x1f, 0x73, 0xeb, 0x5f, 0xff, 0xf4, 0x6f, 0x73, 0xd5, 0x8b, 0xec, 0xc1, 0x2f, 0xfd,
    0xd6, 0xaf, 0x6d, 0xf8, 0x2a, 0xc3, 0x4b, 0x73, 0xd5, 0xff, 0x59, 0xb7, 0xfd, 0xf5, 0x4f, 0x8b,
    0xab, 0xfe, 0xbb, 0x20, 0xae, 0xfa, 0x6f, 0x75, 0xcb, 0x4b, 0xbf, 0xb5, 0xb9, 0xea, 0xaa, 0xff,
    0x44, 0x82, 0x5d, 0xc1, 0xc7, 0xdc, 0xfa, 0xd7, 0x3f, 0xfd, 0xdd, 0xfc, 0x17, 0x78, 0xf0, 0x4b,
    0xbf, 0xf5, 0x7b, 0x27, 0x7c, 0x17, 0x57, 0x3d, 0xd0, 0x77, 0x07, 0x7c, 0xce, 0xad, 0x7f, 0xfd,
    0xd3, 0xb7, 0x72, 0xd5, 0x0b, 0xf4, 0xe0, 0x97, 0x7e, 0xeb, 0x07, 0x27, 0x7c, 0x16, 0xf0, 0xde,
    0x5c, 0xf5, 0x7f, 0xde, 0x6d, 0x7f, 0xfd, 0xd3, 0xe2, 0xaa, 0xff, 0x2e, 0x88, 0xab, 0xfe, 0x5b,
    0xdd, 0xf2, 0xd2, 0x6f, 0x6d, 0xae, 0xba, 0xea, 0xbf, 0x40, 0xc0, 0x47, 0xdf, 0xfa, 0xd7, 0x3f,
    0xfd, 0x35, 0xfc, 0x27, 0x7a, 0xf0, 0x4b, 0xbf, 0xf5, 0x47, 0x25, 0x7c, 0x35, 0x57, 0xbd, 0x20,
    0xdf, 0x1d, 0xf0, 0x39, 0xb7, 0xfe, 0xf5, 0x4f, 0xdf, 0xca, 0x55, 0xcf, 0xf2, 0xe0, 0x97, 0x7e,
    0xeb, 0x07, 0x27, 0x7c, 0x16, 0xf0, 0xde, 0x5c, 0xf5, 0xff, 0xc6, 0x6d, 0x7f, 0xfd, 0xd3, 0xe2,
    0xaa, 0xff, 0x2e, 0x88, 0xab, 0xfe, 0x5b, 0xdd, 0xf2, 0xd2, 0x6f, 0x6d, 0xae, 0xba, 0xea, 0xbf,
    0x88, 0xe0, 0xa7, 0x05, 0xef, 0x73, 0xeb, 0x5f, 0xff, 0xf4, 0x2e, 0xff, 0x81, 0x1e, 0xfc, 0xd2,
    0x6f, 0x7d, 0xdc, 0xf0, 0x5d, 0x86, 0xb7, 0xe6, 0xaa, 0x17, 0xc5, 0x77, 0x07, 0x7c, 0xcd, 0xad,
    0x7f, 0xfd, 0xd3, 0x7f, 0xcd, 0xff, 0x63, 0x0f, 0x7e, 0xe9, 0xb7, 0x7e, 0xe9, 0x84, 0x8f, 0x02,
    0xde, 0x9b, 0xab, 0xfe, 0xdf, 0xb9, 0xed, 0xaf, 0x7f, 0x5a, 0x5c, 0xf5, 0xdf, 0x05, 0x71, 0xd5,
    0x7f, 0xab, 0x5b, 0x5e, 0xfa, 0xad, 0xcd, 0x55, 0x57, 0xfd, 0x17, 0x12, 0xec, 0x0a, 0x3e, 0xfb,
    0xd6, 0xbf, 0xfe, 0xe9, 0xaf, 0xe1, 0x3f, 0xc0, 0x83, 0x5f, 0xfa, 0xad, 0x3f, 0xca, 0xf0, 0xd9,
    0x86, 0xe3, 0x5c, 0xf5, 0xaf, 0x22, 0xb8, 0xd5, 0xf0, 0xdd, 0x01, 0xdf, 0x73, 0xeb, 0x5f, 0xff,
    0xf4, 0xad, 0xfc, 0x3f, 0xf0, 0xe0, 0x97, 0x7e, 0xeb, 0x07, 0x27, 0xbc, 0x97, 0xe0, 0xbd, 0x0d,
    0x0f, 0xe6, 0xaa, 0xff, 0xb7, 0x6e, 0xfb, 0xeb, 0x9f, 0x16, 0x57, 0xfd, 0x77, 0x41, 0x5c, 0xf5,
    0xdf, 0xea, 0x96, 0x97, 0x7e, 0x6b, 0x73, 0xd5, 0x55, 0xff, 0x0d, 0x04, 0xb7, 0x1a, 0xbe, 0x3b,
    0xe0, 0x7b, 0x6e, 0xfd, 0xeb, 0x9f, 0xbe, 0x95, 0x7f, 0x85, 0x07, 0xbf, 0xf4, 0x5b, 0x3f, 0x38,
    0xe1, 0xbd, 0x04, 0xef, 0x6d, 0x78, 0x30, 0x57, 0xfd, 0xbb, 0x09, 0xfe, 0xda, 0xf0, 0xdb, 0x81,
    0x7e, 0x1b, 0xfc, 0x3b, 0xb7, 0xfe, 0xf5, 0x4f, 0xef, 0xf2, 0x7f, 0xc0, 0x83, 0x5f, 0xfa, 0xad,
    0x8f, 0x83, 0x5e, 0x2b, 0xf1, 0x6b, 0x0b, 0x5e, 0xdb, 0xf0, 0xd2, 0x5c, 0x75, 0x15, 0x70, 0xdb,
    0x5f, 0xff, 0xb4, 0xb8, 0xea, 0xbf, 0x0b, 0xe2, 0xaa, 0xff, 0x56, 0xb7, 0xbc, 0xf4, 0x5b, 0x9b,
    0xab, 0xae, 0xfa, 0x6f, 0x26, 0xf8, 0x6b, 0xc3, 0x6f, 0x07, 0xfa, 0x6d, 0xf0, 0x33, 0x6e, 0xfd,
    0xeb, 0x9f, 0xfe, 0x6b, 0x1e, 0xe0, 0xc1, 0x2f, 0xfd, 0xd6, 0x2f, 0x0d, 0x7a, 0x50, 0xe2, 0xd7,
    0x16, 0xbc, 0xb6, 0xe1, 0xa5, 0xb9, 0xea, 0x3f, 0x95, 0xe0, 0xaf, 0x81, 0x5d, 0xc3, 0x6f, 0x07,
    0xba, 0x15, 0x71, 0x2b, 0x00, 0xf6, 0x33, 0x6e, 0xfd, 0xeb, 0x9f, 0xbe, 0x95, 0xff, 0x41, 0x1e,
    0xfc, 0xd2, 0x6f, 0xfd, 0x60, 0xa4, 0x07, 0x01, 0x60, 0x1e, 0x9c, 0xf8, 0xc1, 0x82, 0xd7, 0x06,
    0x8e, 0x1b, 0x5e, 0x9a, 0xab, 0xae, 0x7a, 0x3e, 0x6e, 0xfb, 0xeb, 0x9f, 0x16, 0x57, 0xfd, 0x77,
    0x41, 0x5c, 0xf5, 0xdf, 0xea, 0x96, 0x97, 0x7e, 0x6b, 0x73, 0xd5, 0x55, 0x57, 0x5d, 0x75, 0xd5,
    0x55, 0xff, 0xcf, 0xdc, 0xf6, 0xd7, 0x3f, 0x2d, 0xae, 0xfa, 0xef, 0x82, 0xb8, 0xea, 0xbf, 0xd5,
    0x2d, 0x2f, 0xfd, 0xd6, 0xe6, 0xaa, 0xab, 0xae, 0xba, 0xea, 0xaa, 0xab, 0xfe, 0x9f, 0xb9, 0xed,
    0xaf, 0x7f, 0x5a, 0x5c, 0xf5, 0xdf, 0x05, 0x71, 0xd5, 0x7f, 0xab, 0x5b, 0x5e, 0xfa, 0xad, 0xcd,
    0x55, 0x57, 0x5d, 0x75, 0xd5, 0x55, 0x57, 0xfd, 0x3f, 0x73, 0xdb, 0x5f, 0xff, 0xb4, 0xb8, 0xea,
    0xbf, 0x0b, 0xe2, 0xaa, 0xff, 0x56, 0xb7, 0xbc, 0xf4, 0x5b, 0x9b, 0xab, 0xae, 0xba, 0xea, 0xaa,
    0xab, 0xae, 0xfa, 0x7f, 0xe6, 0xb6, 0xbf, 0xfe, 0x69, 0x71, 0xd5, 0x7f, 0x17, 0xc4, 0x55, 0xff,
    0xad, 0x6e, 0x79, 0xe9, 0xb7, 0x36, 0x57, 0x5d, 0x75, 0xd5, 0x55, 0x57, 0x5d, 0xf5, 0xff, 0xcc,
    0x6d, 0x7f, 0xfd, 0xd3, 0xe2, 0xaa, 0xff, 0x2e, 0x88, 0xab, 0xfe, 0x5b, 0xdd, 0xf2, 0xd2, 0x6f,
    0x6d, 0xae, 0xba, 0xea, 0xaa, 0xab, 0xae, 0xba, 0xea, 0xff, 0x99, 0xdb, 0xfe, 0xfa, 0xa7, 0xc5,
    0x55, 0xff, 0x5d, 0x10, 0x57, 0xfd, 0xb7, 0x7a, 0xd0, 0x4b, 0xbf, 0xf5, 0xad, 0x86, 0x07, 0x71,
    0xd5, 0x55, 0x57, 0x5d, 0x75, 0xd5, 0x55, 0xff, 0x4f, 0x08, 0x9e, 0xf1, 0x8c, 0xbf, 0xfe, 0xe9,
    0x07, 0x73, 0xd5, 0x7f, 0x17, 0xc4, 0x55, 0xff, 0xad, 0x1e, 0xf4, 0xd2, 0x6f, 0xfd, 0xdb, 0x86,
    0xd7, 0xe2, 0xaa, 0xab, 0xae, 0xba, 0xea, 0xaa, 0xab, 0xfe, 0x9f, 0x10, 0xfc, 0xce, 0x33, 0xfe,
    0xfa, 0xa7, 0x5f, 0x9b, 0xab, 0xfe, 0xbb, 0x20, 0xae, 0xfa, 0x6f, 0xf5, 0xa0, 0x97, 0x7e, 0xeb,
    0xdf, 0x36, 0xbc, 0x16, 0x57, 0x5d, 0x75, 0xd5, 0x55, 0x57, 0x5d, 0xf5, 0xff, 0x84, 0xe0, 0x77,
    0x9e, 0xf1, 0xd7, 0x3f, 0xfd, 0xda, 0x5c, 0xf5, 0xdf, 0x05, 0x71, 0xd5, 0x7f, 0xab, 0x07, 0xbd,
    0xf4, 0x5b, 0xff, 0xb6, 0xe1, 0xb5, 0xb8, 0xea, 0xaa, 0xab, 0xae, 0xba, 0xea, 0xaa, 0xff, 0x27,
    0x04, 0xbf, 0xf3, 0x8c, 0xbf, 0xfe, 0xe9, 0xd7, 0xe6, 0xaa, 0xff, 0x2e, 0x88, 0xab, 0xfe, 0x5b,
    0xdd, 0xf2, 0xd2, 0x6f, 0xfd, 0xd3, 0xc0, 0x5b, 0x71, 0xd5, 0x55, 0x57, 0x5d, 0x75, 0xd5, 0x55,
    0xff, 0x7f, 0xfc, 0xcc, 0x6d, 0x7f, 0xfd, 0xd3, 0x6f, 0xcd, 0x55, 0xff, 0x5d, 0x10, 0x57, 0xfd,
    0xb7, 0xba, 0xe5, 0xa5, 0xdf, 0xfa, 0xb3, 0x81, 0xcf, 0xe2, 0xaa, 0xab, 0xae, 0xba, 0xea, 0xaa,
    0xab, 0xfe, 0xff, 0xf8, 0x9c, 0xdb, 0xfe, 0xfa, 0xa7, 0x3f, 0x9b, 0xab, 0xfe, 0xbb, 0x20, 0xae,
    0xfa, 0x6f, 0xf5, 0xe0, 0x97, 0x7e, 0xeb, 0xf7, 0x4e, 0xf8, 0x2e, 0xae, 0xba, 0xea, 0xaa, 0xab,
    0xae, 0xba, 0xea, 0xff, 0x89, 0x80, 0xf7, 0xb9, 0xf5, 0xaf, 0x7f, 0xfa, 0xbb, 0xb9, 0xea, 0xbf,
    0x0b, 0xe2, 0xaa, 0xff, 0x56, 0x0f, 0x7e, 0xe9, 0xb7, 0x7e, 0xed, 0x84, 0xdf, 0xe2, 0xaa, 0xab,
    0xae, 0xba, 0xea, 0xaa, 0xab, 0xfe, 0x9f, 0x08, 0x78, 0x9d, 0x5b, 0xff, 0xfa, 0xa7, 0x7f, 0x9b,
    0xab, 0xfe, 0xbb, 0x20, 0xae, 0xfa, 0x6f, 0x77, 0xcb, 0x4b, 0xbf, 0xb5, 0xb9, 0xea, 0xaa, 0xab,
    0xae, 0xba, 0xea, 0xaa, 0xff, 0x27, 0x6e, 0xfb, 0xeb, 0x9f, 0x16, 0x57, 0xfd, 0x77, 0x42, 0x5c,
    0xf5, 0xdf, 0xee, 0x41, 0x2f, 0xfd, 0xd6, 0xbb, 0x86, 0x63, 0x5c, 0x75, 0xd5, 0x55, 0x57, 0x5d,
    0x75, 0xd5, 0xff, 0x71, 0x82, 0x4b, 0xcf, 0xf8, 0xeb, 0x9f, 0x3e, 0xce, 0x55, 0xff, 0x9d, 0x10,
    0x57, 0xfd, 0xb7, 0x7b, 0xd0, 0x4b, 0xbf, 0xf5, 0x6f, 0x1b, 0x5e, 0x8b, 0xab, 0xae, 0xba, 0xea,
    0xaa, 0xab, 0xae, 0xfa, 0x3f, 0x4e, 0xf0, 0x3b, 0xcf, 0xf8, 0xeb, 0x9f, 0x7e, 0x6d, 0xae, 0xfa,
    0xef, 0x84, 0xb8, 0xea, 0xbf, 0xdd, 0x2d, 0x2f, 0xfd, 0xd6, 0x5f, 0x0d, 0x7c, 0x14, 0x57, 0x5d,
    0x75, 0xd5, 0x55, 0x57, 0x5d, 0xf5, 0x7f, 0xdf, 0xd7, 0xdc, 0xf6, 0xd7, 0x3f, 0xfd, 0xd1, 0x5c,
    0xf5, 0xdf, 0x09, 0x71, 0xd5, 0x7f, 0xbb, 0x07, 0xbf, 0xf4, 0x5b, 0xbf, 0x75, 0xc2, 0x4f, 0x71,
    0xd5, 0x55, 0x57, 0x5d, 0x75, 0xd5, 0x55, 0xff, 0xc7, 0x05, 0xbc, 0xcd, 0xad, 0x7f, 0xfd, 0xd3,
    0x3f, 0xcd, 0x55, 0xff, 0x9d, 0x10, 0x57, 0xfd, 0xb7, 0x7b, 0xf0, 0x4b, 0xbf, 0xf5, 0xf1, 0x84,
    0x8b, 0x5c, 0x75, 0xd5, 0x55, 0x57, 0x5d, 0x75, 0xd5, 0xff, 0x71, 0xb7, 0xfd, 0xf5, 0x4f, 0x8b,
    0xab, 0xfe, 0xbb, 0x21, 0xae, 0xfa, 0x1f, 0xe1, 0x41, 0x2f, 0xfd, 0xd6, 0xbf, 0x6d, 0x78, 0x2d,
    0xae, 0xba, 0xea, 0xaa, 0xab, 0xae, 0xba, 0xea, 0xff, 0x28, 0xc1, 0xef, 0x3c, 0xe3, 0xaf, 0x7f,
    0xfa, 0xb5, 0xb9, 0xea, 0xbf, 0x1b, 0xe2, 0xaa, 0xff, 0x11, 0x6e, 0x79, 0xe9, 0xb7, 0xfe, 0x6c,
    0xe0, 0xb3, 0xb8, 0xea, 0xaa, 0xab, 0xae, 0xba, 0xea, 0xaa, 0xff, 0xbb, 0x3e, 0xe7, 0xb6, 0xbf,
    0xfe, 0xe9, 0xcf, 0xe6, 0xaa, 0xff, 0x6e, 0x88, 0xab, 0xfe, 0x47, 0x78, 0xf0, 0x4b, 0xbf, 0xf5,
    0x6b, 0x27, 0xfc, 0x16, 0x57, 0x5d, 0x75, 0xd5, 0x55, 0x57, 0x5d, 0xf5, 0x7f, 0x54, 0xc0, 0xeb,
    0xdc, 0xfa, 0xd7, 0x3f, 0xfd, 0xdb, 0x5c, 0xf5, 0xdf, 0x0d, 0x71, 0xd5, 0xff, 0x18, 0x0f, 0x7a,
    0xe9, 0xb7, 0xde, 0x35, 0x1c, 0xe3, 0xaa, 0xab, 0xae, 0xba, 0xea, 0xaa, 0xab, 0xfe, 0x8f, 0x11,
    0x5c, 0x7a, 0xc6, 0x5f, 0xff, 0xf4, 0x71, 0xae, 0xfa, 0x9f, 0x00, 0x71, 0xd5, 0xff, 0x18, 0xb7,
    0xbc, 0xf4, 0x5b, 0x7f, 0x35, 0xf0, 0x51, 0x5c, 0x75, 0xd5, 0x55, 0x57, 0x5d, 0x75, 0xd5, 0xff,
    0x3d, 0x5f, 0x73, 0xdb, 0x5f, 0xff, 0xf4, 0x47, 0x73, 0xd5, 0xff, 0x04, 0x88, 0xab, 0xfe, 0xc7,
    0x78, 0xf0, 0x4b, 0xbf, 0xf5, 0x4b, 0x27, 0xfc, 0x15, 0x57, 0x5d, 0x75, 0xd5, 0x55, 0x57, 0x5d,
    0xf5, 0x7f, 0x4c, 0xc0, 0xcb, 0xdc, 0xfa, 0xd7, 0x3f, 0xfd, 0xd7, 0x5c, 0xf5, 0x3f, 0x01, 0xe2,
    0xaa, 0xff, 0x51, 0x1e, 0xf4, 0xd2, 0x6f, 0x7d, 0xab, 0xe1, 0x41, 0x5c, 0x75, 0xd5, 0x55, 0x57,
    0x5d, 0x75, 0xd5, 0xff, 0x11, 0x82, 0x67, 0x3c, 0xe3, 0xaf, 0x7f, 0xfa, 0xc1, 0x5c, 0xf5, 0x3f,
    0x05, 0xe2, 0xaa, 0xff, 0x51, 0x1e, 0xfc, 0xd2, 0x6f, 0xfd, 0xd1, 0x09, 0x5f, 0xc5, 0x55, 0x57,
    0x5d, 0x75, 0xd5, 0x55, 0x57, 0xfd, 0x1f, 0x11, 0xf0, 0x31, 0xb7, 0xfe, 0xf5, 0x4f, 0x7f, 0x35,
    0x57, 0xfd, 0x4f, 0x81, 0xb8, 0xea, 0x7f, 0x94, 0x07, 0xbf, 0xf4, 0x5b, 0x3f, 0x38, 0xe1, 0xe9,
    0x5c, 0x75, 0xd5, 0x55, 0x57, 0x5d, 0x75, 0xd5, 0xff, 0x11, 0x01, 0x0f, 0xb9, 0xf5, 0xaf, 0x7f,
    0xfa, 0x56, 0xae, 0xfa, 0x9f, 0x02, 0x71, 0xd5, 0xff, 0x38, 0xb7, 0xbc, 0xf4, 0x5b, 0x7f, 0x37,
    0xf0, 0x5e, 0x5c, 0x75, 0xd5, 0x55, 0x57, 0x5d, 0x75, 0xd5, 0xff, 0x7e, 0xdf, 0x73, 0xdb, 0x5f,
    0xff, 0xf4, 0x7b, 0x73, 0xd5, 0xff, 0x24, 0x88, 0xab, 0xfe, 0xc7, 0x79, 0xf0, 0x4b, 0xbf, 0xf5,
    0x4b, 0x27, 0xfc, 0x15, 0x57, 0x5d, 0x75, 0xd5, 0x55, 0x57, 0x5d, 0xf5, 0xbf, 0x5c, 0xc0, 0x43,
    0x6e, 0xfd, 0xeb, 0x9f, 0xbe, 0x95, 0xab, 0xfe, 0x27, 0x41, 0x5c, 0xf5, 0x3f, 0xd2, 0x83, 0x5e,
    0xfa, 0xad, 0x7f, 0xdb, 0xf0, 0x5a, 0x5c, 0x75, 0xd5, 0x55, 0x57, 0x5d, 0x75, 0xd5, 0xff, 0x52,
    0x82, 0xdf, 0x79, 0xc6, 0x5f, 0xff, 0xf4, 0x6b, 0x73, 0xd5, 0xff, 0x34, 0x88, 0xab, 0xfe, 0x47,
    0x7a, 0xf0, 0x4b, 0xbf, 0xf5, 0x6b, 0x27, 0xfc, 0x16, 0x57, 0x5d, 0x75, 0xd5, 0x55, 0x57, 0x5d,
    0xf5, 0xbf, 0x54, 0xc0, 0xeb, 0xdc, 0xfa, 0xd7, 0x3f, 0xfd, 0xdb, 0x5c, 0xf5, 0x3f, 0x0d, 0xe2,
    0xaa, 0xff, 0xb1, 0x1e, 0xf4, 0xd2, 0x6f, 0xfd, 0xdb, 0x86, 0xd7, 0xe2, 0xaa, 0xab, 0xae, 0xba,
    0xea, 0xaa, 0xab, 0xfe, 0x97, 0x11, 0xfc, 0xce, 0x33, 0xfe, 0xfa, 0xa7, 0x5f, 0x9b, 0xab, 0xfe,
    0x27, 0x42, 0x5c, 0xf5, 0x3f, 0xd6, 0x83, 0x5f, 0xfa, 0xad, 0x5f, 0x3b, 0xe1, 0xb7, 0xb8, 0xea,
    0xaa, 0xab, 0xae, 0xba, 0xea, 0xaa, 0xff, 0x65, 0x02, 0x5e, 0xe7, 0xd6, 0xbf, 0xfe, 0xe9, 0xdf,
    0xe6, 0xaa, 0xff, 0x89, 0x10, 0x57, 0xfd, 0x8f, 0x76, 0xcb, 0x4b, 0xbf, 0xf5, 0x4f, 0x03, 0x6f,
    0xc5, 0x55, 0x57, 0x5d, 0x75, 0xd5, 0x55, 0x57, 0xfd, 0xef, 0xf1, 0x3d, 0xb7, 0xfd, 0xf5, 0x4f,
    0xbf, 0x37, 0x57, 0xfd, 0x4f, 0x85, 0xb8, 0xea, 0x7f, 0xb4, 0x07, 0xbf, 0xf4, 0x5b, 0x1f, 0x37,
    0xdc, 0x6a, 0x38, 0xc6, 0x55, 0x57, 0x5d, 0x75, 0xd5, 0x55, 0x57, 0xfd, 0x0f, 0x27, 0xb8, 0x24,
    0x78, 0xf0, 0xad, 0x7f, 0xfd, 0xd3, 0xbb, 0x5c, 0xf5, 0x3f, 0x15, 0xe2, 0xaa, 0xff, 0xf1, 0x1e,
    0xfc, 0xd2, 0x6f, 0xfd, 0xd1, 0x09, 0x5f, 0xc5, 0x55, 0x57, 0x5d, 0x75, 0xd5, 0x55, 0x57, 0xfd,
    0x0f, 0x17, 0xf0, 0x31, 0xb7, 0xfe, 0xf5, 0x4f, 0x7f, 0x35, 0x57, 0xfd, 0x4f, 0x86, 0xb8, 0xea,
    0x7f, 0x85, 0x07, 0xbd, 0xf4, 0x5b, 0xff, 0xb5, 0xe1, 0xa5, 0xb8, 0xea, 0xaa, 0xab, 0xae, 0xba,
    0xea, 0xaa, 0xff, 0xa1, 0x04, 0x7f, 0xf3, 0x8c, 0xbf, 0xfe, 0xe9, 0x97, 0xe6, 0xaa, 0xff, 0xe9,
    0x10, 0x57, 0xfd, 0xaf, 0xf0, 0xe0, 0x97, 0x7e, 0xeb, 0xd7, 0x4e, 0xf8, 0x2d, 0xae, 0xba, 0xea,
    0xaa, 0xab, 0xae, 0xba, 0xea, 0x7f, 0xa8, 0x80, 0xd7, 0xb9, 0xf5, 0xaf, 0x7f, 0xfa, 0xb7, 0xb9,
    0xea, 0x7f, 0x3a, 0xc4, 0x55, 0xff, 0x6b, 0xdc, 0xf2, 0xd2, 0x6f, 0xfd, 0xd9, 0xc0, 0x67, 0x71,
    0xd5, 0x55, 0x57, 0x5d, 0x75, 0xd5, 0x55, 0xff, 0xf3, 0x7c, 0xce, 0x6d, 0x7f, 0xfd, 0xd3, 0x9f,
    0xcd, 0x55, 0xff, 0x1b, 0x20, 0xae, 0xfa, 0x5f, 0xe5, 0x41, 0x2f, 0xfd, 0xd6, 0xbf, 0x6d, 0x78,
    0x2d, 0xae, 0xba, 0xea, 0xaa, 0xab, 0xae, 0xba, 0xea, 0x7f, 0x08, 0xc1, 0xef, 0x3c, 0xe3, 0xaf,
    0x7f, 0xfa, 0xb5, 0xb9, 0xea, 0x7f, 0x0b, 0xc4, 0x55, 0xff, 0xab, 0x3c, 0xf8, 0xa5, 0xdf, 0xfa,
    0xb8, 0xe1, 0x56, 0xc3, 0x31, 0xae, 0xba, 0xea, 0xaa, 0xab, 0xae, 0xba, 0xea, 0xbf, 0x99, 0xe0,
    0x92, 0xe0, 0xc1, 0xb7, 0xfe, 0xf5, 0x4f, 0xef, 0x72, 0xd5, 0xff, 0x16, 0x88, 0xab, 0xfe, 0xd7,
    0x79, 0xf0, 0x4b, 0xbf, 0xf5, 0x6b, 0x27, 0xfc, 0x16, 0x57, 0x5d, 0x75, 0xd5, 0x55, 0x57, 0x5d,
    0xf5, 0xdf, 0x2c, 0xe0, 0x75, 0x6e, 0xfd, 0xeb, 0x9f, 0xfe, 0x6d, 0xae, 0xfa, 0xdf, 0x04, 0x71,
    0xd5, 0xff, 0x4a, 0xb7, 0xbc, 0xf4, 0x5b, 0x7f, 0x36, 0xf0, 0x59, 0x5c, 0x75, 0xd5, 0x55, 0x57,
    0x5d, 0x75, 0xd5, 0x7f, 0x9f, 0xcf, 0xb9, 0xed, 0xaf, 0x7f, 0xfa, 0xb3, 0xb9, 0xea, 0x7f, 0x1b,
    0xc4, 0x55, 0xff, 0x6b, 0xdd, 0xf2, 0xd2, 0x6f, 0xfd, 0xdd, 0xc0, 0x7b, 0x71, 0xd5, 0x55, 0x57,
    0x5d, 0x75, 0xd5, 0x55, 0xff, 0xf5, 0xbe, 0xe7, 0xb6, 0xbf, 0xfe, 0xe9, 0xf7, 0xe6, 0xaa, 0xff,
    0x8d, 0x10, 0x57, 0xfd, 0xaf, 0x76, 0xcb, 0x4b, 0xbf, 0xf5, 0x4f, 0x03, 0x6f, 0xc5, 0x55, 0x57,
    0x5d, 0x75, 0xd5, 0x55, 0x57, 0xfd, 0xd7, 0xf9, 0x99, 0xdb, 0xfe, 0xfa, 0xa7, 0xdf, 0x9a, 0xab,
    0xfe, 0xb7, 0x42, 0x5c, 0xf5, 0xbf, 0xda, 0x83, 0x5f, 0xfa, 0xad, 0x8f, 0x1b, 0x7e, 0xdb, 0xf0,
    0x52, 0x5c, 0x75, 0xd5, 0x55, 0x57, 0x5d, 0x75, 0xd5, 0x7f, 0x32, 0xc1, 0xdf, 0x08, 0x5e, 0xfb,
    0xd6, 0xbf, 0xfe, 0xe9, 0x5d, 0xae, 0xfa, 0xdf, 0x0a, 0x71, 0xd5, 0xff, 0x7a, 0x0f, 0x7e, 0xe9,
    0xb7, 0x3e, 0x6e, 0xf8, 0x6d, 0xc3, 0x4b, 0x71, 0xd5, 0x55, 0x57, 0x5d, 0x75, 0xd5, 0x55, 0xff,
    0x49, 0x04, 0x7f, 0x23, 0x78, 0xed, 0x5b, 0xff, 0xfa, 0xa7, 0x77, 0xb9, 0xea, 0x7f, 0x33, 0xc4,
    0x55, 0xff, 0x27, 0x3c, 0xf8, 0xa5, 0xdf, 0xfa, 0xb8, 0xe1, 0xb7, 0x0d, 0x2f, 0xc5, 0x55, 0x57,
    0x5d, 0x75, 0xd5, 0x55, 0x57, 0xfd, 0x07, 0x13, 0xfc, 0x8d, 0xe0, 0xb5, 0x6f, 0xfd, 0xeb, 0x9f,
    0xde, 0xe5, 0xaa, 0xff, 0xed, 0x10, 0x57, 0xfd, 0x9f, 0xf1, 0xe0, 0x97, 0x7e, 0xeb, 0xe3, 0x86,
    0xdf, 0x36, 0xbc, 0x14, 0x57, 0x5d, 0x75, 0xd5, 0x55, 0x57, 0x5d, 0xf5, 0x1f, 0x44, 0xf0, 0x37,
    0x82, 0xd7, 0xbe, 0xf5, 0xaf, 0x7f, 0x7a, 0x97, 0xab, 0xfe, 0x2f, 0x40, 0x5c, 0xf5, 0x7f, 0xca,
    0x83, 0x5f, 0xfa, 0xad, 0x8f, 0x27, 0x7c, 0x37, 0xf0, 0x56, 0x5c, 0x75, 0xd5, 0x55, 0x57, 0x5d,
    0x75, 0xd5, 0xbf, 0xdf, 0xcf, 0x04, 0xbc, 0xf7, 0xad, 0x7f, 0xfd, 0xd3, 0xbb, 0x5c, 0xf5, 0x7f,
    0x05, 0xe2, 0xaa, 0xff, 0x93, 0x6e, 0x79, 0xe9, 0xb7, 0xfe, 0x6e, 0xe0, 0xbd, 0xb8, 0xea, 0xaa,
    0xab, 0xae, 0xba, 0xea, 0xaa, 0x7f, 0xbb, 0xef, 0xb9, 0xed, 0xaf, 0x7f, 0xfa, 0xbd, 0xb9, 0xea,
    0xff, 0x1a, 0xc4, 0x55, 0xff, 0x67, 0xdd, 0xf2, 0xd2, 0x6f, 0xfd, 0xd9, 0xc0, 0x67, 0x71, 0xd5,
    0x55, 0x57, 0x5d, 0x75, 0xd5, 0x55, 0xff, 0x7a, 0x9f, 0x73, 0xdb, 0x5f, 0xff, 0xf4, 0x67, 0x73,
    0xd5, 0xff, 0x45, 0x88, 0xab, 0xfe, 0x4f, 0x7b, 0xf0, 0x4b, 0xbf, 0xf5, 0x6b, 0x1b, 0x7e, 0xda,
    0x70, 0x8c, 0xab, 0xae, 0xba, 0xea, 0xaa, 0xab, 0xae, 0xfa, 0x17, 0x08, 0x2e, 0x09, 0xde, 0xfa,
    0xd6, 0xbf, 0xfe, 0xe9, 0xdf, 0xe6, 0xaa, 0xff, 0xab, 0x10, 0x57, 0xfd, 0x9f, 0xf7, 0xe0, 0x97,
    0x7e, 0xeb, 0xe3, 0x86, 0x9f, 0x36, 0xbc, 0x16, 0x57, 0x5d, 0x75, 0xd5, 0x55, 0x57, 0x5d, 0xf5,
    0x02, 0x08, 0x7e, 0x47, 0xf0, 0xd6, 0xb7, 0xfe, 0xf5, 0x4f, 0xef, 0x72, 0xd5, 0xff, 0x65, 0x88,
    0xab, 0xfe, 0xdf, 0xb8, 0xe5, 0xa5, 0xdf, 0xfa, 0xb3, 0x81, 0xcf, 0xe2, 0xaa, 0xab, 0xae, 0xba,
    0xea, 0xaa, 0xab, 0x9e, 0xd7, 0xe7, 0xdc, 0xf6, 0xd7, 0x3f, 0xfd, 0xd9, 0x5c, 0xf5, 0xff, 0x01,
    0xe2, 0xaa, 0xff, 0x57, 0x1e, 0xfc, 0xd2, 0x6f, 0xfd, 0xda, 0x86, 0xaf, 0x36, 0xbc, 0x14, 0x57,
    0x5d, 0x75, 0xd5, 0x55, 0x57, 0xfd, 0xbf, 0x27, 0xf8, 0x1b, 0xc1, 0x47, 0xdf, 0xfa, 0xd7, 0x3f,
    0xfd, 0xdb, 0x5c, 0xf5, 0xff, 0x05, 0xe2, 0xaa, 0xff, 0x97, 0x1e, 0xfc, 0xd2, 0x6f, 0xfd, 0xd1,
    0x86, 0xcf, 0x36, 0x1c, 0xe3, 0xaa, 0xab, 0xae, 0xba, 0xea, 0xaa, 0xff, 0x77, 0x04, 0x97, 0x04,
    0x9f, 0x7d, 0xeb, 0x5f, 0xff, 0xf4, 0x57, 0x73, 0xd5, 0xff, 0x37, 0x88, 0xab, 0xfe, 0xdf, 0x7a,
    0xf0, 0x4b, 0xbf, 0xf5, 0xf1, 0x84, 0xef, 0x06, 0xde, 0x8a, 0xab, 0xae, 0xba, 0xea, 0xaa, 0xab,
    0xfe, 0x3f, 0xf9, 0x9e, 0x80, 0x8f, 0xbe, 0xf5, 0xaf, 0x7f, 0x7a, 0x97, 0xab, 0xfe, 0x3f, 0x42,
    0x5c, 0xf5, 0xff, 0xde, 0x83, 0x5f, 0xfa, 0xad, 0x5f, 0xdb, 0xf0, 0xd9, 0x86, 0xd7, 0xe2, 0xaa,
    0xab, 0xae, 0xba, 0xea, 0xaa, 0xff, 0xb3, 0x04, 0xbf, 0x23, 0xf8, 0xec, 0x5b, 0xff, 0xfa, 0xa7,
    0x7f, 0x9b, 0xab, 0xfe, 0x3f, 0x43, 0x5c, 0x75, 0xd5, 0x33, 0x3d, 0xf8, 0xa5, 0xdf, 0xfa, 0xb5,
    0x0d, 0x9f, 0x6d, 0x78, 0x2d, 0xae, 0xba, 0xea, 0xaa, 0xab, 0xae, 0xfa, 0x3f, 0x43, 0xf0, 0x3b,
    0x82, 0xcf, 0xbe, 0xf5, 0xaf, 0x7f, 0xfa, 0xb7, 0xb9, 0xea, 0x2a, 0x40, 0x5c, 0x75, 0xd5, 0x73,
    0x79, 0xf0, 0x4b, 0xbf, 0xf5, 0x4b, 0x27, 0x7c, 0x34, 0xf0, 0x5e, 0x5c, 0x75, 0xd5, 0x55, 0x57,
    0x5d, 0xf5, 0xbf, 0xd9, 0xf7, 0x04, 0x7c, 0xf6, 0xad, 0x7f, 0xfd, 0xd3, 0xb7, 0x72, 0xd5, 0x55,
    0xcf, 0x86, 0xb8, 0xea, 0xaa, 0x17, 0xe0, 0xc1, 0x2f, 0xfd, 0xd6, 0x0f, 0x06, 0xde, 0xda, 0xf0,
    0xd1, 0x86, 0x07, 0x71, 0xd5, 0x55, 0x57, 0x5d, 0x75, 0xd5, 0xff, 0x78, 0x82, 0x67, 0x08, 0xbe,
    0x1a, 0xf8, 0xe9, 0x5b, 0xff, 0xfa, 0xa7, 0x6f, 0xe5, 0xaa, 0xab, 0x9e, 0x17, 0xe2, 0xaa, 0xab,
    0x5e, 0x04, 0x0f, 0x7e, 0xe9, 0xb7, 0x7e, 0xe9, 0x84, 0xf7, 0x16, 0xbc, 0xb7, 0xe1, 0x18, 0x57,
    0x5d, 0x75, 0xd5, 0x55, 0x57, 0xfd, 0x8f, 0x21, 0xb8, 0x64, 0xf8, 0xee, 0x80, 0xef, 0xbe, 0xf5,
    0xaf, 0x7f, 0xfa, 0xaf, 0xb9, 0xea, 0xaa, 0x17, 0x0e, 0x71, 0xd5, 0x55, 0xff, 0x4a, 0x0f, 0x7e,
    0xe9, 0xb7, 0x7e, 0xed, 0x84, 0xd7, 0x16, 0xbc, 0xb6, 0xe1, 0xb5, 0xb8, 0xea, 0xaa, 0xab, 0xae,
    0xba, 0xea, 0xbf, 0x9c, 0xe0, 0x77, 0x0c, 0xbf, 0x1d, 0xf0, 0xdb, 0xb7, 0xfe, 0xf5, 0x4f, 0xff,
    0x36, 0x57, 0x5d, 0xf5, 0xa2, 0x43, 0x5c, 0x75, 0xd5, 0xbf, 0xd3, 0x83, 0x5f, 0xfa, 0xad, 0xdf,
    0x3a, 0xe1, 0xb5, 0x05, 0x2f, 0x0d, 0xbc, 0xb4, 0xe1, 0x18, 0x57, 0x5d, 0x75, 0xd5, 0x55, 0x57,
    0xfd, 0x87, 0x11, 0x5c, 0x02, 0xfe, 0xda, 0xf0, 0xd7, 0x01, 0xbf, 0x7d, 0xeb, 0x5f, 0xff, 0xf4,
    0x4f, 0x73, 0xd5, 0x55, 0xff, 0x76, 0x88, 0xab, 0xae, 0xfa, 0x4f, 0xf0, 0xe0, 0x97, 0x7e, 0xeb,
    0xd7, 0x06, 0x1e, 0x9c, 0xf0, 0x60, 0xe0, 0xa5, 0x05, 0xc7, 0x79, 0xb6, 0x07, 0x1b, 0x1e, 0xc4,
    0x55, 0x57, 0x5d, 0x75, 0xd5, 0x55, 0x08, 0x9e, 0x01, 0xdc, 0xca, 0x33, 0x19, 0x76, 0x81, 0xbf,
    0x0e, 0xb8, 0x15, 0xb8, 0xf5, 0xd6, 0xbf, 0xfe, 0xe9, 0xdf, 0xe6, 0xaa, 0xab, 0xfe, 0x63, 0x21,
    0xae, 0xba, 0xea, 0xaa, 0xab, 0xae, 0xba, 0xea, 0xaa, 0xab, 0xae, 0xfa, 0xff, 0x04, 0x71, 0xd5,
    0x55, 0x57, 0x5d, 0x75, 0xd5, 0x55, 0x57, 0x5d, 0x75, 0xd5, 0xff, 0x27, 0x88, 0xab, 0xae, 0xba,
    0xea, 0xaa, 0xab, 0xae, 0xba, 0xea, 0xaa, 0xab, 0xfe, 0x3f, 0x41, 0x5c, 0x75, 0xd5, 0x55, 0x57,
    0x5d, 0x75, 0xd5, 0x55, 0x57, 0x5d, 0xf5, 0xff, 0x09, 0xe2, 0xaa, 0xab, 0xae, 0xba, 0xea, 0xaa,
    0xab, 0xae, 0xba, 0xea, 0xaa, 0xff, 0x4f, 0x10, 0x57, 0x5d, 0x75, 0xd5, 0x55, 0x57, 0x5d, 0x75,
    0xd5, 0x55, 0x57, 0xfd, 0x7f, 0x82, 0xb8, 0xea, 0xaa, 0xab, 0xae, 0xba, 0xea, 0xaa, 0xab, 0xae,
    0xba, 0xea, 0xff, 0x13, 0xc4, 0x55, 0x57, 0x5d, 0x75, 0xd5, 0x55, 0x57, 0x5d, 0x75, 0xd5, 0x55,
    0xff, 0x9f, 0x20, 0xae, 0xba, 0xea, 0xaa, 0xab, 0xae, 0xba, 0xea, 0xaa, 0xab, 0xae, 0xfa, 0xff,
    0x04, 0x71, 0xd5, 0x55, 0x57, 0x5d, 0x75, 0xd5, 0x55, 0x57, 0x5d, 0x75, 0xd5, 0xff, 0x27, 0x88,
    0xab, 0xae, 0xba, 0xea, 0xaa, 0xab, 0xae, 0xba, 0xea, 0xaa, 0xab, 0xfe, 0x3f, 0x41, 0x5c, 0x75,
    0xd5, 0x55, 0x57, 0x5d, 0x75, 0xd5, 0x55, 0x57, 0x5d, 0xf5, 0xff, 0x09, 0xe2, 0xaa, 0xab, 0xae,
    0xba, 0xea, 0xaa, 0xab, 0xae, 0xba, 0xea, 0xaa, 0xff, 0x4f, 0x10, 0x57, 0x5d, 0x75, 0xd5, 0x55,
    0x57, 0x5d, 0x75, 0xd5, 0x55, 0x57, 0xfd, 0x7f, 0x82, 0xb8, 0xea, 0xaa, 0xab, 0xae, 0xba, 0xea,
    0xaa, 0xab, 0xae, 0xba, 0xea, 0xff, 0x13, 0xc4, 0x55, 0x57, 0x5d, 0x75, 0xd5, 0x55, 0x57, 0x5d,
    0x75, 0xd5, 0x55, 0xff, 0x9f, 0x20, 0xae, 0xba, 0xea, 0xaa, 0xab, 0xae, 0xba, 0xea, 0xaa, 0xab,
    0xae, 0xfa, 0xff, 0x04, 0x71, 0xd5, 0x55, 0x57, 0x5d, 0x75, 0xd5, 0x55, 0x57, 0x5d, 0x75, 0xd5,
    0xff, 0x27, 0x88, 0xab, 0xae, 0xba, 0xea, 0xaa, 0xab, 0xae, 0xba, 0xea, 0xaa, 0xab, 0xfe, 0x3f,
    0x41, 0x5c, 0x75, 0xd5, 0x55, 0x57, 0x5d, 0x75, 0xd5, 0x55, 0x57, 0x5d, 0xf5, 0xff, 0x09, 0xe2,
    0xaa, 0xab, 0xae, 0xba, 0xea, 0xaa, 0xab, 0xae, 0xba, 0xea, 0xaa, 0xff, 0x4f, 0x10, 0x57, 0x5d,
    0x75, 0xd5, 0x55, 0x57, 0x5d, 0x75, 0xd5, 0x55, 0x57, 0xfd, 0x7f, 0x82, 0xb8, 0xea, 0xaa, 0xab,
    0xae, 0xba, 0xea, 0xaa, 0xab, 0xae, 0xba, 0xea, 0xff, 0x13, 0xc4, 0x55, 0x57, 0x5d, 0x75, 0xd5,
    0x55, 0x57, 0x5d, 0x75, 0xd5, 0x55, 0xff, 0x9f, 0x20, 0xae, 0xba, 0xea, 0xaa, 0xab, 0xae, 0xba,
    0xea, 0xaa, 0xab, 0xae, 0xfa, 0xff, 0x04, 0x71, 0xd5, 0x55, 0x57, 0x5d, 0x75, 0xd5, 0x55, 0x57,
    0x5d, 0x75, 0xd5, 0xff, 0x27, 0x88, 0xab, 0xae, 0xba, 0xea, 0xaa, 0xab, 0xae, 0xba, 0xea, 0xaa,
    0xab, 0xfe, 0x3f, 0x41, 0x5c, 0x75, 0xd5, 0x55, 0x57, 0x5d, 0x75, 0xd5, 0x55, 0x57, 0x5d, 0xf5,
    0xff, 0x09, 0xe2, 0xaa, 0xab, 0xae, 0xba, 0xea, 0xaa, 0xab, 0xae, 0xba, 0xea, 0xaa, 0xff, 0x4f,
    0x10, 0x57, 0x5d, 0x75, 0xd5, 0x55, 0x57, 0x5d, 0x75, 0xd5, 0x55, 0x57, 0xfd, 0x7f, 0x82, 0xb8,
    0xea, 0xaa, 0xab, 0xae, 0xba, 0xea, 0xaa, 0xab, 0xae, 0xba, 0xea, 0xff, 0x13, 0xc4, 0x55, 0x57,
    0x5d, 0x75, 0xd5, 0x55, 0x57, 0x5d, 0x75, 0xd5, 0x55, 0xff, 0x9f, 0x20, 0xae, 0xba, 0xea, 0xaa,
    0xab, 0xae, 0xba, 0xea, 0xaa, 0xab, 0xae, 0xfa, 0xff, 0x04, 0x71, 0xd5, 0x55, 0x57, 0x5d, 0x75,
    0xd5, 0x55, 0x57, 0x5d, 0x75, 0xd5, 0xff, 0x27, 0x88, 0xab, 0xae, 0xba, 0xea, 0xaa, 0xab, 0xae,
    0xba, 0xea, 0xaa, 0xab, 0xfe, 0x3f, 0x41, 0x5c, 0x75, 0xd5, 0x55, 0x57, 0x5d, 0x75, 0xd5, 0x55,
    0x57, 0x5d, 0xf5, 0xff, 0x09, 0xe2, 0xaa, 0xab, 0xae, 0xba, 0xea, 0xaa, 0xab, 0xae, 0xba, 0xea,
    0xaa, 0xff, 0x4f, 0x10, 0x57, 0x5d, 0x75, 0xd5, 0x55, 0x57, 0x5d, 0x75, 0xd5, 0x55, 0x57, 0xfd,
    0x7f, 0x82, 0xb8, 0xea, 0xaa, 0xab, 0xae, 0xba, 0xea, 0xaa, 0xab, 0xae, 0xba, 0xea, 0xff, 0x13,
    0xc4, 0x55, 0x57, 0x5d, 0x75, 0xd5, 0x55, 0x57, 0x5d, 0x75, 0xd5, 0x55, 0xff, 0x9f, 0x20, 0xae,
    0xba, 0xea, 0xaa, 0xab, 0xae, 0xba, 0xea, 0xaa, 0xab, 0xae, 0xfa, 0xff, 0x04, 0x71, 0xd5, 0x55,
    0x57, 0x5d, 0x75, 0xd5, 0x55, 0x57, 0x5d, 0x75, 0xd5, 0xff, 0x27, 0x88, 0xab, 0xae, 0xba, 0xea,
    0xaa, 0xab, 0xae, 0xba, 0xea, 0xaa, 0xab, 0xfe, 0x3f, 0x41, 0x5c, 0x75, 0xd5, 0x55, 0x57, 0x5d,
    0x75, 0xd5, 0x55, 0x57, 0x5d, 0xf5, 0xff, 0x09, 0xe2, 0xaa, 0xab, 0xae, 0xba, 0xea, 0xaa, 0xab,
    0xae, 0xba, 0xea, 0xaa, 0xff, 0x4f, 0x10, 0x57, 0x5d, 0x75, 0xd5, 0x55, 0x57, 0x5d, 0x75, 0xd5,
    0x55, 0x57, 0xfd, 0x7f, 0x82, 0xb8, 0xea, 0xaa, 0xab, 0xae, 0xba, 0xea, 0xaa, 0xab, 0xae, 0xba,
    0xea, 0xff, 0x13, 0xc4, 0x55, 0x57, 0x5d, 0x75, 0xd5, 0x55, 0x57, 0x5d, 0x75, 0xd5, 0x55, 0xff,
    0x9f, 0x20, 0xae, 0xba, 0xea, 0xaa, 0xab, 0xae, 0xba, 0xea, 0xaa, 0xab, 0xae, 0xfa, 0xff, 0x04,
    0x71, 0xd5, 0x55, 0x57, 0x5d, 0x75, 0xd5, 0x55, 0x57, 0x5d, 0x75, 0xd5, 0xff, 0x27, 0x88, 0xab,
    0xae, 0xba, 0xea, 0xaa, 0xab, 0xae, 0xba, 0xea, 0xaa, 0xab, 0xfe, 0x3f, 0x41, 0x5c, 0x75, 0xd5,
    0x55, 0x57, 0x5d, 0x75, 0xd5, 0x55, 0x57, 0x5d, 0xf5, 0xff, 0x09, 0xe2, 0xaa, 0xab, 0xae, 0xba,
    0xea, 0xaa, 0xab, 0xae, 0xba, 0xea, 0xaa, 0xff, 0x4f, 0x10, 0x57, 0x5d, 0x75, 0xd5, 0x55, 0x57,
    0x5d, 0x75, 0xd5, 0x55, 0x57, 0xfd, 0x7f, 0x82, 0xb8, 0xea, 0xaa, 0xab, 0xae, 0xba, 0xea, 0xaa,
    0xab, 0xae, 0xba, 0xea, 0xff, 0x13, 0xc4, 0x55, 0x57, 0x5d, 0x75, 0xd5, 0x55, 0x57, 0x5d, 0x75,
    0xd5, 0x55, 0xff, 0x9f, 0x20, 0xae, 0xba, 0xea, 0xaa, 0xab, 0xae, 0xba, 0xea, 0xaa, 0xab, 0xae,
    0xfa, 0xff, 0x04, 0x71, 0xd5, 0x55, 0x57, 0x5d, 0x75, 0xd5, 0x55, 0x57, 0x5d, 0x75, 0xd5, 0xff,
    0x27, 0x88, 0xab, 0xae, 0xba, 0xea, 0xaa, 0xab, 0xae, 0xba, 0xea, 0xaa, 0xab, 0xfe, 0x3f, 0x41,
    0x5c, 0x75, 0xd5, 0x55, 0x57, 0x5d, 0x75, 0xd5, 0x55, 0x57, 0x5d, 0xf5, 0xff, 0x09, 0xe2, 0xaa,
    0xab, 0xae, 0xba, 0xea, 0xaa, 0xab, 0xae, 0xba, 0xea, 0xaa, 0xff, 0x4f, 0x10, 0x57, 0x5d, 0x75,
    0xd5, 0x55, 0x57, 0x5d, 0x75, 0xd5, 0x55, 0x57, 0xfd, 0x7f, 0x82, 0xb8, 0xea, 0xaa, 0xab, 0xae,
    0xba, 0xea, 0xaa, 0xab, 0xae, 0xba, 0xea, 0xff, 0x13, 0xc4, 0x55, 0x57, 0x5d, 0x75, 0xd5, 0x55,
    0x57, 0x5d, 0x75, 0xd5, 0x55, 0xff, 0x9f, 0x20, 0xae, 0xba, 0xea, 0xaa, 0xab, 0xae, 0xba, 0xea,
    0xaa, 0xab, 0xae, 0xfa, 0xff, 0x04, 0x71, 0xd5, 0x55, 0x57, 0x5d, 0x75, 0xd5, 0x55, 0x57, 0x5d,
    0x75, 0xd5, 0xff, 0x27, 0x88, 0xab, 0xae, 0xba, 0xea, 0xaa, 0xab, 0xae, 0xba, 0xea, 0xaa, 0xab,
    0xfe, 0x3f, 0x41, 0x5c, 0x75, 0xd5, 0x55, 0x57, 0x5d, 0x75, 0xd5, 0x55, 0x57, 0x5d, 0xf5, 0xff,
    0x09, 0xe2, 0xaa, 0xab, 0xae, 0xba, 0xea, 0xaa, 0xab, 0xae, 0xba, 0xea, 0xaa, 0xff, 0x4f, 0x10,
    0x57, 0x5d, 0x75, 0xd5, 0x55, 0x57, 0x5d, 0x75, 0xd5, 0x55, 0x57, 0xfd, 0x7f, 0x82, 0xb8, 0xea,
    0xaa, 0xab, 0xae, 0xba, 0xea, 0xaa, 0xab, 0xae, 0xba, 0xea, 0xff, 0x13, 0xc4, 0x55, 0x57, 0x5d,
    0x75, 0xd5, 0x55, 0x57, 0x5d, 0x75, 0xd5, 0x55, 0xff, 0x9f, 0x20, 0xae, 0xba, 0xea, 0xaa, 0xab,
    0xae, 0xba, 0xea, 0xaa, 0xab, 0xae, 0xfa, 0xff, 0x04, 0x71, 0xd5, 0x55, 0x57, 0x5d, 0x75, 0xd5,
    0x55, 0x57, 0x5d, 0x75, 0xd5, 0xff, 0x27, 0x88, 0xab, 0xae, 0xba, 0xea, 0xaa, 0xab, 0xae, 0xba,
    0xea, 0xaa, 0xab, 0xfe, 0x3f, 0x41, 0x5c, 0x75, 0xd5, 0x55, 0x57, 0x5d, 0x75, 0xd5, 0x55, 0x57,
    0x5d, 0xf5, 0xff, 0x09, 0xe2, 0xaa, 0xab, 0xae, 0xba, 0xea, 0xaa, 0xab, 0xae, 0xba, 0xea, 0xaa,
    0xff, 0x4f, 0x10, 0x57, 0x5d, 0x75, 0xd5, 0x55, 0x57, 0x5d, 0x75, 0xd5, 0x55, 0x57, 0xfd, 0x7f,
    0x82, 0xb8, 0xea, 0xaa, 0xab, 0xae, 0xba, 0xea, 0xaa, 0xab, 0xae, 0xba, 0xea, 0xff, 0x13, 0xc4,
    0x55, 0x57, 0x5d, 0x75, 0xd5, 0x55, 0x57, 0x5d, 0x75, 0xd5, 0x55, 0xff, 0x9f, 0x20, 0xae, 0xba,
    0xea, 0xaa, 0xab, 0xae, 0xba, 0xea, 0xaa, 0xab, 0xae, 0xfa, 0xff, 0x04, 0x71, 0xd5, 0x55, 0x57,
    0x5d, 0x75, 0xd5, 0x55, 0x57, 0x5d, 0x75, 0xd5, 0xff, 0x27, 0x88, 0xab, 0xae, 0xba, 0xea, 0xaa,
    0xab, 0xae, 0xba, 0xea, 0xaa, 0xab, 0xfe, 0x3f, 0x41, 0x5c, 0x75, 0xd5, 0x55, 0x57, 0x5d, 0x75,
    0xd5, 0x55, 0x57, 0x5d, 0xf5, 0xff, 0x09, 0xe2, 0xaa, 0xab, 0xae, 0xba, 0xea, 0xaa, 0xab, 0xae,
    0xba, 0xea, 0xaa, 0xff, 0x4f, 0x10, 0x57, 0x5d, 0x75, 0xd5, 0x55, 0x57, 0x5d, 0x75, 0xd5, 0x55,
    0x57, 0xfd, 0x7f, 0x82, 0xb8, 0xea, 0xaa, 0xab, 0xae, 0xba, 0xea, 0xaa, 0xab, 0xae, 0xba, 0xea,
    0xff, 0x13, 0xc4, 0x55, 0x57, 0x5d, 0x75, 0xd5, 0x55, 0x57, 0x5d, 0x75, 0xd5, 0x55, 0xff, 0x9f,
    0x20, 0xae, 0xba, 0xea, 0xaa, 0xab, 0xae, 0xba, 0xea, 0xaa, 0xab, 0xae, 0xfa, 0xff, 0x04, 0x71,
    0xd5, 0x55, 0x57, 0x5d, 0x75, 0xd5, 0x55, 0x57, 0x5d, 0x75, 0xd5, 0xff, 0x27, 0x88, 0xab, 0xae,
    0xba, 0xea, 0xaa, 0xab, 0xae, 0xba, 0xea, 0xaa, 0xab, 0xfe, 0x3f, 0x41, 0x5c, 0x75, 0xd5, 0x55,
    0x57, 0x5d, 0x75, 0xd5, 0x55, 0x57, 0x5d, 0xf5, 0xff, 0x09, 0xe2, 0xaa, 0xab, 0xae, 0xba, 0xea,
    0xaa, 0xab, 0xae, 0xba, 0xea, 0xaa, 0xff, 0x4f, 0x10, 0x57, 0x5d, 0x75, 0xd5, 0x55, 0x57, 0x5d,
    0x75, 0xd5, 0x55, 0x57, 0xfd, 0x7f, 0x82, 0xb8, 0xea, 0xaa, 0xab, 0xae, 0xba, 0xea, 0xaa, 0xab,
    0xae, 0xba, 0xea, 0xff, 0x13, 0xc4, 0x55, 0x57, 0x5d, 0x75, 0xd5, 0x55, 0x57, 0x5d, 0x75, 0xd5,
    0x55, 0xff, 0x9f, 0xf0, 0x8f, 0x0d, 0xc9, 0x58, 0xbc, 0x22, 0x6b, 0x79, 0xbd, 0x00, 0x00, 0x00,
    0x00, 0x49, 0x45, 0x4e, 0x44, 0xae, 0x42, 0x60, 0x82
};
const unsigned int Icons::Data::ScannerSize = 26905u;

const unsigned char Icons::Data::Logs[] = {
    0x89, 0x50, 0x4e, 0x47, 0x0d, 0x0a, 0x1a, 0x0a, 0x00, 0x00, 0x00, 0x0d, 0x49, 0x48, 0x44, 0x52,
    0x00, 0x00, 0x02, 0x80, 0x00, 0x00, 0x02, 0x80, 0x08, 0x06, 0x00, 0x00, 0x00, 0x0c, 0xcd, 0xc9,
    0x23, 0x00, 0x00, 0x52, 0xbe, 0x49, 0x44, 0x41, 0x54, 0x78, 0x01, 0xed, 0xc0, 0x03, 0xa0, 0x24,
    0x59, 0x96, 0xc6, 0xf1, 0xff, 0x77, 0xee, 0x8d, 0xc8, 0xcc, 0xa7, 0x72, 0x4b, 0x63, 0xae, 0x6d,
    0xdb, 0xb6, 0x6d, 0xdb, 0xb6, 0x6d, 0xdb, 0xb6, 0x6d, 0x69, 0x8c, 0x9e, 0x96, 0x4a, 0xaf, 0x9e,
    0x32, 0x33, 0x22, 0xee, 0xf9, 0x76, 0xb7, 0x6a, 0x7a, 0xa6, 0x87, 0x3b, 0x6b, 0xd5, 0x4f, 0x5c,
    0x75, 0xd5, 0x55, 0x57, 0x5d, 0x75, 0xd5, 0x55, 0x57, 0x5d, 0xf5, 0xff, 0x09, 0xe2, 0xaa, 0xab,
    0xae, 0xba, 0xea, 0xaa, 0xab, 0xae, 0xba, 0xea, 0xaa, 0xff, 0x4f, 0x10, 0x57, 0x5d, 0x75, 0xd5,
    0x55, 0x57, 0x5d, 0x75, 0xd5, 0x55, 0x57, 0xfd, 0x7f, 0x82, 0xb8, 0xea, 0xaa, 0xab, 0xae, 0xba,
    0xea, 0xaa, 0xab, 0xae, 0xba, 0xea, 0xff, 0x13, 0xc4, 0x55, 0x57, 0x5d, 0x75, 0xd5, 0x55, 0x57,
    0x5d, 0x75, 0xd5, 0x55, 0xff, 0x9f, 0x20, 0xae, 0xba, 0xea, 0xaa, 0xab, 0xae, 0xba, 0xea, 0xaa,
    0xab, 0xae, 0xfa, 0xff, 0x04, 0x71, 0xd5, 0x55, 0x57, 0x5d, 0x75, 0xd5, 0x55, 0x57, 0x5d, 0x75,
    0xd5, 0xff, 0x27, 0x88, 0xab, 0xae, 0xba, 0xea, 0xaa, 0xab, 0xae, 0xba, 0xea, 0xaa, 0xab, 0xfe,
    0x3f, 0x41, 0x5c, 0x75, 0xd5, 0x55, 0x57, 0x5d, 0x75, 0xd5, 0x55, 0x57, 0x5d, 0xf5, 0xff, 0x09,
    0xe2, 0xaa, 0xab, 0xae, 0xba, 0xea, 0xaa, 0xab, 0xae, 0xba, 0xea, 0xaa, 0xff, 0x4f, 0x10, 0x57,
    0x5d, 0x75, 0xd5, 0x55, 0x57, 0x5d, 0x75, 0xd5, 0x55, 0x57, 0xfd, 0x7f, 0x82, 0xb8, 0xea, 0xaa,
    0xab, 0xae, 0xba, 0xea, 0xaa, 0xab, 0xae, 0xba, 0xea, 0xff, 0x13, 0xc4, 0x55, 0x57, 0x5d, 0x75,
    0xd5, 0x55, 0x57, 0x5d, 0x75, 0xd5, 0x55, 0xff, 0x9f, 0x20, 0xae, 0xba, 0xea, 0xaa, 0xab, 0xae,
    0xba, 0xea, 0xaa, 0xab, 0xae, 0xfa, 0xff, 0x04, 0x71, 0xd5, 0x55, 0x57, 0x5d, 0x75, 0xd5, 0x55,
    0x57, 0x5d, 0x75, 0xd5, 0xff, 0x27, 0x88, 0xab, 0xae, 0xba, 0xea, 0xaa, 0xab, 0xae, 0xba, 0xea,
    0xaa, 0xab, 0xfe, 0x3f, 0x41, 0x5c, 0x75, 0xd5, 0x55, 0x57, 0x5d, 0x75, 0xd5, 0x55, 0x57, 0x5d,
    0xf5, 0xff, 0x09, 0xe2, 0xaa, 0xab, 0xae, 0xba, 0xea, 0xaa, 0xab, 0xae, 0xba, 0xea, 0xaa, 0xff,
    0x4f, 0x10, 0x57, 0x5d, 0x75, 0xd5, 0x55, 0x57, 0x5d, 0x75, 0xd5, 0x55, 0x57, 0xfd, 0x7f, 0x82,
    0xb8, 0xea, 0xaa, 0xab, 0xae, 0xba, 0xea, 0xaa, 0xab, 0xae, 0xba, 0xea, 0xff, 0x13, 0xc4, 0x55,
    0x57, 0x5d, 0x75, 0xd5, 0x55, 0x57, 0x5d, 0x75, 0xd5, 0x55, 0xff, 0x9f, 0x20, 0xae, 0xba, 0xea,
    0xaa, 0xab, 0xae, 0xba, 0xea, 0xaa, 0xab, 0xae, 0xfa, 0xff, 0x04, 0x71, 0xd5, 0x55, 0x57, 0x5d,
    0x75, 0xd5, 0x55, 0x57, 0x5d, 0x75, 0xd5, 0xff, 0x27, 0x88, 0xab, 0xae, 0xba, 0xea, 0xaa, 0xab,
    0xae, 0xba, 0xea, 0xaa, 0xab, 0xfe, 0x3f, 0x41, 0x5c, 0x75, 0xd5, 0x55, 0x57, 0x5d, 0x75, 0xd5,
    0x55, 0x57, 0x5d, 0xf5, 0xff, 0x09, 0xe2, 0xaa, 0xab, 0xae, 0xba, 0xea, 0xaa, 0xab, 0xae, 0xba,
    0xea, 0xaa, 0xff, 0x4f, 0x10, 0x57, 0x5d, 0x75, 0xd5, 0x55, 0x57, 0x5d, 0x75, 0xd5, 0x55, 0x57,
    0xfd, 0x7f, 0x82, 0xb8, 0xea, 0xaa, 0xab, 0xae, 0xba, 0xea, 0xaa, 0xab, 0xae, 0xba, 0xea, 0xff,
    0x13, 0xc4, 0x55, 0x57, 0x5d, 0x75, 0xd5, 0x55, 0x57, 0x5d, 0x75, 0xd5, 0x55, 0xff, 0x9f, 0x20,
    0xae, 0xba, 0xea, 0xaa, 0xab, 0xae, 0xba, 0xea, 0xaa, 0xab, 0xae, 0xfa, 0xff, 0x04, 0x71, 0xd5,
    0x55, 0x57, 0x5d, 0x75, 0xd5, 0x55, 0x57, 0x5d, 0x75, 0xd5, 0xff, 0x27, 0x88, 0xab, 0xae, 0xba,
    0xea, 0xaa, 0xab, 0xae, 0xba, 0xea, 0xaa, 0xab, 0xfe, 0x3f, 0x41, 0x5c, 0x75, 0xd5, 0x55, 0x57,
    0x5d, 0x75, 0xd5, 0x55, 0x57, 0x5d, 0xf5, 0xff, 0x09, 0xe2, 0xaa, 0xab, 0xae, 0xba, 0xea, 0xaa,
    0xab, 0xae, 0xba, 0xea, 0xaa, 0xff, 0x4f, 0x10, 0x57, 0x5d, 0x75, 0xd5, 0x55, 0x57, 0x5d, 0x75,
    0xd5, 0x55, 0x57, 0xfd, 0x7f, 0x82, 0xb8, 0xea, 0xaa, 0xab, 0xae, 0xba, 0xea, 0xaa, 0xab, 0xae,
    0xba, 0xea, 0xff, 0x13, 0xc4, 0x55, 0x57, 0x5d, 0x75, 0xd5, 0x55, 0x57, 0x5d, 0x75, 0xd5, 0x55,
    0xff, 0x9f, 0x20, 0xae, 0xba, 0xea, 0xaa, 0xab, 0xae, 0xba, 0xea, 0xaa, 0xab, 0xae, 0xfa, 0xff,
    0x04, 0x71, 0xd5, 0x55, 0x57, 0x5d, 0x75, 0xd5, 0x55, 0x57, 0x5d, 0x75, 0xd5, 0xff, 0x27, 0x88,
    0xab, 0xae, 0xba, 0xea, 0xaa, 0xab, 0xae, 0xba, 0xea, 0xaa, 0xab, 0xfe, 0x3f, 0x41, 0x5c, 0x75,
    0xd5, 0x55, 0x57, 0x5d, 0x75, 0xd5, 0x55, 0x57, 0x5d, 0xf5, 0xff, 0x09, 0xe2, 0xaa, 0xab, 0xae,
    0xba, 0xea, 0xaa, 0xab, 0xae, 0xba, 0xea, 0xaa, 0xff, 0x4f, 0x10, 0x57, 0x5d, 0x75, 0xd5, 0x55,
    0x57, 0x5d, 0x75, 0xd5, 0x55, 0x57, 0xfd, 0x7f, 0x82, 0xb8, 0xea, 0xaa, 0xab, 0xae, 0xba, 0xea,
    0xaa, 0xab, 0xae, 0xba, 0xea, 0xff, 0x13, 0xc4, 0x55, 0x57, 0x5d, 0x75, 0xd5, 0x55, 0x57, 0x5d,
    0x75, 0xd5, 0x55, 0xff, 0x9f, 0x20, 0xae, 0xba, 0xea, 0xaa, 0xab, 0xae, 0xba, 0xea, 0xaa, 0xab,
    0xae, 0xfa, 0xff, 0x04, 0x71, 0xd5, 0x55, 0x57, 0x5d, 0x75, 0xd5, 0x55, 0x57, 0x5d, 0x75, 0xd5,
    0xff, 0x27, 0x88, 0xab, 0xae, 0xba, 0xea, 0xaa, 0xab, 0xae, 0xba, 0xea, 0xaa, 0xab, 0xfe, 0x3f,
    0x41, 0x5c, 0x75, 0xd5, 0x55, 0x57, 0x5d, 0x75, 0xd5, 0x55, 0x57, 0x5d, 0xf5, 0xff, 0x09, 0xe2,
    0xaa, 0xab, 0xae, 0xba, 0xea, 0xaa, 0xab, 0xae, 0xba, 0xea, 0xaa, 0xff, 0x4f, 0x10, 0x57, 0x5d,
    0x75, 0xd5, 0x55, 0x57, 0x5d, 0x75, 0xd5, 0x55, 0x57, 0xfd, 0x7f, 0x82, 0xb8, 0xea, 0xaa, 0xab,
    0xae, 0xba, 0xea, 0xaa, 0xab, 0xae, 0xba, 0xea, 0xff, 0x13, 0xc4, 0x55, 0x57, 0x5d, 0x75, 0xd5,
    0x55, 0x57, 0x5d, 0x75, 0xd5, 0x55, 0xff, 0x9f, 0x20, 0xae, 0xba, 0xea, 0xaa, 0xab, 0xae, 0xba,
    0xea, 0xaa, 0xab, 0xae, 0xfa, 0xff, 0x04, 0x71, 0xd5, 0x55, 0x57, 0x5d, 0x75, 0xd5, 0x55, 0x57,
    0x5d, 0x75, 0xd5, 0xff, 0x27, 0x88, 0xab, 0xae, 0xba, 0xea, 0xaa, 0xab, 0xae, 0xba, 0xea, 0xaa,
    0xab, 0xfe, 0x3f, 0x41, 0x5c, 0x75, 0xd5, 0x55, 0x57, 0x5d, 0x75, 0xd5, 0x55, 0x57, 0x5d, 0xf5,
    0xff, 0x09, 0xe2, 0xaa, 0xab, 0xae, 0xba, 0xea, 0xaa, 0xab, 0xae, 0xba, 0xea, 0xaa, 0xff, 0x4f,
    0x10, 0x57, 0x5d, 0x75, 0xd5, 0x55, 0x57, 0x5d, 0x75, 0xd5, 0x55, 0x57, 0xfd, 0x7f, 0x82, 0xb8,
    0xea, 0xaa, 0xab, 0xae, 0xba, 0xea, 0xaa, 0xab, 0xae, 0xba, 0xea, 0xff, 0x13, 0xc4, 0x55, 0x57,
    0x5d, 0x75, 0xd5, 0x55, 0x57, 0x5d, 0x75, 0xd5, 0x55, 0xff, 0x9f, 0x20, 0xae, 0xba, 0xea, 0xaa,
    0xab, 0xae, 0xba, 0xea, 0xaa, 0xab, 0xae, 0xfa, 0xff, 0x04, 0x71, 0xd5, 0x55, 0x57, 0x5d, 0x75,
    0xd5, 0x55, 0x57, 0x5d, 0x75, 0xd5, 0xff, 0x27, 0x88, 0xab, 0xae, 0xba, 0xea, 0xaa, 0xab, 0xae,
    0xba, 0xea, 0xaa, 0xab, 0xfe, 0x3f, 0x41, 0x5c, 0x75, 0xd5, 0xff, 0x41, 0x0f, 0x7e, 0x99, 0xb7,
    0x79, 0x2d, 0xcc, 0x83, 0x13, 0x3f, 0x58, 0xf0, 0xd2, 0xc0, 0x71, 0x9e, 0xed, 0xc1, 0x86, 0x07,
    0x73, 0xd5, 0x55, 0xff, 0xc9, 0x04, 0xbf, 0xcd, 0x03, 0x18, 0xfe, 0x1a, 0xd8, 0x0d, 0xe9, 0xb7,
    0xb1, 0x2f, 0xdd, 0xfa, 0xd7, 0x3f, 0xfd, 0xd7, 0x5c, 0x75, 0xd5, 0x55, 0x57, 0xfd, 0xd7, 0x43,
    0x5c, 0x75, 0xd5, 0xff, 0x72, 0x0f, 0x7e, 0xe9, 0xb7, 0x79, 0xab, 0xc4, 0xaf, 0x2d, 0x78, 0x69,
    0xe0, 0xa5, 0x0d, 0xc7, 0xb9, 0xea, 0xaa, 0xff, 0x25, 0x04, 0x7f, 0x0d, 0xdc, 0x2a, 0xf8, 0x6d,
    0xe0, 0x77, 0x6e, 0xfd, 0xeb, 0x9f, 0xfe, 0x6b, 0xae, 0xba, 0xea, 0xaa, 0xab, 0xfe, 0x73, 0x21,
    0xae, 0xba, 0xea, 0x7f, 0x99, 0x07, 0xbf, 0xcc, 0xdb, 0xbc, 0x56, 0xda, 0xaf, 0x2d, 0x78, 0x6d,
    0xc3, 0x6b, 0x73, 0xd5, 0x55, 0xff, 0x87, 0x08, 0x76, 0x81, 0xdf, 0x16, 0xfc, 0x36, 0xf0, 0x33,
    0xb7, 0xfe, 0xf5, 0x4f, 0xdf, 0xca, 0x55, 0x57, 0x5d, 0x75, 0xd5, 0x7f, 0x2c, 0xc4, 0x55, 0x57,
    0xfd, 0x2f, 0xf0, 0xe0, 0x97, 0x7e, 0xeb, 0x97, 0x4e, 0x78, 0x2f, 0xc1, 0x7b, 0x1b, 0x8e, 0x73,
    0xd5, 0x55, 0xff, 0x4f, 0x08, 0xfe, 0x5a, 0xe8, 0xab, 0xc1, 0x3f, 0x73, 0xeb, 0x5f, 0xff, 0xf4,
    0x2e, 0x57, 0x5d, 0x75, 0xd5, 0x55, 0xff, 0x7e, 0x88, 0xab, 0xae, 0xfa, 0x1f, 0xea, 0xc1, 0x2f,
    0xfd, 0xd6, 0x0f, 0x06, 0xde, 0xca, 0xf0, 0xd1, 0x86, 0x07, 0x73, 0xd5, 0x55, 0xff, 0xcf, 0x09,
    0x7e, 0x5a, 0xe8, 0xa7, 0x6f, 0xfd, 0xeb, 0x9f, 0xfa, 0x1e, 0xae, 0xba, 0xea, 0xaa, 0xab, 0xfe,
    0xed, 0x10, 0x57, 0x5d, 0xf5, 0x3f, 0xcc, 0x83, 0x5f, 0xfa, 0xad, 0x5f, 0x3a, 0xe1, 0xa3, 0x80,
    0xf7, 0xe6, 0xaa, 0xab, 0xae, 0x7a, 0x1e, 0x82, 0x5b, 0x0d, 0xdf, 0x1d, 0xf0, 0x35, 0xb7, 0xfe,
    0xf5, 0x4f, 0xef, 0x72, 0xd5, 0x55, 0x57, 0x5d, 0xf5, 0xaf, 0x83, 0xb8, 0xea, 0xaa, 0xff, 0x21,
    0x1e, 0xfc, 0xd2, 0x6f, 0xfd, 0xda, 0x86, 0xcf, 0x32, 0xbc, 0x36, 0x57, 0x5d, 0x75, 0xd5, 0xbf,
    0x48, 0xb0, 0x6b, 0xf8, 0xea, 0x80, 0xaf, 0xb9, 0xf5, 0xaf, 0x7f, 0x7a, 0x97, 0xab, 0xae, 0xba,
    0xea, 0xaa, 0x17, 0x0d, 0xe2, 0xaa, 0xab, 0xfe, 0x9b, 0x3d, 0xf8, 0xa5, 0xdf, 0xfa, 0xb5, 0x0d,
    0x9f, 0x65, 0x78, 0x6d, 0xae, 0xba, 0xea, 0xaa, 0x7f, 0x35, 0xc1, 0xae, 0xe1, 0xbb, 0x03, 0x3e,
    0xe7, 0xd6, 0xbf, 0xfe, 0xe9, 0x5d, 0xae, 0xba, 0xea, 0xaa, 0xab, 0x5e, 0x38, 0xc4, 0x55, 0x57,
    0xfd, 0x37, 0x79, 0xf0, 0x4b, 0xbf, 0xf5, 0x71, 0xc3, 0x77, 0x19, 0xde, 0x9a, 0xab, 0xae, 0xba,
    0xea, 0xdf, 0x4d, 0xb0, 0x2b, 0xf4, 0xd1, 0xb7, 0xfe, 0xf5, 0x4f, 0x7d, 0x0f, 0x57, 0x5d, 0x75,
    0xd5, 0x55, 0x2f, 0x18, 0xe2, 0xaa, 0xab, 0xfe, 0x1b, 0x3c, 0xf8, 0xa5, 0xdf, 0xfa, 0xa3, 0x0c,
    0x9f, 0x6d, 0x38, 0xce, 0x55, 0x57, 0x5d, 0xf5, 0x1f, 0x4a, 0xf0, 0xd7, 0x82, 0x8f, 0xb9, 0xf5,
    0xaf, 0x7f, 0xfa, 0xb7, 0xb9, 0xea, 0xaa, 0xab, 0xae, 0x7a, 0x5e, 0x88, 0xab, 0xae, 0xfa, 0x2f,
    0xf4, 0xe0, 0x97, 0x7e, 0xeb, 0xd7, 0x36, 0x7c, 0x95, 0xe1, 0xa5, 0xb9, 0xea, 0xaa, 0xab, 0xfe,
    0xb3, 0x7d, 0x77, 0xc0, 0xc7, 0xdc, 0xfa, 0xd7, 0x3f, 0xbd, 0xcb, 0x55, 0x57, 0x5d, 0x75, 0xd5,
    0xb3, 0x21, 0xae, 0xba, 0xea, 0xbf, 0xc8, 0x2d, 0x2f, 0xfd, 0xd6, 0x9f, 0x05, 0x7c, 0x36, 0x57,
    0x5d, 0x75, 0xd5, 0x7f, 0x19, 0xc1, 0xad, 0x82, 0xb7, 0xb9, 0xf5, 0xaf, 0x7f, 0xfa, 0xaf, 0xb9,
    0xea, 0xaa, 0xab, 0xae, 0xba, 0x02, 0x71, 0xd5, 0x55, 0xff, 0xc9, 0x1e, 0xfc, 0xd2, 0x6f, 0x7d,
    0xdc, 0xf0, 0x53, 0x86, 0xd7, 0xe6, 0xaa, 0xab, 0xae, 0xfa, 0xef, 0xf2, 0xd9, 0xb7, 0xfd, 0xf5,
    0x4f, 0x7f, 0x0e, 0x57, 0x5d, 0x75, 0xd5, 0x55, 0x80, 0xb8, 0xea, 0xaa, 0xff, 0x44, 0x0f, 0x7e,
    0xe9, 0xb7, 0x7e, 0x6d, 0xc3, 0x4f, 0x19, 0x8e, 0x73, 0xd5, 0x55, 0x57, 0xfd, 0xb7, 0x12, 0xfc,
    0xb6, 0xe0, 0x6d, 0x6e, 0xfd, 0xeb, 0x9f, 0xde, 0xe5, 0xaa, 0xab, 0xae, 0xfa, 0xff, 0x0c, 0x71,
    0xd5, 0x55, 0xff, 0x49, 0x6e, 0x79, 0xe9, 0xb7, 0xfe, 0x2c, 0xe0, 0xb3, 0xb9, 0xea, 0xaa, 0xab,
    0xfe, 0xc7, 0x10, 0xec, 0x0a, 0x5e, 0xe7, 0xd6, 0xbf, 0xfe, 0xe9, 0xbf, 0xe6, 0xaa, 0xab, 0xae,
    0xfa, 0xff, 0x0a, 0x71, 0xd5, 0x55, 0xff, 0x09, 0x6e, 0x79, 0xe9, 0xb7, 0xfe, 0x2e, 0xe0, 0xbd,
    0xb9, 0xea, 0xaa, 0xab, 0xfe, 0xc7, 0x11, 0xec, 0x0a, 0xde, 0xe7, 0xd6, 0xbf, 0xfe, 0xe9, 0x9f,
    0xe6, 0xaa, 0xab, 0xae, 0xfa, 0xff, 0x08, 0x71, 0xd5, 0x55, 0xff, 0x81, 0x1e, 0xfc, 0xd2, 0x6f,
    0x7d, 0xdc, 0xf0, 0x5d, 0x86, 0xb7, 0xe6, 0xaa, 0xab, 0xae, 0xfa, 0x1f, 0x2d, 0xe0, 0x7d, 0x6e,
    0xfd, 0xeb, 0x9f, 0xfe, 0x6e, 0xae, 0xba, 0xea, 0xaa, 0xff, 0x6f, 0x10, 0x57, 0x5d, 0xf5, 0x1f,
    0xe4, 0xc1, 0x2f, 0xfd, 0xd6, 0xc7, 0x0d, 0xbf, 0x65, 0x78, 0x69, 0xae, 0xba, 0xea, 0xaa, 0xff,
    0x15, 0x02, 0x3e, 0xfa, 0xd6, 0xbf, 0xfe, 0xe9, 0xaf, 0xe1, 0xaa, 0xab, 0xae, 0xfa, 0xff, 0x04,
    0x71, 0xd5, 0x55, 0xff, 0x01, 0x1e, 0xfc, 0xd2, 0x6f, 0x7d, 0xdc, 0xf0, 0x5b, 0x86, 0x97, 0xe6,
    0xaa, 0xab, 0xae, 0xfa, 0xdf, 0xe6, 0xbb, 0x6f, 0xfb, 0xeb, 0x9f, 0x7e, 0x1f, 0xae, 0xba, 0xea,
    0xaa, 0xff, 0x2f, 0x10, 0x57, 0x5d, 0xf5, 0xef, 0xf4, 0xe0, 0x97, 0x7e, 0xeb, 0xe3, 0x86, 0xdf,
    0x32, 0xbc, 0x34, 0x57, 0x5d, 0x75, 0xd5, 0xff, 0x56, 0xdf, 0x7d, 0xdb, 0x5f, 0xff, 0xf4, 0xfb,
    0x70, 0xd5, 0x55, 0x57, 0xfd, 0x7f, 0x80, 0xb8, 0xea, 0xaa, 0x7f, 0x87, 0x07, 0xbf, 0xf4, 0x5b,
    0x1f, 0x37, 0xfc, 0x96, 0xe1, 0xa5, 0xb9, 0xea, 0xaa, 0xab, 0xfe, 0xb7, 0xfb, 0xee, 0xdb, 0xfe,
    0xfa, 0xa7, 0xdf, 0x87, 0xab, 0xae, 0xba, 0xea, 0xff, 0x3a, 0xc4, 0x55, 0x57, 0xfd, 0x3b, 0x3c,
    0xe8, 0xa5, 0xdf, 0xfa, 0xa7, 0x0c, 0x6f, 0xcd, 0x55, 0x57, 0x5d, 0xf5, 0x7f, 0xc5, 0x77, 0xdf,
    0xf6, 0xd7, 0x3f, 0xfd, 0x3e, 0x5c, 0x75, 0xd5, 0x55, 0xff, 0x97, 0x21, 0xae, 0xba, 0xea, 0xdf,
    0xe8, 0x96, 0x97, 0x7e, 0xeb, 0xef, 0x02, 0xde, 0x9b, 0xab, 0xae, 0xba, 0xea, 0xff, 0x9a, 0xef,
    0xbe, 0xed, 0xaf, 0x7f, 0xfa, 0x7d, 0xb8, 0xea, 0xaa, 0xab, 0xfe, 0xaf, 0x42, 0x5c, 0x75, 0xd5,
    0xbf, 0xc1, 0x2d, 0x2f, 0xfd, 0xd6, 0x9f, 0x0d, 0x7c, 0x16, 0x57, 0x5d, 0x75, 0xd5, 0xff, 0x55,
    0xdf, 0x7d, 0xdb, 0x5f, 0xff, 0xf4, 0xfb, 0x70, 0xd5, 0x55, 0x57, 0xfd, 0x5f, 0x84, 0xb8, 0xea,
    0xaa, 0x7f, 0xa5, 0x07, 0xbf, 0xf4, 0x5b, 0xbf, 0x76, 0xc2, 0x6f, 0x71, 0xd5, 0x55, 0x57, 0xfd,
    0x5f, 0xf7, 0xdd, 0xb7, 0xfd, 0xf5, 0x4f, 0xbf, 0x0f, 0x57, 0x5d, 0x75, 0xd5, 0xff, 0x35, 0x88,
    0xab, 0xae, 0xfa, 0x57, 0x78, 0xf0, 0x4b, 0xbf, 0xf5, 0x71, 0xc3, 0xd3, 0x0d, 0xc7, 0xb9, 0xea,
    0xaa, 0xab, 0xfe, 0x3f, 0xf8, 0xee, 0xdb, 0xfe, 0xfa, 0xa7, 0xdf, 0x87, 0xab, 0xae, 0xba, 0xea,
    0xff, 0x12, 0xc4, 0x55, 0x57, 0xfd, 0x2b, 0x3c, 0xe8, 0xa5, 0xdf, 0xfa, 0xb7, 0x0c, 0xaf, 0xcd,
    0x55, 0x57, 0x5d, 0xf5, 0xff, 0xc9, 0x77, 0xdf, 0xf6, 0xd7, 0x3f, 0xfd, 0x3e, 0x5c, 0x75, 0xd5,
    0x55, 0xff, 0x57, 0x20, 0xae, 0xba, 0xea, 0x45, 0x74, 0xcb, 0x4b, 0xbf, 0xf5, 0x67, 0x03, 0x9f,
    0xc5, 0x55, 0x57, 0x5d, 0xf5, 0xff, 0xd1, 0x77, 0xdf, 0xf6, 0xd7, 0x3f, 0xfd, 0x3e, 0x5c, 0x75,
    0xd5, 0x55, 0xff, 0x17, 0x20, 0xae, 0xba, 0xea, 0x45, 0xf0, 0xe0, 0x97, 0x7e, 0xeb, 0xd7, 0x4e,
    0xf8, 0x2d, 0xae, 0xba, 0xea, 0xaa, 0xff, 0xcf, 0xbe, 0xfb, 0xb6, 0xbf, 0xfe, 0xe9, 0xf7, 0xe1,
    0xaa, 0xab, 0xae, 0xfa, 0xdf, 0x0e, 0x71, 0xd5, 0x55, 0x2f, 0x82, 0x07, 0xbd, 0xf4, 0x5b, 0xff,
    0x95, 0xe1, 0xa5, 0xb9, 0xea, 0xaa, 0xab, 0xfe, 0xbf, 0xfb, 0xee, 0xdb, 0xfe, 0xfa, 0xa7, 0xdf,
    0x87, 0xab, 0xae, 0xba, 0xea, 0x7f, 0x33, 0xc4, 0x55, 0x57, 0xfd, 0x0b, 0x1e, 0xfc, 0xd2, 0x6f,
    0xfd, 0xd1, 0x09, 0x5f, 0xc5, 0x55, 0x57, 0x5d, 0x75, 0xd5, 0x15, 0xdf, 0x7d, 0xdb, 0x5f, 0xff,
    0xf4, 0xfb, 0x70, 0xd5, 0x55, 0x57, 0xfd, 0x6f, 0x85, 0xb8, 0xea, 0xaa, 0x17, 0xe2, 0xc1, 0x2f,
    0xfd, 0xd6, 0xc7, 0x0d, 0x4f, 0x37, 0x1c, 0xe7, 0xaa, 0xab, 0xae, 0xba, 0xea, 0xd9, 0xbe, 0xfb,
    0xb6, 0xbf, 0xfe, 0xe9, 0xf7, 0xe1, 0xaa, 0xab, 0xae, 0xfa, 0xdf, 0x08, 0x71, 0xd5, 0x55, 0x2f,
    0xc4, 0x83, 0x5e, 0xfa, 0xad, 0x7f, 0xca, 0xf0, 0xd6, 0x5c, 0x75, 0xd5, 0x55, 0x57, 0x3d, 0xaf,
    0xef, 0xbe, 0xed, 0xaf, 0x7f, 0xfa, 0x7d, 0xb8, 0xea, 0xaa, 0xab, 0xfe, 0xb7, 0x41, 0x5c, 0x75,
    0xd5, 0x0b, 0xf0, 0xe0, 0x97, 0x7e, 0xeb, 0xd7, 0x4e, 0xf8, 0x2d, 0xae, 0xba, 0xea, 0xaa, 0xab,
    0x5e, 0xb0, 0xef, 0xbe, 0xed, 0xaf, 0x7f, 0xfa, 0x7d, 0xb8, 0xea, 0xaa, 0xab, 0xfe, 0x37, 0x41,
    0x5c, 0x75, 0xd5, 0x0b, 0xf0, 0xa0, 0x97, 0x7e, 0xeb, 0xdf, 0x32, 0xbc, 0x36, 0x57, 0x5d, 0x75,
    0xd5, 0x55, 0x2f, 0xdc, 0x77, 0xdf, 0xf6, 0xd7, 0x3f, 0xfd, 0x3e, 0x5c, 0x75, 0xd5, 0x55, 0xff,
    0x5b, 0x20, 0xae, 0xba, 0xea, 0xf9, 0x78, 0xf0, 0x4b, 0xbf, 0xf5, 0x6b, 0x27, 0xfc, 0x16, 0x57,
    0x5d, 0x75, 0xd5, 0x55, 0x2f, 0x9a, 0xef, 0xbe, 0xed, 0xaf, 0x7f, 0xfa, 0x7d, 0xb8, 0xea, 0xaa,
    0xab, 0xfe, 0x37, 0x40, 0x5c, 0x75, 0xd5, 0xf3, 0xf1, 0xa0, 0x97, 0x7e, 0xeb, 0xdf, 0x32, 0xbc,
    0x36, 0x57, 0x5d, 0x75, 0xd5, 0x55, 0x2f, 0xba, 0xef, 0xbe, 0xed, 0xaf, 0x7f, 0xfa, 0x7d, 0xb8,
    0xea, 0xaa, 0xab, 0xfe, 0xa7, 0x43, 0x5c, 0x75, 0xd5, 0x73, 0x79, 0xf0, 0x4b, 0xbf, 0xf5, 0x4b,
    0x27, 0xfc, 0x15, 0x57, 0x5d, 0x75, 0xd5, 0x55, 0xff, 0x7a, 0xdf, 0x7d, 0xdb, 0x5f, 0xff, 0xf4,
    0xfb, 0x70, 0xd5, 0x55, 0x57, 0xfd, 0x4f, 0x86, 0xb8, 0xea, 0xaa, 0xe7, 0x72, 0xcb, 0x4b, 0xbf,
    0xf5, 0x77, 0x03, 0xef, 0xc5, 0x55, 0x57, 0x5d, 0x75, 0xd5, 0xbf, 0xcd, 0x77, 0xdf, 0xf6, 0xd7,
    0x3f, 0xfd, 0x3e, 0x5c, 0x75, 0xd5, 0x55, 0xff, 0x53, 0x21, 0xae, 0xba, 0xea, 0x01, 0x1e, 0xfc,
    0xd2, 0x6f, 0xfd, 0xe0, 0x84, 0xa7, 0x73, 0xd5, 0x55, 0x57, 0x5d, 0xf5, 0xef, 0xf3, 0xdd, 0xb7,
    0xfd, 0xf5, 0x4f, 0xbf, 0x0f, 0x57, 0x5d, 0x75, 0xd5, 0xff, 0x44, 0x88, 0xab, 0xae, 0x7a, 0x80,
    0x07, 0xbf, 0xf4, 0x5b, 0x7f, 0x74, 0xc2, 0x57, 0x71, 0xd5, 0x55, 0x57, 0x5d, 0xf5, 0xef, 0xf7,
    0xdd, 0xb7, 0xfd, 0xf5, 0x4f, 0xbf, 0x0f, 0x57, 0x5d, 0x75, 0xd5, 0xff, 0x34, 0x88, 0xab, 0xae,
    0x7a, 0x80, 0x07, 0xbd, 0xf4, 0x5b, 0x3f, 0xdd, 0xf0, 0x60, 0xae, 0xba, 0xea, 0xaa, 0xab, 0xfe,
    0x63, 0x7c, 0xf7, 0x6d, 0x7f, 0xfd, 0xd3, 0xef, 0xc3, 0x55, 0x57, 0x5d, 0xf5, 0x3f, 0x09, 0xe2,
    0xaa, 0xab, 0x9e, 0xe9, 0xc1, 0x2f, 0xfd, 0xd6, 0x2f, 0x9d, 0xf0, 0x57, 0x5c, 0x75, 0xd5, 0x55,
    0x57, 0xfd, 0xc7, 0xfa, 0xee, 0xdb, 0xfe, 0xfa, 0xa7, 0xdf, 0x87, 0xab, 0xae, 0xba, 0xea, 0x7f,
    0x0a, 0xc4, 0x55, 0x57, 0x3d, 0xd3, 0x2d, 0x2f, 0xfd, 0xd6, 0x5f, 0x0d, 0x7c, 0x14, 0x57, 0x5d,
    0x75, 0xd5, 0x55, 0xff, 0xf1, 0xbe, 0xfb, 0xb6, 0xbf, 0xfe, 0xe9, 0xf7, 0xe1, 0xaa, 0xab, 0xae,
    0xfa, 0x9f, 0x00, 0x71, 0xd5, 0x55, 0xcf, 0xf4, 0xa0, 0x97, 0x7e, 0xeb, 0x8b, 0x86, 0xe3, 0x5c,
    0x75, 0xd5, 0x55, 0x57, 0xfd, 0xe7, 0xf8, 0xee, 0xdb, 0xfe, 0xfa, 0xa7, 0xdf, 0x87, 0xab, 0xae,
    0xba, 0xea, 0xbf, 0x1b, 0xe2, 0xaa, 0xab, 0x80, 0x07, 0xbf, 0xf4, 0x5b, 0xbf, 0x76, 0xc2, 0x6f,
    0x71, 0xd5, 0x55, 0x57, 0x5d, 0xf5, 0x9f, 0xeb, 0xbb, 0x6f, 0xfb, 0xeb, 0x9f, 0x7e, 0x1f, 0xae,
    0xba, 0xea, 0xaa, 0xff, 0x4e, 0x88, 0xab, 0xae, 0x02, 0x6e, 0x79, 0xe9, 0xb7, 0xfe, 0x6c, 0xe0,
    0xb3, 0xb8, 0xea, 0xaa, 0xab, 0xae, 0xfa, 0xcf, 0xf7, 0xdd, 0xb7, 0xfd, 0xf5, 0x4f, 0xbf, 0x0f,
    0x57, 0x5d, 0x75, 0xd5, 0x7f, 0x17, 0xc4, 0x55, 0x57, 0x01, 0x0f, 0x7a, 0xe9, 0xb7, 0xfe, 0x6d,
    0xc3, 0x6b, 0x71, 0xd5, 0x55, 0x57, 0x5d, 0xf5, 0x5f, 0xe3, 0xbb, 0x6f, 0xfb, 0xeb, 0x9f, 0x7e,
    0x1f, 0xae, 0xba, 0xea, 0xaa, 0xff, 0x0e, 0x88, 0xab, 0xfe, 0xdf, 0x7b, 0xf0, 0x4b, 0xbf, 0xf5,
    0xf1, 0x84, 0x8b, 0x5c, 0x75, 0xd5, 0x55, 0x57, 0xfd, 0xd7, 0xfa, 0xee, 0xdb, 0xfe, 0xfa, 0xa7,
    0xdf, 0x87, 0xab, 0xae, 0xba, 0xea, 0xbf, 0x1a, 0xe2, 0xaa, 0xff, 0xf7, 0x1e, 0xfc, 0xd2, 0x6f,
    0xfd, 0xd6, 0x09, 0x3f, 0xc5, 0x55, 0x57, 0x5d, 0x75, 0xd5, 0x7f, 0xbd, 0xef, 0xbe, 0xed, 0xaf,
    0x7f, 0xfa, 0x7d, 0xb8, 0xea, 0xaa, 0xab, 0xfe, 0x2b, 0x21, 0xae, 0xfa, 0x7f, 0xef, 0x96, 0x97,
    0x7e, 0xeb, 0xaf, 0x06, 0x3e, 0x8a, 0xab, 0xae, 0xba, 0xea, 0xaa, 0xff, 0x1e, 0xdf, 0x7d, 0xdb,
    0x5f, 0xff, 0xf4, 0xfb, 0x70, 0xd5, 0x55, 0x57, 0xfd, 0x57, 0x41, 0x5c, 0xf5, 0xff, 0xde, 0x83,
    0x5e, 0xfa, 0xad, 0x7f, 0xdb, 0xf0, 0x5a, 0x5c, 0x75, 0xd5, 0x55, 0x57, 0xfd, 0xf7, 0xf9, 0xee,
    0xdb, 0xfe, 0xfa, 0xa7, 0xdf, 0x87, 0xab, 0xae, 0xba, 0xea, 0xbf, 0x02, 0xe2, 0xaa, 0xff, 0xf7,
    0x1e, 0xf4, 0xd2, 0x6f, 0x7d, 0xd1, 0x70, 0x9c, 0xab, 0xae, 0xba, 0xea, 0xaa, 0xff, 0x5e, 0xdf,
    0x7d, 0xdb, 0x5f, 0xff, 0xf4, 0xfb, 0x70, 0xd5, 0x55, 0x57, 0xfd, 0x67, 0x43, 0x5c, 0xf5, 0xff,
    0xde, 0x2d, 0x2f, 0xfd, 0xd6, 0xe6, 0xaa, 0xab, 0xae, 0xba, 0xea, 0x7f, 0x86, 0xef, 0xbe, 0xed,
    0xaf, 0x7f, 0xfa, 0x7d, 0xb8, 0xea, 0xaa, 0xab, 0xfe, 0x33, 0x21, 0xae, 0xfa, 0x7f, 0xed, 0xc1,
    0x2f, 0xfd, 0xd6, 0xaf, 0x9d, 0xf0, 0x5b, 0x5c, 0x75, 0xd5, 0x55, 0x57, 0xfd, 0xcf, 0xf1, 0xdd,
    0xb7, 0xfd, 0xf5, 0x4f, 0xbf, 0x0f, 0x57, 0x5d, 0x75, 0xd5, 0x7f, 0x16, 0xc4, 0x55, 0xff, 0xaf,
    0x3d, 0xf8, 0xa5, 0xdf, 0xfa, 0xbd, 0x13, 0xbe, 0x8b, 0xab, 0xae, 0xba, 0xea, 0xaa, 0xff, 0x59,
    0xbe, 0xfb, 0xb6, 0xbf, 0xfe, 0xe9, 0xf7, 0xe1, 0xaa, 0xab, 0xae, 0xfa, 0xcf, 0x80, 0xb8, 0xea,
    0xff, 0xb5, 0x5b, 0x5e, 0xfa, 0xad, 0x3f, 0x1b, 0xf8, 0x2c, 0xae, 0xba, 0xea, 0xaa, 0xab, 0xfe,
    0xe7, 0xf9, 0xee, 0xdb, 0xfe, 0xfa, 0xa7, 0xdf, 0x87, 0xab, 0xae, 0xba, 0xea, 0x3f, 0x1a, 0xe2,
    0xaa, 0xff, 0xd7, 0x6e, 0x79, 0xe9, 0xb7, 0xfe, 0x69, 0xe0, 0xad, 0xb8, 0xea, 0xaa, 0xab, 0xae,
    0xfa, 0x9f, 0xe9, 0xbb, 0x6f, 0xfb, 0xeb, 0x9f, 0x7e, 0x1f, 0xae, 0xba, 0xea, 0xaa, 0xff, 0x48,
    0x88, 0xab, 0xfe, 0x5f, 0x7b, 0xd0, 0x4b, 0xbf, 0xf5, 0x6f, 0x1b, 0x5e, 0x8b, 0xab, 0xae, 0xba,
    0xea, 0x5f, 0x4d, 0xf0, 0x37, 0x86, 0x97, 0xe2, 0xaa, 0xff, 0x6c, 0xdf, 0x7d, 0xdb, 0x5f, 0xff,
    0xf4, 0xfb, 0x70, 0xd5, 0x55, 0x57, 0xfd, 0x47, 0x41, 0x5c, 0xf5, 0xff, 0xda, 0x83, 0x5e, 0xfa,
    0xad, 0x7f, 0xdb, 0xf0, 0x5a, 0x5c, 0x75, 0xd5, 0x55, 0xff, 0x6a, 0x01, 0x27, 0x0c, 0xbf, 0x6d,
    0x78, 0x29, 0xae, 0xfa, 0xcf, 0xf6, 0xdd, 0xb7, 0xfd, 0xf5, 0x4f, 0xbf, 0x0f, 0x57, 0x5d, 0x75,
    0xd5, 0x7f, 0x04, 0xc4, 0x55, 0xff, 0xaf, 0x3d, 0xe8, 0xa5, 0xdf, 0xfa, 0xb7, 0x0d, 0xaf, 0xc5,
    0x55, 0x57, 0x5d, 0xf5, 0xaf, 0x76, 0xdb, 0x5f, 0xff, 0xb4, 0x1e, 0xfc, 0xd2, 0x6f, 0x7d, 0xdc,
    0xf0, 0xdb, 0x86, 0x97, 0xe2, 0xaa, 0xff, 0x6c, 0xdf, 0x7d, 0xdb, 0x5f, 0xff, 0xf4, 0xfb, 0x70,
    0xd5, 0x55, 0x57, 0xfd, 0x7b, 0x21, 0xae, 0xfa, 0x7f, 0xed, 0x41, 0x2f, 0xfd, 0xd6, 0x4f, 0x37,
    0x3c, 0x98, 0xab, 0xae, 0xba, 0xea, 0x5f, 0xed, 0xb6, 0xbf, 0xfe, 0x69, 0x01, 0x3c, 0xf8, 0xa5,
    0xdf, 0xfa, 0xb8, 0xe1, 0xb7, 0x0d, 0x2f, 0xc5, 0x55, 0xff, 0xd9, 0xbe, 0xfb, 0xb6, 0xbf, 0xfe,
    0xe9, 0xf7, 0xe1, 0xaa, 0xab, 0xae, 0xfa, 0xf7, 0x40, 0x5c, 0xf5, 0xff, 0xda, 0x2d, 0x2f, 0xfd,
    0xd6, 0xe6, 0xaa, 0xab, 0xae, 0xfa, 0x37, 0xb9, 0xed, 0xaf, 0x7f, 0x5a, 0x3c, 0xd3, 0x83, 0x5f,
    0xfa, 0xad, 0x8f, 0x1b, 0x7e, 0xdb, 0xf0, 0x52, 0x5c, 0xf5, 0x9f, 0xed, 0xbb, 0x6f, 0xfb, 0xeb,
    0x9f, 0x7e, 0x1f, 0xae, 0xba, 0xea, 0xaa, 0x7f, 0x2b, 0xc4, 0x55, 0xff, 0xaf, 0xdd, 0xf2, 0xd2,
    0x6f, 0x6d, 0xae, 0xba, 0xea, 0xaa, 0x7f, 0x93, 0xdb, 0xfe, 0xfa, 0xa7, 0xc5, 0x03, 0x3c, 0xf8,
    0xa5, 0xdf, 0xfa, 0xb8, 0xe1, 0xb7, 0x0d, 0x2f, 0xc5, 0x55, 0xff, 0xd9, 0xbe, 0xfb, 0xb6, 0xbf,
    0xfe, 0xe9, 0xf7, 0xe1, 0xaa, 0xab, 0xae, 0xfa, 0xb7, 0x40, 0x5c, 0xf5, 0xff, 0xda, 0x2d, 0x2f,
    0xfd, 0xd6, 0xe6, 0xaa, 0xab, 0xae, 0xfa, 0x37, 0xb9, 0xed, 0xaf, 0x7f, 0x5a, 0x3c, 0x97, 0x07,
    0xbf, 0xf4, 0x5b, 0x1f, 0x37, 0xfc, 0xb6, 0xe1, 0xa5, 0xb8, 0xea, 0x3f, 0xdb, 0x77, 0xdf, 0xf6,
    0xd7, 0x3f, 0xfd, 0x3e, 0x5c, 0x75, 0xd5, 0x55, 0xff, 0x5a, 0x88, 0xab, 0xfe, 0x5f, 0xbb, 0xe5,
    0xa5, 0xdf, 0xda, 0x5c, 0x75, 0xd5, 0x55, 0xff, 0x26, 0xb7, 0xfd, 0xf5, 0x4f, 0x8b, 0xe7, 0xe3,
    0xc1, 0x2f, 0xfd, 0xd6, 0xc7, 0x0d, 0xbf, 0x6d, 0x78, 0x29, 0xae, 0xfa, 0xcf, 0xf6, 0xdd, 0xb7,
    0xfd, 0xf5, 0x4f, 0xbf, 0x0f, 0x57, 0x5d, 0x75, 0xd5, 0xbf, 0x06, 0xe2, 0xaa, 0xff, 0xd7, 0x6e,
    0x79, 0xe9, 0xb7, 0x36, 0x57, 0x5d, 0x75, 0xd5, 0xbf, 0xc9, 0x6d, 0x7f, 0xfd, 0xd3, 0xe2, 0x05,
    0x78, 0xf0, 0x4b, 0xbf, 0xf5, 0x71, 0xc3, 0x6f, 0x1b, 0x5e, 0x8a, 0xab, 0xfe, 0xb3, 0x7d, 0xf7,
    0x6d, 0x7f, 0xfd, 0xd3, 0xef, 0xc3, 0x55, 0x57, 0x5d, 0xf5, 0xa2, 0x42, 0x5c, 0xf5, 0xff, 0xda,
    0x2d, 0x2f, 0xfd, 0xd6, 0xe6, 0xaa, 0xab, 0xae, 0xfa, 0x37, 0xb9, 0xed, 0xaf, 0x7f, 0x5a, 0xbc,
    0x10, 0x0f, 0x7e, 0xe9, 0xb7, 0x3e, 0x6e, 0xf8, 0x6d, 0xc3, 0x4b, 0x71, 0xd5, 0x7f, 0xb6, 0xef,
    0xbe, 0xed, 0xaf, 0x7f, 0xfa, 0x7d, 0xb8, 0xea, 0xaa, 0xab, 0x5e, 0x14, 0x88, 0xab, 0xfe, 0x5f,
    0xbb, 0xe5, 0xa5, 0xdf, 0xda, 0x5c, 0x75, 0xd5, 0x55, 0xff, 0x26, 0xb7, 0xfd, 0xf5, 0x4f, 0x8b,
    0x7f, 0xc1, 0x83, 0x5f, 0xfa, 0xad, 0x8f, 0x1b, 0x7e, 0xdb, 0xf0, 0x52, 0x5c, 0xf5, 0x9f, 0xed,
    0xbb, 0x6f, 0xfb, 0xeb, 0x9f, 0x7e, 0x1f, 0xae, 0xba, 0xea, 0xaa, 0x7f, 0x09, 0xe2, 0xaa, 0xff,
    0xd7, 0x6e, 0x79, 0xe9, 0xb7, 0x36, 0x57, 0x5d, 0x75, 0xd5, 0xbf, 0xc9, 0x6d, 0x7f, 0xfd, 0xd3,
    0xe2, 0x45, 0xf0, 0xe0, 0x97, 0x7e, 0xeb, 0xe3, 0x86, 0xdf, 0x36, 0xbc, 0x14, 0x57, 0xfd, 0x67,
    0xfb, 0xee, 0xdb, 0xfe, 0xfa, 0xa7, 0xdf, 0x87, 0xab, 0xae, 0xba, 0xea, 0x85, 0x41, 0x5c, 0xf5,
    0xff, 0xda, 0x2d, 0x2f, 0xfd, 0xd6, 0xe6, 0xaa, 0xab, 0xae, 0xfa, 0x37, 0xb9, 0xed, 0xaf, 0x7f,
    0x5a, 0xbc, 0x88, 0x1e, 0xfc, 0xd2, 0x6f, 0x7d, 0xdc, 0xf0, 0xdb, 0x86, 0x97, 0xe2, 0xaa, 0xff,
    0x6c, 0xdf, 0x7d, 0xdb, 0x5f, 0xff, 0xf4, 0xfb, 0x70, 0xd5, 0x55, 0x57, 0xbd, 0x20, 0x88, 0xab,
    0xfe, 0x5f, 0xbb, 0xe5, 0xa5, 0xdf, 0xda, 0x5c, 0x75, 0xd5, 0x55, 0xff, 0x26, 0xb7, 0xfd, 0xf5,
    0x4f, 0x8b, 0x7f, 0x85, 0x07, 0xbf, 0xf4, 0x5b, 0x1f, 0x37, 0xfc, 0xb6, 0xe1, 0xa5, 0xb8, 0xea,
    0x3f, 0xdb, 0x77, 0xdf, 0xf6, 0xd7, 0x3f, 0xfd, 0x3e, 0x5c, 0x75, 0xd5, 0x55, 0xcf, 0x0f, 0xe2,
    0xaa, 0xff, 0xd7, 0x6e, 0x79, 0xe9, 0xb7, 0x36, 0x57, 0x5d, 0x75, 0xd5, 0xbf, 0xc9, 0x6d, 0x7f,
    0xfd, 0xd3, 0xe2, 0x5f, 0xe9, 0xc1, 0x2f, 0xfd, 0xd6, 0xc7, 0x0d, 0xbf, 0x6d, 0x78, 0x29, 0xae,
    0xfa, 0xcf, 0xf6, 0xdd, 0xb7, 0xfd, 0xf5, 0x4f, 0xbf, 0x0f, 0x57, 0x5d, 0x75, 0xd5, 0x73, 0x43,
    0x5c, 0xf5, 0xff, 0xda, 0x2d, 0x2f, 0xfd, 0xd6, 0xe6, 0xaa, 0xab, 0xae, 0xfa, 0x37, 0xb9, 0xed,
    0xaf, 0x7f, 0x5a, 0xfc, 0x1b, 0x3c, 0xf8, 0xa5, 0xdf, 0xfa, 0xb8, 0xe1, 0xb7, 0x0d, 0x2f, 0xc5,
    0x55, 0xff, 0xd9, 0xbe, 0xfb, 0xb6, 0xbf, 0xfe, 0xe9, 0xf7, 0xe1, 0xaa, 0xab, 0xae, 0x7a, 0x20,
    0xc4, 0x55, 0xff, 0xaf, 0xdd, 0xf2, 0xd2, 0x6f, 0x6d, 0xae, 0xba, 0xea, 0xaa, 0x7f, 0x93, 0xdb,
    0xfe, 0xfa, 0xa7, 0xc5, 0xbf, 0xd1, 0x83, 0x5f, 0xfa, 0xad, 0x8f, 0x1b, 0x7e, 0xdb, 0xf0, 0x52,
    0x5c, 0xf5, 0x9f, 0xed, 0xbb, 0x6f, 0xfb, 0xeb, 0x9f, 0x7e, 0x1f, 0xae, 0xba, 0xea, 0xaa, 0xfb,
    0x21, 0xae, 0xfa, 0x7f, 0xed, 0x96, 0x97, 0x7e, 0x6b, 0x73, 0xd5, 0x55, 0x57, 0xfd, 0x9b, 0xdc,
    0xf6, 0xd7, 0x3f, 0x2d, 0xfe, 0x1d, 0x1e, 0xfc, 0xd2, 0x6f, 0x7d, 0xdc, 0xf0, 0xdb, 0x86, 0x97,
    0xe2, 0xaa, 0xff, 0x6c, 0xdf, 0x7d, 0xdb, 0x5f, 0xff, 0xf4, 0xfb, 0x70, 0xd5, 0x55, 0x57, 0x01,
    0x20, 0xae, 0xfa, 0x7f, 0xed, 0x96, 0x97, 0x7e, 0x6b, 0x73, 0xd5, 0x55, 0x57, 0xfd, 0x9b, 0xdc,
    0xf6, 0xd7, 0x3f, 0x2d, 0xfe, 0x9d, 0x1e, 0xfc, 0xd2, 0x6f, 0x7d, 0xdc, 0xf0, 0xdb, 0x86, 0x97,
    0xe2, 0xaa, 0xff, 0x6c, 0xdf, 0x7d, 0xdb, 0x5f, 0xff, 0xf4, 0xfb, 0x70, 0xd5, 0x55, 0x57, 0x21,
    0xae, 0xfa, 0x7f, 0xed, 0x96, 0x97, 0x7e, 0x6b, 0x73, 0xd5, 0x55, 0x57, 0xfd, 0x9b, 0xdc, 0xf6,
    0xd7, 0x3f, 0x2d, 0xfe, 0x03, 0x3c, 0xf8, 0xa5, 0xdf, 0xfa, 0xb8, 0xe1, 0xb7, 0x0d, 0x2f, 0xc5,
    0x55, 0xff, 0xd9, 0xbe, 0xfb, 0xb6, 0xbf, 0xfe, 0xe9, 0xf7, 0xe1, 0xaa, 0xab, 0xfe, 0x7f, 0x43,
    0x5c, 0xf5, 0xff, 0xda, 0x2d, 0x2f, 0xfd, 0xd6, 0xe6, 0xaa, 0xab, 0xae, 0xfa, 0x37, 0xb9, 0xed,
    0xaf, 0x7f, 0x5a, 0xfc, 0x07, 0x79, 0xf0, 0x4b, 0xbf, 0xf5, 0x71, 0xc3, 0x6f, 0x1b, 0x5e, 0x8a,
    0xab, 0xfe, 0xb3, 0x7d, 0xf7, 0x6d, 0x7f, 0xfd, 0xd3, 0xef, 0xc3, 0x55, 0x57, 0xfd, 0xff, 0x85,
    0xb8, 0xea, 0xff, 0xb5, 0x5b, 0x5e, 0xfa, 0xad, 0xcd, 0x55, 0x57, 0x5d, 0xf5, 0x6f, 0x72, 0xdb,
    0x5f, 0xff, 0xb4, 0xf8, 0x0f, 0xf4, 0xe0, 0x97, 0x7e, 0xeb, 0xe3, 0x86, 0xdf, 0x36, 0xbc, 0x14,
    0x57, 0xfd, 0x67, 0xfb, 0xee, 0xdb, 0xfe, 0xfa, 0xa7, 0xdf, 0x87, 0xab, 0xae, 0xfa, 0xff, 0x09,
    0x71, 0xd5, 0xff, 0x6b, 0xb7, 0xbc, 0xf4, 0x5b, 0x9b, 0xab, 0xae, 0xba, 0xea, 0xdf, 0xe4, 0xb6,
    0xbf, 0xfe, 0x69, 0xf1, 0x1f, 0xec, 0xc1, 0x2f, 0xfd, 0xd6, 0xc7, 0x0d, 0xbf, 0x6d, 0x78, 0x29,
    0xae, 0xfa, 0xcf, 0xf6, 0xdd, 0xb7, 0xfd, 0xf5, 0x4f, 0xbf, 0x0f, 0x57, 0x5d, 0xf5, 0xff, 0x0f,
    0xe2, 0xaa, 0xff, 0xd7, 0x6e, 0x79, 0xe9, 0xb7, 0x36, 0x57, 0x5d, 0x75, 0xd5, 0xbf, 0xc9, 0x6d,
    0x7f, 0xfd, 0xd3, 0xe2, 0x3f, 0xc1, 0x83, 0x5f, 0xfa, 0xad, 0x8f, 0x1b, 0x7e, 0xdb, 0xf0, 0x52,
    0x5c, 0xf5, 0x9f, 0xed, 0xbb, 0x6f, 0xfb, 0xeb, 0x9f, 0x7e, 0x1f, 0xae, 0xba, 0xea, 0xff, 0x17,
    0xc4, 0x55, 0xff, 0xaf, 0xdd, 0xf2, 0xd2, 0x6f, 0x6d, 0xae, 0xba, 0xea, 0xaa, 0x7f, 0x93, 0xdb,
    0xfe, 0xfa, 0xa7, 0xc5, 0x7f, 0x92, 0x07, 0xbf, 0xf4, 0x5b, 0x1f, 0x37, 0xfc, 0xb6, 0xe1, 0xa5,
    0xb8, 0xea, 0x3f, 0xdb, 0x77, 0xdf, 0xf6, 0xd7, 0x3f, 0xfd, 0x3e, 0x5c, 0x75, 0xd5, 0xff, 0x1f,
    0x88, 0xab, 0xfe, 0x5f, 0xbb, 0xe5, 0xa5, 0xdf, 0xda, 0x5c, 0x75, 0xd5, 0x55, 0xff, 0x26, 0xb7,
    0xfd, 0xf5, 0x4f, 0x8b, 0xff, 0x44, 0x0f, 0x7e, 0xe9, 0xb7, 0x3e, 0x6e, 0xf8, 0x6d, 0xc3, 0x4b,
    0x71, 0xd5, 0x7f, 0xb6, 0xef, 0xbe, 0xed, 0xaf, 0x7f, 0xfa, 0x7d, 0xb8, 0xea, 0xaa, 0xff, 0x1f,
    0x10, 0x57, 0xfd, 0xbf, 0x76, 0xcb, 0x4b, 0xbf, 0xb5, 0xb9, 0xea, 0xaa, 0xab, 0xfe, 0x4d, 0x6e,
    0xfb, 0xeb, 0x9f, 0x16, 0xff, 0xc9, 0x1e, 0xfc, 0xd2, 0x6f, 0x7d, 0xdc, 0xf0, 0xdb, 0x86, 0x97,
    0xe2, 0xaa, 0xff, 0x6c, 0xdf, 0x7d, 0xdb, 0x5f, 0xff, 0xf4, 0xfb, 0x70, 0xd5, 0x55, 0xff, 0xf7,
    0x21, 0xae, 0xfa, 0x7f, 0xed, 0x96, 0x97, 0x7e, 0x6b, 0x73, 0xd5, 0x55, 0x57, 0xfd, 0x9b, 0xdc,
    0xf6, 0xd7, 0x3f, 0x2d, 0xfe, 0x0b, 0x3c, 0xf8, 0xa5, 0xdf, 0xfa, 0xb8, 0xe1, 0xb7, 0x0d, 0x2f,
    0xc5, 0x55, 0xff, 0xd9, 0xbe, 0xfb, 0xb6, 0xbf, 0xfe, 0xe9, 0xf7, 0xe1, 0xaa, 0xab, 0xfe, 0x6f,
    0x43, 0x5c, 0xf5, 0xff, 0xda, 0x2d, 0x2f, 0xfd, 0xd6, 0xe6, 0xaa, 0xab, 0xae, 0xfa, 0x37, 0xb9,
    0xed, 0xaf, 0x7f, 0x5a, 0xfc, 0x17, 0x79, 0xf0, 0x4b, 0xbf, 0xf5, 0x71, 0xc3, 0x6f, 0x1b, 0x5e,
    0x8a, 0xab, 0xfe, 0xb3, 0x7d, 0xf7, 0x6d, 0x7f, 0xfd, 0xd3, 0xef, 0xc3, 0x55, 0x57, 0xfd, 0xdf,
    0x85, 0xb8, 0xea, 0xff, 0xb5, 0x5b, 0x5e, 0xfa, 0xad, 0xcd, 0x55, 0x57, 0x5d, 0xf5, 0x6f, 0x72,
    0xdb, 0x5f, 0xff, 0xb4, 0xf8, 0x2f, 0xf4, 0xe0, 0x97, 0x7e, 0xeb, 0xe3, 0x86, 0xdf, 0x36, 0xbc,
    0x14, 0x57, 0xfd, 0x67, 0xfb, 0xee, 0xdb, 0xfe, 0xfa, 0xa7, 0xdf, 0x87, 0xab, 0xae, 0xfa, 0xbf,
    0x09, 0x71, 0xd5, 0xff, 0x6b, 0xb7, 0xbc, 0xf4, 0x5b, 0x9b, 0xab, 0xae, 0xba, 0xea, 0xdf, 0xe4,
    0xb6, 0xbf, 0xfe, 0x69, 0xf1, 0x5f, 0xec, 0xc1, 0x2f, 0xfd, 0xd6, 0xc7, 0x0d, 0xbf, 0x6d, 0x78,
    0x29, 0xae, 0xfa, 0xcf, 0xf6, 0xdd, 0xb7, 0xfd, 0xf5, 0x4f, 0xbf, 0x0f, 0x57, 0x5d, 0xf5, 0x7f,
    0x0f, 0xe2, 0xaa, 0xff, 0xd7, 0x6e, 0x79, 0xe9, 0xb7, 0x36, 0x57, 0x5d, 0x75, 0xd5, 0xbf, 0xc9,
    0x6d, 0x7f, 0xfd, 0xd3, 0xe2, 0xbf, 0xc1, 0x83, 0x5f, 0xfa, 0xad, 0x8f, 0x1b, 0x7e, 0xdb, 0xf0,
    0x52, 0x5c, 0xf5, 0x9f, 0xed, 0xbb, 0x6f, 0xfb, 0xeb, 0x9f, 0x7e, 0x1f, 0xae, 0xba, 0xea, 0xff,
    0x16, 0xc4, 0x55, 0xff, 0xaf, 0xdd, 0xf2, 0xd2, 0x6f, 0x6d, 0xae, 0xba, 0xea, 0xaa, 0x7f, 0x93,
    0xdb, 0xfe, 0xfa, 0xa7, 0xc5, 0x7f, 0x93, 0x07, 0xbf, 0xf4, 0x5b, 0x1f, 0x37, 0xfc, 0xb6, 0xe1,
    0xa5, 0xb8, 0xea, 0x3f, 0xdb, 0x77, 0xdf, 0xf6, 0xd7, 0x3f, 0xfd, 0x3e, 0x5c, 0x75, 0xd5, 0xff,
    0x1d, 0x88, 0xab, 0xfe, 0x5f, 0xbb, 0xe5, 0xa5, 0xdf, 0xda, 0x5c, 0x75, 0xd5, 0x55, 0xff, 0x26,
    0xb7, 0xfd, 0xf5, 0x4f, 0x8b, 0xff, 0x46, 0x0f, 0x7e, 0xe9, 0xb7, 0x3e, 0x6e, 0xf8, 0x6d, 0xc3,
    0x4b, 0x71, 0xd5, 0x7f, 0xb6, 0xef, 0xbe, 0xed, 0xaf, 0x7f, 0xfa, 0x7d, 0xb8, 0xea, 0xaa, 0xff,
    0x1b, 0x10, 0x57, 0xfd, 0xbf, 0x76, 0xcb, 0x4b, 0xbf, 0xb5, 0xb9, 0xea, 0xaa, 0xab, 0xfe, 0x4d,
    0x6e, 0xfb, 0xeb, 0x9f, 0x16, 0xff, 0xcd, 0x1e, 0xfc, 0xd2, 0x6f, 0x7d, 0xdc, 0xf0, 0xdb, 0x86,
    0x97, 0xe2, 0xaa, 0xff, 0x6c, 0xdf, 0x7d, 0xdb, 0x5f, 0xff, 0xf4, 0xfb, 0x70, 0xd5, 0x55, 0xff,
    0xfb, 0x21, 0xae, 0xfa, 0x7f, 0xed, 0x96, 0x97, 0x7e, 0x6b, 0x73, 0xd5, 0x55, 0x57, 0xfd, 0x9b,
    0xdc, 0xf6, 0xd7, 0x3f, 0x2d, 0xfe, 0x07, 0x78, 0xf0, 0x4b, 0xbf, 0xf5, 0x71, 0xc3, 0x6f, 0x1b,
    0x5e, 0x8a, 0xab, 0xfe, 0xb3, 0x7d, 0xf7, 0x6d, 0x7f, 0xfd, 0xd3, 0xef, 0xc3, 0x55, 0x57, 0xfd,
    0xef, 0x86, 0xb8, 0xea, 0xff, 0xb5, 0x5b, 0x5e, 0xfa, 0xad, 0xcd, 0x55, 0x57, 0x5d, 0xf5, 0x6f,
    0x72, 0xdb, 0x5f, 0xff, 0xb4, 0xf8, 0x1f, 0xe2, 0xc1, 0x2f, 0xfd, 0xd6, 0xc7, 0x0d, 0xbf, 0x6d,
    0x78, 0x29, 0xae, 0xfa, 0xcf, 0xf6, 0xdd, 0xb7, 0xfd, 0xf5, 0x4f, 0xbf, 0x0f, 0x57, 0x5d, 0xf5,
    0xbf, 0x17, 0xe2, 0xaa, 0xff, 0xd7, 0x6e, 0x79, 0xe9, 0xb7, 0x36, 0x57, 0x5d, 0x75, 0xd5, 0xbf,
    0xc9, 0x6d, 0x7f, 0xfd, 0xd3, 0xe2, 0x7f, 0x90, 0x07, 0xbf, 0xf4, 0x5b, 0x1f, 0x37, 0xfc, 0xb6,
    0xe1, 0xa5, 0xb8, 0xea, 0x3f, 0xdb, 0x77, 0xdf, 0xf6, 0xd7, 0x3f, 0xfd, 0x3e, 0x5c, 0x75, 0xd5,
    0xff, 0x4e, 0x88, 0xab, 0xfe, 0x5f, 0xbb, 0xe5, 0xa5, 0xdf, 0xda, 0x5c, 0x75, 0xd5, 0x55, 0xff,
    0x26, 0xb7, 0xfd, 0xf5, 0x4f, 0x8b, 0xff, 0x61, 0x1e, 0xfc, 0xd2, 0x6f, 0x7d, 0xdc, 0xf0, 0xdb,
    0x86, 0x97, 0xe2, 0xaa, 0xff, 0x6c, 0xdf, 0x7d, 0xdb, 0x5f, 0xff, 0xf4, 0xfb, 0x70, 0xd5, 0x55,
    0xff, 0xfb, 0x20, 0xae, 0xfa, 0x7f, 0xed, 0x96, 0x97, 0x7e, 0x6b, 0x73, 0xd5, 0x55, 0x57, 0xfd,
    0x9b, 0xdc, 0xf6, 0xd7, 0x3f, 0x2d, 0xfe, 0x07, 0x7a, 0xf0, 0x4b, 0xbf, 0xf5, 0x71, 0xc3, 0x6f,
    0x1b, 0x5e, 0x8a, 0xab, 0xfe, 0xb3, 0x7d, 0xf7, 0x6d, 0x7f, 0xfd, 0xd3, 0xef, 0xc3, 0x55, 0x57,
    0xfd, 0xef, 0x82, 0xb8, 0xea, 0xff, 0xb5, 0x5b, 0x5e, 0xfa, 0xad, 0xcd, 0x55, 0x57, 0x5d, 0xf5,
    0x6f, 0x72, 0xdb, 0x5f, 0xff, 0xb4, 0xf8, 0x1f, 0xea, 0xc1, 0x2f, 0xfd, 0xd6, 0xc7, 0x0d, 0xbf,
    0x6d, 0x78, 0x29, 0xae, 0xfa, 0xcf, 0xf6, 0xdd, 0xb7, 0xfd, 0xf5, 0x4f, 0xbf, 0x0f, 0x57, 0x5d,
    0xf5, 0xbf, 0x07, 0xe2, 0xaa, 0xff, 0xd7, 0x6e, 0x79, 0xe9, 0xb7, 0x36, 0x57, 0x5d, 0x75, 0xd5,
    0xbf, 0xc9, 0x6d, 0x7f, 0xfd, 0xd3, 0xe2, 0x7f, 0xb0, 0x07, 0xbf, 0xf4, 0x5b, 0x1f, 0x37, 0xfc,
    0xb6, 0xe1, 0xa5, 0xb8, 0xea, 0x3f, 0xdb, 0x77, 0xdf, 0xf6, 0xd7, 0x3f, 0xfd, 0x3e, 0x5c, 0x75,
    0xd5, 0xff, 0x0e, 0x88, 0xab, 0xfe, 0x5f, 0xbb, 0xe5, 0xa5, 0xdf, 0xda, 0x5c, 0x75, 0xd5, 0x55,
    0xff, 0x26, 0xb7, 0xfd, 0xf5, 0x4f, 0x8b, 0xff, 0xe1, 0x1e, 0xfc, 0xd2, 0x6f, 0x7d, 0xdc, 0xf0,
    0xdb, 0x86, 0x97, 0xe2, 0xaa, 0xff, 0x6c, 0xdf, 0x7d, 0xdb, 0x5f, 0xff, 0xf4, 0xfb, 0x70, 0xd5,
    0x55, 0xff, 0xf3, 0x21, 0xae, 0xfa, 0x7f, 0xed, 0x96, 0x97, 0x7e, 0x6b, 0x73, 0xd5, 0x55, 0x57,
    0xfd, 0x9b, 0xdc, 0xf6, 0xd7, 0x3f, 0x2d, 0xfe, 0x17, 0x78, 0xf0, 0x4b, 0xbf, 0xf5, 0x71, 0xc3,
    0x6f, 0x1b, 0x5e, 0x8a, 0xab, 0xfe, 0xb3, 0x7d, 0xf7, 0x6d, 0x7f, 0xfd, 0xd3, 0xef, 0xc3, 0x55,
    0x57, 0xfd, 0xcf, 0x86, 0xb8, 0xea, 0xff, 0xb5, 0x5b, 0x5e, 0xfa, 0xad, 0xcd, 0x55, 0x57, 0x5d,
    0xf5, 0x6f, 0x72, 0xdb, 0x5f, 0xff, 0xb4, 0xf8, 0x5f, 0xe2, 0xc1, 0x2f, 0xfd, 0xd6, 0xc7, 0x0d,
    0xbf, 0x6d, 0x78, 0x29, 0xae, 0xfa, 0xcf, 0xf6, 0xdd, 0xb7, 0xfd, 0xf5, 0x4f, 0xbf, 0x0f, 0x57,
    0x5d, 0xf5, 0x3f, 0x17, 0xe2, 0xaa, 0xff, 0xd7, 0x6e, 0x79, 0xe9, 0xb7, 0x36, 0x57, 0x5d, 0x75,
    0xd5, 0xbf, 0xc9, 0x6d, 0x7f, 0xfd, 0xd3, 0xe2, 0x7f, 0x91, 0x07, 0xbf, 0xf4, 0x5b, 0x1f, 0x37,
    0xfc, 0xb6, 0xe1, 0xa5, 0xb8, 0xea, 0x3f, 0xdb, 0x77, 0xdf, 0xf6, 0xd7, 0x3f, 0xfd, 0x3e, 0x5c,
    0x75, 0xd5, 0xff, 0x4c, 0x88, 0xab, 0xfe, 0x5f, 0xbb, 0xe5, 0xa5, 0xdf, 0xda, 0x5c, 0x75, 0xd5,
    0x55, 0xff, 0x26, 0xb7, 0xfd, 0xf5, 0x4f, 0x8b, 0xff, 0x65, 0x1e, 0xfc, 0xd2, 0x6f, 0x7d, 0xdc,
    0xf0, 0xdb, 0x86, 0x97, 0xe2, 0xaa, 0xff, 0x6c, 0xdf, 0x7d, 0xdb, 0x5f, 0xff, 0xf4, 0xfb, 0x70,
    0xd5, 0x55, 0xff, 0xf3, 0x20, 0xae, 0xfa, 0x7f, 0xed, 0x96, 0x97, 0x7e, 0x6b, 0x73, 0xd5, 0x55,
    0x57, 0xfd, 0x9b, 0xdc, 0xf6, 0xd7, 0x3f, 0x2d, 0xfe, 0x17, 0x7a, 0xf0, 0x4b, 0xbf, 0xf5, 0x71,
    0xc3, 0x6f, 0x1b, 0x5e, 0x8a, 0xab, 0xfe, 0xb3, 0x7d, 0xf7, 0x6d, 0x7f, 0xfd, 0xd3, 0xef, 0xc3,
    0x55, 0x57, 0xfd, 0xcf, 0x82, 0xb8, 0xea, 0xff, 0xb5, 0x5b, 0x5e, 0xfa, 0xad, 0xcd, 0x55, 0x57,
    0x5d, 0xf5, 0x6f, 0x72, 0xdb, 0x5f, 0xff, 0xb4, 0xf8, 0x5f, 0xea, 0xc1, 0x2f, 0xfd, 0xd6, 0xc7,
    0x0d, 0xbf, 0x6d, 0x78, 0x29, 0xae, 0xfa, 0xcf, 0xf6, 0xdd, 0xb7, 0xfd, 0xf5, 0x4f, 0xbf, 0x0f,
    0x57, 0x5d, 0xf5, 0x3f, 0x07, 0xe2, 0xaa, 0xff, 0xd7, 0x6e, 0x79, 0xe9, 0xb7, 0x36, 0x57, 0x5d,
    0x75, 0xd5, 0xbf, 0xc9, 0x6d, 0x7f, 0xfd, 0xd3, 0xe2, 0x7f, 0xb1, 0x07, 0xbf, 0xf4, 0x5b, 0x1f,
    0x37, 0xfc, 0xb6, 0xe1, 0xa5, 0xb8, 0xea, 0x3f, 0xdb, 0x77, 0xdf, 0xf6, 0xd7, 0x3f, 0xfd, 0x3e,
    0x5c, 0x75, 0xd5, 0xff, 0x0c, 0x88, 0xab, 0xfe, 0x5f, 0xbb, 0xe5, 0xa5, 0xdf, 0xda, 0x5c, 0x75,
    0xd5, 0x55, 0xff, 0x26, 0xb7, 0xfd, 0xf5, 0x4f, 0x8b, 0xff, 0xe5, 0x1e, 0xfc, 0xd2, 0x6f, 0x7d,
    0xdc, 0xf0, 0xdb, 0x86, 0x97, 0xe2, 0xaa, 0xff, 0x6c, 0xdf, 0x7d, 0xdb, 0x5f, 0xff, 0xf4, 0xfb,
    0x70, 0xd5, 0x55, 0xff, 0xfd, 0x10, 0x57, 0xfd, 0xbf, 0x76, 0xcb, 0x4b, 0xbf, 0xb5, 0xb9, 0xea,
    0xaa, 0xab, 0xfe, 0x4d, 0x6e, 0xfb, 0xeb, 0x9f, 0x16, 0xff, 0x07, 0x3c, 0xf8, 0xa5, 0xdf, 0xfa,
    0xb8, 0xe1, 0xb7, 0x0d, 0x2f, 0xc5, 0x55, 0xff, 0xd9, 0xbe, 0xfb, 0xb6, 0xbf, 0xfe, 0xe9, 0xf7,
    0xe1, 0xaa, 0xab, 0xfe, 0x7b, 0x21, 0xae, 0xfa, 0x7f, 0xed, 0x96, 0x97, 0x7e, 0x6b, 0x73, 0xd5,
    0x55, 0x57, 0xfd, 0x9b, 0xdc, 0xf6, 0xd7, 0x3f, 0x2d, 0xfe, 0x8f, 0x78, 0xf0, 0x4b, 0xbf, 0xf5,
    0x71, 0xc3, 0x6f, 0x1b, 0x5e, 0x8a, 0xab, 0xfe, 0xb3, 0x7d, 0xf7, 0x6d, 0x7f, 0xfd, 0xd3, 0xef,
    0xc3, 0x55, 0x57, 0xfd, 0xf7, 0x41, 0x5c, 0xf5, 0xff, 0xda, 0x2d, 0x2f, 0xfd, 0xd6, 0xe6, 0xaa,
    0xab, 0xae, 0xfa, 0x37, 0xb9, 0xed, 0xaf, 0x7f, 0x5a, 0xfc, 0x1f, 0xf2, 0xe0, 0x97, 0x7e, 0xeb,
    0xe3, 0x86, 0xdf, 0x36, 0xbc, 0x14, 0x57, 0xfd, 0x67, 0xfb, 0xee, 0xdb, 0xfe, 0xfa, 0xa7, 0xdf,
    0x87, 0xab, 0xae, 0xfa, 0xef, 0x81, 0xb8, 0xea, 0xff, 0xb5, 0x5b, 0x5e, 0xfa, 0xad, 0xcd, 0x55,
    0x57, 0x5d, 0xf5, 0x6f, 0x72, 0xdb, 0x5f, 0xff, 0xb4, 0xf8, 0x3f, 0xe6, 0xc1, 0x2f, 0xfd, 0xd6,
    0xc7, 0x0d, 0xbf, 0x6d, 0x78, 0x29, 0xae, 0xfa, 0xcf, 0xf6, 0xdd, 0xb7, 0xfd, 0xf5, 0x4f, 0xbf,
    0x0f, 0x57, 0x5d, 0xf5, 0x5f, 0x0f, 0x71, 0xd5, 0xff, 0x6b, 0xb7, 0xbc, 0xf4, 0x5b, 0x9b, 0xab,
    0xae, 0xba, 0xea, 0xdf, 0xe4, 0xb6, 0xbf, 0xfe, 0x69, 0xf1, 0x7f, 0xd0, 0x83, 0x5f, 0xfa, 0xad,
    0x8f, 0x1b, 0x7e, 0xdb, 0xf0, 0x52, 0x5c, 0xf5, 0x9f, 0xed, 0xbb, 0x6f, 0xfb, 0xeb, 0x9f, 0x7e,
    0x1f, 0xae, 0xba, 0xea, 0xbf, 0x16, 0xe2, 0xaa, 0xff, 0xd7, 0x6e, 0x79, 0xe9, 0xb7, 0x36, 0x57,
    0x5d, 0x75, 0xd5, 0xbf, 0xc9, 0x6d, 0x7f, 0xfd, 0xd3, 0xe2, 0xff, 0xa8, 0x07, 0xbf, 0xf4, 0x5b,
    0x1f, 0x37, 0xfc, 0xb6, 0xe1, 0xa5, 0xb8, 0xea, 0x3f, 0xdb, 0x77, 0xdf, 0xf6, 0xd7, 0x3f, 0xfd,
    0x3e, 0x5c, 0x75, 0xd5, 0x7f, 0x1d, 0xc4, 0x55, 0xff, 0xaf, 0xdd, 0xf2, 0xd2, 0x6f, 0x6d, 0xae,
    0xba, 0xea, 0xaa, 0x7f, 0x93, 0xdb, 0xfe, 0xfa, 0xa7, 0xc5, 0xff, 0x61, 0x0f, 0x7e, 0xe9, 0xb7,
    0x3e, 0x6e, 0xf8, 0x6d, 0xc3, 0x4b, 0x71, 0xd5, 0x7f, 0xb6, 0xef, 0xbe, 0xed, 0xaf, 0x7f, 0xfa,
    0x7d, 0xb8, 0xea, 0xaa, 0xff, 0x1a, 0x88, 0xab, 0xfe, 0x5f, 0xbb, 0xe5, 0xa5, 0xdf, 0xda, 0x5c,
    0x75, 0xd5, 0x55, 0xff, 0x26, 0xb7, 0xfd, 0xf5, 0x4f, 0x8b, 0xff, 0xe3, 0x1e, 0xfc, 0xd2, 0x6f,
    0x7d, 0xdc, 0xf0, 0xdb, 0x86, 0x97, 0xe2, 0xaa, 0xff, 0x6c, 0xdf, 0x7d, 0xdb, 0x5f, 0xff, 0xf4,
    0xfb, 0x70, 0xd5, 0x55, 0xff, 0xf9, 0x10, 0x57, 0xfd, 0xbf, 0x76, 0xcb, 0x4b, 0xbf, 0xb5, 0xb9,
    0xea, 0xaa, 0xab, 0xfe, 0x4d, 0x6e, 0xfb, 0xeb, 0x9f, 0x16, 0xff, 0x0f, 0x3c, 0xf8, 0xa5, 0xdf,
    0xfa, 0xb8, 0xe1, 0xb7, 0x0d, 0x2f, 0xc5, 0x55, 0xff, 0xd9, 0xbe, 0xfb, 0xb6, 0xbf, 0xfe, 0xe9,
    0xf7, 0xe1, 0xaa, 0xab, 0xfe, 0x73, 0x21, 0xae, 0xfa, 0x7f, 0xed, 0x96, 0x97, 0x7e, 0x6b, 0x73,
    0xd5, 0x55, 0x57, 0xfd, 0x9b, 0xdc, 0xf6, 0xd7, 0x3f, 0x2d, 0xfe, 0x9f, 0x78, 0xf0, 0x4b, 0xbf,
    0xf5, 0x71, 0xc3, 0x6f, 0x1b, 0x5e, 0x8a, 0xab, 0xfe, 0xb3, 0x7d, 0xf7, 0x6d, 0x7f, 0xfd, 0xd3,
    0xef, 0xc3, 0x55, 0x57, 0xfd, 0xe7, 0x41, 0x5c, 0xf5, 0xff, 0xda, 0x2d, 0x2f, 0xfd, 0xd6, 0xe6,
    0xaa, 0xab, 0xae, 0xfa, 0x37, 0xb9, 0xed, 0xaf, 0x7f, 0x5a, 0xfc, 0x3f, 0xf2, 0xe0, 0x97, 0x7e,
    0xeb, 0xe3, 0x86, 0xdf, 0x36, 0xbc, 0x14, 0x57, 0xfd, 0x67, 0xfb, 0x9c, 0xdb, 0xfe, 0xfa, 0xa7,
    0x3f, 0x9b, 0xab, 0xae, 0xfa, 0xcf, 0x81, 0xb8, 0xea, 0xff, 0xb5, 0x5b, 0x5e, 0xfa, 0xad, 0xcd,
    0x55, 0x57, 0x5d, 0xf5, 0x6f, 0x72, 0xdb, 0x5f, 0xff, 0xb4, 0xf8, 0x7f, 0xe6, 0xc1, 0x2f, 0xfd,
    0xd6, 0xc7, 0x0d, 0xbf, 0x6d, 0x78, 0x29, 0xae, 0xfa, 0x4f, 0x15, 0xf0, 0x3e, 0xb7, 0xfe, 0xf5,
    0x4f, 0x7f, 0x37, 0x57, 0x5d, 0xf5, 0x1f, 0x0f, 0x71, 0xd5, 0xff, 0x6b, 0xb7, 0xbc, 0xf4, 0x5b,
    0x9b, 0xab, 0xae, 0xba, 0xea, 0xdf, 0xe4, 0xb6, 0xbf, 0xfe, 0x69, 0xf1, 0xff, 0xd0, 0x83, 0x5f,
    0xfa, 0xad, 0x8f, 0x1b, 0x7e, 0xdb, 0xf0, 0x52, 0x5c, 0xf5, 0x9f, 0x2a, 0xe0, 0x7d, 0x6e, 0xfd,
    0xeb, 0x9f, 0xfe, 0x6e, 0xae, 0xba, 0xea, 0x3f, 0x16, 0xe2, 0xaa, 0xff, 0xd7, 0x6e, 0x79, 0xe9,
    0xb7, 0x36, 0x57, 0x5d, 0x75, 0xd5, 0xbf, 0xc9, 0x6d, 0x7f, 0xfd, 0xd3, 0xe2, 0xff, 0xa9, 0x07,
    0xbf, 0xf4, 0x5b, 0x1f, 0x37, 0xfc, 0xb6, 0xe1, 0xa5, 0xb8, 0xea, 0x3f, 0x55, 0xc0, 0xfb, 0xdc,
    0xfa, 0xd7, 0x3f, 0xfd, 0xdd, 0x5c, 0x75, 0xd5, 0x7f, 0x1c, 0xc4, 0x55, 0xff, 0xaf, 0xdd, 0xf2,
    0xd2, 0x6f, 0x6d, 0xae, 0xba, 0xea, 0xaa, 0x7f, 0x93, 0xdb, 0xfe, 0xfa, 0xa7, 0xc5, 0xff, 0x63,
    0x0f, 0x7e, 0xe9, 0xb7, 0x3e, 0x6e, 0xf8, 0x6d, 0xc3, 0x4b, 0x71, 0xd5, 0x7f, 0xaa, 0x80, 0xf7,
    0xb9, 0xf5, 0xaf, 0x7f, 0xfa, 0xbb, 0xb9, 0xea, 0xaa, 0xff, 0x18, 0x88, 0xab, 0xfe, 0x5f, 0xbb,
    0xe5, 0xa5, 0xdf, 0xda, 0x5c, 0x75, 0xd5, 0x55, 0xff, 0x26, 0xb7, 0xfd, 0xf5, 0x4f, 0x8b, 0xff,
    0xe7, 0x1e, 0xfc, 0xd2, 0x6f, 0x7d, 0xdc, 0xf0, 0xdb, 0x86, 0x97, 0xe2, 0xaa, 0xff, 0x54, 0x01,
    0xef, 0x73, 0xeb, 0x5f, 0xff, 0xf4, 0x77, 0x73, 0xd5, 0x55, 0xff, 0x7e, 0x88, 0xab, 0xfe, 0x5f,
    0xbb, 0xe5, 0xa5, 0xdf, 0xda, 0x5c, 0x75, 0xd5, 0x55, 0xff, 0x26, 0xb7, 0xfd, 0xf5, 0x4f, 0x8b,
    0xab, 0x78, 0xf0, 0x4b, 0xbf, 0xf5, 0x71, 0xc3, 0x6f, 0x1b, 0x5e, 0x8a, 0xab, 0xfe, 0x53, 0x05,
    0xbc, 0xcf, 0xad, 0x7f, 0xfd, 0xd3, 0xdf, 0xcd, 0x55, 0x57, 0xfd, 0xfb, 0x20, 0xae, 0xfa, 0x7f,
    0xed, 0x96, 0x97, 0x7e, 0x6b, 0x73, 0xd5, 0x55, 0x57, 0xfd, 0x9b, 0xdc, 0xf6, 0xd7, 0x3f, 0x2d,
    0xae, 0xba, 0xec, 0xc1, 0x2f, 0xfd, 0xd6, 0xc7, 0x0d, 0xbf, 0x6d, 0x78, 0x29, 0xae, 0xfa, 0x4f,
    0x15, 0xf0, 0x3e, 0xb7, 0xfe, 0xf5, 0x4f, 0x7f, 0x37, 0x57, 0x5d, 0xf5, 0x6f, 0x87, 0xb8, 0xea,
    0xff, 0xb5, 0x5b, 0x5e, 0xfa, 0xad, 0xcd, 0x55, 0x57, 0x5d, 0xf5, 0x6f, 0x72, 0xdb, 0x5f, 0xff,
    0xb4, 0xb8, 0xea, 0x59, 0x1e, 0xfc, 0xd2, 0x6f, 0x7d, 0xdc, 0xf0, 0xdb, 0x86, 0x97, 0xe2, 0xaa,
    0xff, 0x54, 0x01, 0xef, 0x73, 0xeb, 0x5f, 0xff, 0xf4, 0x77, 0x73, 0xd5, 0x55, 0xff, 0x36, 0x88,
    0xab, 0xfe, 0x5f, 0xbb, 0xe5, 0xa5, 0xdf, 0xda, 0x5c, 0x75, 0xd5, 0x55, 0xff, 0x26, 0xb7, 0xfd,
    0xf5, 0x4f, 0x8b, 0xab, 0x9e, 0xc3, 0x83, 0x5f, 0xfa, 0xad, 0x8f, 0x1b, 0x7e, 0xdb, 0xf0, 0x52,
    0x5c, 0xf5, 0x9f, 0x46, 0xb0, 0x2b, 0x78, 0x9d, 0x5b, 0xff, 0xfa, 0xa7, 0xff, 0x9a, 0xab, 0xae,
    0xfa, 0xd7, 0x43, 0x5c, 0xf5, 0xff, 0xda, 0x2d, 0x2f, 0xfd, 0xd6, 0xe6, 0xaa, 0xab, 0xae, 0xfa,
    0x37, 0xb9, 0xed, 0xaf, 0x7f, 0x5a, 0x5c, 0xf5, 0x3c, 0x1e, 0xfc, 0xd2, 0x6f, 0x7d, 0xdc, 0xf0,
    0xdb, 0x86, 0x97, 0xe2, 0xaa, 0xff, 0x34, 0x82, 0x5d, 0xc1, 0xeb, 0xdc, 0xfa, 0xd7, 0x3f, 0xfd,
    0xd7, 0x5c, 0x75, 0xd5, 0xbf, 0x0e, 0xe2, 0xaa, 0xff, 0xd7, 0x6e, 0x79, 0xe9, 0xb7, 0x36, 0x57,
    0x5d, 0x75, 0xd5, 0xbf, 0xc9, 0x6d, 0x7f, 0xfd, 0xd3, 0xe2, 0xaa, 0xe7, 0xeb, 0xc1, 0x2f, 0xfd,
    0xd6, 0xc7, 0x0d, 0xbf, 0x6d, 0x78, 0x29, 0xae, 0xfa, 0x4f, 0x23, 0xb8, 0x55, 0xf0, 0x32, 0xb7,
    0xfe, 0xf5, 0x4f, 0xef, 0x72, 0xd5, 0x55, 0x2f, 0x3a, 0xc4, 0x55, 0xff, 0xaf, 0xdd, 0xf2, 0xd2,
    0x6f, 0x6d, 0xae, 0xba, 0xea, 0xaa, 0x7f, 0x93, 0xdb, 0xfe, 0xfa, 0xa7, 0xc5, 0x55, 0x2f, 0xd0,
    0x83, 0x5f, 0xfa, 0xad, 0x8f, 0x1b, 0x7e, 0xdb, 0xf0, 0x52, 0x5c, 0xf5, 0x9f, 0x46, 0xf0, 0xd3,
    0xcf, 0xf8, 0xeb, 0x9f, 0x7e, 0x1b, 0xae, 0xba, 0xea, 0x45, 0x87, 0xb8, 0xea, 0xff, 0xb5, 0x5b,
    0x5e, 0xfa, 0xad, 0xcd, 0x55, 0x57, 0x5d, 0xf5, 0x6f, 0x72, 0xdb, 0x5f, 0xff, 0xb4, 0xb8, 0xea,
    0x85, 0x7a, 0xf0, 0x4b, 0xbf, 0xf5, 0x71, 0xc3, 0x6f, 0x1b, 0x5e, 0x8a, 0xab, 0xfe, 0xd3, 0x04,
    0xbc, 0xcf, 0xad, 0x7f, 0xfd, 0xd3, 0xdf, 0xcd, 0x55, 0x57, 0xbd, 0x68, 0x10, 0x57, 0xfd, 0xbf,
    0x76, 0xcb, 0x4b, 0xbf, 0xb5, 0xb9, 0xea, 0xaa, 0xab, 0xfe, 0x4d, 0x6e, 0xfb, 0xeb, 0x9f, 0x16,
    0x57, 0xfd, 0x8b, 0x1e, 0xfc, 0xd2, 0x6f, 0x7d, 0xdc, 0xf0, 0xdb, 0x86, 0x97, 0xe2, 0xaa, 0xff,
    0x14, 0x82, 0x5d, 0xc1, 0xeb, 0xdc, 0xfa, 0xd7, 0x3f, 0xfd, 0xd7, 0x5c, 0x75, 0xd5, 0xbf, 0x0c,
    0x71, 0xd5, 0xff, 0x6b, 0xb7, 0xbc, 0xf4, 0x5b, 0x9b, 0xab, 0xae, 0xba, 0xea, 0xdf, 0xe4, 0xb6,
    0xbf, 0xfe, 0x69, 0x71, 0xd5, 0x8b, 0xe4, 0xc1, 0x2f, 0xfd, 0xd6, 0xc7, 0x0d, 0xbf, 0x6d, 0x78,
    0x29, 0xae, 0xfa, 0x4f, 0x21, 0xf8, 0x6b, 0xc1, 0xeb, 0xdc, 0xfa, 0xd7, 0x3f, 0xbd, 0xcb, 0x55,
    0x57, 0xbd, 0x70, 0x88, 0xab, 0xfe, 0x5f, 0xbb, 0xe5, 0xa5, 0xdf, 0xda, 0x5c, 0x75, 0xd5, 0x55,
    0xff, 0x26, 0xb7, 0xfd, 0xf5, 0x4f, 0x8b, 0xab, 0x5e, 0x64, 0x0f, 0x7e, 0xe9, 0xb7, 0x3e, 0x6e,
    0xf8, 0x6d, 0xc3, 0x4b, 0x71, 0xd5, 0x7f, 0x96, 0xcf, 0xb9, 0xed, 0xaf, 0x7f, 0xfa, 0xb3, 0xb9,
    0xea, 0xaa, 0x17, 0x0e, 0x71, 0xd5, 0xff, 0x6b, 0xb7, 0xbc, 0xf4, 0x5b, 0x9b, 0xab, 0xae, 0xba,
    0xea, 0xdf, 0xe4, 0xb6, 0xbf, 0xfe, 0x69, 0x71, 0xd5, 0xbf, 0xca, 0x83, 0x5f, 0xfa, 0xad, 0x8f,
    0x1b, 0x7e, 0xdb, 0xf0, 0x52, 0x5c, 0xf5, 0x9f, 0x22, 0xe0, 0x21, 0xb7, 0xfe, 0xf5, 0x4f, 0xdf,
    0xca, 0x55, 0x57, 0xbd, 0x60, 0x88, 0xab, 0xfe, 0x5f, 0xbb, 0xe5, 0xa5, 0xdf, 0xda, 0x5c, 0x75,
    0xd5, 0x55, 0xff, 0x26, 0xb7, 0xfd, 0xf5, 0x4f, 0x8b, 0xab, 0xfe, 0xd5, 0x1e, 0xfc, 0xd2, 0x6f,
    0x7d, 0xdc, 0xf0, 0xdb, 0x86, 0x97, 0xe2, 0xaa, 0xff, 0x70, 0x82, 0xdf, 0x7e, 0xc6, 0x5f, 0xff,
    0xf4, 0xeb, 0x70, 0xd5, 0x55, 0x2f, 0x18, 0xe2, 0xaa, 0xff, 0xd7, 0x6e, 0x79, 0xe9, 0xb7, 0x36,
    0x57, 0x5d, 0x75, 0xd5, 0xbf, 0xc9, 0x6d, 0x7f, 0xfd, 0xd3, 0xe2, 0xaa, 0x7f, 0x93, 0x07, 0xbf,
    0xf4, 0x5b, 0x1f, 0x37, 0xfc, 0xb6, 0xe1, 0xa5, 0xb8, 0xea, 0x3f, 0x5c, 0xc0, 0xdb, 0xdc, 0xfa,
    0xd7, 0x3f, 0xfd, 0xd3, 0x5c, 0x75, 0xd5, 0xf3, 0x87, 0xb8, 0xea, 0xff, 0xb5, 0x5b, 0x5e, 0xfa,
    0xad, 0xcd, 0x55, 0x57, 0x5d, 0xf5, 0x6f, 0x72, 0xdb, 0x5f, 0xff, 0xb4, 0xb8, 0xea, 0xdf, 0xec,
    0xc1, 0x2f, 0xfd, 0xd6, 0xc7, 0x0d, 0xbf, 0x6d, 0x78, 0x29, 0xae, 0xfa, 0x0f, 0x25, 0xb8, 0x55,
    0xf0, 0x32, 0xb7, 0xfe, 0xf5, 0x4f, 0xef, 0x72, 0xd5, 0x55, 0xcf, 0x0b, 0x71, 0xd5, 0xff, 0x6b,
    0xb7, 0xbc, 0xf4, 0x5b, 0x9b, 0xab, 0xae, 0xba, 0xea, 0xdf, 0xe4, 0xb6, 0xbf, 0xfe, 0x69, 0x71,
    0xd5, 0xbf, 0xcb, 0x83, 0x5f, 0xfa, 0xad, 0x8f, 0x1b, 0x7e, 0xdb, 0xf0, 0x52, 0x5c, 0xf5, 0x1f,
    0xed, 0x73, 0x6e, 0xfb, 0xeb, 0x9f, 0xfe, 0x6c, 0xae, 0xba, 0xea, 0x79, 0x21, 0xae, 0xfa, 0x7f,
    0xed, 0x96, 0x97, 0x7e, 0x6b, 0x73, 0xd5, 0x55, 0x57, 0xfd, 0x9b, 0xdc, 0xf6, 0xd7, 0x3f, 0x2d,
    0xae, 0xfa, 0x77, 0x7b, 0xf0, 0x4b, 0xbf, 0xf5, 0x71, 0xc3, 0x6f, 0x1b, 0x5e, 0x8a, 0xab, 0xfe,
    0xc3, 0x08, 0x76, 0x05, 0x0f, 0xb9, 0xf5, 0xaf, 0x7f, 0x7a, 0x97, 0xab, 0xae, 0x7a, 0x4e, 0x88,
    0xab, 0xfe, 0x5f, 0xbb, 0xe5, 0xa5, 0xdf, 0xda, 0x5c, 0x75, 0xd5, 0x55, 0xff, 0x26, 0xb7, 0xfd,
    0xf5, 0x4f, 0x8b, 0xab, 0xfe, 0x43, 0x3c, 0xf8, 0xa5, 0xdf, 0xfa, 0xb8, 0xe1, 0xb7, 0x0d, 0x2f,
    0xc5, 0x55, 0xff, 0x91, 0x3e, 0xe7, 0xb6, 0xbf, 0xfe, 0xe9, 0xcf, 0xe6, 0xaa, 0xab, 0x9e, 0x13,
    0xe2, 0xaa, 0xff, 0xd7, 0x6e, 0x79, 0xe9, 0xb7, 0x36, 0x57, 0x5d, 0x75, 0xd5, 0xbf, 0xc9, 0x6d,
    0x7f, 0xfd, 0xd3, 0xe2, 0xaa, 0xff, 0x30, 0x0f, 0x7e, 0xe9, 0xb7, 0x3e, 0x6e, 0xf8, 0x6d, 0xc3,
    0x4b, 0x71, 0xd5, 0x7f, 0x08, 0xc1, 0xad, 0xcf, 0xf8, 0xeb, 0x9f, 0x7e, 0x08, 0x57, 0x5d, 0xf5,
    0x9c, 0x10, 0x57, 0xfd, 0xbf, 0x76, 0xcb, 0x4b, 0xbf, 0xb5, 0xb9, 0xea, 0xaa, 0xab, 0xfe, 0x4d,
    0x6e, 0xfb, 0xeb, 0x9f, 0x16, 0x57, 0xfd, 0x87, 0x7a, 0xf0, 0x4b, 0xbf, 0xf5, 0x71, 0xc3, 0x6f,
    0x1b, 0x5e, 0x8a, 0xab, 0xfe, 0x43, 0x04, 0xbc, 0xcf, 0xad, 0x7f, 0xfd, 0xd3, 0xdf, 0xcd, 0x55,
    0x57, 0x3d, 0x1b, 0xe2, 0xaa, 0xff, 0xd7, 0x6e, 0x79, 0xe9, 0xb7, 0x36, 0x57, 0x5d, 0x75, 0xd5,
    0xbf, 0xc9, 0x6d, 0x7f, 0xfd, 0xd3, 0xe2, 0xaa, 0xff, 0x70, 0x0f, 0x7e, 0xe9, 0xb7, 0x3e, 0x6e,
    0xf8, 0x6d, 0xc3, 0x4b, 0x71, 0xd5, 0xbf, 0x9b, 0xe0, 0xd6, 0x67, 0xfc, 0xf5, 0x4f, 0x3f, 0x84,
    0xab, 0xae, 0x7a, 0x36, 0xc4, 0x55, 0xff, 0xaf, 0xdd, 0xf2, 0xd2, 0x6f, 0x6d, 0xae, 0xba, 0xea,
    0xaa, 0x7f, 0x93, 0xdb, 0xfe, 0xfa, 0xa7, 0xc5, 0x55, 0xff, 0x29, 0x1e, 0xfc, 0xd2, 0x6f, 0x7d,
    0xdc, 0xf0, 0xdb, 0x86, 0x97, 0xe2, 0xaa, 0x7f, 0xb7, 0x80, 0xb7, 0xb9, 0xf5, 0xaf, 0x7f, 0xfa,
    0xa7, 0xb9, 0xea, 0xaa, 0x2b, 0x10, 0x57, 0xfd, 0xbf, 0x76, 0xcb, 0x4b, 0xbf, 0xb5, 0xb9, 0xea,
    0xaa, 0xab, 0xfe, 0x4d, 0x6e, 0xfb, 0xeb, 0x9f, 0x16, 0x57, 0xfd, 0xa7, 0x79, 0xf0, 0x4b, 0xbf,
    0xf5, 0x71, 0xc3, 0x6f, 0x1b, 0x5e, 0x8a, 0xab, 0xfe, 0xbd, 0xbe, 0xe7, 0xb6, 0xbf, 0xfe, 0xe9,
    0xf7, 0xe6, 0xaa, 0xab, 0xae, 0x40, 0x5c, 0xf5, 0xff, 0xda, 0x2d, 0x2f, 0xfd, 0xd6, 0xe6, 0xaa,
    0xab, 0xae, 0xfa, 0x37, 0xb9, 0xed, 0xaf, 0x7f, 0x5a, 0x5c, 0xf5, 0x9f, 0xea, 0xc1, 0x2f, 0xfd,
    0xd6, 0xc7, 0x0d, 0xbf, 0x6d, 0x78, 0x29, 0xae, 0xfa, 0x77, 0x09, 0x38, 0x71, 0xeb, 0x5f, 0xff,
    0xf4, 0x2e, 0x57, 0x5d, 0x05, 0x88, 0xab, 0xfe, 0x5f, 0xbb, 0xe5, 0xa5, 0xdf, 0xda, 0x5c, 0x75,
    0xd5, 0x55, 0xff, 0x26, 0xb7, 0xfd, 0xf5, 0x4f, 0x8b, 0xab, 0xfe, 0xd3, 0x3d, 0xf8, 0xa5, 0xdf,
    0xfa, 0xb8, 0xe1, 0xb7, 0x0d, 0x2f, 0xc5, 0x55, 0xff, 0x66, 0x01, 0xef, 0x73, 0xeb, 0x5f, 0xff,
    0xf4, 0x77, 0x73, 0xd5, 0x55, 0x80, 0xb8, 0xea, 0xff, 0xb5, 0x5b, 0x5e, 0xfa, 0xad, 0xcd, 0x55,
    0x57, 0x5d, 0xf5, 0x6f, 0x72, 0xdb, 0x5f, 0xff, 0xb4, 0xb8, 0xea, 0xbf, 0xc4, 0x83, 0x5f, 0xfa,
    0xad, 0x8f, 0x1b, 0x7e, 0xdb, 0xf0, 0x52, 0x5c, 0xf5, 0x6f, 0xf5, 0x33, 0xb7, 0xfd, 0xf5, 0x4f,
    0xbf, 0x35, 0x57, 0x5d, 0x05, 0x88, 0xab, 0xfe, 0x5f, 0xbb, 0xe5, 0xa5, 0xdf, 0xda, 0x5c, 0x75,
    0xd5, 0x55, 0xff, 0x26, 0xb7, 0xfd, 0xf5, 0x4f, 0x8b, 0xab, 0xfe, 0xcb, 0x3c, 0xf8, 0xa5, 0xdf,
    0xfa, 0xb8, 0xe1, 0xb7, 0x0d, 0x2f, 0xc5, 0x55, 0xff, 0x26, 0x01, 0x27, 0x6e, 0xfd, 0xeb, 0x9f,
    0xde, 0xe5, 0xaa, 0xff, 0xef, 0x10, 0x57, 0xfd, 0xbf, 0x76, 0xcb, 0x4b, 0xbf, 0xb5, 0xb9, 0xea,
    0xaa, 0xab, 0xfe, 0x4d, 0x6e, 0xfb, 0xeb, 0x9f, 0x16, 0x57, 0xfd, 0x97, 0x7a, 0xf0, 0x4b, 0xbf,
    0xf5, 0x71, 0xc3, 0x6f, 0x1b, 0x5e, 0x8a, 0xab, 0xfe, 0xd5, 0x02, 0xde, 0xe7, 0xd6, 0xbf, 0xfe,
    0xe9, 0xef, 0xe6, 0xaa, 0xff, 0xef, 0x10, 0x57, 0xfd, 0xbf, 0x76, 0xcb, 0x4b, 0xbf, 0xb5, 0xb9,
    0xea, 0xaa, 0xab, 0xfe, 0x4d, 0x6e, 0xfb, 0xeb, 0x9f, 0x16, 0x57, 0xfd, 0x97, 0x7b, 0xf0, 0x4b,
    0xbf, 0xf5, 0x71, 0xc3, 0x6f, 0x1b, 0x5e, 0x8a, 0xab, 0xfe, 0xb5, 0xbe, 0xe7, 0xb6, 0xbf, 0xfe,
    0xe9, 0xf7, 0xe6, 0xaa, 0xff, 0xef, 0x10, 0x57, 0xfd, 0xbf, 0x76, 0xcb, 0x4b, 0xbf, 0xb5, 0xb9,
    0xea, 0xaa, 0xab, 0xfe, 0x4d, 0x02, 0x1e, 0x72, 0xeb, 0x5f, 0xff, 0xf4, 0xad, 0x5c, 0xf5, 0x5f,
    0xee, 0xc1, 0x2f, 0xfd, 0xd6, 0xc7, 0x0d, 0xbf, 0x6d, 0x78, 0x29, 0xae, 0x7a, 0x91, 0x09, 0x6e,
    0x7d, 0xc6, 0x5f, 0xff, 0xf4, 0x43, 0xb8, 0xea, 0xff, 0x3b, 0xc4, 0x55, 0xff, 0xaf, 0xdd, 0xf2,
    0xd2, 0x6f, 0x6d, 0xae, 0xba, 0xea, 0xaa, 0x7f, 0x93, 0x80, 0xd7, 0xb9, 0xf5, 0xaf, 0x7f, 0xfa,
    0xb7, 0xb9, 0xea, 0xbf, 0xc5, 0x83, 0x5f, 0xfa, 0xad, 0x8f, 0x1b, 0x7e, 0xdb, 0xf0, 0x52, 0x5c,
    0xf5, 0x22, 0x0b, 0x78, 0xc8, 0xad, 0x7f, 0xfd, 0xd3, 0xb7, 0x72, 0xd5, 0xff, 0x67, 0x88, 0xab,
    0xfe, 0x5f, 0xbb, 0xe5, 0xa5, 0xdf, 0xda, 0x5c, 0x75, 0xd5, 0x55, 0xff, 0x26, 0x01, 0x1f, 0x73,
    0xeb, 0x5f, 0xff, 0xf4, 0x57, 0x73, 0xd5, 0x7f, 0x9b, 0x07, 0xbf, 0xf4, 0x5b, 0x1f, 0x37, 0xfc,
    0xb6, 0xe1, 0xa5, 0xb8, 0xea, 0x45, 0x12, 0xf0, 0x3e, 0xb7, 0xfe, 0xf5, 0x4f, 0x7f, 0x37, 0x57,
    0xfd, 0x7f, 0x86, 0xb8, 0xea, 0xff, 0xb5, 0x5b, 0x5e, 0xfa, 0xad, 0xcd, 0x55, 0x57, 0x5d, 0xf5,
    0x6f, 0xf5, 0x3d, 0xb7, 0xfd, 0xf5, 0x4f, 0xbf, 0x37, 0x57, 0xfd, 0xb7, 0x7a, 0xf0, 0x4b, 0xbf,
    0xf5, 0x71, 0xc3, 0x6f, 0x1b, 0x5e, 0x8a, 0xab, 0x5e, 0x14, 0xdf, 0x73, 0xdb, 0x5f, 0xff, 0xf4,
    0x7b, 0x73, 0xd5, 0xff, 0x67, 0x88, 0xab, 0xfe, 0x5f, 0xbb, 0xe5, 0xa5, 0xdf, 0xda, 0x5c, 0x75,
    0xd5, 0x55, 0xff, 0x26, 0x82, 0x5b, 0x9f, 0xf1, 0xd7, 0x3f, 0xfd, 0x10, 0xae, 0xfa, 0x6f, 0xf7,
    0xe0, 0x97, 0x7e, 0xeb, 0xe3, 0x86, 0xdf, 0x36, 0xbc, 0x14, 0x57, 0xbd, 0x50, 0x82, 0xbf, 0x7e,
    0xc6, 0x5f, 0xff, 0xf4, 0xcb, 0x70, 0xd5, 0xff, 0x67, 0x88, 0xab, 0xfe, 0x5f, 0xbb, 0xe5, 0xa5,
    0xdf, 0xda, 0x5c, 0x75, 0xd5, 0x55, 0xff, 0x66, 0x01, 0x2f, 0x73, 0xeb, 0x5f, 0xff, 0xf4, 0x5f,
    0x73, 0xd5, 0x7f, 0xbb, 0x07, 0xbf, 0xf4, 0x5b, 0x1f, 0x37, 0xfc, 0xb6, 0xe1, 0xa5, 0xb8, 0xea,
    0x85, 0xba, 0xed, 0xaf, 0x7f, 0x5a, 0x5c, 0xf5, 0xff, 0x19, 0xe2, 0xaa, 0xff, 0xd7, 0x6e, 0x79,
    0xe9, 0xb7, 0x36, 0x57, 0x5d, 0x75, 0xd5, 0xbf, 0xc7, 0xd7, 0xdc, 0xf6, 0xd7, 0x3f, 0xfd, 0xd1,
    0x5c, 0xf5, 0x3f, 0xc2, 0x83, 0x5f, 0xfa, 0xad, 0x8f, 0x1b, 0x7e, 0xdb, 0xf0, 0x52, 0x5c, 0xf5,
    0x02, 0x05, 0x3c, 0xe4, 0xd6, 0xbf, 0xfe, 0xe9, 0x5b, 0xb9, 0xea, 0xff, 0x2b, 0xc4, 0x55, 0xff,
    0xaf, 0xdd, 0xf2, 0xd2, 0x6f, 0x6d, 0xae, 0xba, 0xea, 0xaa, 0x7f, 0x33, 0xc1, 0xee, 0x33, 0xfe,
    0xfa, 0xa7, 0x4f, 0x70, 0xd5, 0xff, 0x18, 0x0f, 0x7e, 0xe9, 0xb7, 0x3e, 0x6e, 0xf8, 0x6d, 0xc3,
    0x4b, 0x71, 0xd5, 0xf3, 0x15, 0xf0, 0x3a, 0xb7, 0xfe, 0xf5, 0x4f, 0xff, 0x36, 0x57, 0xfd, 0x7f,
    0x85, 0xb8, 0xea, 0xff, 0xb5, 0x5b, 0x5e, 0xfa, 0xad, 0xcd, 0x55, 0x57, 0x5d, 0xf5, 0xef, 0x12,
    0xf0, 0x3e, 0xb7, 0xfe, 0xf5, 0x4f, 0x7f, 0x37, 0x57, 0xfd, 0x8f, 0xf1, 0xe0, 0x97, 0x7e, 0xeb,
    0xe3, 0x86, 0xdf, 0x36, 0xbc, 0x14, 0x57, 0x3d, 0x8f, 0x80, 0x8f, 0xb9, 0xf5, 0xaf, 0x7f, 0xfa,
    0xab, 0xb9, 0xea, 0xff, 0x2b, 0xc4, 0x55, 0xff, 0xaf, 0xdd, 0xf2, 0xd2, 0x6f, 0x6d, 0xae, 0xba,
    0xea, 0xaa, 0x7f, 0x17, 0xc1, 0xad, 0x82, 0x97, 0xb9, 0xf5, 0xaf, 0x7f, 0x7a, 0x97, 0xab, 0xfe,
    0xc7, 0x78, 0xf0, 0x4b, 0xbf, 0xf5, 0x71, 0xc3, 0x6f, 0x1b, 0x5e, 0x8a, 0xab, 0x9e, 0xdb, 0xd7,
    0xdc, 0xf6, 0xd7, 0x3f, 0xfd, 0xd1, 0x5c, 0xf5, 0xff, 0x15, 0xe2, 0xaa, 0xff, 0xd7, 0x6e, 0x79,
    0xe9, 0xb7, 0x36, 0x57, 0x5d, 0x75, 0xd5, 0x7f, 0x84, 0xcf, 0xb9, 0xed, 0xaf, 0x7f, 0xfa, 0xb3,
    0xb9, 0xea, 0x7f, 0x94, 0x07, 0xbf, 0xf4, 0x5b, 0x1f, 0x37, 0xfc, 0xb6, 0xe1, 0xa5, 0xb8, 0xea,
    0x59, 0x04, 0xbf, 0xf3, 0x8c, 0xbf, 0xfe, 0xe9, 0xd7, 0xe6, 0xaa, 0xff, 0xaf, 0x10, 0x57, 0xfd,
    0xbf, 0x76, 0xcb, 0x4b, 0xbf, 0xb5, 0xb9, 0xea, 0xaa, 0xab, 0xfe, 0x43, 0x04, 0xbc, 0xcc, 0xad,
    0x7f, 0xfd, 0xd3, 0x7f, 0xcd, 0x55, 0xff, 0xa3, 0x3c, 0xf8, 0xa5, 0xdf, 0xfa, 0xb8, 0xe1, 0xb7,
    0x0d, 0x2f, 0xc5, 0x55, 0x97, 0x09, 0x7e, 0xe7, 0x19, 0x7f, 0xfd, 0xd3, 0xaf, 0xcd, 0x55, 0xff,
    0x5f, 0x21, 0xae, 0xfa, 0x7f, 0xed, 0x96, 0x97, 0x7e, 0x6b, 0x73, 0xd5, 0x55, 0x57, 0xfd, 0x87,
    0x10, 0xfc, 0xb5, 0xe0, 0x75, 0x6e, 0xfd, 0xeb, 0x9f, 0xde, 0xe5, 0xaa, 0xff, 0x51, 0x1e, 0xfc,
    0xd2, 0x6f, 0x7d, 0xdc, 0xf0, 0xdb, 0x86, 0x97, 0xe2, 0x2a, 0x04, 0xbf, 0xf3, 0x8c, 0xbf, 0xfe,
    0xe9, 0xd7, 0xe6, 0xaa, 0xff, 0xaf, 0x10, 0x57, 0xfd, 0xbf, 0x76, 0xcb, 0x4b, 0xbf, 0xb5, 0xb9,
    0xea, 0xaa, 0xab, 0xfe, 0x23, 0x7d, 0xf7, 0x6d, 0x7f, 0xfd, 0xd3, 0xef, 0xc3, 0x55, 0xff, 0xe3,
    0x3c, 0xf8, 0xa5, 0xdf, 0xfa, 0xb8, 0xe1, 0xb7, 0x0d, 0x2f, 0xc5, 0xff, 0x73, 0x82, 0xdf, 0x79,
    0xc6, 0x5f, 0xff, 0xf4, 0x6b, 0x73, 0xd5, 0xff, 0x57, 0x88, 0xab, 0xfe, 0x5f, 0xbb, 0xe5, 0xa5,
    0xdf, 0xda, 0x5c, 0x75, 0xd5, 0x55, 0xff, 0xd1, 0xbe, 0xfb, 0xb6, 0xbf, 0xfe, 0xe9, 0xf7, 0xe1,
    0xaa, 0xff, 0x71, 0x1e, 0xfc, 0xd2, 0x6f, 0x7d, 0xdc, 0xf0, 0xdb, 0x86, 0x97, 0xe2, 0xff, 0xb9,
    0xdb, 0xfe, 0xfa, 0xa7, 0xc5, 0x55, 0xff, 0x5f, 0x21, 0xae, 0xfa, 0x7f, 0xed, 0x96, 0x97, 0x7e,
    0x6b, 0x73, 0xd5, 0x55, 0x57, 0xfd, 0x67, 0xf8, 0xee, 0xdb, 0xfe, 0xfa, 0xa7, 0xdf, 0x87, 0xab,
    0xfe, 0xc7, 0x79, 0xf0, 0x4b, 0xbf, 0xf5, 0x71, 0xc3, 0x6f, 0x1b, 0x5e, 0x8a, 0xff, 0xc7, 0x6e,
    0xfb, 0xeb, 0x9f, 0x16, 0x57, 0xfd, 0x7f, 0x85, 0xb8, 0xea, 0xff, 0xb5, 0x5b, 0x5e, 0xfa, 0xad,
    0xcd, 0x55, 0x57, 0x5d, 0xf5, 0x9f, 0xe5, 0xbb, 0x03, 0x3e, 0xe6, 0xd6, 0xbf, 0xfe, 0xe9, 0x5d,
    0xae, 0xfa, 0x1f, 0xe5, 0xc1, 0x2f, 0xfd, 0xd6, 0xc7, 0x0d, 0xbf, 0x6d, 0x78, 0x29, 0xfe, 0x9f,
    0xba, 0xed, 0xaf, 0x7f, 0x5a, 0x5c, 0xf5, 0xff, 0x15, 0xe2, 0xaa, 0xff, 0xd7, 0x6e, 0x79, 0xe9,
    0xb7, 0x36, 0x57, 0x5d, 0x75, 0xd5, 0x7f, 0x1a, 0xc1, 0x5f, 0x0b, 0xde, 0xe7, 0xd6, 0xbf, 0xfe,
    0xe9, 0xbf, 0xe6, 0xaa, 0xff, 0x51, 0x1e, 0xfc, 0xd2, 0x6f, 0x7d, 0xdc, 0xf0, 0xdb, 0x86, 0x97,
    0xe2, 0xff, 0xa1, 0xdb, 0xfe, 0xfa, 0xa7, 0xc5, 0x55, 0xff, 0x5f, 0x21, 0xae, 0xfa, 0x7f, 0xed,
    0x96, 0x97, 0x7e, 0x6b, 0x73, 0xd5, 0x55, 0x57, 0xfd, 0x57, 0xf8, 0xec, 0x80, 0xaf, 0xb9, 0xf5,
    0xaf, 0x7f, 0x7a, 0x97, 0xab, 0xfe, 0xc7, 0x78, 0xf0, 0x4b, 0xbf, 0xf5, 0x71, 0xc3, 0x6f, 0x1b,
    0x5e, 0x8a, 0xff, 0x67, 0x6e, 0xfb, 0xeb, 0x9f, 0x16, 0x57, 0xfd, 0x7f, 0x85, 0xb8, 0xea, 0xff,
    0xb5, 0x5b, 0x5e, 0xfa, 0xad, 0xcd, 0x55, 0x57, 0x5d, 0xf5, 0x5f, 0x42, 0x70, 0xab, 0xd0, 0x67,
    0x83, 0x7f, 0xe6, 0xd6, 0xbf, 0xfe, 0xe9, 0x5d, 0xae, 0xfa, 0x1f, 0xe1, 0xc1, 0x2f, 0xfd, 0xd6,
    0xc7, 0x0d, 0xbf, 0x6d, 0x78, 0x29, 0xfe, 0x1f, 0xb9, 0xed, 0xaf, 0x7f, 0x5a, 0x5c, 0xf5, 0xff,
    0x15, 0xe2, 0xaa, 0xff, 0xd7, 0x6e, 0x79, 0xe9, 0xb7, 0x36, 0x57, 0x5d, 0x75, 0xd5, 0x7f, 0x29,
    0xc1, 0xae, 0xe1, 0xbb, 0x03, 0xbe, 0xe7, 0xd6, 0xbf, 0xfe, 0xe9, 0xbf, 0xe6, 0xaa, 0xff, 0x76,
    0x0f, 0x7e, 0xe9, 0xb7, 0x3e, 0x6e, 0xf8, 0x6d, 0xc3, 0x4b, 0xf1, 0xff, 0xc4, 0x6d, 0x7f, 0xfd,
    0xd3, 0xe2, 0xaa, 0xff, 0xaf, 0x10, 0x57, 0xfd, 0xbf, 0x76, 0xcb, 0x4b, 0xbf, 0xb5, 0xb9, 0xea,
    0xaa, 0xab, 0xfe, 0xdb, 0x08, 0x76, 0x0d, 0x3f, 0x0d, 0xdc, 0x1a, 0xd2, 0x6f, 0x63, 0x3f, 0xe3,
    0xd6, 0xbf, 0xfe, 0xe9, 0x5b, 0xb9, 0xea, 0xbf, 0xdc, 0x83, 0x5f, 0xfa, 0xad, 0x8f, 0x1b, 0x7e,
    0xdb, 0xf0, 0x52, 0xfc, 0x3f, 0x70, 0xdb, 0x5f, 0xff, 0xb4, 0xb8, 0xea, 0xff, 0x2b, 0xc4, 0x55,
    0xff, 0xaf, 0xdd, 0xf2, 0xd2, 0x6f, 0x6d, 0xae, 0xba, 0xea, 0xaa, 0xab, 0xae, 0xfa, 0x7f, 0xe7,
    0xb6, 0xbf, 0xfe, 0x69, 0x71, 0xd5, 0xff, 0x57, 0x88, 0xab, 0xfe, 0x5f, 0xbb, 0xe5, 0xa5, 0xdf,
    0xda, 0x5c, 0x75, 0xd5, 0x55, 0x57, 0x5d, 0xf5, 0xff, 0xce, 0x6d, 0x7f, 0xfd, 0xd3, 0xe2, 0xaa,
    0xff, 0xaf, 0x10, 0x57, 0xfd, 0xbf, 0x76, 0xcb, 0x4b, 0xbf, 0xb5, 0xb9, 0xea, 0xaa, 0xab, 0xae,
    0xba, 0xea, 0xff, 0x9d, 0xdb, 0xfe, 0xfa, 0xa7, 0xc5, 0x55, 0xff, 0x5f, 0x21, 0xae, 0xfa, 0x7f,
    0xed, 0x96, 0x97, 0x7e, 0x6b, 0x73, 0xd5, 0x55, 0x57, 0x5d, 0x75, 0xd5, 0xff, 0x3b, 0xb7, 0xfd,
    0xf5, 0x4f, 0x8b, 0xab, 0xfe, 0xbf, 0x42, 0x5c, 0xf5, 0xff, 0xda, 0x2d, 0x2f, 0xfd, 0xd6, 0xe6,
    0xaa, 0xab, 0xae, 0xba, 0xea, 0xaa, 0xff, 0x77, 0x6e, 0xfb, 0xeb, 0x9f, 0x16, 0x57, 0xfd, 0x7f,
    0x85, 0xb8, 0xea, 0xff, 0xb5, 0x5b, 0x5e, 0xfa, 0xad, 0xcd, 0x55, 0x57, 0x5d, 0x75, 0xd5, 0x55,
    0xff, 0xef, 0xdc, 0xf6, 0xd7, 0x3f, 0x2d, 0xae, 0xfa, 0xff, 0x0a, 0x71, 0xd5, 0xff, 0x6b, 0xb7,
    0xbc, 0xf4, 0x5b, 0x9b, 0xab, 0xae, 0xba, 0xea, 0xaa, 0xab, 0xfe, 0xdf, 0xb9, 0xed, 0xaf, 0x7f,
    0x5a, 0x5c, 0xf5, 0xff, 0x15, 0xe2, 0xaa, 0xff, 0xd7, 0x6e, 0x79, 0xe9, 0xb7, 0x36, 0x57, 0x5d,
    0x75, 0xd5, 0x55, 0x57, 0xfd, 0xbf, 0x73, 0xdb, 0x5f, 0xff, 0xb4, 0xb8, 0xea, 0xff, 0x2b, 0xc4,
    0x55, 0xff, 0xaf, 0xdd, 0xf2, 0xd2, 0x6f, 0x6d, 0xae, 0xba, 0xea, 0xaa, 0xab, 0xae, 0xfa, 0x7f,
    0xe7, 0xb6, 0xbf, 0xfe, 0x69, 0x71, 0xd5, 0xff, 0x57, 0x88, 0xab, 0xfe, 0x5f, 0xbb, 0xe5, 0xa5,
    0xdf, 0xda, 0x5c, 0x75, 0xd5, 0x55, 0x57, 0x5d, 0xf5, 0xff, 0xce, 0x6d, 0x7f, 0xfd, 0xd3, 0xe2,
    0xaa, 0xff, 0xaf, 0x10, 0x57, 0xfd, 0xbf, 0x76, 0xcb, 0x4b, 0xbf, 0xb5, 0xb9, 0xea, 0xaa, 0xab,
    0xae, 0xba, 0xea, 0xff, 0x9d, 0xdb, 0xfe, 0xfa, 0xa7, 0xc5, 0x55, 0xff, 0x5f, 0x21, 0xae, 0xfa,
    0x7f, 0xed, 0x96, 0x97, 0x7e, 0x6b, 0x73, 0xd5, 0x55, 0x57, 0x5d, 0x75, 0xd5, 0xff, 0x3b, 0xb7,
    0xfd, 0xf5, 0x4f, 0x8b, 0xab, 0xfe, 0xbf, 0x42, 0x5c, 0xf5, 0xff, 0xda, 0x2d, 0x2f, 0xfd, 0xd6,
    0xe6, 0xaa, 0xab, 0xae, 0xba, 0xea, 0xaa, 0xff, 0x77, 0x6e, 0xfb, 0xeb, 0x9f, 0x16, 0x57, 0xfd,
    0x7f, 0x85, 0xb8, 0xea, 0xff, 0xb5, 0x5b, 0x5e, 0xfa, 0xad, 0xcd, 0x55, 0x57, 0x5d, 0x75, 0xd5,
    0x55, 0xff, 0xef, 0xdc, 0xf6, 0xd7, 0x3f, 0x2d, 0xae, 0xfa, 0xff, 0x0a, 0x71, 0xd5, 0xff, 0x6b,
    0xb7, 0xbc, 0xf4, 0x5b, 0x9b, 0xab, 0xae, 0xba, 0xea, 0xaa, 0xab, 0xfe, 0xdf, 0xb9, 0xed, 0xaf,
    0x7f, 0x5a, 0x5c, 0xf5, 0xff, 0x15, 0xe2, 0xaa, 0xff, 0xd7, 0x6e, 0x79, 0xe9, 0xb7, 0x36, 0x57,
    0x5d, 0x75, 0xd5, 0x55, 0x57, 0xfd, 0xbf, 0x73, 0xdb, 0x5f, 0xff, 0xb4, 0xb8, 0xea, 0xff, 0x2b,
    0xc4, 0x55, 0xff, 0xaf, 0xdd, 0xf2, 0xd2, 0x6f, 0x6d, 0xae, 0xba, 0xea, 0xaa, 0xab, 0xae, 0xfa,
    0x7f, 0xe7, 0xb6, 0xbf, 0xfe, 0x69, 0x71, 0xd5, 0xff, 0x57, 0x88, 0xab, 0xfe, 0x5f, 0xbb, 0xe5,
    0xa5, 0xdf, 0xda, 0x5c, 0x75, 0xd5, 0x55, 0x57, 0x5d, 0xf5, 0xff, 0xce, 0x6d, 0x7f, 0xfd, 0xd3,
    0xe2, 0xaa, 0xff, 0xaf, 0x10, 0x57, 0xfd, 0xbf, 0x76, 0xcb, 0x4b, 0xbf, 0xb5, 0xb9, 0xea, 0xaa,
    0xab, 0xae, 0xba, 0xea, 0xff, 0x9d, 0xdb, 0xfe, 0xfa, 0xa7, 0xc5, 0x55, 0xff, 0x5f, 0x21, 0xae,
    0xfa, 0x7f, 0xed, 0x96, 0x97, 0x7e, 0x6b, 0x73, 0xd5, 0x55, 0x57, 0x5d, 0x75, 0xd5, 0xff, 0x3b,
    0xb7, 0xfd, 0xf5, 0x4f, 0x8b, 0xab, 0xfe, 0xbf, 0x42, 0x5c, 0xf5, 0xff, 0xda, 0x2d, 0x2f, 0xfd,
    0xd6, 0xe6, 0xaa, 0xab, 0xae, 0xba, 0xea, 0xaa, 0xff, 0x77, 0x6e, 0xfb, 0xeb, 0x9f, 0x16, 0x57,
    0xfd, 0x7f, 0x85, 0xb8, 0xea, 0xff, 0xb5, 0x5b, 0x5e, 0xfa, 0xad, 0xcd, 0x55, 0x57, 0x5d, 0x75,
    0xd5, 0x55, 0xff, 0xef, 0xdc, 0xf6, 0xd7, 0x3f, 0x2d, 0xae, 0xfa, 0xff, 0x0a, 0x71, 0xd5, 0xff,
    0x6b, 0xb7, 0xbc, 0xf4, 0x5b, 0x9b, 0xab, 0xae, 0xba, 0xea, 0xaa, 0xab, 0xfe, 0xdf, 0xb9, 0xed,
    0xaf, 0x7f, 0x5a, 0x5c, 0xf5, 0xff, 0x15, 0xe2, 0xaa, 0xff, 0xd7, 0x6e, 0x79, 0xe9, 0xb7, 0x36,
    0x57, 0x5d, 0x75, 0xd5, 0x55, 0x57, 0xfd, 0xbf, 0x73, 0xdb, 0x5f, 0xff, 0xb4, 0xb8, 0xea, 0xff,
    0x2b, 0xc4, 0x55, 0xff, 0xaf, 0xdd, 0xf2, 0xd2, 0x6f, 0x6d, 0xae, 0xba, 0xea, 0xaa, 0xab, 0xae,
    0xfa, 0x7f, 0xe7, 0xb6, 0xbf, 0xfe, 0x69, 0x71, 0xd5, 0xff, 0x57, 0x88, 0xab, 0xfe, 0x5f, 0xbb,
    0xe5, 0xa5, 0xdf, 0xda, 0x5c, 0x75, 0xd5, 0x55, 0x57, 0x5d, 0xf5, 0xff, 0xce, 0x6d, 0x7f, 0xfd,
    0xd3, 0xe2, 0xaa, 0xff, 0xaf, 0x10, 0x57, 0xfd, 0xbf, 0x76, 0xcb, 0x4b, 0xbf, 0xb5, 0xb9, 0xea,
    0xaa, 0xab, 0xae, 0xba, 0xea, 0xff, 0x9d, 0xdb, 0xfe, 0xfa, 0xa7, 0xc5, 0x55, 0xff, 0x5f, 0x21,
    0xae, 0xfa, 0x7f, 0xed, 0x96, 0x97, 0x7e, 0x6b, 0x73, 0xd5, 0x55, 0x57, 0x5d, 0x75, 0xd5, 0xff,
    0x3b, 0xb7, 0xfd, 0xf5, 0x4f, 0x8b, 0xab, 0xfe, 0xbf, 0x42, 0x5c, 0xf5, 0xff, 0xda, 0x2d, 0x2f,
    0xfd, 0xd6, 0xe6, 0xaa, 0xab, 0xae, 0xba, 0xea, 0xaa, 0xff, 0x77, 0x6e, 0xfb, 0xeb, 0x9f, 0x16,
    0x57, 0xfd, 0x7f, 0x85, 0xb8, 0xea, 0xff, 0xb5, 0x5b, 0x5e, 0xfa, 0xad, 0xcd, 0x55, 0x57, 0x5d,
    0x75, 0xd5, 0x55, 0xff, 0xef, 0xdc, 0xf6, 0xd7, 0x3f, 0x2d, 0xae, 0xfa, 0xff, 0x0a, 0x71, 0xd5,
    0xff, 0x6b, 0xb7, 0xbc, 0xf4, 0x5b, 0x9b, 0xab, 0xae, 0xba, 0xea, 0xaa, 0xab, 0xfe, 0xdf, 0xb9,
    0xed, 0xaf, 0x7f, 0x5a, 0x5c, 0xf5, 0xff, 0x15, 0xe2, 0xaa, 0xff, 0xd7, 0x6e, 0x79, 0xe9, 0xb7,
    0x36, 0x57, 0x5d, 0x75, 0xd5, 0x55, 0x57, 0xfd, 0xbf, 0x73, 0xdb, 0x5f, 0xff, 0xb4, 0xb8, 0xea,
    0xff, 0x2b, 0xc4, 0x55, 0xff, 0xaf, 0xdd, 0xf2, 0xd2, 0x6f, 0x6d, 0xae, 0xba, 0xea, 0xaa, 0xab,
    0xae, 0xfa, 0x7f, 0xe7, 0xb6, 0xbf, 0xfe, 0x69, 0x71, 0xd5, 0xff, 0x57, 0x88, 0xab, 0xfe, 0x5f,
    0xbb, 0xe5, 0xa5, 0xdf, 0xda, 0x5c, 0x75, 0xd5, 0x55, 0x57, 0x5d, 0xf5, 0xff, 0xce, 0x6d, 0x7f,
    0xfd, 0xd3, 0xe2, 0xaa, 0xff, 0xaf, 0x10, 0x57, 0xfd, 0xbf, 0x76, 0xcb, 0x4b, 0xbf, 0xb5, 0xb9,
    0xea, 0xaa, 0xab, 0xae, 0xba, 0xea, 0xff, 0x9d, 0xdb, 0xfe, 0xfa, 0xa7, 0xc5, 0x55, 0xff, 0x5f,
    0x21, 0xae, 0xfa, 0x7f, 0xed, 0x96, 0x97, 0x7e, 0x6b, 0x73, 0xd5, 0x55, 0x57, 0x5d, 0x75, 0xd5,
    0xff, 0x3b, 0xb7, 0xfd, 0xf5, 0x4f, 0x8b, 0xab, 0xfe, 0xbf, 0x42, 0x5c, 0xf5, 0xff, 0xda, 0x2d,
    0x2f, 0xfd, 0xd6, 0xe6, 0xaa, 0xab, 0xae, 0xba, 0xea, 0xaa, 0xff, 0x77, 0x6e, 0xfb, 0xeb, 0x9f,
    0x16, 0x57, 0xfd, 0x7f, 0x85, 0xb8, 0xea, 0xff, 0xb5, 0x5b, 0x5e, 0xfa, 0xad, 0xcd, 0x55, 0x57,
    0x5d, 0x75, 0xd5, 0x55, 0xff, 0xef, 0xdc, 0xf6, 0xd7, 0x3f, 0x2d, 0xae, 0xfa, 0xff, 0x0a, 0x71,
    0xd5, 0xff, 0x6b, 0xb7, 0xbc, 0xf4, 0x5b, 0x9b, 0xab, 0xae, 0xba, 0xea, 0xaa, 0xab, 0xfe, 0xdf,
    0xb9, 0xed, 0xaf, 0x7f, 0x5a, 0x5c, 0xf5, 0xff, 0x15, 0xe2, 0xaa, 0xff, 0xd7, 0x6e, 0x79, 0xe9,
    0xb7, 0x36, 0x57, 0x5d, 0x75, 0xd5, 0x55, 0x57, 0xfd, 0xbf, 0x73, 0xdb, 0x5f, 0xff, 0xb4, 0xb8,
    0xea, 0xff, 0x2b, 0xc4, 0x55, 0xff, 0xaf, 0xdd, 0xf2, 0xd2, 0x6f, 0x6d, 0xae, 0xba, 0xea, 0xaa,
    0xab, 0xae, 0xfa, 0x7f, 0xe7, 0xb6, 0xbf, 0xfe, 0x69, 0x71, 0xd5, 0xff, 0x57, 0x88, 0xab, 0xfe,
    0x5f, 0xbb, 0xe5, 0xa5, 0xdf, 0xda, 0x5c, 0x75, 0xd5, 0x55, 0x57, 0x5d, 0xf5, 0xff, 0xce, 0x6d,
    0x7f, 0xfd, 0xd3, 0xe2, 0xaa, 0xff, 0xaf, 0x10, 0x57, 0xfd, 0xbf, 0x76, 0xcb, 0x4b, 0xbf, 0xb5,
    0xb9, 0xea, 0xaa, 0xab, 0xae, 0xba, 0xea, 0xff, 0x9d, 0xdb, 0xfe, 0xfa, 0xa7, 0xc5, 0x55, 0xff,
    0x5f, 0x21, 0xae, 0xfa, 0x7f, 0xed, 0x96, 0x97, 0x7e, 0x6b, 0x73, 0xd5, 0x55, 0x57, 0x5d, 0x75,
    0xd5, 0xff, 0x3b, 0xb7, 0xfd, 0xf5, 0x4f, 0x8b, 0xab, 0xfe, 0xbf, 0x42, 0x5c, 0xf5, 0xff, 0xda,
    0x2d, 0x2f, 0xfd, 0xd6, 0xe6, 0xaa, 0xab, 0xae, 0xba, 0xea, 0xaa, 0xff, 0x77, 0x6e, 0xfb, 0xeb,
    0x9f, 0x16, 0x57, 0xfd, 0x7f, 0x85, 0xb8, 0xea, 0xff, 0xb5, 0x5b, 0x5e, 0xfa, 0xad, 0xcd, 0x55,
    0x57, 0x5d, 0x75, 0xd5, 0x55, 0xff, 0xef, 0xdc, 0xf6, 0xd7, 0x3f, 0x2d, 0xae, 0xfa, 0xff, 0x0a,
    0x71, 0xd5, 0xff, 0x6b, 0xb7, 0xbc, 0xf4, 0x5b, 0x9b, 0xab, 0xae, 0xba, 0xea, 0xaa, 0xab, 0xfe,
    0xdf, 0xb9, 0xed, 0xaf, 0x7f, 0x5a, 0x5c, 0xf5, 0xff, 0x15, 0xe2, 0xaa, 0xff, 0xd7, 0x6e, 0x79,
    0xe9, 0xb7, 0x36, 0x57, 0x5d, 0x75, 0xd5, 0x55, 0x57, 0xfd, 0xbf, 0x73, 0xdb, 0x5f, 0xff, 0xb4,
    0xb8, 0xea, 0xff, 0x2b, 0xc4, 0x55, 0xff, 0xaf, 0xdd, 0xf2, 0xd2, 0x6f, 0x6d, 0xae, 0xba, 0xea,
    0xaa, 0xab, 0xae, 0xfa, 0x7f, 0xe7, 0xb6, 0xbf, 0xfe, 0x69, 0x71, 0xd5, 0xff, 0x57, 0x88, 0xab,
    0xfe, 0x5f, 0xbb, 0xe5, 0xa5, 0xdf, 0xda, 0x5c, 0x75, 0xd5, 0x55, 0x57, 0x5d, 0xf5, 0xff, 0xce,
    0x6d, 0x7f, 0xfd, 0xd3, 0xe2, 0xaa, 0xff, 0xaf, 0x10, 0x57, 0xfd, 0xbf, 0x76, 0xcb, 0x4b, 0xbf,
    0xb5, 0xb9, 0xea, 0xaa, 0xab, 0xae, 0xba, 0xea, 0xff, 0x9d, 0xdb, 0xfe, 0xfa, 0xa7, 0xc5, 0x55,
    0xff, 0x5f, 0x21, 0xae, 0xfa, 0x7f, 0xed, 0x96, 0x97, 0x7e, 0x6b, 0x73, 0xd5, 0x55, 0x57, 0x5d,
    0x75, 0xd5, 0xff, 0x3b, 0xb7, 0xfd, 0xf5, 0x4f, 0x8b, 0xab, 0xfe, 0xbf, 0x42, 0x5c, 0xf5, 0xff,
    0xda, 0x2d, 0x2f, 0xfd, 0xd6, 0xe6, 0xaa, 0xab, 0xae, 0xba, 0xea, 0xaa, 0xff, 0x77, 0x6e, 0xfb,
    0xeb, 0x9f, 0x16, 0x57, 0xfd, 0x7f, 0x85, 0xb8, 0xea, 0xff, 0xb5, 0x5b, 0x5e, 0xfa, 0xad, 0xcd,
    0x55, 0x57, 0x5d, 0x75, 0xd5, 0x55, 0xff, 0xef, 0xdc, 0xf6, 0xd7, 0x3f, 0x2d, 0xae, 0xfa, 0xff,
    0x0a, 0x71, 0xd5, 0xff, 0x6b, 0xb7, 0xbc, 0xf4, 0x5b, 0x9b, 0xab, 0xae, 0xba, 0xea, 0xaa, 0xab,
    0xfe, 0xdf, 0xb9, 0xed, 0xaf, 0x7f, 0x5a, 0x5c, 0xf5, 0xff, 0x15, 0xe2, 0xaa, 0xff, 0xd7, 0x6e,
    0x79, 0xe9, 0xb7, 0x36, 0x57, 0x5d, 0x75, 0xd5, 0x55, 0x57, 0xfd, 0xbf, 0x73, 0xdb, 0x5f, 0xff,
    0xb4, 0xb8, 0xea, 0xff, 0x2b, 0xc4, 0x55, 0xff, 0xaf, 0xdd, 0xf2, 0xd2, 0x6f, 0x6d, 0xae, 0xba,
    0xea, 0xaa, 0xab, 0xae, 0xfa, 0x7f, 0xe7, 0xb6, 0xbf, 0xfe, 0x69, 0x71, 0xd5, 0xff, 0x57, 0x88,
    0xab, 0xfe, 0x5f, 0xbb, 0xe5, 0xa5, 0xdf, 0xda, 0x5c, 0x75, 0xd5, 0x55, 0x57, 0x5d, 0xf5, 0xff,
    0xce, 0x6d, 0x7f, 0xfd, 0xd3, 0xe2, 0xaa, 0xff, 0xaf, 0x10, 0x57, 0xfd, 0xbf, 0x76, 0xcb, 0x4b,
    0xbf, 0xb5, 0xb9, 0xea, 0xaa, 0xab, 0xae, 0xba, 0xea, 0xff, 0x9d, 0xdb, 0xfe, 0xfa, 0xa7, 0xc5,
    0x55, 0xff, 0x5f, 0x21, 0xae, 0xfa, 0x7f, 0xed, 0x96, 0x97, 0x7e, 0x6b, 0x73, 0xd5, 0x55, 0x57,
    0x5d, 0x75, 0xd5, 0xff, 0x3b, 0xb7, 0xfd, 0xf5, 0x4f, 0x8b, 0xab, 0xfe, 0xbf, 0x42, 0x5c, 0xf5,
    0xff, 0xda, 0x2d, 0x2f, 0xfd, 0xd6, 0xe6, 0xaa, 0xab, 0xae, 0xba, 0xea, 0xaa, 0xff, 0x77, 0x6e,
    0xfb, 0xeb, 0x9f, 0x16, 0x57, 0xfd, 0x7f, 0x85, 0xb8, 0xea, 0xff, 0xb5, 0x5b, 0x5e, 0xfa, 0xad,
    0xcd, 0x55, 0x57, 0x5d, 0x75, 0xd5, 0x55, 0xff, 0xef, 0xdc, 0xf6, 0xd7, 0x3f, 0x2d, 0xae, 0xfa,
    0xff, 0x0a, 0x71, 0xd5, 0xff, 0x6b, 0xb7, 0xbc, 0xf4, 0x5b, 0x9b, 0xab, 0xae, 0xba, 0xea, 0xaa,
    0xab, 0xfe, 0xdf, 0xb9, 0xed, 0xaf, 0x7f, 0x5a, 0x5c, 0xf5, 0xff, 0x15, 0xe2, 0xaa, 0xff, 0xd7,
    0x6e, 0x79, 0xe9, 0xb7, 0x36, 0x57, 0x5d, 0x75, 0xd5, 0x55, 0x57, 0xfd, 0xbf, 0x73, 0xdb, 0x5f,
    0xff, 0xb4, 0xb8, 0xea, 0xff, 0x2b, 0xc4, 0x55, 0xff, 0xaf, 0xdd, 0xf2, 0xd2, 0x6f, 0x6d, 0xae,
    0xba, 0xea, 0xaa, 0xab, 0xae, 0xfa, 0x7f, 0xe7, 0xb6, 0xbf, 0xfe, 0x69, 0x71, 0xd5, 0xff, 0x57,
    0x88, 0xab, 0xfe, 0x5f, 0xbb, 0xe5, 0xa5, 0xdf, 0xda, 0x5c, 0x75, 0xd5, 0x55, 0x57, 0x5d, 0xf5,
    0xff, 0xce, 0x6d, 0x7f, 0xfd, 0xd3, 0xe2, 0xaa, 0xff, 0xaf, 0x10, 0x57, 0xfd, 0xbf, 0x76, 0xcb,
    0x4b, 0xbf, 0xb5, 0xb9, 0xea, 0xaa, 0xab, 0xae, 0xba, 0xea, 0xff, 0x9d, 0xdb, 0xfe, 0xfa, 0xa7,
    0xc5, 0x55, 0xff, 0x5f, 0x21, 0xae, 0xfa, 0x7f, 0xed, 0x96, 0x97, 0x7e, 0x6b, 0x73, 0xd5, 0x55,
    0x57, 0x5d, 0x75, 0xd5, 0xff, 0x3b, 0xb7, 0xfd, 0xf5, 0x4f, 0x8b, 0xab, 0xfe, 0xbf, 0x42, 0x5c,
    0xf5, 0xff, 0xda, 0x2d, 0x2f, 0xfd, 0xd6, 0xe6, 0xaa, 0xab, 0xae, 0xba, 0xea, 0xaa, 0xff, 0x77,
    0x6e, 0xfb, 0xeb, 0x9f, 0x16, 0x57, 0xfd, 0x7f, 0x85, 0xb8, 0xea, 0xff, 0xb5, 0x5b, 0x5e, 0xfa,
    0xad, 0xcd, 0x55, 0x57, 0x5d, 0x75, 0xd5, 0x55, 0xff, 0xef, 0xdc, 0xf6, 0xd7, 0x3f, 0x2d, 0xae,
    0xfa, 0xff, 0x0a, 0x71, 0xd5, 0xff, 0x6b, 0xb7, 0xbc, 0xf4, 0x5b, 0x9b, 0xab, 0xae, 0xba, 0xea,
    0xaa, 0xab, 0xfe, 0xdf, 0xb9, 0xed, 0xaf, 0x7f, 0x5a, 0x5c, 0xf5, 0xff, 0x15, 0xe2, 0xaa, 0xff,
    0xd7, 0x6e, 0x79, 0xe9, 0xb7, 0x36, 0x57, 0x5d, 0x75, 0xd5, 0x55, 0x57, 0xfd, 0xbf, 0x73, 0xdb,
    0x5f, 0xff, 0xb4, 0xb8, 0xea, 0xff, 0x2b, 0xc4, 0x55, 0xff, 0xaf, 0xdd, 0xf2, 0xd2, 0x6f, 0x6d,
    0xae, 0xba, 0xea, 0xaa, 0xab, 0xae, 0xfa, 0x7f, 0xe7, 0xb6, 0xbf, 0xfe, 0x69, 0x71, 0xd5, 0xff,
    0x57, 0x88, 0xab, 0xfe, 0x5f, 0xbb, 0xe5, 0xa5, 0xdf, 0xda, 0x5c, 0x75, 0xd5, 0x55, 0x57, 0x5d,
    0xf5, 0xff, 0xce, 0x6d, 0x7f, 0xfd, 0xd3, 0xe2, 0xaa, 0xff, 0xaf, 0x10, 0x57, 0xfd, 0xbf, 0x76,
    0xcb, 0x4b, 0xbf, 0xb5, 0xb9, 0xea, 0xaa, 0xab, 0xae, 0xba, 0xea, 0xff, 0x9d, 0xdb, 0xfe, 0xfa,
    0xa7, 0xc5, 0x55, 0xff, 0x5f, 0x21, 0xae, 0xfa, 0x7f, 0xed, 0x96, 0x97, 0x7e, 0x6b, 0x73, 0xd5,
    0x55, 0x57, 0x5d, 0x75, 0xd5, 0xff, 0x3b, 0xb7, 0xfd, 0xf5, 0x4f, 0x8b, 0xab, 0xfe, 0xbf, 0x42,
    0x5c, 0xf5, 0xff, 0xda, 0x2d, 0x2f, 0xfd, 0xd6, 0xe6, 0xaa, 0xab, 0xae, 0xba, 0xea, 0xaa, 0xff,
    0x77, 0x6e, 0xfb, 0xeb, 0x9f, 0x16, 0x57, 0xfd, 0x7f, 0x85, 0xb8, 0xea, 0xff, 0xb5, 0x5b, 0x5e,
    0xfa, 0xad, 0xcd, 0x55, 0x57, 0x5d, 0x75, 0xd5, 0x55, 0xff, 0xef, 0xdc, 0xf6, 0xd7, 0x3f, 0x2d,
    0xae, 0xfa, 0xff, 0x0a, 0x71, 0xd5, 0xff, 0x6b, 0xb7, 0xbc, 0xf4, 0x5b, 0x9b, 0xab, 0xae, 0xba,
    0xea, 0xaa, 0xab, 0xfe, 0xdf, 0xb9, 0xed, 0xaf, 0x7f, 0x5a, 0x5c, 0xf5, 0xff, 0x15, 0xe2, 0xaa,
    0xff, 0xd7, 0x6e, 0x79, 0xe9, 0xb7, 0x36, 0x57, 0x5d, 0x75, 0xd5, 0x55, 0x57, 0xfd, 0xbf, 0x73,
    0xdb, 0x5f, 0xff, 0xb4, 0xb8, 0xea, 0xff, 0x2b, 0xc4, 0x55, 0xff, 0xaf, 0xdd, 0xf2, 0xd2, 0x6f,
    0x6d, 0xae, 0xfa, 0x5f, 0x4d, 0xf0, 0x0c, 0xc3, 0x6f, 0x07, 0xfc, 0x35, 0xf0, 0xd7, 0xc0, 0xad,
    0xb7, 0xfe, 0xf5, 0x4f, 0xdf, 0xca, 0x55, 0x57, 0xfd, 0x07, 0x79, 0xf0, 0x4b, 0xbf, 0xf5, 0x83,
    0x81, 0x07, 0x03, 0x2f, 0x9d, 0xf0, 0xd2, 0x82, 0xb7, 0x36, 0x1c, 0xe3, 0xaa, 0xff, 0xd5, 0x6e,
    0xfb, 0xeb, 0x9f, 0x16, 0x57, 0xfd, 0x7f, 0x85, 0xb8, 0xea, 0xff, 0xb5, 0x5b, 0x5e, 0xfa, 0xad,
    0xcd, 0x55, 0xff, 0xeb, 0x08, 0x2e, 0x19, 0xbe, 0x3b, 0xe0, 0xbb, 0x6f, 0xfd, 0xeb, 0x9f, 0xfe,
    0x6b, 0xae, 0xba, 0xea, 0xbf, 0xd8, 0x83, 0x5f, 0xfa, 0xad, 0x5f, 0x3a, 0xe1, 0xbd, 0x05, 0xef,
    0x6d, 0x38, 0xc6, 0x55, 0xff, 0xeb, 0xdc, 0xf6, 0xd7, 0x3f, 0x2d, 0xae, 0xfa, 0xff, 0x0a, 0x71,
    0xd5, 0xff, 0x6b, 0xb7, 0xbc, 0xf4, 0x5b, 0x9b, 0xab, 0xfe, 0xd7, 0x10, 0x3c, 0x43, 0xf0, 0xd9,
    0xb7, 0xfe, 0xf5, 0x4f, 0x7f, 0x37, 0x57, 0x5d, 0xf5, 0x3f, 0xc0, 0x83, 0x5f, 0xfa, 0xad, 0x8f,
    0x03, 0x6f, 0x6d, 0xf8, 0x6c, 0xc3, 0x83, 0xb8, 0xea, 0x7f, 0x8d, 0xdb, 0xfe, 0xfa, 0xa7, 0xc5,
    0x55, 0xff, 0x5f, 0x21, 0xae, 0xfa, 0x7f, 0xed, 0x96, 0x97, 0x7e, 0x6b, 0x73, 0xd5, 0xff, 0x16,
    0x9f, 0x13, 0xf0, 0xd5, 0xb7, 0xfe, 0xf5, 0x4f, 0xef, 0x72, 0xd5, 0x55, 0xff, 0xc3, 0x3c, 0xf8,
    0xa5, 0xdf, 0xfa, 0x78, 0xc2, 0x47, 0x03, 0x9f, 0xc5, 0x55, 0xff, 0x2b, 0xdc, 0xf6, 0xd7, 0x3f,
    0x2d, 0xae, 0xfa, 0xff, 0x0a, 0x71, 0xd5, 0xff, 0x6b, 0xb7, 0xbc, 0xf4, 0x5b, 0x9b, 0xab, 0xfe,
    0x47, 0x13, 0xfc, 0x8d, 0xe0, 0xbd, 0x6f, 0xfd, 0xeb, 0x9f, 0xfe, 0x6b, 0xae, 0xba, 0xea, 0x7f,
    0xb8, 0x07, 0xbf, 0xf4, 0x5b, 0xbf, 0xb4, 0xe1, 0xbb, 0x0d, 0x2f, 0xc5, 0x55, 0xff, 0xa3, 0xdd,
    0xf6, 0xd7, 0x3f, 0x2d, 0xae, 0xfa, 0xff, 0x0a, 0x71, 0xd5, 0xff, 0x6b, 0xb7, 0xbc, 0xf4, 0x5b,
    0x9b, 0xab, 0xfe, 0x27, 0xfb, 0x9e, 0x80, 0x8f, 0xbe, 0xf5, 0xaf, 0x7f, 0x7a, 0x97, 0xab, 0xae,
    0xfa, 0x5f, 0xe2, 0xc1, 0x2f, 0xfd, 0xd6, 0xc7, 0x13, 0xbe, 0x1a, 0x78, 0x2f, 0xae, 0xfa, 0x1f,
    0xeb, 0xb6, 0xbf, 0xfe, 0x69, 0x71, 0xd5, 0xff, 0x57, 0x88, 0xab, 0xfe, 0x5f, 0xbb, 0xe5, 0xa5,
    0xdf, 0xda, 0x5c, 0xf5, 0x3f, 0xd5, 0xf7, 0xdc, 0xf6, 0xd7, 0x3f, 0xfd, 0xde, 0x5c, 0x75, 0xd5,
    0xff, 0x52, 0xb7, 0xbc, 0xf4, 0x5b, 0x7f, 0x37, 0xf0, 0x5e, 0x5c, 0xf5, 0x3f, 0xd2, 0x6d, 0x7f,
    0xfd, 0xd3, 0xe2, 0xaa, 0xff, 0xaf, 0x10, 0x57, 0xfd, 0xbf, 0x76, 0xcb, 0x4b, 0xbf, 0xb5, 0xb9,
    0xea, 0x7f, 0xa2, 0xef, 0xb9, 0xed, 0xaf, 0x7f, 0xfa, 0xbd, 0xb9, 0xea, 0xaa, 0xff, 0xe5, 0x6e,
    0x79, 0xe9, 0xb7, 0xfe, 0x6e, 0xe0, 0xbd, 0xb8, 0xea, 0x7f, 0x9c, 0xdb, 0xfe, 0xfa, 0xa7, 0xc5,
    0x55, 0xff, 0x5f, 0x21, 0xae, 0xfa, 0x7f, 0xed, 0x96, 0x97, 0x7e, 0x6b, 0x73, 0xd5, 0xff, 0x34,
    0xdf, 0x73, 0xdb, 0x5f, 0xff, 0xf4, 0x7b, 0x73, 0xd5, 0x55, 0xff, 0x47, 0xdc, 0xf2, 0xd2, 0x6f,
    0xfd, 0xdd, 0xc0, 0x7b, 0x71, 0xd5, 0xff, 0x28, 0xb7, 0xfd, 0xf5, 0x4f, 0x8b, 0xab, 0xfe, 0xbf,
    0x42, 0x5c, 0xf5, 0xff, 0xda, 0x2d, 0x2f, 0xfd, 0xd6, 0xe6, 0xaa, 0xff, 0x31, 0x04, 0x7f, 0x23,
    0x78, 0xed, 0x5b, 0xff, 0xfa, 0xa7, 0x77, 0xb9, 0xea, 0xaa, 0xff, 0x23, 0x1e, 0xfc, 0xd2, 0x6f,
    0x7d, 0xdc, 0xf0, 0xdb, 0x86, 0x97, 0xe2, 0xaa, 0xff, 0x31, 0x6e, 0xfb, 0xeb, 0x9f, 0x16, 0x57,
    0xfd, 0x7f, 0x85, 0xb8, 0xea, 0xff, 0xb5, 0x5b, 0x5e, 0xfa, 0xad, 0xcd, 0x55, 0xff, 0x63, 0x04,
    0xbc, 0xcc, 0xad, 0x7f, 0xfd, 0xd3, 0x7f, 0xcd, 0x55, 0x57, 0xfd, 0x1f, 0xf3, 0xe0, 0x97, 0x7e,
    0xeb, 0x97, 0x4e, 0xf8, 0x2b, 0xae, 0xfa, 0x1f, 0xe3, 0xb6, 0xbf, 0xfe, 0x69, 0x71, 0xd5, 0xff,
    0x57, 0x88, 0xab, 0xfe, 0x5f, 0xbb, 0xe5, 0xa5, 0xdf, 0xda, 0x5c, 0xf5, 0x3f, 0xc5, 0xe7, 0xdc,
    0xf6, 0xd7, 0x3f, 0xfd, 0xd9, 0x5c, 0x75, 0xd5, 0xff, 0x51, 0xb7, 0xbc, 0xf4, 0x5b, 0x7f, 0x36,
    0xf0, 0x59, 0x5c, 0xf5, 0x3f, 0xc2, 0x6d, 0x7f, 0xfd, 0xd3, 0xe2, 0xaa, 0xff, 0xaf, 0x10, 0x57,
    0xfd, 0xbf, 0x76, 0xcb, 0x4b, 0xbf, 0xb5, 0xb9, 0xea, 0xbf, 0x9d, 0xe0, 0x19, 0x82, 0x97, 0xbe,
    0xf5, 0xaf, 0x7f, 0x7a, 0x97, 0xab, 0xae, 0xfa, 0x3f, 0xea, 0xc1, 0x2f, 0xfd, 0xd6, 0xc7, 0x0d,
    0x7f, 0x6d, 0x78, 0x10, 0x57, 0xfd, 0xb7, 0xbb, 0xed, 0xaf, 0x7f, 0x5a, 0x5c, 0xf5, 0xff, 0x15,
    0xe2, 0xaa, 0xff, 0xd7, 0x6e, 0x79, 0xe9, 0xb7, 0x36, 0x57, 0xfd, 0xb7, 0x0b, 0x78, 0x9f, 0x5b,
    0xff, 0xfa, 0xa7, 0xbf, 0x9b, 0xab, 0xae, 0xfa, 0x3f, 0xee, 0xc1, 0x2f, 0xfd, 0xd6, 0xef, 0x9d,
    0xf0, 0x5d, 0x5c, 0xf5, 0xdf, 0xee, 0xb6, 0xbf, 0xfe, 0x69, 0x71, 0xd5, 0xff, 0x57, 0x88, 0xab,
    0xfe, 0x5f, 0xbb, 0xe5, 0xa5, 0xdf, 0xda, 0x5c, 0xf5, 0xdf, 0x4a, 0x70, 0xe9, 0x19, 0x7f, 0xfd,
    0xd3, 0xc7, 0xb9, 0xea, 0xaa, 0xff, 0x07, 0x1e, 0xfc, 0xd2, 0x6f, 0x7d, 0xdc, 0x70, 0xab, 0xe1,
    0x18, 0x57, 0xfd, 0xb7, 0xba, 0xed, 0xaf, 0x7f, 0x5a, 0x5c, 0xf5, 0xff, 0x15, 0xe2, 0xaa, 0xff,
    0xd7, 0x6e, 0x79, 0xe9, 0xb7, 0x36, 0x57, 0xfd, 0x77, 0xfb, 0x9a, 0xdb, 0xfe, 0xfa, 0xa7, 0x3f,
    0x9a, 0xab, 0xae, 0xfa, 0x7f, 0xe2, 0x96, 0x97, 0x7e, 0xeb, 0xaf, 0x06, 0x3e, 0x8a, 0xab, 0xfe,
    0x5b, 0xdd, 0xf6, 0xd7, 0x3f, 0x2d, 0xae, 0xfa, 0xff, 0x0a, 0x71, 0xd5, 0xff, 0x6b, 0xb7, 0xbc,
    0xf4, 0x5b, 0x9b, 0xab, 0xfe, 0x5b, 0x05, 0xbc, 0xcc, 0xad, 0x7f, 0xfd, 0xd3, 0x7f, 0xcd, 0x55,
    0x57, 0xfd, 0x3f, 0xf1, 0xe0, 0x97, 0x7e, 0xeb, 0x97, 0x4e, 0xf8, 0x2b, 0xae, 0xfa, 0x6f, 0x75,
    0xdb, 0x5f, 0xff, 0xb4, 0xb8, 0xea, 0xff, 0x2b, 0xc4, 0x55, 0xff, 0xaf, 0xdd, 0xf2, 0xd2, 0x6f,
    0x6d, 0xae, 0xfa, 0x6f, 0x23, 0x78, 0xc6, 0x33, 0xfe, 0xfa, 0xa7, 0x1f, 0xcc, 0x55, 0x57, 0xfd,
    0x3f, 0xf3, 0xa0, 0x97, 0x7e, 0xeb, 0x5d, 0xc3, 0x31, 0xae, 0xfa, 0x6f, 0x73, 0xdb, 0x5f, 0xff,
    0xb4, 0xb8, 0xea, 0xff, 0x2b, 0xc4, 0x55, 0xff, 0xaf, 0xdd, 0xf2, 0xd2, 0x6f, 0x6d, 0xae, 0xfa,
    0xef, 0xf4, 0x3d, 0xb7, 0xfd, 0xf5, 0x4f, 0xbf, 0x37, 0x57, 0x5d, 0xf5, 0xff, 0xcc, 0x2d, 0x2f,
    0xfd, 0xd6, 0xdf, 0x0d, 0xbc, 0x17, 0x57, 0xfd, 0xb7, 0xb9, 0xed, 0xaf, 0x7f, 0x5a, 0x5c, 0xf5,
    0xff, 0x15, 0xe2, 0xaa, 0xff, 0xd7, 0x6e, 0x79, 0xe9, 0xb7, 0x36, 0x57, 0xfd, 0xb7, 0x09, 0xf8,
    0x98, 0x5b, 0xff, 0xfa, 0xa7, 0xbf, 0x9a, 0xab, 0xae, 0xfa, 0x7f, 0xe6, 0x96, 0x97, 0x7e, 0xeb,
    0xcf, 0x06, 0x3e, 0x8b, 0xab, 0xfe, 0xdb, 0xdc, 0xf6, 0xd7, 0x3f, 0x2d, 0xae, 0xfa, 0xff, 0x0a,
    0x71, 0xd5, 0xff, 0x6b, 0xb7, 0xbc, 0xf4, 0x5b, 0x9b, 0xab, 0xfe, 0xdb, 0x04, 0xbc, 0xce, 0xad,
    0x7f, 0xfd, 0xd3, 0xbf, 0xcd, 0x55, 0x57, 0xfd, 0x3f, 0xf3, 0xe0, 0x97, 0x7e, 0xeb, 0xd7, 0x4e,
    0xf8, 0x2d, 0xae, 0xfa, 0x6f, 0x73, 0xdb, 0x5f, 0xff, 0xb4, 0xb8, 0xea, 0xff, 0x2b, 0xc4, 0x55,
    0xff, 0xaf, 0xdd, 0xf2, 0xd2, 0x6f, 0x6d, 0xae, 0xfa, 0x6f, 0x13, 0xf0, 0x90, 0x5b, 0xff, 0xfa,
    0xa7, 0x6f, 0xe5, 0xaa, 0xab, 0xfe, 0x9f, 0x79, 0xf0, 0x4b, 0xbf, 0xf5, 0x83, 0x13, 0x9e, 0xce,
    0x55, 0xff, 0x6d, 0x6e, 0xfb, 0xeb, 0x9f, 0x16, 0x57, 0xfd, 0x7f, 0x85, 0xb8, 0xea, 0xff, 0xb5,
    0x5b, 0x5e, 0xfa, 0xad, 0xcd, 0x55, 0xff, 0x6d, 0x6e, 0xfb, 0xeb, 0x9f, 0x16, 0x57, 0x5d, 0xf5,
    0xff, 0xd4, 0x2d, 0x2f, 0xfd, 0xd6, 0xe6, 0xaa, 0xff, 0x36, 0xb7, 0xfd, 0xf5, 0x4f, 0x8b, 0xab,
    0xfe, 0xbf, 0x42, 0x5c, 0xf5, 0xff, 0xda, 0x2d, 0x2f, 0xfd, 0xd6, 0xe6, 0xaa, 0xff, 0x36, 0xb7,
    0xfd, 0xf5, 0x4f, 0x8b, 0xab, 0xae, 0xfa, 0x7f, 0xea, 0x96, 0x97, 0x7e, 0x6b, 0x73, 0xd5, 0x7f,
    0x9b, 0xdb, 0xfe, 0xfa, 0xa7, 0xc5, 0x55, 0xff, 0x5f, 0x21, 0xae, 0xfa, 0x7f, 0xed, 0x96, 0x97,
    0x7e, 0x6b, 0x73, 0xd5, 0x7f, 0x9b, 0xdb, 0xfe, 0xfa, 0xa7, 0xc5, 0x55, 0x57, 0xfd, 0x3f, 0x75,
    0xcb, 0x4b, 0xbf, 0xb5, 0xb9, 0xea, 0xbf, 0xcd, 0x6d, 0x7f, 0xfd, 0xd3, 0xe2, 0xaa, 0xff, 0xaf,
    0x10, 0x57, 0xfd, 0xbf, 0x76, 0xcb, 0x4b, 0xbf, 0xb5, 0xb9, 0xea, 0xbf, 0xcd, 0x6d, 0x7f, 0xfd,
    0xd3, 0xe2, 0xaa, 0xab, 0xfe, 0x9f, 0xba, 0xe5, 0xa5, 0xdf, 0xda, 0x5c, 0xf5, 0xdf, 0xe6, 0xb6,
    0xbf, 0xfe, 0x69, 0x71, 0xd5, 0xff, 0x57, 0x88, 0xab, 0xfe, 0x5f, 0xbb, 0xe5, 0xa5, 0xdf, 0xda,
    0x5c, 0xf5, 0xdf, 0x26, 0xe0, 0x21, 0xb7, 0xfe, 0xf5, 0x4f, 0xdf, 0xca, 0x55, 0x57, 0xfd, 0x3f,
    0xf3, 0xe0, 0x97, 0x7e, 0xeb, 0x07, 0x27, 0x3c, 0x9d, 0xab, 0xfe, 0xdb, 0xdc, 0xf6, 0xd7, 0x3f,
    0x2d, 0xae, 0xfa, 0xff, 0x0a, 0x71, 0xd5, 0xff, 0x6b, 0xb7, 0xbc, 0xf4, 0x5b, 0x9b, 0xab, 0xfe,
    0xdb, 0x04, 0xbc, 0xce, 0xad, 0x7f, 0xfd, 0xd3, 0xbf, 0xcd, 0x55, 0x57, 0xfd, 0x3f, 0xf3, 0xe0,
    0x97, 0x7e, 0xeb, 0xd7, 0x4e, 0xf8, 0x2d, 0xae, 0xfa, 0x6f, 0x73, 0xdb, 0x5f, 0xff, 0xb4, 0xb8,
    0xea, 0xff, 0x2b, 0xc4, 0x55, 0xff, 0xaf, 0xdd, 0xf2, 0xd2, 0x6f, 0x6d, 0xae, 0xfa, 0x6f, 0x13,
    0xf0, 0x31, 0xb7, 0xfe, 0xf5, 0x4f, 0x7f, 0x35, 0x57, 0x5d, 0xf5, 0xff, 0xcc, 0x2d, 0x2f, 0xfd,
    0xd6, 0x9f, 0x0d, 0x7c, 0x16, 0x57, 0xfd, 0xb7, 0xb9, 0xed, 0xaf, 0x7f, 0x5a, 0x5c, 0xf5, 0xff,
    0x15, 0xe2, 0xaa, 0xff, 0xd7, 0x6e, 0x79, 0xe9, 0xb7, 0x36, 0x57, 0xfd, 0x77, 0xfa, 0x9e, 0xdb,
    0xfe, 0xfa, 0xa7, 0xdf, 0x9b, 0xab, 0xae, 0xfa, 0x7f, 0xe6, 0x96, 0x97, 0x7e, 0xeb, 0xef, 0x06,
    0xde, 0x8b, 0xab, 0xfe, 0xdb, 0xdc, 0xf6, 0xd7, 0x3f, 0x2d, 0xae, 0xfa, 0xff, 0x0a, 0x71, 0xd5,
    0xff, 0x6b, 0xb7, 0xbc, 0xf4, 0x5b, 0x9b, 0xab, 0xfe, 0xdb, 0x08, 0x6e, 0x7d, 0xc6, 0x5f, 0xff,
    0xf4, 0x43, 0xb8, 0xea, 0xaa, 0xff, 0x67, 0x1e, 0xf4, 0xd2, 0x6f, 0x7d, 0xd1, 0x70, 0x9c, 0xab,
    0xfe, 0xdb, 0xdc, 0xf6, 0xd7, 0x3f, 0x2d, 0xae, 0xfa, 0xff, 0x0a, 0x71, 0xd5, 0xff, 0x6b, 0xb7,
    0xbc, 0xf4, 0x5b, 0x9b, 0xab, 0xfe, 0x5b, 0x05, 0xbc, 0xcc, 0xad, 0x7f, 0xfd, 0xd3, 0x7f, 0xcd,
    0x55, 0x57, 0xfd, 0x3f, 0xf1, 0xe0, 0x97, 0x7e, 0xeb, 0x97, 0x4e, 0xf8, 0x2b, 0xae, 0xfa, 0x6f,
    0x75, 0xdb, 0x5f, 0xff, 0xb4, 0xb8, 0xea, 0xff, 0x2b, 0xc4, 0x55, 0xff, 0xaf, 0xdd, 0xf2, 0xd2,
    0x6f, 0x6d, 0xae, 0xfa, 0xef, 0xf6, 0x35, 0xb7, 0xfd, 0xf5, 0x4f, 0x7f, 0x34, 0x57, 0x5d, 0xf5,
    0xff, 0xc4, 0x2d, 0x2f, 0xfd, 0xd6, 0x5f, 0x0d, 0x7c, 0x14, 0x57, 0xfd, 0xb7, 0xba, 0xed, 0xaf,
    0x7f, 0x5a, 0x5c, 0xf5, 0xff, 0x15, 0xe2, 0xaa, 0xff, 0xd7, 0x6e, 0x79, 0xe9, 0xb7, 0x36, 0x57,
    0xfd, 0xb7, 0x12, 0xec, 0x3e, 0xe3, 0xaf, 0x7f, 0xfa, 0x04, 0x57, 0x5d, 0xf5, 0xff, 0xc0, 0x83,
    0x5f, 0xfa, 0xad, 0x8f, 0x1b, 0x9e, 0x6e, 0x38, 0xce, 0x55, 0xff, 0xad, 0x6e, 0xfb, 0xeb, 0x9f,
    0x16, 0x57, 0xfd, 0x7f, 0x85, 0xb8, 0xea, 0xff, 0xb5, 0x5b, 0x5e, 0xfa, 0xad, 0xcd, 0x55, 0xff,
    0xed, 0x02, 0xde, 0xe7, 0xd6, 0xbf, 0xfe, 0xe9, 0xef, 0xe6, 0xaa, 0xab, 0xfe, 0x8f, 0x7b, 0xf0,
    0x4b, 0xbf, 0xf5, 0x7b, 0x27, 0x7c, 0x17, 0x57, 0xfd, 0xb7, 0xbb, 0xed, 0xaf, 0x7f, 0x5a, 0x5c,
    0xf5, 0xff, 0x15, 0xe2, 0xaa, 0xff, 0xd7, 0x6e, 0x79, 0xe9, 0xb7, 0x36, 0x57, 0xfd, 0xb7, 0x13,
    0xdc, 0x2a, 0x78, 0x99, 0x5b, 0xff, 0xfa, 0xa7, 0x77, 0xb9, 0xea, 0xaa, 0xff, 0xa3, 0x1e, 0xfc,
    0xd2, 0x6f, 0x7d, 0xdc, 0xf0, 0x57, 0x86, 0x07, 0x73, 0xd5, 0x7f, 0xbb, 0xdb, 0xfe, 0xfa, 0xa7,
    0xc5, 0x55, 0xff, 0x5f, 0x21, 0xae, 0xfa, 0x7f, 0xed, 0x96, 0x97, 0x7e, 0x6b, 0x73, 0xd5, 0xff,
    0x14, 0x9f, 0x73, 0xdb, 0x5f, 0xff, 0xf4, 0x67, 0x73, 0xd5, 0x55, 0xff, 0x47, 0xdd, 0xf2, 0xd2,
    0x6f, 0xfd, 0xd9, 0xc0, 0x67, 0x71, 0xd5, 0xff, 0x08, 0xb7, 0xfd, 0xf5, 0x4f, 0x8b, 0xab, 0xfe,
    0xbf, 0x42, 0x5c, 0xf5, 0xff, 0xda, 0x2d, 0x2f, 0xfd, 0xd6, 0xe6, 0xaa, 0xff, 0x31, 0x02, 0x5e,
    0xe6, 0xd6, 0xbf, 0xfe, 0xe9, 0xbf, 0xe6, 0xaa, 0xab, 0xfe, 0x8f, 0x79, 0xf0, 0x4b, 0xbf, 0xf5,
    0x4b, 0x27, 0xfc, 0x15, 0x57, 0xfd, 0x8f, 0x71, 0xdb, 0x5f, 0xff, 0xb4, 0xb8, 0xea, 0xff, 0x2b,
    0xc4, 0x55, 0xff, 0xaf, 0xdd, 0xf2, 0xd2, 0x6f, 0x6d, 0xae, 0xfa, 0x1f, 0x43, 0xf0, 0xd7, 0x82,
    0xd7, 0xb9, 0xf5, 0xaf, 0x7f, 0x7a, 0x97, 0xab, 0xae, 0xfa, 0x3f, 0xe2, 0xc1, 0x2f, 0xfd, 0xd6,
    0xc7, 0x0d, 0xbf, 0x65, 0x78, 0x69, 0xae, 0xfa, 0x1f, 0xe3, 0xb6, 0xbf, 0xfe, 0x69, 0x71, 0xd5,
    0xff, 0x57, 0x88, 0xab, 0xfe, 0x5f, 0xbb, 0xe5, 0xa5, 0xdf, 0xda, 0x5c, 0xf5, 0x3f, 0xcd, 0x77,
    0xdf, 0xf6, 0xd7, 0x3f, 0xfd, 0x3e, 0x5c, 0x75, 0xd5, 0xff, 0x11, 0xb7, 0xbc, 0xf4, 0x5b, 0x7f,
    0x17, 0xf0, 0xde, 0x5c, 0xf5, 0x3f, 0xca, 0x6d, 0x7f, 0xfd, 0xd3, 0xe2, 0xaa, 0xff, 0xaf, 0x10,
    0x57, 0xfd, 0xbf, 0x76, 0xcb, 0x4b, 0xbf, 0xb5, 0xb9, 0xea, 0x7f, 0xa2, 0xef, 0xbe, 0xed, 0xaf,
    0x7f, 0xfa, 0x7d, 0xb8, 0xea, 0xaa, 0xff, 0xe5, 0x6e, 0x79, 0xe9, 0xb7, 0xfe, 0x2e, 0xe0, 0xbd,
    0xb9, 0xea, 0x7f, 0x9c, 0xdb, 0xfe, 0xfa, 0xa7, 0xc5, 0x55, 0xff, 0x5f, 0x21, 0xae, 0xfa, 0x7f,
    0xed, 0x96, 0x97, 0x7e, 0x6b, 0x73, 0xd5, 0xff, 0x54, 0xdf, 0x7d, 0xdb, 0x5f, 0xff, 0xf4, 0xfb,
    0x70, 0xd5, 0x55, 0xff, 0x4b, 0xdd, 0xf2, 0xd2, 0x6f, 0xfd, 0x5d, 0xc0, 0x7b, 0x73, 0xd5, 0xff,
    0x48, 0xb7, 0xfd, 0xf5, 0x4f, 0x8b, 0xab, 0xfe, 0xbf, 0x42, 0x5c, 0xf5, 0xff, 0xda, 0x2d, 0x2f,
    0xfd, 0xd6, 0xe6, 0xaa, 0xff, 0xc9, 0xbe, 0x3b, 0xe0, 0x63, 0x6e, 0xfd, 0xeb, 0x9f, 0xde, 0xe5,
    0xaa, 0xab, 0xfe, 0x97, 0x78, 0xf0, 0x4b, 0xbf, 0xf5, 0xf1, 0x84, 0xaf, 0x02, 0xde, 0x9b, 0xab,
    0xfe, 0xc7, 0xba, 0xed, 0xaf, 0x7f, 0x5a, 0x5c, 0xf5, 0xff, 0x15, 0xe2, 0xaa, 0xff, 0xd7, 0x6e,
    0x79, 0xe9, 0xb7, 0x36, 0x57, 0xfd, 0x8f, 0x26, 0xf8, 0x6b, 0xc1, 0xfb, 0xdc, 0xfa, 0xd7, 0x3f,
    0xfd, 0xd7, 0x5c, 0x75, 0xd5, 0xff, 0x70, 0x0f, 0x7e, 0xe9, 0xb7, 0x7e, 0x69, 0xc3, 0x77, 0x19,
    0x5e, 0x9a, 0xab, 0xfe, 0x47, 0xbb, 0xed, 0xaf, 0x7f, 0x5a, 0x5c, 0xf5, 0xff, 0x15, 0xe2, 0xaa,
    0xff, 0xd7, 0x6e, 0x79, 0xe9, 0xb7, 0x36, 0x57, 0xfd, 0x6f, 0xf1, 0xd9, 0x01, 0x5f, 0x73, 0xeb,
    0x5f, 0xff, 0xf4, 0x2e, 0x57, 0x5d, 0xf5, 0x3f, 0xcc, 0x83, 0x5f, 0xfa, 0xad, 0x8f, 0x27, 0x7c,
    0x14, 0xf0, 0xd9, 0x5c, 0xf5, 0xbf, 0xc2, 0x6d, 0x7f, 0xfd, 0xd3, 0xe2, 0xaa, 0xff, 0xaf, 0x10,
    0x57, 0xfd, 0xbf, 0x76, 0xcb, 0x4b, 0xbf, 0xb5, 0xb9, 0xea, 0x7f, 0x0d, 0xc1, 0xad, 0x42, 0x9f,
    0x0d, 0xfe, 0x99, 0x5b, 0xff, 0xfa, 0xa7, 0x77, 0xb9, 0xea, 0xaa, 0xff, 0x66, 0x0f, 0x7e, 0xe9,
    0xb7, 0x3e, 0x0e, 0x7a, 0x2b, 0xe3, 0xcf, 0x36, 0x3c, 0x98, 0xab, 0xfe, 0xd7, 0xb8, 0xed, 0xaf,
    0x7f, 0x5a, 0x5c, 0xf5, 0xff, 0x15, 0xe2, 0xaa, 0xff, 0xd7, 0x6e, 0x79, 0xe9, 0xb7, 0x36, 0x57,
    0xfd, 0xaf, 0x23, 0xd8, 0x35, 0x7c, 0x77, 0xc0, 0xf7, 0xdc, 0xfa, 0xd7, 0x3f, 0xfd, 0xd7, 0x5c,
    0x75, 0xd5, 0x7f, 0xb1, 0x07, 0xbf, 0xf4, 0x5b, 0xbf, 0x74, 0xc2, 0x7b, 0x09, 0xde, 0xdb, 0x70,
    0x9c, 0xab, 0xfe, 0xd7, 0xb9, 0xed, 0xaf, 0x7f, 0x5a, 0x5c, 0xf5, 0xff, 0x15, 0xe2, 0xaa, 0xff,
    0xd7, 0x6e, 0x79, 0xe9, 0xb7, 0x36, 0x57, 0xfd, 0xaf, 0x26, 0xd8, 0x35, 0xfc, 0x34, 0x70, 0x6b,
    0x48, 0xbf, 0x8d, 0xfd, 0x8c, 0x5b, 0xff, 0xfa, 0xa7, 0x6f, 0xe5, 0xaa, 0xab, 0xfe, 0x83, 0x3c,
    0xf8, 0xa5, 0xdf, 0xfa, 0xc1, 0x48, 0x0f, 0x4a, 0xfb, 0xb5, 0x81, 0x07, 0x0b, 0xde, 0xda, 0x70,
    0x9c, 0xab, 0xfe, 0x57, 0xbb, 0xed, 0xaf, 0x7f, 0x5a, 0x5c, 0xf5, 0xff, 0x15, 0xe2, 0xaa, 0xff,
    0xd7, 0x6e, 0x79, 0xe9, 0xb7, 0x36, 0x57, 0x5d, 0x75, 0xd5, 0x55, 0x57, 0xfd, 0xbf, 0x73, 0xdb,
    0x5f, 0xff, 0xb4, 0xb8, 0xea, 0xff, 0x2b, 0xc4, 0x55, 0xff, 0xaf, 0xdd, 0xf2, 0xd2, 0x6f, 0x6d,
    0xae, 0xba, 0xea, 0xaa, 0xab, 0xae, 0xfa, 0x7f, 0xe7, 0xb6, 0xbf, 0xfe, 0x69, 0x71, 0xd5, 0xff,
    0x57, 0x88, 0xab, 0xfe, 0x5f, 0xbb, 0xe5, 0xa5, 0xdf, 0xda, 0x5c, 0x75, 0xd5, 0x55, 0x57, 0x5d,
    0xf5, 0xff, 0xce, 0x6d, 0x7f, 0xfd, 0xd3, 0xe2, 0xaa, 0xff, 0xaf, 0x10, 0x57, 0xfd, 0xbf, 0x76,
    0xcb, 0x4b, 0xbf, 0xb5, 0xb9, 0xea, 0xaa, 0xab, 0xae, 0xba, 0xea, 0xff, 0x9d, 0xdb, 0xfe, 0xfa,
    0xa7, 0xc5, 0x55, 0xff, 0x5f, 0x21, 0xae, 0xfa, 0x7f, 0xed, 0x96, 0x97, 0x7e, 0x6b, 0x73, 0xd5,
    0x55, 0x57, 0x5d, 0x75, 0xd5, 0xff, 0x3b, 0xb7, 0xfd, 0xf5, 0x4f, 0x8b, 0xab, 0xfe, 0xbf, 0x42,
    0x5c, 0xf5, 0xff, 0xda, 0x2d, 0x2f, 0xfd, 0xd6, 0xe6, 0xaa, 0xab, 0xae, 0xba, 0xea, 0xaa, 0xff,
    0x77, 0x6e, 0xfb, 0xeb, 0x9f, 0x16, 0x57, 0xfd, 0x7f, 0x85, 0xb8, 0xea, 0xff, 0xb5, 0x5b, 0x5e,
    0xfa, 0xad, 0xcd, 0x55, 0x57, 0x5d, 0x75, 0xd5, 0x55, 0xff, 0xef, 0xdc, 0xf6, 0xd7, 0x3f, 0x2d,
    0xae, 0xfa, 0xff, 0x0a, 0x71, 0xd5, 0xff, 0x6b, 0xb7, 0xbc, 0xf4, 0x5b, 0x9b, 0xab, 0xae, 0xba,
    0xea, 0xaa, 0xab, 0xfe, 0xdf, 0xb9, 0xed, 0xaf, 0x7f, 0x5a, 0x5c, 0xf5, 0xff, 0x15, 0xe2, 0xaa,
    0xff, 0xd7, 0x6e, 0x79, 0xe9, 0xb7, 0x36, 0x57, 0x5d, 0x75, 0xd5, 0x55, 0x57, 0xfd, 0xbf, 0x73,
    0xdb, 0x5f, 0xff, 0xb4, 0xb8, 0xea, 0xff, 0x2b, 0xc4, 0x55, 0xff, 0xaf, 0xdd, 0xf2, 0xd2, 0x6f,
    0x6d, 0xae, 0xba, 0xea, 0xaa, 0xab, 0xae, 0xfa, 0x7f, 0xe7, 0xb6, 0xbf, 0xfe, 0x69, 0x71, 0xd5,
    0xff, 0x57, 0x88, 0xab, 0xfe, 0x5f, 0xbb, 0xe5, 0xa5, 0xdf, 0xda, 0x5c, 0x75, 0xd5, 0x55, 0x57,
    0x5d, 0xf5, 0xff, 0xce, 0x6d, 0x7f, 0xfd, 0xd3, 0xe2, 0xaa, 0xff, 0xaf, 0x10, 0x57, 0xfd, 0xbf,
    0x76, 0xcb, 0x4b, 0xbf, 0xb5, 0xb9, 0xea, 0xaa, 0xab, 0xae, 0xba, 0xea, 0xff, 0x9d, 0xdb, 0xfe,
    0xfa, 0xa7, 0xc5, 0x55, 0xff, 0x5f, 0x21, 0xae, 0xfa, 0x7f, 0xed, 0x96, 0x97, 0x7e, 0x6b, 0x73,
    0xd5, 0x55, 0x57, 0x5d, 0x75, 0xd5, 0xff, 0x3b, 0xb7, 0xfd, 0xf5, 0x4f, 0x8b, 0xab, 0xfe, 0xbf,
    0x42, 0x5c, 0xf5, 0xff, 0xda, 0x2d, 0x2f, 0xfd, 0xd6, 0xe6, 0xaa, 0xab, 0xae, 0xba, 0xea, 0xaa,
    0xff, 0x77, 0x6e, 0xfb, 0xeb, 0x9f, 0x16, 0x57, 0xfd, 0x7f, 0x85, 0xb8, 0xea, 0xff, 0xb5, 0x5b,
    0x5e, 0xfa, 0xad, 0xcd, 0x55, 0x57, 0x5d, 0x75, 0xd5, 0x55, 0xff, 0xef, 0xdc, 0xf6, 0xd7, 0x3f,
    0x2d, 0xae, 0xfa, 0xff, 0x0a, 0x71, 0xd5, 0xff, 0x6b, 0xb7, 0xbc, 0xf4, 0x5b, 0x9b, 0xab, 0xae,
    0xba, 0xea, 0xaa, 0xab, 0xfe, 0xdf, 0xb9, 0xed, 0xaf, 0x7f, 0x5a, 0x5c, 0xf5, 0xff, 0x15, 0xe2,
    0xaa, 0xff, 0xd7, 0x6e, 0x79, 0xe9, 0xb7, 0x36, 0x57, 0x5d, 0x75, 0xd5, 0x55, 0x57, 0xfd, 0xbf,
    0x73, 0xdb, 0x5f, 0xff, 0xb4, 0xb8, 0xea, 0xff, 0x2b, 0xc4, 0x55, 0xff, 0xaf, 0xdd, 0xf2, 0xd2,
    0x6f, 0x6d, 0xae, 0xba, 0xea, 0xaa, 0xab, 0xae, 0xfa, 0x7f, 0xe7, 0xb6, 0xbf, 0xfe, 0x69, 0x71,
    0xd5, 0xff, 0x57, 0x88, 0xab, 0xfe, 0x5f, 0xbb, 0xe5, 0xa5, 0xdf, 0xda, 0x5c, 0x75, 0xd5, 0x55,
    0x57, 0x5d, 0xf5, 0xff, 0xce, 0x6d, 0x7f, 0xfd, 0xd3, 0xe2, 0xaa, 0xff, 0xaf, 0x10, 0x57, 0xfd,
    0xbf, 0x76, 0xcb, 0x4b, 0xbf, 0xb5, 0xb9, 0xea, 0xaa, 0xab, 0xae, 0xba, 0xea, 0xff, 0x9d, 0xdb,
    0xfe, 0xfa, 0xa7, 0xc5, 0x55, 0xff, 0x5f, 0x21, 0xae, 0xfa, 0x7f, 0xed, 0x96, 0x97, 0x7e, 0x6b,
    0x73, 0xd5, 0x55, 0x57, 0x5d, 0x75, 0xd5, 0xff, 0x3b, 0xb7, 0xfd, 0xf5, 0x4f, 0x8b, 0xab, 0xfe,
    0xbf, 0x42, 0x5c, 0xf5, 0xff, 0xda, 0x2d, 0x2f, 0xfd, 0xd6, 0xe6, 0xaa, 0xab, 0xae, 0xba, 0xea,
    0xaa, 0xff, 0x77, 0x6e, 0xfb, 0xeb, 0x9f, 0x16, 0x57, 0xfd, 0x7f, 0x85, 0xb8, 0xea, 0xff, 0xb5,
    0x5b, 0x5e, 0xfa, 0xad, 0xcd, 0x55, 0x57, 0x5d, 0x75, 0xd5, 0x55, 0xff, 0xef, 0xdc, 0xf6, 0xd7,
    0x3f, 0x2d, 0xae, 0xfa, 0xff, 0x0a, 0x71, 0xd5, 0xff, 0x6b, 0xb7, 0xbc, 0xf4, 0x5b, 0x9b, 0xab,
    0xae, 0xba, 0xea, 0xaa, 0xab, 0xfe, 0xdf, 0xb9, 0xed, 0xaf, 0x7f, 0x5a, 0x5c, 0xf5, 0xff, 0x15,
    0xe2, 0xaa, 0xff, 0xd7, 0x6e, 0x79, 0xe9, 0xb7, 0x36, 0x57, 0x5d, 0x75, 0xd5, 0x55, 0x57, 0xfd,
    0xbf, 0x73, 0xdb, 0x5f, 0xff, 0xb4, 0xb8, 0xea, 0xff, 0x2b, 0xc4, 0x55, 0xff, 0xaf, 0xdd, 0xf2,
    0xd2, 0x6f, 0x6d, 0xae, 0xba, 0xea, 0xaa, 0xab, 0xae, 0xfa, 0x7f, 0xe7, 0xb6, 0xbf, 0xfe, 0x69,
    0x71, 0xd5, 0xff, 0x57, 0x88, 0xab, 0xfe, 0x5f, 0xbb, 0xe5, 0xa5, 0xdf, 0xda, 0x5c, 0x75, 0xd5,
    0x55, 0x57, 0x5d, 0xf5, 0xff, 0xce, 0x6d, 0x7f, 0xfd, 0xd3, 0xe2, 0xaa, 0xff, 0xaf, 0x10, 0x57,
    0xfd, 0xbf, 0x76, 0xcb, 0x4b, 0xbf, 0xb5, 0xb9, 0xea, 0xaa, 0xab, 0xae, 0xba, 0xea, 0xff, 0x9d,
    0xdb, 0xfe, 0xfa, 0xa7, 0xc5, 0x55, 0xff, 0x5f, 0x21, 0xae, 0xfa, 0x7f, 0xed, 0x96, 0x97, 0x7e,
    0x6b, 0x73, 0xd5, 0x55, 0x57, 0x5d, 0x75, 0xd5, 0xff, 0x3b, 0xb7, 0xfd, 0xf5, 0x4f, 0x8b, 0xab,
    0xfe, 0xbf, 0x42, 0x5c, 0xf5, 0xff, 0xda, 0x2d, 0x2f, 0xfd, 0xd6, 0xe6, 0xaa, 0xab, 0xae, 0xba,
    0xea, 0xaa, 0xff, 0x77, 0x6e, 0xfb, 0xeb, 0x9f, 0x16, 0x57, 0xfd, 0x7f, 0x85, 0xb8, 0xea, 0xff,
    0xb5, 0x5b, 0x5e, 0xfa, 0xad, 0xcd, 0x55, 0x57, 0x5d, 0x75, 0xd5, 0x55, 0xff, 0xef, 0xdc, 0xf6,
    0xd7, 0x3f, 0x2d, 0xae, 0xfa, 0xff, 0x0a, 0x71, 0xd5, 0xff, 0x6b, 0xb7, 0xbc, 0xf4, 0x5b, 0x9b,
    0xab, 0xae, 0xba, 0xea, 0xaa, 0xab, 0xfe, 0xdf, 0xb9, 0xed, 0xaf, 0x7f, 0x5a, 0x5c, 0xf5, 0xff,
    0x15, 0xe2, 0xaa, 0xff, 0xd7, 0x6e, 0x79, 0xe9, 0xb7, 0x36, 0x57, 0x5d, 0x75, 0xd5, 0x55, 0x57,
    0xfd, 0xbf, 0x73, 0xdb, 0x5f, 0xff, 0xb4, 0xb8, 0xea, 0xff, 0x2b, 0xc4, 0x55, 0xff, 0xaf, 0xdd,
    0xf2, 0xd2, 0x6f, 0x6d, 0xae, 0xba, 0xea, 0xaa, 0xab, 0xae, 0xfa, 0x7f, 0xe7, 0xb6, 0xbf, 0xfe,
    0x69, 0x71, 0xd5, 0xff, 0x57, 0x88, 0xab, 0xfe, 0x5f, 0xbb, 0xe5, 0xa5, 0xdf, 0xda, 0x5c, 0x75,
    0xd5, 0x55, 0x57, 0x5d, 0xf5, 0xff, 0xce, 0x6d, 0x7f, 0xfd, 0xd3, 0xe2, 0xaa, 0xff, 0xaf, 0x10,
    0x57, 0xfd, 0xbf, 0x76, 0xcb, 0x4b, 0xbf, 0xb5, 0xb9, 0xea, 0xaa, 0xab, 0xae, 0xba, 0xea, 0xff,
    0x9d, 0xdb, 0xfe, 0xfa, 0xa7, 0xc5, 0x55, 0xff, 0x5f, 0x21, 0xae, 0xfa, 0x7f, 0xed, 0x96, 0x97,
    0x7e, 0x6b, 0x73, 0xd5, 0x55, 0x57, 0x5d, 0x75, 0xd5, 0xff, 0x3b, 0xb7, 0xfd, 0xf5, 0x4f, 0x8b,
    0xab, 0xfe, 0xbf, 0x42, 0x5c, 0xf5, 0xff, 0xda, 0x2d, 0x2f, 0xfd, 0xd6, 0xe6, 0xaa, 0xab, 0xae,
    0xba, 0xea, 0xaa, 0xff, 0x77, 0x6e, 0xfb, 0xeb, 0x9f, 0x16, 0x57, 0xfd, 0x7f, 0x85, 0xb8, 0xea,
    0xff, 0xb5, 0x5b, 0x5e, 0xfa, 0xad, 0xcd, 0x55, 0x57, 0x5d, 0x75, 0xd5, 0x55, 0xff, 0xef, 0xdc,
    0xf6, 0xd7, 0x3f, 0x2d, 0xae, 0xfa, 0xff, 0x0a, 0x71, 0xd5, 0xff, 0x6b, 0xb7, 0xbc, 0xf4, 0x5b,
    0x9b, 0xab, 0xae, 0xba, 0xea, 0xaa, 0xab, 0xfe, 0xdf, 0xb9, 0xed, 0xaf, 0x7f, 0x5a, 0x5c, 0xf5,
    0xff, 0x15, 0xe2, 0xaa, 0xff, 0xd7, 0x6e, 0x79, 0xe9, 0xb7, 0x36, 0x57, 0x5d, 0x75, 0xd5, 0x55,
    0x57, 0xfd, 0xbf, 0x73, 0xdb, 0x5f, 0xff, 0xb4, 0xb8, 0xea, 0xff, 0x2b, 0xc4, 0x55, 0xff, 0xaf,
    0xdd, 0xf2, 0xd2, 0x6f, 0x6d, 0xae, 0xba, 0xea, 0xaa, 0xab, 0xae, 0xfa, 0x7f, 0xe7, 0xb6, 0xbf,
    0xfe, 0x69, 0x71, 0xd5, 0xff, 0x57, 0x88, 0xab, 0xfe, 0x5f, 0xbb, 0xe5, 0xa5, 0xdf, 0xda, 0x5c,
    0x75, 0xd5, 0x55, 0x57, 0x5d, 0xf5, 0xff, 0xce, 0x6d, 0x7f, 0xfd, 0xd3, 0xe2, 0xaa, 0xff, 0xaf,
    0x10, 0x57, 0xfd, 0xbf, 0x76, 0xcb, 0x4b, 0xbf, 0xb5, 0xb9, 0xea, 0xaa, 0xab, 0xae, 0xba, 0xea,
    0xff, 0x9d, 0xdb, 0xfe, 0xfa, 0xa7, 0xc5, 0x55, 0xff, 0x5f, 0x21, 0xae, 0xfa, 0x7f, 0xed, 0x96,
    0x97, 0x7e, 0x6b, 0x73, 0xd5, 0x55, 0x57, 0x5d, 0x75, 0xd5, 0xff, 0x3b, 0xb7, 0xfd, 0xf5, 0x4f,
    0x8b, 0xab, 0xfe, 0xbf, 0x42, 0x5c, 0xf5, 0xff, 0xda, 0x2d, 0x2f, 0xfd, 0xd6, 0xe6, 0xaa, 0xab,
    0xae, 0xba, 0xea, 0xaa, 0xff, 0x77, 0x6e, 0xfb, 0xeb, 0x9f, 0x16, 0x57, 0xfd, 0x7f, 0x85, 0xb8,
    0xea, 0xff, 0xb5, 0x5b, 0x5e, 0xfa, 0xad, 0xcd, 0x55, 0x57, 0x5d, 0x75, 0xd5, 0x55, 0xff, 0xef,
    0xdc, 0xf6, 0xd7, 0x3f, 0x2d, 0xae, 0xfa, 0xff, 0x0a, 0x71, 0xd5, 0xff, 0x6b, 0xb7, 0xbc, 0xf4,
    0x5b, 0x9b, 0xab, 0xae, 0xba, 0xea, 0xaa, 0xab, 0xfe, 0xdf, 0xb9, 0xed, 0xaf, 0x7f, 0x5a, 0x5c,
    0xf5, 0xff, 0x15, 0xe2, 0xaa, 0xff, 0xd7, 0x6e, 0x79, 0xe9, 0xb7, 0x36, 0x57, 0xfd, 0xaf, 0x26,
    0x78, 0x86, 0xe1, 0xb7, 0x03, 0xfe, 0x1a, 0xf8, 0x6b, 0xe0, 0xd6, 0x5b, 0xff, 0xfa, 0xa7, 0x6f,
    0xe5, 0xaa, 0xab, 0xfe, 0x83, 0x3c, 0xf8, 0xa5, 0xdf, 0xfa, 0xc1, 0xc0, 0x83, 0x81, 0x97, 0x4e,
    0x78, 0x69, 0xc1, 0x5b, 0x1b, 0x8e, 0x71, 0xd5, 0xff, 0x6a, 0xb7, 0xfd, 0xf5, 0x4f, 0x8b, 0xab,
    0xfe, 0xbf, 0x42, 0x5c, 0xf5, 0xff, 0xda, 0x2d, 0x2f, 0xfd, 0xd6, 0xe6, 0xaa, 0xff, 0x75, 0x04,
    0x97, 0x0c, 0xdf, 0x1d, 0xf0, 0xdd, 0xb7, 0xfe, 0xf5, 0x4f, 0xff, 0x35, 0x57, 0x5d, 0xf5, 0x5f,
    0xec, 0xc1, 0x2f, 0xfd, 0xd6, 0x2f, 0x9d, 0xf0, 0xde, 0x82, 0xf7, 0x36, 0x1c, 0xe3, 0xaa, 0xff,
    0x75, 0x6e, 0xfb, 0xeb, 0x9f, 0x16, 0x57, 0xfd, 0x7f, 0x85, 0xb8, 0xea, 0xff, 0xb5, 0x5b, 0x5e,
    0xfa, 0xad, 0xcd, 0x55, 0xff, 0x6b, 0x08, 0x9e, 0x21, 0xf8, 0xec, 0x5b, 0xff, 0xfa, 0xa7, 0xbf,
    0x9b, 0xab, 0xae, 0xfa, 0x1f, 0xe0, 0xc1, 0x2f, 0xfd, 0xd6, 0xc7, 0x81, 0xb7, 0x36, 0x7c, 0xb6,
    0xe1, 0x41, 0x5c, 0xf5, 0xbf, 0xc6, 0x6d, 0x7f, 0xfd, 0xd3, 0xe2, 0xaa, 0xff, 0xaf, 0x10, 0x57,
    0xfd, 0xbf, 0x76, 0xcb, 0x4b, 0xbf, 0xb5, 0xb9, 0xea, 0x7f, 0x8b, 0xcf, 0x09, 0xf8, 0xea, 0x5b,
    0xff, 0xfa, 0xa7, 0x77, 0xb9, 0xea, 0xaa, 0xff, 0x61, 0x1e, 0xfc, 0xd2, 0x6f, 0x7d, 0x3c, 0xe1,
    0xa3, 0x81, 0xcf, 0xe2, 0xaa, 0xff, 0x15, 0x6e, 0xfb, 0xeb, 0x9f, 0x16, 0x57, 0xfd, 0x7f, 0x85,
    0xb8, 0xea, 0xff, 0xb5, 0x5b, 0x5e, 0xfa, 0xad, 0xcd, 0x55, 0xff, 0xa3, 0x09, 0xfe, 0x46, 0xf0,
    0xde, 0xb7, 0xfe, 0xf5, 0x4f, 0xff, 0x35, 0x57, 0x5d, 0xf5, 0x3f, 0xdc, 0x83, 0x5f, 0xfa, 0xad,
    0x5f, 0xda, 0xf0, 0xdd, 0x86, 0x97, 0xe2, 0xaa, 0xff, 0xd1, 0x6e, 0xfb, 0xeb, 0x9f, 0x16, 0x57,
    0xfd, 0x7f, 0x85, 0xb8, 0xea, 0xff, 0xb5, 0x5b, 0x5e, 0xfa, 0xad, 0xcd, 0x55, 0xff, 0x93, 0x7d,
    0x4f, 0xc0, 0x47, 0xdf, 0xfa, 0xd7, 0x3f, 0xbd, 0xcb, 0x55, 0x57, 0xfd, 0x2f, 0xf1, 0xe0, 0x97,
    0x7e, 0xeb, 0xe3, 0x09, 0x5f, 0x0d, 0xbc, 0x17, 0x57, 0xfd, 0x8f, 0x75, 0xdb, 0x5f, 0xff, 0xb4,
    0xb8, 0xea, 0xff, 0x2b, 0xc4, 0x55, 0xff, 0xaf, 0xdd, 0xf2, 0xd2, 0x6f, 0x6d, 0xae, 0xfa, 0x9f,
    0xea, 0x7b, 0x6e, 0xfb, 0xeb, 0x9f, 0x7e, 0x6f, 0xae, 0xba, 0xea, 0x7f, 0xa9, 0x5b, 0x5e, 0xfa,
    0xad, 0xbf, 0x1b, 0x78, 0x2f, 0xae, 0xfa, 0x1f, 0xe9, 0xb6, 0xbf, 0xfe, 0x69, 0x71, 0xd5, 0xff,
    0x57, 0x88, 0xab, 0xfe, 0x5f, 0xbb, 0xe5, 0xa5, 0xdf, 0xda, 0x5c, 0xf5, 0x3f, 0xd1, 0xf7, 0xdc,
    0xf6, 0xd7, 0x3f, 0xfd, 0xde, 0x5c, 0x75, 0xd5, 0xff, 0x72, 0xb7, 0xbc, 0xf4, 0x5b, 0x7f, 0x37,
    0xf0, 0x5e, 0x5c, 0xf5, 0x3f, 0xce, 0x6d, 0x7f, 0xfd, 0xd3, 0xe2, 0xaa, 0xff, 0xaf, 0x10, 0x57,
    0xfd, 0xbf, 0x76, 0xcb, 0x4b, 0xbf, 0xb5, 0xb9, 0xea, 0x7f, 0x9a, 0xef, 0xb9, 0xed, 0xaf, 0x7f,
    0xfa, 0xbd, 0xb9, 0xea, 0xaa, 0xff, 0x23, 0x6e, 0x79, 0xe9, 0xb7, 0xfe, 0x6e, 0xe0, 0xbd, 0xb8,
    0xea, 0x7f, 0x94, 0xdb, 0xfe, 0xfa, 0xa7, 0xc5, 0x55, 0xff, 0x5f, 0x21, 0xae, 0xfa, 0x7f, 0xed,
    0x96, 0x97, 0x7e, 0x6b, 0x73, 0xd5, 0xff, 0x18, 0x82, 0xbf, 0x11, 0xbc, 0xf6, 0xad, 0x7f, 0xfd,
    0xd3, 0xbb, 0x5c, 0x75, 0xd5, 0xff, 0x11, 0x0f, 0x7e, 0xe9, 0xb7, 0x3e, 0x6e, 0xf8, 0x6d, 0xc3,
    0x4b, 0x71, 0xd5, 0xff, 0x18, 0xb7, 0xfd, 0xf5, 0x4f, 0x8b, 0xab, 0xfe, 0xbf, 0x42, 0x5c, 0xf5,
    0xff, 0xda, 0x2d, 0x2f, 0xfd, 0xd6, 0xe6, 0xaa, 0xff, 0x31, 0x02, 0x5e, 0xe6, 0xd6, 0xbf, 0xfe,
    0xe9, 0xbf, 0xe6, 0xaa, 0xab, 0xfe, 0x8f, 0x79, 0xf0, 0x4b, 0xbf, 0xf5, 0x4b, 0x27, 0xfc, 0x15,
    0x57, 0xfd, 0x8f, 0x71, 0xdb, 0x5f, 0xff, 0xb4, 0xb8, 0xea, 0xff, 0x2b, 0xc4, 0x55, 0xff, 0xaf,
    0xdd, 0xf2, 0xd2, 0x6f, 0x6d, 0xae, 0xfa, 0x9f, 0xe2, 0x73, 0x6e, 0xfb, 0xeb, 0x9f, 0xfe, 0x6c,
    0xae, 0xba, 0xea, 0xff, 0xa8, 0x5b, 0x5e, 0xfa, 0xad, 0x3f, 0x1b, 0xf8, 0x2c, 0xae, 0xfa, 0x1f,
    0xe1, 0xb6, 0xbf, 0xfe, 0x69, 0x71, 0xd5, 0xff, 0x57, 0x88, 0xab, 0xfe, 0x5f, 0xbb, 0xe5, 0xa5,
    0xdf, 0xda, 0x5c, 0xf5, 0xdf, 0x4e, 0xf0, 0x0c, 0xc1, 0x4b, 0xdf, 0xfa, 0xd7, 0x3f, 0xbd, 0xcb,
    0x55, 0x57, 0xfd, 0x1f, 0xf5, 0xe0, 0x97, 0x7e, 0xeb, 0xe3, 0x86, 0xbf, 0x36, 0x3c, 0x88, 0xab,
    0xfe, 0xdb, 0xdd, 0xf6, 0xd7, 0x3f, 0x2d, 0xae, 0xfa, 0xff, 0x0a, 0x71, 0xd5, 0xff, 0x6b, 0xb7,
    0xbc, 0xf4, 0x5b, 0x9b, 0xab, 0xfe, 0xdb, 0x05, 0xbc, 0xcf, 0xad, 0x7f, 0xfd, 0xd3, 0xdf, 0xcd,
    0x55, 0x57, 0xfd, 0x1f, 0xf7, 0xe0, 0x97, 0x7e, 0xeb, 0xf7, 0x4e, 0xf8, 0x2e, 0xae, 0xfa, 0x6f,
    0x77, 0xdb, 0x5f, 0xff, 0xb4, 0xb8, 0xea, 0xff, 0x2b, 0xc4, 0x55, 0xff, 0xaf, 0xdd, 0xf2, 0xd2,
    0x6f, 0x6d, 0xae, 0xfa, 0x6f, 0x25, 0xb8, 0xf4, 0x8c, 0xbf, 0xfe, 0xe9, 0xe3, 0x5c, 0x75, 0xd5,
    0xff, 0x03, 0x0f, 0x7e, 0xe9, 0xb7, 0x3e, 0x6e, 0xb8, 0xd5, 0x70, 0x8c, 0xab, 0xfe, 0x5b, 0xdd,
    0xf6, 0xd7, 0x3f, 0x2d, 0xae, 0xfa, 0xff, 0x0a, 0x71, 0xd5, 0xff, 0x6b, 0xb7, 0xbc, 0xf4, 0x5b,
    0x9b, 0xab, 0xfe, 0xbb, 0x7d, 0xcd, 0x6d, 0x7f, 0xfd, 0xd3, 0x1f, 0xcd, 0x55, 0x57, 0xfd, 0x3f,
    0x71, 0xcb, 0x4b, 0xbf, 0xf5, 0x57, 0x03, 0x1f, 0xc5, 0x55, 0xff, 0xad, 0x6e, 0xfb, 0xeb, 0x9f,
    0x16, 0x57, 0xfd, 0x7f, 0x85, 0xb8, 0xea, 0xff, 0xb5, 0x5b, 0x5e, 0xfa, 0xad, 0xcd, 0x55, 0xff,
    0xad, 0x02, 0x5e, 0xe6, 0xd6, 0xbf, 0xfe, 0xe9, 0xbf, 0xe6, 0xaa, 0xab, 0xfe, 0x9f, 0x78, 0xf0,
    0x4b, 0xbf, 0xf5, 0x4b, 0x27, 0xfc, 0x15, 0x57, 0xfd, 0xb7, 0xba, 0xed, 0xaf, 0x7f, 0x5a, 0x5c,
    0xf5, 0xff, 0x15, 0xe2, 0xaa, 0xff, 0xd7, 0x6e, 0x79, 0xe9, 0xb7, 0x36, 0x57, 0xfd, 0xb7, 0x11,
    0x3c, 0xe3, 0x19, 0x7f, 0xfd, 0xd3, 0x0f, 0xe6, 0xaa, 0xab, 0xfe, 0x9f, 0x79, 0xd0, 0x4b, 0xbf,
    0xf5, 0xae, 0xe1, 0x18, 0x57, 0xfd, 0xb7, 0xb9, 0xed, 0xaf, 0x7f, 0x5a, 0x5c, 0xf5, 0xff, 0x15,
    0xe2, 0xaa, 0xff, 0xd7, 0x6e, 0x79, 0xe9, 0xb7, 0x36, 0x57, 0xfd, 0x77, 0xfa, 0x9e, 0xdb, 0xfe,
    0xfa, 0xa7, 0xdf, 0x9b, 0xab, 0xae, 0xfa, 0x7f, 0xe6, 0x96, 0x97, 0x7e, 0xeb, 0xef, 0x06, 0xde,
    0x8b, 0xab, 0xfe, 0xdb, 0xdc, 0xf6, 0xd7, 0x3f, 0x2d, 0xae, 0xfa, 0xff, 0x0a, 0x71, 0xd5, 0xff,
    0x6b, 0xb7, 0xbc, 0xf4, 0x5b, 0x9b, 0xab, 0xfe, 0xdb, 0x04, 0x7c, 0xcc, 0xad, 0x7f, 0xfd, 0xd3,
    0x5f, 0xcd, 0x55, 0x57, 0xfd, 0x3f, 0x73, 0xcb, 0x4b, 0xbf, 0xf5, 0x67, 0x03, 0x9f, 0xc5, 0x55,
    0xff, 0x6d, 0x6e, 0xfb, 0xeb, 0x9f, 0x16, 0x57, 0xfd, 0x7f, 0x85, 0xb8, 0xea, 0xff, 0xb5, 0x5b,
    0x5e, 0xfa, 0xad, 0xcd, 0x55, 0xff, 0x6d, 0x02, 0x5e, 0xe7, 0xd6, 0xbf, 0xfe, 0xe9, 0xdf, 0xe6,
    0xaa, 0xab, 0xfe, 0x9f, 0x79, 0xf0, 0x4b, 0xbf, 0xf5, 0x6b, 0x27, 0xfc, 0x16, 0x57, 0xfd, 0xb7,
    0xb9, 0xed, 0xaf, 0x7f, 0x5a, 0x5c, 0xf5, 0xff, 0x15, 0xe2, 0xaa, 0xff, 0xd7, 0x6e, 0x79, 0xe9,
    0xb7, 0x36, 0x57, 0xfd, 0xb7, 0x09, 0x78, 0xc8, 0xad, 0x7f, 0xfd, 0xd3, 0xb7, 0x72, 0xd5, 0x55,
    0xff, 0xcf, 0x3c, 0xf8, 0xa5, 0xdf, 0xfa, 0xc1, 0x09, 0x4f, 0xe7, 0xaa, 0xff, 0x36, 0xb7, 0xfd,
    0xf5, 0x4f, 0x8b, 0xab, 0xfe, 0xbf, 0x42, 0x5c, 0xf5, 0xff, 0xda, 0x2d, 0x2f, 0xfd, 0xd6, 0xe6,
    0xaa, 0xff, 0x36, 0xb7, 0xfd, 0xf5, 0x4f, 0x8b, 0xab, 0xae, 0xfa, 0x7f, 0xea, 0x96, 0x97, 0x7e,
    0x6b, 0x73, 0xd5, 0x7f, 0x9b, 0xdb, 0xfe, 0xfa, 0xa7, 0xc5, 0x55, 0xff, 0x5f, 0x21, 0xae, 0xfa,
    0x7f, 0xed, 0x96, 0x97, 0x7e, 0x6b, 0x73, 0xd5, 0x7f, 0x9b, 0xdb, 0xfe, 0xfa, 0xa7, 0xc5, 0x55,
    0x57, 0xfd, 0x3f, 0x75, 0xcb, 0x4b, 0xbf, 0xb5, 0xb9, 0xea, 0xbf, 0xcd, 0x6d, 0x7f, 0xfd, 0xd3,
    0xe2, 0xaa, 0xff, 0xaf, 0x10, 0x57, 0xfd, 0xbf, 0x76, 0xcb, 0x4b, 0xbf, 0xb5, 0xb9, 0xea, 0xbf,
    0xcd, 0x6d, 0x7f, 0xfd, 0xd3, 0xe2, 0xaa, 0xab, 0xfe, 0x9f, 0xba, 0xe5, 0xa5, 0xdf, 0xda, 0x5c,
    0xf5, 0xdf, 0xe6, 0xb6, 0xbf, 0xfe, 0x69, 0x71, 0xd5, 0xff, 0x57, 0x88, 0xab, 0xfe, 0x5f, 0xbb,
    0xe5, 0xa5, 0xdf, 0xda, 0x5c, 0xf5, 0xdf, 0xe6, 0xb6, 0xbf, 0xfe, 0x69, 0x71, 0xd5, 0x55, 0xff,
    0x4f, 0xdd, 0xf2, 0xd2, 0x6f, 0x6d, 0xae, 0xfa, 0x6f, 0x73, 0xdb, 0x5f, 0xff, 0xb4, 0xb8, 0xea,
    0xff, 0x2b, 0xc4, 0x55, 0xff, 0xaf, 0xdd, 0xf2, 0xd2, 0x6f, 0x6d, 0xae, 0xfa, 0x6f, 0x13, 0xf0,
    0x90, 0x5b, 0xff, 0xfa, 0xa7, 0x6f, 0xe5, 0xaa, 0xab, 0xfe, 0x9f, 0x79, 0xf0, 0x4b, 0xbf, 0xf5,
    0x83, 0x13, 0x9e, 0xce, 0x55, 0xff, 0x6d, 0x6e, 0xfb, 0xeb, 0x9f, 0x16, 0x57, 0xfd, 0x7f, 0x85,
    0xb8, 0xea, 0xff, 0xb5, 0x5b, 0x5e, 0xfa, 0xad, 0xcd, 0x55, 0xff, 0x6d, 0x02, 0x5e, 0xe7, 0xd6,
    0xbf, 0xfe, 0xe9, 0xdf, 0xe6, 0xaa, 0xab, 0xfe, 0x9f, 0x79, 0xf0, 0x4b, 0xbf, 0xf5, 0x6b, 0x27,
    0xfc, 0x16, 0x57, 0xfd, 0xb7, 0xb9, 0xed, 0xaf, 0x7f, 0x5a, 0x5c, 0xf5, 0xff, 0x15, 0xe2, 0xaa,
    0xff, 0xd7, 0x6e, 0x79, 0xe9, 0xb7, 0x36, 0x57, 0xfd, 0xb7, 0x09, 0xf8, 0x98, 0x5b, 0xff, 0xfa,
    0xa7, 0xbf, 0x9a, 0xab, 0xae, 0xfa, 0x7f, 0xe6, 0x96, 0x97, 0x7e, 0xeb, 0xcf, 0x06, 0x3e, 0x8b,
    0xab, 0xfe, 0xdb, 0xdc, 0xf6, 0xd7, 0x3f, 0x2d, 0xae, 0xfa, 0xff, 0x0a, 0x71, 0xd5, 0xff, 0x6b,
    0xb7, 0xbc, 0xf4, 0x5b, 0x9b, 0xab, 0xfe, 0x3b, 0x7d, 0xcf, 0x6d, 0x7f, 0xfd, 0xd3, 0xef, 0xcd,
    0x55, 0x57, 0xfd, 0x3f, 0x73, 0xcb, 0x4b, 0xbf, 0xf5, 0x77, 0x03, 0xef, 0xc5, 0x55, 0xff, 0x6d,
    0x6e, 0xfb, 0xeb, 0x9f, 0x16, 0x57, 0xfd, 0x7f, 0x85, 0xb8, 0xea, 0xff, 0xb5, 0x5b, 0x5e, 0xfa,
    0xad, 0xcd, 0x55, 0xff, 0x6d, 0x04, 0xb7, 0x3e, 0xe3, 0xaf, 0x7f, 0xfa, 0x21, 0x5c, 0x75, 0xd5,
    0xff, 0x33, 0x0f, 0x7a, 0xe9, 0xb7, 0xbe, 0x68, 0x38, 0xce, 0x55, 0xff, 0x6d, 0x6e, 0xfb, 0xeb,
    0x9f, 0x16, 0x57, 0xfd, 0x7f, 0x85, 0xb8, 0xea, 0xff, 0xb5, 0x5b, 0x5e, 0xfa, 0xad, 0xcd, 0x55,
    0xff, 0xad, 0x02, 0x5e, 0xe6, 0xd6, 0xbf, 0xfe, 0xe9, 0xbf, 0xe6, 0xaa, 0xab, 0xfe, 0x9f, 0x78,
    0xf0, 0x4b, 0xbf, 0xf5, 0x4b, 0x27, 0xfc, 0x15, 0x57, 0xfd, 0xb7, 0xba, 0xed, 0xaf, 0x7f, 0x5a,
    0x5c, 0xf5, 0xff, 0x15, 0xe2, 0xaa, 0xff, 0xd7, 0x6e, 0x79, 0xe9, 0xb7, 0x36, 0x57, 0xfd, 0x77,
    0xfb, 0x9a, 0xdb, 0xfe, 0xfa, 0xa7, 0x3f, 0x9a, 0xab, 0xae, 0xfa, 0x7f, 0xe2, 0x96, 0x97, 0x7e,
    0xeb, 0xaf, 0x06, 0x3e, 0x8a, 0xab, 0xfe, 0x5b, 0xdd, 0xf6, 0xd7, 0x3f, 0x2d, 0xae, 0xfa, 0xff,
    0x0a, 0x71, 0xd5, 0xff, 0x6b, 0xb7, 0xbc, 0xf4, 0x5b, 0x9b, 0xab, 0xfe, 0x5b, 0x09, 0x76, 0x9f,
    0xf1, 0xd7, 0x3f, 0x7d, 0x82, 0xab, 0xae, 0xfa, 0x7f, 0xe0, 0xc1, 0x2f, 0xfd, 0xd6, 0xc7, 0x0d,
    0x4f, 0x37, 0x1c, 0xe7, 0xaa, 0xff, 0x56, 0xb7, 0xfd, 0xf5, 0x4f, 0x8b, 0xab, 0xfe, 0xbf, 0x42,
    0x5c, 0xf5, 0xff, 0xda, 0x2d, 0x2f, 0xfd, 0xd6, 0xe6, 0xaa, 0xff, 0x76, 0x01, 0xef, 0x73, 0xeb,
    0x5f, 0xff, 0xf4, 0x77, 0x73, 0xd5, 0x55, 0xff, 0xc7, 0x3d, 0xf8, 0xa5, 0xdf, 0xfa, 0xbd, 0x13,
    0xbe, 0x8b, 0xab, 0xfe, 0xdb, 0xdd, 0xf6, 0xd7, 0x3f, 0x2d, 0xae, 0xfa, 0xff, 0x0a, 0x71, 0xd5,
    0xff, 0x6b, 0xb7, 0xbc, 0xf4, 0x5b, 0x9b, 0xab, 0xfe, 0xdb, 0x09, 0x6e, 0x15, 0xbc, 0xcc, 0xad,
    0x7f, 0xfd, 0xd3, 0xbb, 0x5c, 0x75, 0xd5, 0xff, 0x51, 0x0f, 0x7e, 0xe9, 0xb7, 0x3e, 0x6e, 0xf8,
    0x2b, 0xc3, 0x83, 0xb9, 0xea, 0xbf, 0xdd, 0x6d, 0x7f, 0xfd, 0xd3, 0xe2, 0xaa, 0xff, 0xaf, 0x10,
    0x57, 0xfd, 0xbf, 0x76, 0xcb, 0x4b, 0xbf, 0xb5, 0xb9, 0xea, 0x7f, 0x8a, 0xcf, 0xb9, 0xed, 0xaf,
    0x7f, 0xfa, 0xb3, 0xb9, 0xea, 0xaa, 0xff, 0xa3, 0x6e, 0x79, 0xe9, 0xb7, 0xfe, 0x6c, 0xe0, 0xb3,
    0xb8, 0xea, 0x7f, 0x84, 0xdb, 0xfe, 0xfa, 0xa7, 0xc5, 0x55, 0xff, 0x5f, 0x21, 0xae, 0xfa, 0x7f,
    0xed, 0x96, 0x97, 0x7e, 0x6b, 0x73, 0xd5, 0xff, 0x18, 0x01, 0x2f, 0x73, 0xeb, 0x5f, 0xff, 0xf4,
    0x5f, 0x73, 0xd5, 0x55, 0xff, 0xc7, 0x3c, 0xf8, 0xa5, 0xdf, 0xfa, 0xa5, 0x13, 0xfe, 0x8a, 0xab,
    0xfe, 0xc7, 0xb8, 0xed, 0xaf, 0x7f, 0x5a, 0x5c, 0xf5, 0xff, 0x15, 0xe2, 0xaa, 0xff, 0xd7, 0x6e,
    0x79, 0xe9, 0xb7, 0x36, 0x57, 0xfd, 0x8f, 0x21, 0xf8, 0x6b, 0xc1, 0xeb, 0xdc, 0xfa, 0xd7, 0x3f,
    0xbd, 0xcb, 0x55, 0x57, 0xfd, 0x1f, 0xf1, 0xe0, 0x97, 0x7e, 0xeb, 0xe3, 0x86, 0xdf, 0x32, 0xbc,
    0x34, 0x57, 0xfd, 0x8f, 0x71, 0xdb, 0x5f, 0xff, 0xb4, 0xb8, 0xea, 0xff, 0x2b, 0xc4, 0x55, 0xff,
    0xaf, 0xdd, 0xf2, 0xd2, 0x6f, 0x6d, 0xae, 0xfa, 0x9f, 0xe6, 0xbb, 0x6f, 0xfb, 0xeb, 0x9f, 0x7e,
    0x1f, 0xae, 0xba, 0xea, 0xff, 0x88, 0x5b, 0x5e, 0xfa, 0xad, 0xbf, 0x0b, 0x78, 0x6f, 0xae, 0xfa,
    0x1f, 0xe5, 0xb6, 0xbf, 0xfe, 0x69, 0x71, 0xd5, 0xff, 0x57, 0x88, 0xab, 0xfe, 0x5f, 0xbb, 0xe5,
    0xa5, 0xdf, 0xda, 0x5c, 0xf5, 0x3f, 0xd1, 0x77, 0xdf, 0xf6, 0xd7, 0x3f, 0xfd, 0x3e, 0x5c, 0x75,
    0xd5, 0xff, 0x72, 0xb7, 0xbc, 0xf4, 0x5b, 0x7f, 0x17, 0xf0, 0xde, 0x5c, 0xf5, 0x3f, 0xce, 0x6d,
    0x7f, 0xfd, 0xd3, 0xe2, 0xaa, 0xff, 0xaf, 0x10, 0x57, 0xfd, 0xbf, 0x76, 0xcb, 0x4b, 0xbf, 0xb5,
    0xb9, 0xea, 0x7f, 0xaa, 0xef, 0xbe, 0xed, 0xaf, 0x7f, 0xfa, 0x7d, 0xb8, 0xea, 0xaa, 0xff, 0xa5,
    0x6e, 0x79, 0xe9, 0xb7, 0xfe, 0x2e, 0xe0, 0xbd, 0xb9, 0xea, 0x7f, 0xa4, 0xdb, 0xfe, 0xfa, 0xa7,
    0xc5, 0x55, 0xff, 0x5f, 0x21, 0xae, 0xfa, 0x7f, 0xed, 0x96, 0x97, 0x7e, 0x6b, 0x73, 0xd5, 0xff,
    0x64, 0xdf, 0x1d, 0xf0, 0x31, 0xb7, 0xfe, 0xf5, 0x4f, 0xef, 0x72, 0xd5, 0x55, 0xff, 0x4b, 0x3c,
    0xf8, 0xa5, 0xdf, 0xfa, 0x78, 0xc2, 0x57, 0x01, 0xef, 0xcd, 0x55, 0xff, 0x63, 0xdd, 0xf6, 0xd7,
    0x3f, 0x2d, 0xae, 0xfa, 0xff, 0x0a, 0x71, 0xd5, 0xff, 0x6b, 0xb7, 0xbc, 0xf4, 0x5b, 0x9b, 0xab,
    0xfe, 0x47, 0x13, 0xfc, 0xb5, 0xe0, 0x7d, 0x6e, 0xfd, 0xeb, 0x9f, 0xfe, 0x6b, 0xae, 0xba, 0xea,
    0x7f, 0xb8, 0x07, 0xbf, 0xf4, 0x5b, 0xbf, 0xb4, 0xe1, 0xbb, 0x0c, 0x2f, 0xcd, 0x55, 0xff, 0xa3,
    0xdd, 0xf6, 0xd7, 0x3f, 0x2d, 0xae, 0xfa, 0xff, 0x0a, 0x71, 0xd5, 0xff, 0x6b, 0xb7, 0xbc, 0xf4,
    0x5b, 0x9b, 0xab, 0xfe, 0xb7, 0xf8, 0xec, 0x80, 0xaf, 0xb9, 0xf5, 0xaf, 0x7f, 0x7a, 0x97, 0xab,
    0xae, 0xfa, 0x1f, 0xe6, 0xc1, 0x2f, 0xfd, 0xd6, 0xc7, 0x13, 0x3e, 0x0a, 0xf8, 0x6c, 0xae, 0xfa,
    0x5f, 0xe1, 0xb6, 0xbf, 0xfe, 0x69, 0x71, 0xd5, 0xff, 0x57, 0x88, 0xab, 0xfe, 0x5f, 0xbb, 0xe5,
    0xa5, 0xdf, 0xda, 0x5c, 0xf5, 0xbf, 0x86, 0xe0, 0x56, 0xa1, 0xcf, 0x06, 0xff, 0xcc, 0xad, 0x7f,
    0xfd, 0xd3, 0xbb, 0x5c, 0x75, 0xd5, 0x7f, 0xb3, 0x07, 0xbf, 0xf4, 0x5b, 0x1f, 0x07, 0xbd, 0x95,
    0xf1, 0x67, 0x1b, 0x1e, 0xcc, 0x55, 0xff, 0x6b, 0xdc, 0xf6, 0xd7, 0x3f, 0x2d, 0xae, 0xfa, 0xff,
    0x0a, 0x71, 0xd5, 0xff, 0x6b, 0xb7, 0xbc, 0xf4, 0x5b, 0x9b, 0xab, 0xfe, 0xd7, 0x11, 0xec, 0x1a,
    0xbe, 0x3b, 0xe0, 0x7b, 0x6e, 0xfd, 0xeb, 0x9f, 0xfe, 0x6b, 0xae, 0xba, 0xea, 0xbf, 0xd8, 0x83,
    0x5f, 0xfa, 0xad, 0x5f, 0x3a, 0xe1, 0xbd, 0x04, 0xef, 0x6d, 0x38, 0xce, 0x55, 0xff, 0xeb, 0xdc,
    0xf6, 0xd7, 0x3f, 0x2d, 0xae, 0xfa, 0xff, 0x0a, 0x71, 0xd5, 0xff, 0x6b, 0xb7, 0xbc, 0xf4, 0x5b,
    0x9b, 0xab, 0xfe, 0x57, 0x13, 0xec, 0x1a, 0x7e, 0x1a, 0xb8, 0x35, 0xa4, 0xdf, 0xc6, 0x7e, 0xc6,
    0xad, 0x7f, 0xfd, 0xd3, 0xb7, 0x72, 0xd5, 0x55, 0xff, 0x41, 0x1e, 0xfc, 0xd2, 0x6f, 0xfd, 0x60,
    0xa4, 0x07, 0xa5, 0xfd, 0xda, 0xc0, 0x83, 0x05, 0x6f, 0x6d, 0x38, 0xce, 0x55, 0xff, 0xab, 0xdd,
    0xf6, 0xd7, 0x3f, 0x2d, 0xae, 0xfa, 0xff, 0x0a, 0x71, 0xd5, 0xff, 0x6b, 0xb7, 0xbc, 0xf4, 0x5b,
    0x9b, 0xab, 0xae, 0xba, 0xea, 0xaa, 0xab, 0xfe, 0xdf, 0xb9, 0xed, 0xaf, 0x7f, 0x5a, 0x5c, 0xf5,
    0xff, 0x15, 0xe2, 0xaa, 0xff, 0xd7, 0x6e, 0x79, 0xe9, 0xb7, 0x36, 0x57, 0x5d, 0x75, 0xd5, 0x55,
    0x57, 0xfd, 0xbf, 0x73, 0xdb, 0x5f, 0xff, 0xb4, 0xb8, 0xea, 0xff, 0x2b, 0xc4, 0x55, 0xff, 0xaf,
    0xdd, 0xf2, 0xd2, 0x6f, 0x6d, 0xae, 0xba, 0xea, 0xaa, 0xab, 0xae, 0xfa, 0x7f, 0xe7, 0xb6, 0xbf,
    0xfe, 0x69, 0x71, 0xd5, 0xff, 0x57, 0x88, 0xab, 0xfe, 0x5f, 0xbb, 0xe5, 0xa5, 0xdf, 0xda, 0x5c,
    0x75, 0xd5, 0x55, 0x57, 0x5d, 0xf5, 0xff, 0xce, 0x6d, 0x7f, 0xfd, 0xd3, 0xe2, 0xaa, 0xff, 0xaf,
    0x10, 0x57, 0xfd, 0xbf, 0x76, 0xcb, 0x4b, 0xbf, 0xb5, 0xb9, 0xea, 0xaa, 0xab, 0xae, 0xba, 0xea,
    0xff, 0x9d, 0xdb, 0xfe, 0xfa, 0xa7, 0xc5, 0x55, 0xff, 0x5f, 0x21, 0xae, 0xfa, 0x7f, 0xed, 0x96,
    0x97, 0x7e, 0x6b, 0x73, 0xd5, 0x55, 0x57, 0x5d, 0x75, 0xd5, 0xff, 0x3b, 0xb7, 0xfd, 0xf5, 0x4f,
    0x8b, 0xab, 0xfe, 0xbf, 0x42, 0x5c, 0xf5, 0xff, 0xda, 0x2d, 0x2f, 0xfd, 0xd6, 0xe6, 0xaa, 0xab,
    0xae, 0xba, 0xea, 0xaa, 0xff, 0x77, 0x6e, 0xfb, 0xeb, 0x9f, 0x16, 0x57, 0xfd, 0x7f, 0x85, 0xb8,
    0xea, 0xff, 0xb5, 0x5b, 0x5e, 0xfa, 0xad, 0xcd, 0x55, 0x57, 0x5d, 0x75, 0xd5, 0x55, 0xff, 0xef,
    0xdc, 0xf6, 0xd7, 0x3f, 0x2d, 0xae, 0xfa, 0xff, 0x0a, 0x71, 0xd5, 0xff, 0x6b, 0xb7, 0xbc, 0xf4,
    0x5b, 0x9b, 0xab, 0xae, 0xba, 0xea, 0xaa, 0xab, 0xfe, 0xdf, 0xb9, 0xed, 0xaf, 0x7f, 0x5a, 0x5c,
    0xf5, 0xff, 0x15, 0xe2, 0xaa, 0xff, 0xd7, 0x6e, 0x79, 0xe9, 0xb7, 0x36, 0x57, 0x5d, 0x75, 0xd5,
    0x55, 0x57, 0xfd, 0xbf, 0x73, 0xdb, 0x5f, 0xff, 0xb4, 0xb8, 0xea, 0xff, 0x2b, 0xc4, 0x55, 0xff,
    0xaf, 0xdd, 0xf2, 0xd2, 0x6f, 0x6d, 0xae, 0xba, 0xea, 0xaa, 0xab, 0xae, 0xfa, 0x7f, 0xe7, 0xb6,
    0xbf, 0xfe, 0x69, 0x71, 0xd5, 0xff, 0x57, 0x88, 0xab, 0xfe, 0x5f, 0xbb, 0xe5, 0xa5, 0xdf, 0xda,
    0x5c, 0x75, 0xd5, 0x55, 0x57, 0x5d, 0xf5, 0xff, 0xce, 0x6d, 0x7f, 0xfd, 0xd3, 0xe2, 0xaa, 0xff,
    0xaf, 0x10, 0x57, 0xfd, 0xbf, 0x76, 0xcb, 0x4b, 0xbf, 0xb5, 0xb9, 0xea, 0xaa, 0xab, 0xae, 0xba,
    0xea, 0xff, 0x9d, 0xdb, 0xfe, 0xfa, 0xa7, 0xc5, 0x55, 0xff, 0x5f, 0x21, 0xae, 0xfa, 0x7f, 0xed,
    0x96, 0x97, 0x7e, 0x6b, 0x73, 0xd5, 0x55, 0x57, 0x5d, 0x75, 0xd5, 0xff, 0x3b, 0xb7, 0xfd, 0xf5,
    0x4f, 0x8b, 0xab, 0xfe, 0xbf, 0x42, 0x5c, 0xf5, 0xff, 0xda, 0x2d, 0x2f, 0xfd, 0xd6, 0xe6, 0xaa,
    0xab, 0xae, 0xba, 0xea, 0xaa, 0xff, 0x77, 0x6e, 0xfb, 0xeb, 0x9f, 0x16, 0x57, 0xfd, 0x7f, 0x85,
    0xb8, 0xea, 0xff, 0xb5, 0x5b, 0x5e, 0xfa, 0xad, 0xcd, 0x55, 0x57, 0x5d, 0x75, 0xd5, 0x55, 0xff,
    0xef, 0xdc, 0xf6, 0xd7, 0x3f, 0x2d, 0xae, 0xfa, 0xff, 0x0a, 0x71, 0xd5, 0xff, 0x6b, 0xb7, 0xbc,
    0xf4, 0x5b, 0x9b, 0xab, 0xae, 0xba, 0xea, 0xaa, 0xab, 0xfe, 0xdf, 0xb9, 0xed, 0xaf, 0x7f, 0x5a,
    0x5c, 0xf5, 0xff, 0x15, 0xe2, 0xaa, 0xff, 0xd7, 0x6e, 0x79, 0xe9, 0xb7, 0x36, 0x57, 0x5d, 0x75,
    0xd5, 0x55, 0x57, 0xfd, 0xbf, 0x73, 0xdb, 0x5f, 0xff, 0xb4, 0xb8, 0xea, 0xff, 0x2b, 0xc4, 0x55,
    0xff, 0xaf, 0xdd, 0xf2, 0xd2, 0x6f, 0x6d, 0xae, 0xba, 0xea, 0xaa, 0xab, 0xae, 0xfa, 0x7f, 0xe7,
    0xb6, 0xbf, 0xfe, 0x69, 0x71, 0xd5, 0xff, 0x57, 0x88, 0xab, 0xfe, 0x5f, 0xbb, 0xe5, 0xa5, 0xdf,
    0xda, 0x5c, 0x75, 0xd5, 0x55, 0x57, 0x5d, 0xf5, 0xff, 0xce, 0x6d, 0x7f, 0xfd, 0xd3, 0xe2, 0xaa,
    0xff, 0xaf, 0x10, 0x57, 0xfd, 0xbf, 0x76, 0xcb, 0x4b, 0xbf, 0xb5, 0xb9, 0xea, 0xaa, 0xab, 0xae,
    0xba, 0xea, 0xff, 0x9d, 0xdb, 0xfe, 0xfa, 0xa7, 0xc5, 0x55, 0xff, 0x5f, 0x21, 0xae, 0xfa, 0x7f,
    0xed, 0x96, 0x97, 0x7e, 0x6b, 0x73, 0xd5, 0x55, 0x57, 0x5d, 0x75, 0xd5, 0xff, 0x3b, 0xb7, 0xfd,
    0xf5, 0x4f, 0x8b, 0xab, 0xfe, 0xbf, 0x42, 0x5c, 0xf5, 0xff, 0xda, 0x2d, 0x2f, 0xfd, 0xd6, 0xe6,
    0xaa, 0xab, 0xae, 0xba, 0xea, 0xaa, 0xff, 0x77, 0x6e, 0xfb, 0xeb, 0x9f, 0x16, 0x57, 0xfd, 0x7f,
    0x85, 0xb8, 0xea, 0xff, 0xb5, 0x5b, 0x5e, 0xfa, 0xad, 0xcd, 0x55, 0x57, 0x5d, 0x75, 0xd5, 0x55,
    0xff, 0xef, 0xdc, 0xf6, 0xd7, 0x3f, 0x2d, 0xae, 0xfa, 0xff, 0x0a, 0x71, 0xd5, 0xff, 0x6b, 0xb7,
    0xbc, 0xf4, 0x5b, 0x9b, 0xab, 0xae, 0xba, 0xea, 0xaa, 0xab, 0xfe, 0xdf, 0xb9, 0xed, 0xaf, 0x7f,
    0x5a, 0x5c, 0xf5, 0xff, 0x15, 0xe2, 0xaa, 0xff, 0xd7, 0x6e, 0x79, 0xe9, 0xb7, 0x36, 0x57, 0x5d,
    0x75, 0xd5, 0x55, 0x57, 0xfd, 0xbf, 0x73, 0xdb, 0x5f, 0xff, 0xb4, 0xb8, 0xea, 0xff, 0x2b, 0xc4,
    0x55, 0xff, 0xaf, 0xdd, 0xf2, 0xd2, 0x6f, 0x6d, 0xae, 0xba, 0xea, 0xaa, 0xab, 0xae, 0xfa, 0x7f,
    0xe7, 0xb6, 0xbf, 0xfe, 0x69, 0x71, 0xd5, 0xff, 0x57, 0x88, 0xab, 0xfe, 0x5f, 0xbb, 0xe5, 0xa5,
    0xdf, 0xda, 0x5c, 0x75, 0xd5, 0x55, 0x57, 0x5d, 0xf5, 0xff, 0xce, 0x6d, 0x7f, 0xfd, 0xd3, 0xe2,
    0xaa, 0xff, 0xaf, 0x10, 0x57, 0xfd, 0xbf, 0x76, 0xcb, 0x4b, 0xbf, 0xb5, 0xb9, 0xea, 0xaa, 0xab,
    0xae, 0xba, 0xea, 0xff, 0x9d, 0xdb, 0xfe, 0xfa, 0xa7, 0xc5, 0x55, 0xff, 0x5f, 0x21, 0xae, 0xfa,
    0x7f, 0xed, 0x96, 0x97, 0x7e, 0x6b, 0x73, 0xd5, 0x55, 0x57, 0x5d, 0x75, 0xd5, 0xff, 0x3b, 0xb7,
    0xfd, 0xf5, 0x4f, 0x8b, 0xab, 0xfe, 0xbf, 0x42, 0x5c, 0xf5, 0xff, 0xda, 0x2d, 0x2f, 0xfd, 0xd6,
    0xe6, 0xaa, 0xab, 0xae, 0xba, 0xea, 0xaa, 0xff, 0x77, 0x6e, 0xfb, 0xeb, 0x9f, 0x16, 0x57, 0xfd,
    0x7f, 0x85, 0xb8, 0xea, 0xff, 0xb5, 0x5b, 0x5e, 0xfa, 0xad, 0xcd, 0x55, 0x57, 0x5d, 0x75, 0xd5,
    0x55, 0xff, 0xef, 0xdc, 0xf6, 0xd7, 0x3f, 0x2d, 0xae, 0xfa, 0xff, 0x0a, 0x71, 0xd5, 0xff, 0x6b,
    0xb7, 0xbc, 0xf4, 0x5b, 0x9b, 0xab, 0xae, 0xba, 0xea, 0xaa, 0xab, 0xfe, 0xdf, 0xb9, 0xed, 0xaf,
    0x7f, 0x5a, 0x5c, 0xf5, 0xff, 0x15, 0xe2, 0xaa, 0xff, 0xd7, 0x6e, 0x79, 0xe9, 0xb7, 0x36, 0x57,
    0x5d, 0x75, 0xd5, 0x55, 0x57, 0xfd, 0xbf, 0x73, 0xdb, 0x5f, 0xff, 0xb4, 0xb8, 0xea, 0xff, 0x2b,
    0xc4, 0x55, 0xff, 0xaf, 0xdd, 0xf2, 0xd2, 0x6f, 0x6d, 0xae, 0xba, 0xea, 0xaa, 0xab, 0xae, 0xfa,
    0x7f, 0xe7, 0xb6, 0xbf, 0xfe, 0x69, 0x71, 0xd5, 0xff, 0x57, 0x88, 0xab, 0xfe, 0x5f, 0xbb, 0xe5,
    0xa5, 0xdf, 0xda, 0x5c, 0x75, 0xd5, 0x55, 0x57, 0x5d, 0xf5, 0xff, 0xce, 0x6d, 0x7f, 0xfd, 0xd3,
    0xe2, 0xaa, 0xff, 0xaf, 0x10, 0x57, 0xfd, 0xbf, 0x76, 0xcb, 0x4b, 0xbf, 0xb5, 0xb9, 0xea, 0xaa,
    0xab, 0xae, 0xba, 0xea, 0xff, 0x9d, 0xdb, 0xfe, 0xfa, 0xa7, 0xc5, 0x55, 0xff, 0x5f, 0x21, 0xae,
    0xfa, 0x7f, 0xed, 0x96, 0x97, 0x7e, 0x6b, 0x73, 0xd5, 0x55, 0x57, 0x5d, 0x75, 0xd5, 0xff, 0x3b,
    0xb7, 0xfd, 0xf5, 0x4f, 0x8b, 0xab, 0xfe, 0xbf, 0x42, 0x5c, 0xf5, 0xff, 0xda, 0x2d, 0x2f, 0xfd,
    0xd6, 0xe6, 0xaa, 0xab, 0xae, 0xba, 0xea, 0xaa, 0xff, 0x77, 0x6e, 0xfb, 0xeb, 0x9f, 0x16, 0x57,
    0xfd, 0x7f, 0x85, 0xb8, 0xea, 0xff, 0xb5, 0x5b, 0x5e, 0xfa, 0xad, 0xcd, 0x55, 0x57, 0x5d, 0x75,
    0xd5, 0x55, 0xff, 0xef, 0xdc, 0xf6, 0xd7, 0x3f, 0x2d, 0xae, 0xfa, 0xff, 0x0a, 0x71, 0xd5, 0xff,
    0x6b, 0xb7, 0xbc, 0xf4, 0x5b, 0x9b, 0xab, 0xae, 0xba, 0xea, 0xaa, 0xab, 0xfe, 0xdf, 0xb9, 0xed,
    0xaf, 0x7f, 0x5a, 0x5c, 0xf5, 0xff, 0x15, 0xe2, 0xaa, 0xff, 0xd7, 0x6e, 0x79, 0xe9, 0xb7, 0x36,
    0x57, 0x5d, 0x75, 0xd5, 0x55, 0x57, 0xfd, 0xbf, 0x73, 0xdb, 0x5f, 0xff, 0xb4, 0xb8, 0xea, 0xff,
    0x2b, 0xc4, 0x55, 0xff, 0xaf, 0xdd, 0xf2, 0xd2, 0x6f, 0x6d, 0xae, 0xba, 0xea, 0xaa, 0xab, 0xae,
    0xfa, 0x7f, 0xe7, 0xb6, 0xbf, 0xfe, 0x69, 0x71, 0xd5, 0xff, 0x57, 0x88, 0xab, 0xfe, 0x5f, 0xbb,
    0xe5, 0xa5, 0xdf, 0xda, 0x5c, 0x75, 0xd5, 0x55, 0x57, 0x5d, 0xf5, 0xff, 0xce, 0x6d, 0x7f, 0xfd,
    0xd3, 0xe2, 0xaa, 0xff, 0xaf, 0x10, 0x57, 0xfd, 0xbf, 0x76, 0xcb, 0x4b, 0xbf, 0xb5, 0xb9, 0xea,
    0xaa, 0xab, 0xae, 0xba, 0xea, 0xff, 0x9d, 0xdb, 0xfe, 0xfa, 0xa7, 0xc5, 0x55, 0xff, 0x5f, 0x21,
    0xae, 0xfa, 0x7f, 0xed, 0x96, 0x97, 0x7e, 0x6b, 0x73, 0xd5, 0x55, 0x57, 0x5d, 0x75, 0xd5, 0xff,
    0x3b, 0xb7, 0xfd, 0xf5, 0x4f, 0x8b, 0xab, 0xfe, 0xbf, 0x42, 0x5c, 0xf5, 0xff, 0xda, 0x2d, 0x2f,
    0xfd, 0xd6, 0xe6, 0xaa, 0xab, 0xae, 0xba, 0xea, 0xaa, 0xff, 0x77, 0x6e, 0xfb, 0xeb, 0x9f, 0x16,
    0x57, 0xfd, 0x7f, 0x85, 0xb8, 0xea, 0xff, 0xb5, 0x5b, 0x5e, 0xfa, 0xad, 0xcd, 0x55, 0x57, 0x5d,
    0x75, 0xd5, 0x55, 0xff, 0xef, 0xdc, 0xf6, 0xd7, 0x3f, 0x2d, 0xae, 0xfa, 0xff, 0x0a, 0x71, 0xd5,
    0xff, 0x6b, 0xb7, 0xbc, 0xf4, 0x5b, 0x9b, 0xab, 0xae, 0xba, 0xea, 0xaa, 0xab, 0xfe, 0xdf, 0xb9,
    0xed, 0xaf, 0x7f, 0x5a, 0x5c, 0xf5, 0xff, 0x15, 0xe2, 0xaa, 0xff, 0xd7, 0x6e, 0x79, 0xe9, 0xb7,
    0x36, 0x57, 0x5d, 0x75, 0xd5, 0x55, 0x57, 0xfd, 0xbf, 0x73, 0xdb, 0x5f, 0xff, 0xb4, 0xb8, 0xea,
    0xff, 0x2b, 0xc4, 0x55, 0xff, 0xaf, 0x3d, 0xe8, 0xa5, 0xdf, 0xfa, 0x56, 0xc3, 0x83, 0xb8, 0xea,
    0xaa, 0xab, 0xae, 0xba, 0xea, 0xff, 0x0d, 0xc1, 0x33, 0x9e, 0xf1, 0xd7, 0x3f, 0xfd, 0x60, 0xae,
    0xfa, 0xff, 0x0a, 0x71, 0xd5, 0xff, 0x6b, 0x0f, 0x7a, 0xe9, 0xb7, 0xfe, 0x6d, 0xc3, 0x6b, 0x71,
    0xd5, 0x55, 0x57, 0x5d, 0x75, 0xd5, 0xff, 0x1b, 0x82, 0xdf, 0x79, 0xc6, 0x5f, 0xff, 0xf4, 0x6b,
    0x73, 0xd5, 0xff, 0x57, 0x88, 0xab, 0xfe, 0x5f, 0x7b, 0xd0, 0x4b, 0xbf, 0xf5, 0x6f, 0x1b, 0x5e,
    0x8b, 0xab, 0xae, 0xba, 0xea, 0xaa, 0xab, 0xfe, 0xdf, 0x10, 0xfc, 0xce, 0x33, 0xfe, 0xfa, 0xa7,
    0x5f, 0x9b, 0xab, 0xfe, 0xbf, 0x42, 0x5c, 0xf5, 0xff, 0xda, 0x83, 0x5e, 0xfa, 0xad, 0x7f, 0xdb,
    0xf0, 0x5a, 0x5c, 0x75, 0xd5, 0x55, 0x57, 0x5d, 0xf5, 0xff, 0x86, 0xe0, 0x77, 0x9e, 0xf1, 0xd7,
    0x3f, 0xfd, 0xda, 0x5c, 0xf5, 0xff, 0x15, 0xe2, 0xaa, 0xff, 0xd7, 0x6e, 0x79, 0xe9, 0xb7, 0xfe,
    0x69, 0xe0, 0xad, 0xb8, 0xea, 0xaa, 0xab, 0xae, 0xba, 0xea, 0xff, 0x93, 0x9f, 0xb9, 0xed, 0xaf,
    0x7f, 0xfa, 0xad, 0xb9, 0xea, 0xff, 0x2b, 0xc4, 0x55, 0xff, 0xaf, 0xdd, 0xf2, 0xd2, 0x6f, 0xfd,
    0xd9, 0xc0, 0x67, 0x71, 0xd5, 0x55, 0x57, 0x5d, 0x75, 0xd5, 0xff, 0x27, 0x9f, 0x73, 0xdb, 0x5f,
    0xff, 0xf4, 0x67, 0x73, 0xd5, 0xff, 0x57, 0x88, 0xab, 0xfe, 0x5f, 0x7b, 0xf0, 0x4b, 0xbf, 0xf5,
    0x7b, 0x27, 0x7c, 0x17, 0x57, 0x5d, 0x75, 0xd5, 0x55, 0x57, 0xfd, 0xbf, 0x11, 0xf0, 0x3e, 0xb7,
    0xfe, 0xf5, 0x4f, 0x7f, 0x37, 0x57, 0xfd, 0x7f, 0x85, 0xb8, 0xea, 0xff, 0xb5, 0x07, 0xbf, 0xf4,
    0x5b, 0xbf, 0x76, 0xc2, 0x6f, 0x71, 0xd5, 0x55, 0x57, 0x5d, 0x75, 0xd5, 0xff, 0x1b, 0x01, 0xaf,
    0x73, 0xeb, 0x5f, 0xff, 0xf4, 0x6f, 0x73, 0xd5, 0xff, 0x57, 0x88, 0xab, 0xfe, 0xdf, 0xbb, 0xe5,
    0xa5, 0xdf, 0xda, 0x5c, 0x75, 0xd5, 0x55, 0x57, 0x5d, 0xf5, 0xff, 0xc6, 0x6d, 0x7f, 0xfd, 0xd3,
    0xe2, 0xaa, 0xff, 0xcf, 0x10, 0x57, 0xfd, 0xbf, 0xf7, 0xa0, 0x97, 0x7e, 0xeb, 0x5d, 0xc3, 0x31,
    0xae, 0xba, 0xea, 0xaa, 0xab, 0xae, 0xfa, 0x3f, 0x4f, 0x70, 0xe9, 0x19, 0x7f, 0xfd, 0xd3, 0xc7,
    0xb9, 0xea, 0xff, 0x33, 0xc4, 0x55, 0xff, 0xef, 0x3d, 0xe8, 0xa5, 0xdf, 0xfa, 0xb7, 0x0d, 0xaf,
    0xc5, 0x55, 0x57, 0x5d, 0x75, 0xd5, 0x55, 0xff, 0xe7, 0x09, 0x7e, 0xe7, 0x19, 0x7f, 0xfd, 0xd3,
    0xaf, 0xcd, 0x55, 0xff, 0x9f, 0x21, 0xae, 0xfa, 0x7f, 0xef, 0x96, 0x97, 0x7e, 0xeb, 0xaf, 0x06,
    0x3e, 0x8a, 0xab, 0xae, 0xba, 0xea, 0xaa, 0xab, 0xfe, 0x3f, 0xf8, 0x9a, 0xdb, 0xfe, 0xfa, 0xa7,
    0x3f, 0x9a, 0xab, 0xfe, 0x3f, 0x43, 0x5c, 0xf5, 0xff, 0xde, 0x83, 0x5f, 0xfa, 0xad, 0xdf, 0x3a,
    0xe1, 0xa7, 0xb8, 0xea, 0xaa, 0xab, 0xae, 0xba, 0xea, 0xff, 0xbc, 0x80, 0xb7, 0xb9, 0xf5, 0xaf,
    0x7f, 0xfa, 0xa7, 0xb9, 0xea, 0xff, 0x33, 0xc4, 0x55, 0xff, 0xef, 0x3d, 0xf8, 0xa5, 0xdf, 0xfa,
    0x78, 0xc2, 0x45, 0xae, 0xba, 0xea, 0xaa, 0xab, 0xae, 0xfa, 0x3f, 0xef, 0xb6, 0xbf, 0xfe, 0x69,
    0x71, 0xd5, 0xff, 0x77, 0x88, 0xab, 0xae, 0x02, 0x1e, 0xf4, 0xd2, 0x6f, 0xfd, 0xdb, 0x86, 0xd7,
    0xe2, 0xaa, 0xab, 0xae, 0xba, 0xea, 0xaa, 0xff, 0xb3, 0x04, 0xbf, 0xf3, 0x8c, 0xbf, 0xfe, 0xe9,
    0xd7, 0xe6, 0xaa, 0xff, 0xef, 0x10, 0x57, 0x5d, 0x05, 0xdc, 0xf2, 0xd2, 0x6f, 0xfd, 0xd9, 0xc0,
    0x67, 0x71, 0xd5, 0x55, 0x57, 0x5d, 0x75, 0xd5, 0xff, 0x65, 0x9f, 0x73, 0xdb, 0x5f, 0xff, 0xf4,
    0x67, 0x73, 0xd5, 0xff, 0x77, 0x88, 0xab, 0xae, 0x02, 0x1e, 0xfc, 0xd2, 0x6f, 0xfd, 0xda, 0x09,
    0xbf, 0xc5, 0x55, 0x57, 0x5d, 0x75, 0xd5, 0x55, 0xff, 0x67, 0x05, 0xbc, 0xce, 0xad, 0x7f, 0xfd,
    0xd3, 0xbf, 0xcd, 0x55, 0xff, 0xdf, 0x21, 0xae, 0xba, 0xea, 0x99, 0x1e, 0xf4, 0xd2, 0x6f, 0xbd,
    0x6b, 0x38, 0xc6, 0x55, 0x57, 0x5d, 0x75, 0xd5, 0x55, 0xff, 0xe7, 0x08, 0x2e, 0x3d, 0xe3, 0xaf,
    0x7f, 0xfa, 0x38, 0x57, 0x5d, 0x05, 0x88, 0xab, 0xae, 0x7a, 0xa6, 0x5b, 0x5e, 0xfa, 0xad, 0xbf,
    0x1a, 0xf8, 0x28, 0xae, 0xba, 0xea, 0xaa, 0xab, 0xae, 0xfa, 0xbf, 0xe8, 0x6b, 0x6e, 0xfb, 0xeb,
    0x9f, 0xfe, 0x68, 0xae, 0xba, 0x0a, 0x10, 0x57, 0x5d, 0xf5, 0x4c, 0x0f, 0x7e, 0xe9, 0xb7, 0x7e,
    0xe9, 0x84, 0xbf, 0xe2, 0xaa, 0xab, 0xae, 0xba, 0xea, 0xaa, 0xff, 0x73, 0x02, 0x5e, 0xe6, 0xd6,
    0xbf, 0xfe, 0xe9, 0xbf, 0xe6, 0xaa, 0xab, 0x00, 0x71, 0xd5, 0x55, 0x0f, 0xf0, 0xa0, 0x97, 0x7e,
    0xeb, 0x5b, 0x0d, 0x0f, 0xe2, 0xaa, 0xab, 0xae, 0xba, 0xea, 0xaa, 0xff, 0x33, 0x04, 0xcf, 0x78,
    0xc6, 0x5f, 0xff, 0xf4, 0x83, 0xb9, 0xea, 0xaa, 0x2b, 0x10, 0x57, 0x5d, 0xf5, 0x00, 0x0f, 0x7e,
    0xe9, 0xb7, 0xfe, 0xe8, 0x84, 0xaf, 0xe2, 0xaa, 0xab, 0xae, 0xba, 0xea, 0xaa, 0xff, 0x33, 0x02,
    0x3e, 0xe6, 0xd6, 0xbf, 0xfe, 0xe9, 0xaf, 0xe6, 0xaa, 0xab, 0xae, 0x40, 0x5c, 0x75, 0xd5, 0x03,
    0x3c, 0xf8, 0xa5, 0xdf, 0xfa, 0xc1, 0x09, 0x4f, 0xe7, 0xaa, 0xab, 0xae, 0xba, 0xea, 0xaa, 0xff,
    0x33, 0x02, 0x1e, 0x72, 0xeb, 0x5f, 0xff, 0xf4, 0xad, 0x5c, 0x75, 0xd5, 0x15, 0x88, 0xab, 0xae,
    0x7a, 0x2e, 0xb7, 0xbc, 0xf4, 0x5b, 0x7f, 0x37, 0xf0, 0x5e, 0x5c, 0x75, 0xd5, 0x55, 0x57, 0x5d,
    0xf5, 0x7f, 0xc1, 0xf7, 0xdc, 0xf6, 0xd7, 0x3f, 0xfd, 0xde, 0x5c, 0x75, 0xd5, 0xb3, 0x21, 0xae,
    0xba, 0xea, 0xb9, 0x3c, 0xf8, 0xa5, 0xdf, 0xfa, 0xa5, 0x13, 0xfe, 0x8a, 0xab, 0xae, 0xba, 0xea,
    0xaa, 0xab, 0xfe, 0xd7, 0x0b, 0x78, 0xc8, 0xad, 0x7f, 0xfd, 0xd3, 0xb7, 0x72, 0xd5, 0x55, 0xcf,
    0x86, 0xb8, 0xea, 0xaa, 0xe7, 0xe3, 0x41, 0x2f, 0xfd, 0xd6, 0xbf, 0x6d, 0x78, 0x2d, 0xae, 0xba,
    0xea, 0xaa, 0xab, 0xae, 0xfa, 0x5f, 0x4b, 0xf0, 0x3b, 0xcf, 0xf8, 0xeb, 0x9f, 0x7e, 0x6d, 0xae,
    0xba, 0xea, 0x39, 0x21, 0xae, 0xba, 0xea, 0xf9, 0x78, 0xf0, 0x4b, 0xbf, 0xf5, 0x6b, 0x27, 0xfc,
    0x16, 0x57, 0x5d, 0x75, 0xd5, 0x55, 0x57, 0xfd, 0xaf, 0x15, 0xf0, 0x3a, 0xb7, 0xfe, 0xf5, 0x4f,
    0xff, 0x36, 0x57, 0x5d, 0xf5, 0x9c, 0x10, 0x57, 0x5d, 0xf5, 0x02, 0x3c, 0xe8, 0xa5, 0xdf, 0xfa,
    0xb7, 0x0d, 0xaf, 0xc5, 0x55, 0x57, 0x5d, 0x75, 0xd5, 0x55, 0xff, 0xeb, 0x08, 0x7e, 0xe7, 0x19,
    0x7f, 0xfd, 0xd3, 0xaf, 0xcd, 0x55, 0x57, 0x3d, 0x2f, 0xc4, 0x55, 0x57, 0xbd, 0x00, 0x0f, 0x7e,
    0xe9, 0xb7, 0x7e, 0xed, 0x84, 0xdf, 0xe2, 0xaa, 0xab, 0xae, 0xba, 0xea, 0xaa, 0xff, 0x75, 0x02,
    0x5e, 0xe7, 0xd6, 0xbf, 0xfe, 0xe9, 0xdf, 0xe6, 0xaa, 0xab, 0x9e, 0x17, 0xe2, 0xaa, 0xab, 0x5e,
    0x88, 0x5b, 0x5e, 0xfa, 0xad, 0x7f, 0x1a, 0x78, 0x2b, 0xae, 0xba, 0xea, 0xaa, 0xab, 0xae, 0xfa,
    0xdf, 0xe4, 0x7b, 0x6e, 0xfb, 0xeb, 0x9f, 0x7e, 0x6f, 0xae, 0xba, 0xea, 0xf9, 0x43, 0x5c, 0x75,
    0xd5, 0x0b, 0xf1, 0xe0, 0x97, 0x7e, 0xeb, 0xe3, 0x86, 0x5b, 0x0d, 0xc7, 0xb8, 0xea, 0xaa, 0xab,
    0xae, 0xba, 0xea, 0x7f, 0x3c, 0xc1, 0x25, 0xc1, 0x83, 0x6f, 0xfd, 0xeb, 0x9f, 0xde, 0xe5, 0xaa,
    0xab, 0x9e, 0x3f, 0xc4, 0x55, 0x57, 0xfd, 0x0b, 0x1e, 0xfc, 0xd2, 0x6f, 0xfd, 0xd1, 0x09, 0x5f,
    0xc5, 0x55, 0x57, 0x5d, 0x75, 0xd5, 0x55, 0xff, 0xe3, 0x05, 0x7c, 0xcc, 0xad, 0x7f, 0xfd, 0xd3,
    0x5f, 0xcd, 0x55, 0x57, 0xbd, 0x60, 0x88, 0xab, 0xae, 0x7a, 0x11, 0x3c, 0xe8, 0xa5, 0xdf, 0xfa,
    0xaf, 0x0d, 0x2f, 0xc5, 0x55, 0x57, 0x5d, 0x75, 0xd5, 0x55, 0xff, 0x63, 0x09, 0xfe, 0xe6, 0x19,
    0x7f, 0xfd, 0xd3, 0x2f, 0xcd, 0x55, 0x57, 0xbd, 0x70, 0x88, 0xab, 0xae, 0x7a, 0x11, 0x3c, 0xf8,
    0xa5, 0xdf, 0xfa, 0xb5, 0x13, 0x7e, 0x8b, 0xab, 0xae, 0xba, 0xea, 0xaa, 0xab, 0xfe, 0xc7, 0x0a,
    0x78, 0x9d, 0x5b, 0xff, 0xfa, 0xa7, 0x7f, 0x9b, 0xab, 0xae, 0x7a, 0xe1, 0x10, 0x57, 0x5d, 0xf5,
    0x22, 0xba, 0xe5, 0xa5, 0xdf, 0xfa, 0xb3, 0x81, 0xcf, 0xe2, 0xaa, 0xab, 0xae, 0xba, 0xea, 0xaa,
    0xff, 0x89, 0x3e, 0xe7, 0xb6, 0xbf, 0xfe, 0xe9, 0xcf, 0xe6, 0xaa, 0xab, 0xfe, 0x65, 0x88, 0xab,
    0xae, 0xfa, 0x57, 0x78, 0xd0, 0x4b, 0xbf, 0xf5, 0x6f, 0x1b, 0x5e, 0x8b, 0xab, 0xae, 0xba, 0xea,
    0xaa, 0xab, 0xfe, 0xc7, 0x10, 0xfc, 0xce, 0x33, 0xfe, 0xfa, 0xa7, 0x5f, 0x9b, 0xab, 0xae, 0x7a,
    0xd1, 0x20, 0xae, 0xba, 0xea, 0x5f, 0xe1, 0xc1, 0x2f, 0xfd, 0xd6, 0xc7, 0x0d, 0xb7, 0x1a, 0x8e,
    0x71, 0xd5, 0x55, 0x57, 0x5d, 0x75, 0xd5, 0x7f, 0x3b, 0xc1, 0x25, 0xc1, 0x83, 0x6f, 0xfd, 0xeb,
    0x9f, 0xde, 0xe5, 0xaa, 0xab, 0x5e, 0x34, 0x88, 0xab, 0xae, 0xfa, 0x57, 0x7a, 0xf0, 0x4b, 0xbf,
    0xf5, 0x6b, 0x27, 0xfc, 0x16, 0x57, 0x5d, 0x75, 0xd5, 0x55, 0x57, 0xfd, 0xb7, 0x0b, 0x78, 0x9d,
    0x5b, 0xff, 0xfa, 0xa7, 0x7f, 0x9b, 0xab, 0xae, 0x7a, 0xd1, 0x21, 0xae, 0xba, 0xea, 0xdf, 0xe0,
    0x96, 0x97, 0x7e, 0xeb, 0xcf, 0x06, 0x3e, 0x8b, 0xab, 0xae, 0xba, 0xea, 0xaa, 0xab, 0xfe, 0x3b,
    0x7d, 0xce, 0x6d, 0x7f, 0xfd, 0xd3, 0x9f, 0xcd, 0x55, 0x57, 0xfd, 0xeb, 0x20, 0xae, 0xba, 0xea,
    0xdf, 0xe8, 0x96, 0x97, 0x7e, 0xeb, 0xef, 0x06, 0xde, 0x8b, 0xab, 0xae, 0xba, 0xea, 0xaa, 0xab,
    0xfe, 0x3b, 0x7c, 0xcf, 0x6d, 0x7f, 0xfd, 0xd3, 0xef, 0xcd, 0x55, 0x57, 0xfd, 0xeb, 0x21, 0xae,
    0xba, 0xea, 0xdf, 0xe1, 0x96, 0x97, 0x7e, 0xeb, 0x9f, 0x06, 0xde, 0x8a, 0xab, 0xae, 0xba, 0xea,
    0xaa, 0xab, 0xfe, 0x2b, 0xfd, 0xcc, 0x6d, 0x7f, 0xfd, 0xd3, 0x6f, 0xcd, 0x55, 0x57, 0xfd, 0xdb,
    0x20, 0xae, 0xba, 0xea, 0xdf, 0xe1, 0xc1, 0x2f, 0xfd, 0xd6, 0xc7, 0x0d, 0xbf, 0x6d, 0x78, 0x29,
    0xae, 0xba, 0xea, 0xaa, 0xab, 0xae, 0xfa, 0x4f, 0x27, 0xf8, 0x1b, 0xc1, 0x6b, 0xdf, 0xfa, 0xd7,
    0x3f, 0xbd, 0xcb, 0x55, 0x57, 0xfd, 0xdb, 0x20, 0xae, 0xba, 0xea, 0xdf, 0xe9, 0xc1, 0x2f, 0xfd,
    0xd6, 0xc7, 0x0d, 0xbf, 0x6d, 0x78, 0x29, 0xae, 0xba, 0xea, 0xaa, 0xab, 0xae, 0xfa, 0x4f, 0x23,
    0xf8, 0x1b, 0xc1, 0x6b, 0xdf, 0xfa, 0xd7, 0x3f, 0xbd, 0xcb, 0x55, 0x57, 0xfd, 0xdb, 0x21, 0xae,
    0xba, 0xea, 0x3f, 0xc0, 0x83, 0x5f, 0xfa, 0xad, 0x8f, 0x1b, 0x7e, 0xdb, 0xf0, 0x52, 0x5c, 0x75,
    0xd5, 0x55, 0x57, 0x5d, 0xf5, 0x1f, 0x4e, 0xf0, 0x37, 0x82, 0xd7, 0xbe, 0xf5, 0xaf, 0x7f, 0x7a,
    0x97, 0xab, 0xae, 0xfa, 0xf7, 0x41, 0x5c, 0x75, 0xd5, 0x7f, 0x90, 0x07, 0xbf, 0xf4, 0x5b, 0x1f,
    0x37, 0xfc, 0xb6, 0xe1, 0xa5, 0xb8, 0xea, 0xaa, 0xab, 0xae, 0xba, 0xea, 0x3f, 0x8c, 0xe0, 0x6f,
    0x04, 0xaf, 0x7d, 0xeb, 0x5f, 0xff, 0xf4, 0x2e, 0x57, 0x5d, 0xf5, 0xef, 0x87, 0xb8, 0xea, 0xaa,
    0xff, 0x40, 0x0f, 0x7e, 0xe9, 0xb7, 0x3e, 0x9e, 0xf0, 0xdd, 0xc0, 0x5b, 0x71, 0xd5, 0x55, 0x57,
    0x5d, 0x75, 0xd5, 0x7f, 0x84, 0x9f, 0x09, 0x78, 0xef, 0x5b, 0xff, 0xfa, 0xa7, 0x77, 0xb9, 0xea,
    0xaa, 0xff, 0x18, 0x88, 0xab, 0xae, 0xfa, 0x4f, 0x70, 0xcb, 0x4b, 0xbf, 0xf5, 0x77, 0x03, 0xef,
    0xc5, 0x55, 0x57, 0x5d, 0x75, 0xd5, 0x55, 0xff, 0x1e, 0xdf, 0x73, 0xdb, 0x5f, 0xff, 0xf4, 0x7b,
    0x73, 0xd5, 0x55, 0xff, 0xb1, 0x10, 0x57, 0x5d, 0xf5, 0x9f, 0xe4, 0x96, 0x97, 0x7e, 0xeb, 0xcf,
    0x06, 0x3e, 0x8b, 0xab, 0xae, 0xba, 0xea, 0xaa, 0xab, 0xfe, 0x2d, 0x3e, 0xe7, 0xb6, 0xbf, 0xfe,
    0xe9, 0xcf, 0xe6, 0xaa, 0xab, 0xfe, 0xe3, 0x21, 0xae, 0xba, 0xea, 0x3f, 0xd1, 0x83, 0x5f, 0xfa,
    0xad, 0x5f, 0xdb, 0xf0, 0xd3, 0x86, 0x63, 0x5c, 0x75, 0xd5, 0x55, 0x57, 0x5d, 0xf5, 0x2f, 0x12,
    0x5c, 0x12, 0xbc, 0xf5, 0xad, 0x7f, 0xfd, 0xd3, 0xbf, 0xcd, 0x55, 0x57, 0xfd, 0xe7, 0x40, 0x5c,
    0x75, 0xd5, 0x7f, 0xb2, 0x07, 0xbf, 0xf4, 0x5b, 0x1f, 0x37, 0xfc, 0xb4, 0xe1, 0xb5, 0xb8, 0xea,
    0xaa, 0xab, 0xae, 0xba, 0xea, 0x05, 0x12, 0xfc, 0x8e, 0xe0, 0xad, 0x6f, 0xfd, 0xeb, 0x9f, 0xde,
    0xe5, 0xaa, 0xab, 0xfe, 0xf3, 0x20, 0xae, 0xba, 0xea, 0xbf, 0xc8, 0x2d, 0x2f, 0xfd, 0xd6, 0x9f,
    0x0d, 0x7c, 0x16, 0x57, 0x5d, 0x75, 0xd5, 0x55, 0x57, 0x3d, 0x3f, 0x9f, 0x73, 0xdb, 0x5f, 0xff,
    0xf4, 0x67, 0x73, 0xd5, 0x55, 0xff, 0xf9, 0x10, 0x57, 0x5d, 0xf5, 0x5f, 0xe8, 0xc1, 0x2f, 0xfd,
    0xd6, 0xaf, 0x6d, 0xf8, 0x6a, 0xc3, 0x4b, 0x71, 0xd5, 0x55, 0x57, 0x5d, 0x75, 0x15, 0x82, 0xbf,
    0x11, 0x7c, 0xf4, 0xad, 0x7f, 0xfd, 0xd3, 0xbf, 0xcd, 0x55, 0x57, 0xfd, 0xd7, 0x40, 0x5c, 0x75,
    0xd5, 0x7f, 0x83, 0x07, 0xbf, 0xf4, 0x5b, 0x7f, 0xb4, 0xe1, 0xb3, 0x0d, 0xc7, 0xb8, 0xea, 0xaa,
    0xab, 0xae, 0xfa, 0x7f, 0x48, 0x70, 0x49, 0xf0, 0xd9, 0xb7, 0xfe, 0xf5, 0x4f, 0x7f, 0x35, 0x57,
    0x5d, 0xf5, 0x5f, 0x0b, 0x71, 0xd5, 0x55, 0xff, 0x4d, 0x1e, 0xfc, 0xd2, 0x6f, 0x7d, 0x3c, 0xe1,
    0xbb, 0x81, 0xb7, 0xe2, 0xaa, 0xab, 0xae, 0xba, 0xea, 0xff, 0x97, 0xef, 0x09, 0xf8, 0xe8, 0x5b,
    0xff, 0xfa, 0xa7, 0x77, 0xb9, 0xea, 0xaa, 0xff, 0x7a, 0x88, 0xab, 0xae, 0xfa, 0x6f, 0xf6, 0xe0,
    0x97, 0x7e, 0xeb, 0xd7, 0x36, 0x7c, 0xb6, 0xe1, 0xb5, 0xb8, 0xea, 0xaa, 0xab, 0xae, 0xfa, 0x3f,
    0x4c, 0xf0, 0x3b, 0x82, 0xcf, 0xbe, 0xf5, 0xaf, 0x7f, 0xfa, 0xb7, 0xb9, 0xea, 0xaa, 0xff, 0x3e,
    0x88, 0xab, 0xae, 0xfa, 0x1f, 0xe2, 0xc1, 0x2f, 0xfd, 0xd6, 0xaf, 0x6d, 0xf8, 0x6c, 0xc3, 0x6b,
    0x71, 0xd5, 0x55, 0x57, 0x5d, 0xf5, 0x7f, 0x88, 0xe0, 0x77, 0x04, 0x9f, 0x7d, 0xeb, 0x5f, 0xff,
    0xf4, 0x6f, 0x73, 0xd5, 0x55, 0xff, 0xfd, 0x10, 0x57, 0x5d, 0xf5, 0x3f, 0xcc, 0x83, 0x5f, 0xfa,
    0xad, 0x5f, 0x3a, 0xe1, 0xa3, 0x81, 0xf7, 0xe2, 0xaa, 0xab, 0xae, 0xba, 0xea, 0x7f, 0xb7, 0xef,
    0x09, 0xf8, 0xec, 0x5b, 0xff, 0xfa, 0xa7, 0x6f, 0xe5, 0xaa, 0xab, 0xfe, 0xe7, 0x40, 0x5c, 0x75,
    0xd5, 0xff, 0x50, 0x0f, 0x7e, 0xe9, 0xb7, 0x7e, 0x30, 0xf0, 0xd6, 0x86, 0x8f, 0x36, 0x3c, 0x88,
    0xab, 0xae, 0xba, 0xea, 0xaa, 0xff, 0x05, 0x04, 0xcf, 0x10, 0x7c, 0x35, 0xf0, 0xd3, 0xb7, 0xfe,
    0xf5, 0x4f, 0xdf, 0xca, 0x55, 0x57, 0xfd, 0xcf, 0x83, 0xb8, 0xea, 0xaa, 0xff, 0x05, 0x1e, 0xfc,
    0xd2, 0x6f, 0xfd, 0xd2, 0x09, 0xef, 0x2d, 0x78, 0x6f, 0xc3, 0x31, 0xae, 0xba, 0xea, 0xaa, 0xab,
    0xfe, 0x07, 0x11, 0x5c, 0x32, 0x7c, 0x77, 0xc0, 0x77, 0xdf, 0xfa, 0xd7, 0x3f, 0xfd, 0xd7, 0x5c,
    0x75, 0xd5, 0xff, 0x6c, 0x88, 0xab, 0xae, 0xfa, 0x5f, 0xe6, 0xc1, 0x2f, 0xfd, 0xd6, 0xaf, 0x9d,
    0xf0, 0xda, 0x82, 0xd7, 0x36, 0xbc, 0x16, 0x57, 0x5d, 0x75, 0xd5, 0x55, 0xff, 0x0d, 0x04, 0xbf,
    0x63, 0xf8, 0xed, 0x80, 0xdf, 0xbe, 0xf5, 0xaf, 0x7f, 0xfa, 0xb7, 0xb9, 0xea, 0xaa, 0xff, 0x3d,
    0x10, 0x57, 0x5d, 0xf5, 0xbf, 0xdc, 0x83, 0x5f, 0xfa, 0xad, 0xdf, 0x3a, 0xe1, 0xb5, 0x05, 0x2f,
    0x0d, 0xbc, 0xb4, 0xe1, 0x18, 0x57, 0x5d, 0x75, 0xd5, 0x55, 0xff, 0x81, 0x04, 0x97, 0x80, 0xbf,
    0x36, 0xfc, 0x75, 0xc0, 0x6f, 0xdf, 0xfa, 0xd7, 0x3f, 0xfd, 0xd3, 0x5c, 0x75, 0xd5, 0xff, 0x5e,
    0x88, 0xab, 0xae, 0xfa, 0x3f, 0xe8, 0xc1, 0x2f, 0xfd, 0xd6, 0xaf, 0x0d, 0x3c, 0x38, 0xe1, 0xc1,
    0xc0, 0x4b, 0x0b, 0x8e, 0xf3, 0x6c, 0x0f, 0x36, 0x3c, 0x88, 0xab, 0xae, 0xba, 0xea, 0x2a, 0x40,
    0xf0, 0x0c, 0xe0, 0x56, 0x9e, 0xc9, 0xb0, 0x0b, 0xfc, 0x75, 0xc0, 0xad, 0xc0, 0xad, 0xb7, 0xfe,
    0xf5, 0x4f, 0xff, 0x36, 0x57, 0x5d, 0xf5, 0x7f, 0x0b, 0xe2, 0xaa, 0xab, 0xae, 0xba, 0xea, 0xaa,
    0xab, 0xae, 0xba, 0xea, 0xaa, 0xff, 0x4f, 0x10, 0x57, 0x5d, 0x75, 0xd5, 0x55, 0x57, 0x5d, 0x75,
    0xd5, 0x55, 0x57, 0xfd, 0x7f, 0x82, 0xb8, 0xea, 0xaa, 0xab, 0xae, 0xba, 0xea, 0xaa, 0xab, 0xae,
    0xba, 0xea, 0xff, 0x13, 0xc4, 0x55, 0x57, 0x5d, 0x75, 0xd5, 0x55, 0x57, 0x5d, 0x75, 0xd5, 0x55,
    0xff, 0x9f, 0x20, 0xae, 0xba, 0xea, 0xaa, 0xab, 0xae, 0xba, 0xea, 0xaa, 0xab, 0xae, 0xfa, 0xff,
    0x04, 0x71, 0xd5, 0x55, 0x57, 0x5d, 0x75, 0xd5, 0x55, 0x57, 0x5d, 0x75, 0xd5, 0xff, 0x27, 0x88,
    0xab, 0xae, 0xba, 0xea, 0xaa, 0xab, 0xae, 0xba, 0xea, 0xaa, 0xab, 0xfe, 0x3f, 0x41, 0x5c, 0x75,
    0xd5, 0x55, 0x57, 0x5d, 0x75, 0xd5, 0x55, 0x57, 0x5d, 0xf5, 0xff, 0x09, 0xe2, 0xaa, 0xab, 0xae,
    0xba, 0xea, 0xaa, 0xab, 0xae, 0xba, 0xea, 0xaa, 0xff, 0x4f, 0x10, 0x57, 0x5d, 0x75, 0xd5, 0x55,
    0x57, 0x5d, 0x75, 0xd5, 0x55, 0x57, 0xfd, 0x7f, 0x82, 0xb8, 0xea, 0xaa, 0xab, 0xae, 0xba, 0xea,
    0xaa, 0xab, 0xae, 0xba, 0xea, 0xff, 0x13, 0xc4, 0x55, 0x57, 0x5d, 0x75, 0xd5, 0x55, 0x57, 0x5d,
    0x75, 0xd5, 0x55, 0xff, 0x9f, 0x20, 0xae, 0xba, 0xea, 0xaa, 0xab, 0xae, 0xba, 0xea, 0xaa, 0xab,
    0xae, 0xfa, 0xff, 0x04, 0x71, 0xd5, 0x55, 0x57, 0x5d, 0x75, 0xd5, 0x55, 0x57, 0x5d, 0x75, 0xd5,
    0xff, 0x27, 0x88, 0xab, 0xae, 0xba, 0xea, 0xaa, 0xab, 0xae, 0xba, 0xea, 0xaa, 0xab, 0xfe, 0x3f,
    0x41, 0x5c, 0x75, 0xd5, 0x55, 0x57, 0x5d, 0x75, 0xd5, 0x55, 0x57, 0x5d, 0xf5, 0xff, 0x09, 0xe2,
    0xaa, 0xab, 0xae, 0xba, 0xea, 0xaa, 0xab, 0xae, 0xba, 0xea, 0xaa, 0xff, 0x4f, 0x10, 0x57, 0x5d,
    0x75, 0xd5, 0x55, 0x57, 0x5d, 0x75, 0xd5, 0x55, 0x57, 0xfd, 0x7f, 0x82, 0xb8, 0xea, 0xaa, 0xab,
    0xae, 0xba, 0xea, 0xaa, 0xab, 0xae, 0xba, 0xea, 0xff, 0x13, 0xc4, 0x55, 0x57, 0x5d, 0x75, 0xd5,
    0x55, 0x57, 0x5d, 0x75, 0xd5, 0x55, 0xff, 0x9f, 0x20, 0xae, 0xba, 0xea, 0xaa, 0xab, 0xae, 0xba,
    0xea, 0xaa, 0xab, 0xae, 0xfa, 0xff, 0x04, 0x71, 0xd5, 0x55, 0x57, 0x5d, 0x75, 0xd5, 0x55, 0x57,
    0x5d, 0x75, 0xd5, 0xff, 0x27, 0x88, 0xab, 0xae, 0xba, 0xea, 0xaa, 0xab, 0xae, 0xba, 0xea, 0xaa,
    0xab, 0xfe, 0x3f, 0x41, 0x5c, 0x75, 0xd5, 0x55, 0x57, 0x5d, 0x75, 0xd5, 0x55, 0x57, 0x5d, 0xf5,
    0xff, 0x09, 0xe2, 0xaa, 0xab, 0xae, 0xba, 0xea, 0xaa, 0xab, 0xae, 0xba, 0xea, 0xaa, 0xff, 0x4f,
    0x10, 0x57, 0x5d, 0x75, 0xd5, 0x55, 0x57, 0x5d, 0x75, 0xd5, 0x55, 0x57, 0xfd, 0x7f, 0x82, 0xb8,
    0xea, 0xaa, 0xab, 0xae, 0xba, 0xea, 0xaa, 0xab, 0xae, 0xba, 0xea, 0xff, 0x13, 0xc4, 0x55, 0x57,
    0x5d, 0x75, 0xd5, 0x55, 0x57, 0x5d, 0x75, 0xd5, 0x55, 0xff, 0x9f, 0x20, 0xae, 0xba, 0xea, 0xaa,
    0xab, 0xae, 0xba, 0xea, 0xaa, 0xab, 0xae, 0xfa, 0xff, 0x04, 0x71, 0xd5, 0x55, 0x57, 0x5d, 0x75,
    0xd5, 0x55, 0x57, 0x5d, 0x75, 0xd5, 0xff, 0x27, 0x88, 0xab, 0xae, 0xba, 0xea, 0xaa, 0xab, 0xae,
    0xba, 0xea, 0xaa, 0xab, 0xfe, 0x3f, 0x41, 0x5c, 0x75, 0xd5, 0x55, 0x57, 0x5d, 0x75, 0xd5, 0x55,
    0x57, 0x5d, 0xf5, 0xff, 0x09, 0xe2, 0xaa, 0xab, 0xae, 0xba, 0xea, 0xaa, 0xab, 0xae, 0xba, 0xea,
    0xaa, 0xff, 0x4f, 0x10, 0x57, 0x5d, 0x75, 0xd5, 0x55, 0x57, 0x5d, 0x75, 0xd5, 0x55, 0x57, 0xfd,
    0x7f, 0x82, 0xb8, 0xea, 0xaa, 0xab, 0xae, 0xba, 0xea, 0xaa, 0xab, 0xae, 0xba, 0xea, 0xff, 0x13,
    0xc4, 0x55, 0x57, 0x5d, 0x75, 0xd5, 0x55, 0x57, 0x5d, 0x75, 0xd5, 0x55, 0xff, 0x9f, 0x20, 0xae,
    0xba, 0xea, 0xaa, 0xab, 0xae, 0xba, 0xea, 0xaa, 0xab, 0xae, 0xfa, 0xff, 0x04, 0x71, 0xd5, 0x55,
    0x57, 0x5d, 0x75, 0xd5, 0x55, 0x57, 0x5d, 0x75, 0xd5, 0xff, 0x27, 0x88, 0xab, 0xae, 0xba, 0xea,
    0xaa, 0xab, 0xae, 0xba, 0xea, 0xaa, 0xab, 0xfe, 0x3f, 0x41, 0x5c, 0x75, 0xd5, 0x55, 0x57, 0x5d,
    0x75, 0xd5, 0x55, 0x57, 0x5d, 0xf5, 0xff, 0x09, 0xe2, 0xaa, 0xab, 0xae, 0xba, 0xea, 0xaa, 0xab,
    0xae, 0xba, 0xea, 0xaa, 0xff, 0x4f, 0x10, 0x57, 0x5d, 0x75, 0xd5, 0x55, 0x57, 0x5d, 0x75, 0xd5,
    0x55, 0x57, 0xfd, 0x7f, 0x82, 0xb8, 0xea, 0xaa, 0xab, 0xae, 0xba, 0xea, 0xaa, 0xab, 0xae, 0xba,
    0xea, 0xff, 0x13, 0xc4, 0x55, 0x57, 0x5d, 0x75, 0xd5, 0x55, 0x57, 0x5d, 0x75, 0xd5, 0x55, 0xff,
    0x9f, 0x20, 0xae, 0xba, 0xea, 0xaa, 0xab, 0xae, 0xba, 0xea, 0xaa, 0xab, 0xae, 0xfa, 0xff, 0x04,
    0x71, 0xd5, 0x55, 0x57, 0x5d, 0x75, 0xd5, 0x55, 0x57, 0x5d, 0x75, 0xd5, 0xff, 0x27, 0x88, 0xab,
    0xae, 0xba, 0xea, 0xaa, 0xab, 0xae, 0xba, 0xea, 0xaa, 0xab, 0xfe, 0x3f, 0x41, 0x5c, 0x75, 0xd5,
    0x55, 0x57, 0x5d, 0x75, 0xd5, 0x55, 0x57, 0x5d, 0xf5, 0xff, 0x09, 0xe2, 0xaa, 0xab, 0xae, 0xba,
    0xea, 0xaa, 0xab, 0xae, 0xba, 0xea, 0xaa, 0xff, 0x4f, 0x10, 0x57, 0x5d, 0x75, 0xd5, 0x55, 0x57,
    0x5d, 0x75, 0xd5, 0x55, 0x57, 0xfd, 0x7f, 0x82, 0xb8, 0xea, 0xaa, 0xab, 0xae, 0xba, 0xea, 0xaa,
    0xab, 0xae, 0xba, 0xea, 0xff, 0x13, 0xc4, 0x55, 0x57, 0x5d, 0x75, 0xd5, 0x55, 0x57, 0x5d, 0x75,
    0xd5, 0x55, 0xff, 0x9f, 0x20, 0xae, 0xba, 0xea, 0xaa, 0xab, 0xae, 0xba, 0xea, 0xaa, 0xab, 0xae,
    0xfa, 0xff, 0x04, 0x71, 0xd5, 0x55, 0x57, 0x5d, 0x75, 0xd5, 0x55, 0x57, 0x5d, 0x75, 0xd5, 0xff,
    0x27, 0x88, 0xab, 0xae, 0xba, 0xea, 0xaa, 0xab, 0xae, 0xba, 0xea, 0xaa, 0xab, 0xfe, 0x3f, 0x41,
    0x5c, 0x75, 0xd5, 0x55, 0x57, 0x5d, 0x75, 0xd5, 0x55, 0x57, 0x5d, 0xf5, 0xff, 0x09, 0xe2, 0xaa,
    0xab, 0xae, 0xba, 0xea, 0xaa, 0xab, 0xae, 0xba, 0xea, 0xaa, 0xff, 0x4f, 0x10, 0x57, 0x5d, 0x75,
    0xd5, 0x55, 0x57, 0x5d, 0x75, 0xd5, 0x55, 0x57, 0xfd, 0x7f, 0x82, 0xb8, 0xea, 0xaa, 0xab, 0xae,
    0xba, 0xea, 0xaa, 0xab, 0xae, 0xba, 0xea, 0xff, 0x13, 0xc4, 0x55, 0x57, 0x5d, 0x75, 0xd5, 0x55,
    0x57, 0x5d, 0x75, 0xd5, 0x55, 0xff, 0x9f, 0x20, 0xae, 0xba, 0xea, 0xaa, 0xab, 0xae, 0xba, 0xea,
    0xaa, 0xab, 0xae, 0xfa, 0xff, 0x04, 0x71, 0xd5, 0x55, 0x57, 0x5d, 0x75, 0xd5, 0x55, 0x57, 0x5d,
    0x75, 0xd5, 0xff, 0x27, 0x88, 0xab, 0xae, 0xba, 0xea, 0xaa, 0xab, 0xae, 0xba, 0xea, 0xaa, 0xab,
    0xfe, 0x3f, 0x41, 0x5c, 0x75, 0xd5, 0x55, 0x57, 0x5d, 0x75, 0xd5, 0x55, 0x57, 0x5d, 0xf5, 0xff,
    0x09, 0xff, 0x08, 0xc3, 0x1f, 0x13, 0x62, 0xaf, 0x12, 0xe1, 0xd9, 0x00, 0x00, 0x00, 0x00, 0x49,
    0x45, 0x4e, 0x44, 0xae, 0x42, 0x60, 0x82
};
const unsigned int Icons::Data::LogsSize = 21239u;

